dnn_prediction,actual,Driver,Team,Compound,LapNumber,Stint,shap_field_median_lag1,shap_stint_number,shap_gap_expanding,shap_track_status,shap_tracktemp_dev_x_tyrelife,shap_form_vs_baseline,shap_field_pace_trend,shap_gap_roll3_std,shap_wind_speed,shap_tyrelife_x_soft,shap_tyre_life,shap_gap_roll3_mean,shap_team_red_bull_racing,shap_driver_dev,shap_driver_oco,shap_team_aston_martin,shap_driver_per,shap_driver_rus,shap_compound_soft,shap_humidity,shap_team_mclaren,shap_driver_gas,shap_driver_zho,shap_driver_alo,shap_driver_bot,shap_driver_ver,shap_team_mercedes,shap_driver_str,shap_team_alpine,shap_is_fresh_tyre,shap_team_williams,shap_driver_nor,shap_driver_pia,shap_team_alphatauri,shap_driver_sar,shap_driver_lec,shap_tyrelife_x_medium,shap_team_haas_f1_team,shap_driver_mag,shap_driver_ham,shap_driver_hul,shap_driver_sai,shap_driver_tsu,shap_team_ferrari,shap_compound_medium,shap_base_value,value_field_median_lag1,value_stint_number,value_gap_expanding,value_track_status,value_tracktemp_dev_x_tyrelife,value_form_vs_baseline,value_field_pace_trend,value_gap_roll3_std,value_wind_speed,value_tyrelife_x_soft,value_tyre_life,value_gap_roll3_mean,value_team_red_bull_racing,value_driver_dev,value_driver_oco,value_team_aston_martin,value_driver_per,value_driver_rus,value_compound_soft,value_humidity,value_team_mclaren,value_driver_gas,value_driver_zho,value_driver_alo,value_driver_bot,value_driver_ver,value_team_mercedes,value_driver_str,value_team_alpine,value_is_fresh_tyre,value_team_williams,value_driver_nor,value_driver_pia,value_team_alphatauri,value_driver_sar,value_driver_lec,value_tyrelife_x_medium,value_team_haas_f1_team,value_driver_mag,value_driver_ham,value_driver_hul,value_driver_sai,value_driver_tsu,value_team_ferrari,value_compound_medium
97.53671,97.545,ALB,WILLIAMS,SOFT,47.0,4.0,-0.7540028723132716,-0.643529732248301,0.17266912306629897,0.0,-0.20166601864913333,-0.34001480024318,0.0,0.0,-0.12236947380332906,0.0,-0.16428053005761833,0.11714020233413125,0.0,0.0,0.0,0.0,0.0,0.0,0.0,0.0,0.0,0.0,0.0,0.0,0.0,0.0,0.0,0.0,0.0,0.0920221928562666,-0.05364627428100221,0.0,0.0,0.0,0.0,0.0,0.0,0.0,0.0,0.0,0.0,0.0,0.0,0.0,0.0,99.43439082982351,97.589,4.0,0.39611956,1.0,-6.3650236,-0.40811956,0.163,0.062292323,0.1,7.0,7.0,0.057666667,0.0,0.0,0.0,0.0,0.0,0.0,1.0,21.0,0.0,0.0,0.0,0.0,0.0,0.0,0.0,0.0,0.0,0.0,1.0,0.0,0.0,0.0,0.0,0.0,0.0,0.0,0.0,0.0,0.0,0.0,0.0,0.0,0.0
97.55309,97.684,ALB,WILLIAMS,SOFT,48.0,4.0,-0.8610742034874577,-0.6164332452181972,0.10853045769412381,0.0,-0.28235060688595,-0.27089762868260486,0.0,0.0,-0.051240519108769256,0.0,-0.137535909302204,0.16317247427607828,0.0,0.0,0.0,0.0,0.0,0.0,0.0,0.0,0.0,0.0,0.0,0.0,0.0,0.0,0.0,0.0,0.0,0.10317909850545505,-0.03664779107101893,0.0,0.0,0.0,0.0,0.0,0.0,0.0,0.0,0.0,0.0,0.0,0.0,0.0,0.0,99.43439082982351,97.432,4.0,0.39009574,1.0,-7.274313,-0.27709574,-0.157,0.06434542,0.3,8.0,8.0,0.059333332,0.0,0.0,0.0,0.0,0.0,0.0,1.0,21.0,0.0,0.0,0.0,0.0,0.0,0.0,0.0,0.0,0.0,0.0,1.0,0.0,0.0,0.0,0.0,0.0,0.0,0.0,0.0,0.0,0.0,0.0,0.0,0.0,0.0
97.60072,97.609,ALB,WILLIAMS,SOFT,49.0,4.0,-0.8482066965511189,-0.6064645563722654,0.18150648939183997,-0.08394931966620102,-0.3413117640156588,-0.24959056402670884,0.0,0.03695737848846581,0.0,0.0,-0.12182213620622084,0.14861011132424895,0.0,0.0,0.0,0.0,0.0,0.0,0.0,0.0,0.0,0.0,0.0,0.0,0.0,0.0,0.0,0.0,0.0,0.05060349441166798,0.0,0.0,0.0,0.0,0.0,0.0,0.0,0.0,0.0,0.0,0.0,0.0,0.0,0.0,0.0,99.43439082982351,97.5,4.0,0.3858021,1.0,-8.183602,-0.20180209,0.068,0.09923205,0.6,9.0,9.0,0.095,0.0,0.0,0.0,0.0,0.0,0.0,1.0,21.0,0.0,0.0,0.0,0.0,0.0,0.0,0.0,0.0,0.0,0.0,1.0,0.0,0.0,0.0,0.0,0.0,0.0,0.0,0.0,0.0,0.0,0.0,0.0,0.0,0.0
97.631584,97.695,ALB,WILLIAMS,SOFT,50.0,4.0,-0.7590635055804409,-0.6837892651440904,0.17757103262819474,-0.03735372200726336,-0.3068830302942047,-0.2558236592171196,0.0,0.0,-0.07478290247117858,0.0,-0.0795094110215225,0.12380493067240812,0.0,0.0,0.0,0.0,0.0,0.0,0.0,0.0,0.0,0.0,0.0,0.0,0.0,0.0,0.0,0.0,0.0,0.0930228700921722,0.0,0.0,0.0,0.0,0.0,0.0,0.0,0.0,0.0,0.0,0.0,0.0,0.0,0.0,0.0,99.43439082982351,97.609,4.0,0.37792858,1.0,-9.092891,-0.37792858,0.109,0.09279548,0.1,10.0,10.0,0.099,0.0,0.0,0.0,0.0,0.0,0.0,1.0,21.0,0.0,0.0,0.0,0.0,0.0,0.0,0.0,0.0,0.0,0.0,1.0,0.0,0.0,0.0,0.0,0.0,0.0,0.0,0.0,0.0,0.0,0.0,0.0,0.0,0.0
97.667046,97.727,ALB,WILLIAMS,SOFT,51.0,4.0,-0.7873560039648396,-0.6839402697271184,0.15157060675591538,-0.07477427837936301,-0.3790399717822081,-0.21369614320411798,0.0,0.0,0.0,0.0,0.0,0.143553467556387,-0.004809546741656136,0.0,0.0,0.0,0.0,0.0,0.0,0.0,-0.015024010823126547,0.0,0.0,0.0,0.0,0.0,0.0,0.0,0.0,0.09617091374833303,0.0,0.0,0.0,0.0,0.0,0.0,0.0,0.0,0.0,0.0,0.0,0.0,0.0,0.0,0.0,99.43439082982351,97.604,4.0,0.37219,1.0,-11.1021805,-0.28119,-0.005,0.09200181,0.1,11.0,11.0,0.09166667,0.0,0.0,0.0,0.0,0.0,0.0,1.0,21.0,0.0,0.0,0.0,0.0,0.0,0.0,0.0,0.0,0.0,0.0,1.0,0.0,0.0,0.0,0.0,0.0,0.0,0.0,0.0,0.0,0.0,0.0,0.0,0.0,0.0
97.69843,97.861,ALB,WILLIAMS,SOFT,52.0,4.0,-0.7548196721682447,-0.7033577814169127,0.16911759091312967,-0.06451853856126992,-0.4476798943340188,-0.22128871529865832,0.0,0.0,0.0,0.12465812719774469,0.0,0.0930383800230552,0.0,0.0,0.0,0.0,0.0,0.0,0.0,0.0,0.0,0.0,0.0,0.0,0.0,0.0,0.0,0.0,0.0,0.07380183032752641,0.0,0.0,0.0,0.0,0.0,0.0,-0.004909234142584322,0.0,0.0,0.0,0.0,0.0,0.0,0.0,0.0,99.43439082982351,97.706,4.0,0.36530393,1.0,-12.111469,-0.34430394,0.102,0.047648016,0.1,12.0,12.0,0.037333332,0.0,0.0,0.0,0.0,0.0,0.0,1.0,21.0,0.0,0.0,0.0,0.0,0.0,0.0,0.0,0.0,0.0,0.0,1.0,0.0,0.0,0.0,0.0,0.0,0.0,0.0,0.0,0.0,0.0,0.0,0.0,0.0,0.0
97.61603,97.778,ALB,WILLIAMS,SOFT,53.0,4.0,-0.8311567395043484,-0.6759324778815833,0.17715482068840704,-0.05957099825496654,-0.5744493934264279,-0.13604617007950878,0.0,0.06417295956221866,0.0,0.06476609273680477,0.0,0.17216317515719118,0.0,0.0,0.0,0.0,0.0,0.0,-0.019464266790050422,0.0,0.0,0.0,0.0,0.0,0.0,0.0,0.0,0.0,0.0,0.0,0.0,0.0,0.0,0.0,0.0,0.0,0.0,0.0,0.0,0.0,0.0,0.0,0.0,0.0,0.0,99.43439082982351,97.589,4.0,0.36350963,1.0,-14.420758,-0.09150962,-0.117,0.12952606,0.4,13.0,13.0,0.128,0.0,0.0,0.0,0.0,0.0,0.0,1.0,21.0,0.0,0.0,0.0,0.0,0.0,0.0,0.0,0.0,0.0,0.0,1.0,0.0,0.0,0.0,0.0,0.0,0.0,0.0,0.0,0.0,0.0,0.0,0.0,0.0,0.0
97.61855,97.78,ALB,WILLIAMS,SOFT,54.0,4.0,-0.7458424819792364,-0.7249822796191765,0.1864324415444549,-0.07719091421292355,-0.6048997853164136,-0.2669607254220322,0.0,0.05361366578704062,0.0,0.1471608820834889,0.08631131348306909,0.13052021544930925,0.0,0.0,0.0,0.0,0.0,0.0,0.0,0.0,0.0,0.0,0.0,0.0,0.0,0.0,0.0,0.0,0.0,0.0,0.0,0.0,0.0,0.0,0.0,0.0,0.0,0.0,0.0,0.0,0.0,0.0,0.0,0.0,0.0,99.43439082982351,97.778,4.0,0.35665095,1.0,-15.530047,-0.35665095,0.189,0.15134178,0.3,14.0,14.0,0.097666666,0.0,0.0,0.0,0.0,0.0,0.0,1.0,21.0,0.0,0.0,0.0,0.0,0.0,0.0,0.0,0.0,0.0,0.0,1.0,0.0,0.0,0.0,0.0,0.0,0.0,0.0,0.0,0.0,0.0,0.0,0.0,0.0,0.0
97.488495,97.803,ALB,WILLIAMS,SOFT,55.0,4.0,-0.7294332903854639,-0.6591540378999279,0.16018168053264537,-0.04283306638142759,-0.7155427950924192,-0.2527664815360056,0.0,0.0,0.0,0.0,0.13150579418462996,0.14252981458861735,0.0,0.0,0.0,0.0,0.0,0.0,0.0,0.0,0.0,0.0,0.0,0.0,0.0,0.0,0.0,0.0,0.0,0.0,0.0,0.0,0.0,0.0,0.0,0.0,0.01961642521271307,0.0,0.0,0.0,0.0,0.0,0.0,0.0,0.0,99.43439082982351,97.78,4.0,0.3500463,1.0,-16.639336,-0.3500463,0.002,0.15703927,0.5,15.0,15.0,0.09066667,0.0,0.0,0.0,0.0,0.0,0.0,1.0,21.0,0.0,0.0,0.0,0.0,0.0,0.0,0.0,0.0,0.0,0.0,1.0,0.0,0.0,0.0,0.0,0.0,0.0,0.0,0.0,0.0,0.0,0.0,0.0,0.0,0.0
97.31738,98.159,ALB,WILLIAMS,SOFT,56.0,4.0,-0.7166166541232459,-0.6664940576638237,0.15435372680249812,-0.06539657489325282,-0.8855583006598188,-0.26643310600463466,0.0,0.0,-0.028647011641217496,0.0893581835419619,0.16038192373789117,0.10804385358012857,0.0,0.0,0.0,0.0,0.0,0.0,0.0,0.0,0.0,0.0,0.0,0.0,0.0,0.0,0.0,0.0,0.0,0.0,0.0,0.0,0.0,0.0,0.0,0.0,0.0,0.0,0.0,0.0,0.0,0.0,0.0,0.0,0.0,99.43439082982351,97.86,4.0,0.34264547,1.0,-19.348625,-0.39964545,0.08,0.032908965,0.6,16.0,16.0,-0.019,0.0,0.0,0.0,0.0,0.0,0.0,1.0,21.0,0.0,0.0,0.0,0.0,0.0,0.0,0.0,0.0,0.0,0.0,1.0,0.0,0.0,0.0,0.0,0.0,0.0,0.0,0.0,0.0,0.0,0.0,0.0,0.0,0.0
97.46733,98.137,ALB,WILLIAMS,SOFT,57.0,4.0,-0.6092338943182279,-0.6744112496494116,0.11749134918886739,-0.06382410684145233,-0.9845432118983163,-0.23657267442703406,0.0,0.054892236296533836,0.0,0.12695110989901595,0.2155739592272579,0.08661658531644044,0.0,0.0,0.0,0.0,0.0,0.0,0.0,0.0,0.0,0.0,0.0,0.0,0.0,0.0,0.0,0.0,0.0,0.0,0.0,0.0,0.0,0.0,0.0,0.0,0.0,0.0,0.0,0.0,0.0,0.0,0.0,0.0,0.0,99.43439082982351,98.1105,4.0,0.33739287,1.0,-20.557915,-0.28889287,0.2505,0.05280704,0.6,17.0,17.0,-0.0028333333,0.0,0.0,0.0,0.0,0.0,0.0,1.0,21.0,0.0,0.0,0.0,0.0,0.0,0.0,0.0,0.0,0.0,0.0,1.0,0.0,0.0,0.0,0.0,0.0,0.0,0.0,0.0,0.0,0.0,0.0,0.0,0.0,0.0
97.272415,97.326,ALO,ASTON MARTIN,HARD,47.0,3.0,-0.737102756482114,-0.30098782055391754,-0.05725617463102572,-0.05387203912800485,-0.40296363443434574,-0.24446252837893975,-0.03527879469331063,0.0,0.0,-0.0642830898068396,0.0,0.0,0.0,0.0,0.0,-0.09567092676576804,0.0,0.0,0.0,0.0,0.0,0.0,0.0,-0.17009790381643491,0.0,0.0,0.0,0.0,0.0,0.0,0.0,0.0,0.0,0.0,0.0,0.0,0.0,0.0,0.0,0.0,0.0,0.0,0.0,0.0,0.0,99.43439082982351,97.589,3.0,-0.2738913,1.0,-11.820758,-0.22810869,0.163,0.5163781,0.3,0.0,13.0,-0.064666666,0.0,0.0,0.0,1.0,0.0,0.0,0.0,21.0,0.0,0.0,0.0,1.0,0.0,0.0,0.0,0.0,0.0,1.0,0.0,0.0,0.0,0.0,0.0,0.0,0.0,0.0,0.0,0.0,0.0,0.0,0.0,0.0,0.0
97.52242,96.783,ALO,ASTON MARTIN,HARD,48.0,3.0,-0.7865546077500386,-0.3386127596173058,-0.08423636069182365,-0.08688327839036096,-0.4058639428857297,0.0,0.0,0.0,0.0,-0.052614891371547456,0.0,0.13607813097401364,0.0,0.0,0.0,-0.11754710520468513,0.0,0.0,0.0,0.0,0.0,0.0,0.0,-0.15995977507201845,0.0,0.0,0.0,0.0,0.0,-0.01577344928667368,0.0,0.0,0.0,0.0,0.0,0.0,0.0,0.0,0.0,0.0,0.0,0.0,0.0,0.0,0.0,99.43439082982351,97.432,3.0,-0.27031916,1.0,-12.730047,0.16431914,-0.157,0.50731087,0.3,0.0,14.0,-0.034333333,0.0,0.0,0.0,1.0,0.0,0.0,0.0,21.0,0.0,0.0,0.0,1.0,0.0,0.0,0.0,0.0,0.0,1.0,0.0,0.0,0.0,0.0,0.0,0.0,0.0,0.0,0.0,0.0,0.0,0.0,0.0,0.0,0.0
96.98839,96.726,ALO,ASTON MARTIN,HARD,49.0,3.0,-0.79033486799374,-0.3034053789489316,-0.12968248255328793,-0.033603005766768224,-0.46935725057168237,-0.30844475311961284,0.0,0.0,0.0,-0.093344692793049,0.0,-0.04590215596277346,0.0,0.0,0.0,-0.13399240894644113,0.0,0.0,0.0,0.0,0.0,0.0,0.0,-0.13793577164379006,0.0,0.0,0.0,0.0,0.0,0.0,0.0,0.0,0.0,0.0,0.0,0.0,0.0,0.0,0.0,0.0,0.0,0.0,0.0,0.0,0.0,99.43439082982351,97.5,3.0,-0.279625,1.0,-13.639337,-0.437375,0.068,0.30993602,0.1,0.0,15.0,-0.44166666,0.0,0.0,0.0,1.0,0.0,0.0,0.0,21.0,0.0,0.0,0.0,1.0,0.0,0.0,0.0,0.0,0.0,1.0,0.0,0.0,0.0,0.0,0.0,0.0,0.0,0.0,0.0,0.0,0.0,0.0,0.0,0.0,0.0
96.94568,96.331,ALO,ASTON MARTIN,HARD,50.0,3.0,-0.7256030769961384,-0.3530808055517438,-0.053732237565161434,0.0,-0.49522762773493617,-0.3976032489922173,-0.03577990485458226,0.0,0.0,-0.0728556555364401,0.0,-0.10413673155262393,0.0,0.0,0.0,-0.1302171174660127,0.0,0.0,0.0,0.0,0.0,0.0,0.0,-0.12047571263615793,0.0,0.0,0.0,0.0,0.0,0.0,0.0,0.0,0.0,0.0,0.0,0.0,0.0,0.0,0.0,0.0,0.0,0.0,0.0,0.0,0.0,99.43439082982351,97.609,3.0,-0.29193878,1.0,-14.548626,-0.59106123,0.109,0.4091874,0.1,0.0,16.0,-0.56866664,0.0,0.0,0.0,1.0,0.0,0.0,0.0,21.0,0.0,0.0,0.0,1.0,0.0,0.0,0.0,0.0,0.0,1.0,0.0,0.0,0.0,0.0,0.0,0.0,0.0,0.0,0.0,0.0,0.0,0.0,0.0,0.0,0.0
96.5444,96.96,ALO,ASTON MARTIN,HARD,51.0,3.0,-0.6970308056018186,-0.2974357220598464,-0.06652864560624532,-0.11473088348302417,-0.6031826544923975,-0.5238442899095048,0.0,0.0,0.0,-0.06876333418457925,0.0,-0.25977165254206364,0.0,0.0,0.0,-0.10376229610450044,0.0,0.0,0.0,0.0,0.0,0.0,0.0,-0.15493746966765817,0.0,0.0,0.0,0.0,0.0,0.0,0.0,0.0,0.0,0.0,0.0,0.0,0.0,0.0,0.0,0.0,0.0,0.0,0.0,0.0,0.0,99.43439082982351,97.604,3.0,-0.31156,1.0,-17.157915,-0.96144,-0.005,0.2854213,0.1,0.0,17.0,-0.9576667,0.0,0.0,0.0,1.0,0.0,0.0,0.0,21.0,0.0,0.0,0.0,1.0,0.0,0.0,0.0,0.0,0.0,1.0,0.0,0.0,0.0,0.0,0.0,0.0,0.0,0.0,0.0,0.0,0.0,0.0,0.0,0.0,0.0
96.7307,97.01,ALO,ASTON MARTIN,HARD,52.0,3.0,-0.7460022790510668,-0.3155248523725199,-0.06974190462471803,-0.04025154971476049,-0.6957751906337795,-0.26726119047254265,0.0,0.0,0.0,-0.06768466968813779,0.0,-0.292377820101416,0.0,0.0,0.0,-0.04446350220742179,0.0,0.0,0.0,0.0,0.0,0.0,0.0,-0.16460260972668192,0.0,0.0,0.0,0.0,0.0,0.0,0.0,0.0,0.0,0.0,0.0,0.0,0.0,0.0,0.0,0.0,0.0,0.0,0.0,0.0,0.0,99.43439082982351,97.706,3.0,-0.32007843,1.0,-18.167204,-0.42592156,0.102,0.27343434,0.3,0.0,18.0,-0.9673333,0.0,0.0,0.0,1.0,0.0,0.0,0.0,21.0,0.0,0.0,0.0,1.0,0.0,0.0,0.0,0.0,0.0,1.0,0.0,0.0,0.0,0.0,0.0,0.0,0.0,0.0,0.0,0.0,0.0,0.0,0.0,0.0,0.0
97.01371,97.01,ALO,ASTON MARTIN,HARD,53.0,3.0,-0.726019579866184,-0.3210821830671329,-0.1308469496436886,0.0,-0.753872616696753,-0.24766589778432935,0.0,0.0,0.0,-0.10436863202617694,0.40338943446060815,-0.3024254895075229,0.0,0.0,0.0,0.0,0.0,0.0,0.0,0.0,0.0,0.0,0.0,-0.19349064335439525,0.0,0.0,0.0,0.0,0.0,-0.044298250365282565,0.0,0.0,0.0,0.0,0.0,0.0,0.0,0.0,0.0,0.0,0.0,0.0,0.0,0.0,0.0,99.43439082982351,97.589,3.0,-0.3250577,1.0,-21.076492,-0.2539423,-0.117,0.36222783,0.1,0.0,19.0,-0.866,0.0,0.0,0.0,1.0,0.0,0.0,0.0,21.0,0.0,0.0,0.0,1.0,0.0,0.0,0.0,0.0,0.0,1.0,0.0,0.0,0.0,0.0,0.0,0.0,0.0,0.0,0.0,0.0,0.0,0.0,0.0,0.0,0.0
96.82083,97.599,ALO,ASTON MARTIN,HARD,54.0,3.0,-0.6624300487768588,-0.26185463028395356,-0.12410814770338346,-0.06295496786400072,-0.898256151383985,-0.24730360859483264,0.0,0.0,0.0,-0.06116263878368722,0.0,-0.1365261607127551,0.0,0.0,0.0,-0.04443532613284656,0.0,0.0,0.0,0.0,0.0,0.0,0.0,-0.11452785075908502,0.0,0.0,0.0,0.0,0.0,0.0,0.0,0.0,0.0,0.0,0.0,0.0,0.0,0.0,0.0,0.0,0.0,0.0,0.0,0.0,0.0,99.43439082982351,97.778,3.0,-0.3334151,1.0,-22.185781,-0.43458492,0.189,0.10335537,0.4,0.0,20.0,-0.69766665,0.0,0.0,0.0,1.0,0.0,0.0,0.0,21.0,0.0,0.0,0.0,1.0,0.0,0.0,0.0,0.0,0.0,1.0,0.0,0.0,0.0,0.0,0.0,0.0,0.0,0.0,0.0,0.0,0.0,0.0,0.0,0.0,0.0
97.60762,97.662,ALO,ASTON MARTIN,HARD,55.0,3.0,-0.6742332292039149,-0.30622324287929864,-0.10397523772430906,0.0,-0.7497092087513598,-0.02489464512862094,0.0,0.0,0.0,-0.10918014210095753,0.5773612620516478,-0.12221668206308084,0.0,0.0,0.0,-0.12537716899854612,0.0,0.0,0.0,0.0,0.0,0.0,0.0,-0.18832229576726098,0.0,0.0,0.0,0.0,0.0,0.0,0.0,0.0,0.0,0.0,0.0,0.0,0.0,0.0,0.0,0.0,0.0,0.0,0.0,0.0,0.0,99.43439082982351,97.78,3.0,-0.3305926,1.0,-23.29507,0.1495926,0.002,0.299637,0.1,0.0,21.0,-0.5093333,0.0,0.0,0.0,1.0,0.0,0.0,0.0,21.0,0.0,0.0,0.0,1.0,0.0,0.0,0.0,0.0,0.0,1.0,0.0,0.0,0.0,0.0,0.0,0.0,0.0,0.0,0.0,0.0,0.0,0.0,0.0,0.0,0.0
97.533226,97.473,ALO,ASTON MARTIN,HARD,56.0,3.0,-0.652673315772081,-0.28019570743036853,-0.13686399662790072,-0.053608906082120704,-1.001641100019486,0.0,-0.0028385426002290317,0.0,0.0,-0.09569593803984233,0.6157473710533276,0.0,0.0,0.0,0.0,-0.09679180362138515,0.0,0.0,0.0,0.0,0.0,0.0,0.0,-0.1966028774998341,0.0,0.0,0.0,0.0,0.0,0.0,0.0,0.0,0.0,0.0,0.0,0.0,0.0,0.0,0.0,0.0,0.0,0.0,0.0,0.0,0.0,99.43439082982351,97.86,3.0,-0.32818183,1.0,-26.60436,0.13018182,0.08,0.33410528,0.4,0.0,22.0,-0.38233334,0.0,0.0,0.0,1.0,0.0,0.0,0.0,21.0,0.0,0.0,0.0,1.0,0.0,0.0,0.0,0.0,0.0,1.0,0.0,0.0,0.0,0.0,0.0,0.0,0.0,0.0,0.0,0.0,0.0,0.0,0.0,0.0,0.0
97.22262,97.422,ALO,ASTON MARTIN,HARD,57.0,3.0,-0.542266027919445,-0.2561025943445114,-0.15021280872796106,0.0,-1.1683558103122051,-0.3007977689605884,0.0,0.0,-0.07257030574164443,0.0,0.5972585959309087,-0.04618293248202041,-0.04343872996541377,0.0,0.0,0.0,0.0,0.0,0.0,0.0,0.0,0.0,0.0,-0.22910434427328918,0.0,0.0,0.0,0.0,0.0,0.0,0.0,0.0,0.0,0.0,0.0,0.0,0.0,0.0,0.0,0.0,0.0,0.0,0.0,0.0,0.0,99.43439082982351,98.1105,3.0,-0.33370537,1.0,-27.81365,-0.30379465,0.2505,0.25879255,0.6,0.0,23.0,-0.33883333,0.0,0.0,0.0,1.0,0.0,0.0,0.0,21.0,0.0,0.0,0.0,1.0,0.0,0.0,0.0,0.0,0.0,1.0,0.0,0.0,0.0,0.0,0.0,0.0,0.0,0.0,0.0,0.0,0.0,0.0,0.0,0.0,0.0
98.29984,97.815,BOT,ALFA ROMEO,HARD,47.0,3.0,-0.7534943464830756,-0.3314287051120253,0.14762797267767114,-0.06771139589064584,-0.5418409842685054,-0.1586101359901945,0.0,0.0,0.0,-0.14389691339663951,0.4371393988494317,0.2592118172057403,0.01845529705738591,0.0,0.0,0.0,0.0,0.0,0.0,0.0,0.0,0.0,0.0,0.0,0.0,0.0,0.0,0.0,0.0,0.0,0.0,0.0,0.0,0.0,0.0,0.0,0.0,0.0,0.0,0.0,0.0,0.0,0.0,0.0,0.0,99.43439082982351,97.589,3.0,0.36355436,1.0,-16.367205,-0.12255435,0.163,0.2297368,0.1,0.0,18.0,0.384,0.0,0.0,0.0,0.0,0.0,0.0,0.0,21.0,0.0,0.0,0.0,0.0,1.0,0.0,0.0,0.0,0.0,1.0,0.0,0.0,0.0,0.0,0.0,0.0,0.0,0.0,0.0,0.0,0.0,0.0,0.0,0.0,0.0
98.178474,97.5,BOT,ALFA ROMEO,HARD,48.0,3.0,-0.8313811360755241,-0.3149307336346064,0.1656689472540398,-0.06541031304545618,-0.6779075157102299,-0.07994124575951032,0.0,0.0,0.0,-0.11826522579501597,0.4738007583848297,0.22255633777382888,0.0,0.0,0.0,0.0,0.0,0.0,0.0,0.0,0.0,0.0,0.0,0.0,-0.03010627694633783,0.0,0.0,0.0,0.0,0.0,0.0,0.0,0.0,0.0,0.0,0.0,0.0,0.0,0.0,0.0,0.0,0.0,0.0,0.0,0.0,99.43439082982351,97.432,3.0,0.36396807,1.0,-17.276493,0.019031916,-0.157,0.0766442,0.3,0.0,19.0,0.29533333,0.0,0.0,0.0,0.0,0.0,0.0,0.0,21.0,0.0,0.0,0.0,0.0,1.0,0.0,0.0,0.0,0.0,1.0,0.0,0.0,0.0,0.0,0.0,0.0,0.0,0.0,0.0,0.0,0.0,0.0,0.0,0.0,0.0
97.87343,97.85,BOT,ALFA ROMEO,HARD,49.0,3.0,-0.8532462371720076,-0.3176369334471579,0.17240835254557604,-0.07239528436085231,-0.8082539250017837,-0.29378713585807587,0.0,0.04448944520300291,0.0,-0.10353633295337222,0.49206118354753314,0.17893438240018691,0.0,0.0,0.0,0.0,0.0,0.0,0.0,0.0,0.0,0.0,0.0,0.0,0.0,0.0,0.0,0.0,0.0,0.0,0.0,0.0,0.0,0.0,0.0,0.0,0.0,0.0,0.0,0.0,0.0,0.0,0.0,0.0,0.0,99.43439082982351,97.5,3.0,0.3563854,1.0,-18.185781,-0.3563854,0.068,0.19362076,0.6,0.0,20.0,0.208,0.0,0.0,0.0,0.0,0.0,0.0,0.0,21.0,0.0,0.0,0.0,0.0,1.0,0.0,0.0,0.0,0.0,1.0,0.0,0.0,0.0,0.0,0.0,0.0,0.0,0.0,0.0,0.0,0.0,0.0,0.0,0.0,0.0
98.38159,97.71,BOT,ALFA ROMEO,HARD,50.0,3.0,-0.7160084407552368,-0.34242578693963516,0.16300999033099683,-0.07105743024040034,-0.6563074576304717,-0.15754029929686006,0.0,0.0,0.0,-0.11438074701760606,0.6760605634204782,0.18018759588329808,0.0,0.0,0.0,0.0,0.0,0.0,0.0,0.0,0.0,0.0,0.0,0.0,-0.01433702070307661,0.0,0.0,0.0,0.0,0.0,0.0,0.0,0.0,0.0,0.0,0.0,0.0,0.0,0.0,0.0,0.0,0.0,0.0,0.0,0.0,99.43439082982351,97.609,3.0,0.3540306,1.0,-19.095072,-0.11303061,0.109,0.19362076,0.1,0.0,21.0,0.208,0.0,0.0,0.0,0.0,0.0,0.0,0.0,21.0,0.0,0.0,0.0,0.0,1.0,0.0,0.0,0.0,0.0,1.0,0.0,0.0,0.0,0.0,0.0,0.0,0.0,0.0,0.0,0.0,0.0,0.0,0.0,0.0,0.0
98.20624,97.816,BOT,ALFA ROMEO,HARD,51.0,3.0,-0.7415525145745154,-0.33306162314159254,0.1498270994046549,0.0,-0.8227874040372465,-0.2214011832958226,0.0,0.0,0.0,-0.09789918936117624,0.769848775044954,0.12349738068064396,0.0,0.0,0.0,0.0,0.0,0.0,0.0,0.0,0.0,0.0,0.0,0.0,0.0,0.0,0.0,0.0,0.0,-0.04257378633403763,0.0,0.0,0.0,0.0,0.0,0.0,-0.012050591240625304,0.0,0.0,0.0,0.0,0.0,0.0,0.0,0.0,99.43439082982351,97.604,3.0,0.34907,1.0,-22.204361,-0.24307,-0.005,0.12079045,0.1,0.0,22.0,0.115666665,0.0,0.0,0.0,0.0,0.0,0.0,0.0,21.0,0.0,0.0,0.0,0.0,1.0,0.0,0.0,0.0,0.0,1.0,0.0,0.0,0.0,0.0,0.0,0.0,0.0,0.0,0.0,0.0,0.0,0.0,0.0,0.0,0.0
98.32596,97.947,BOT,ALFA ROMEO,HARD,52.0,3.0,-0.6799110800219296,-0.338714179613316,0.17874617348164185,-0.08283294561471229,-0.8484593403046863,-0.1943731977070024,0.0,0.0,0.0,-0.1214501073575405,0.8562532712264342,0.16580485209834556,0.0,0.0,0.0,0.0,0.0,0.0,0.0,0.0,0.0,0.0,0.0,0.0,0.0,0.0,0.0,0.0,0.0,-0.04349602405762276,0.0,0.0,0.0,0.0,0.0,0.0,0.0,0.0,0.0,0.0,0.0,0.0,0.0,0.0,0.0,99.43439082982351,97.706,3.0,0.34438235,1.0,-23.21365,-0.23438235,0.102,0.07681363,0.1,0.0,23.0,0.15233333,0.0,0.0,0.0,0.0,0.0,0.0,0.0,21.0,0.0,0.0,0.0,0.0,1.0,0.0,0.0,0.0,0.0,1.0,0.0,0.0,0.0,0.0,0.0,0.0,0.0,0.0,0.0,0.0,0.0,0.0,0.0,0.0,0.0
98.43206,97.856,BOT,ALFA ROMEO,HARD,53.0,3.0,-0.7404437838745176,-0.3389688730959778,0.15244084206443978,-0.10332066173213625,-0.9788569493003282,-0.09510714180424718,0.0,0.052552856420594374,0.0,-0.09477363797161077,0.9511830137629715,0.19296374740651726,0.0,0.0,0.0,0.0,0.0,0.0,0.0,0.0,0.0,0.0,0.0,0.0,0.0,0.0,0.0,0.0,0.0,0.0,0.0,0.0,0.0,0.0,0.0,0.0,0.0,0.0,0.0,0.0,0.0,0.0,0.0,0.0,0.0,99.43439082982351,97.589,3.0,0.34464422,1.0,-26.622938,0.013355769,-0.117,0.14435142,0.1,0.0,24.0,0.19133334,0.0,0.0,0.0,0.0,0.0,0.0,0.0,21.0,0.0,0.0,0.0,0.0,1.0,0.0,0.0,0.0,0.0,1.0,0.0,0.0,0.0,0.0,0.0,0.0,0.0,0.0,0.0,0.0,0.0,0.0,0.0,0.0,0.0
98.29818,97.738,BOT,ALFA ROMEO,HARD,54.0,3.0,-0.6667816956921888,-0.33665466492923923,0.1588152016061315,0.0,-1.1242320204772427,-0.24285804804448358,0.0,0.0,0.0,-0.08643068267887456,0.9791384881034205,0.1633817706530373,0.019410448100769744,0.0,0.0,0.0,0.0,0.0,0.0,0.0,0.0,0.0,0.0,0.0,0.0,0.0,0.0,0.0,0.0,0.0,0.0,0.0,0.0,0.0,0.0,0.0,0.0,0.0,0.0,0.0,0.0,0.0,0.0,0.0,0.0,99.43439082982351,97.778,3.0,0.3396132,1.0,-27.732227,-0.26161322,0.189,0.15325795,0.3,0.0,25.0,0.182,0.0,0.0,0.0,0.0,0.0,0.0,0.0,21.0,0.0,0.0,0.0,0.0,1.0,0.0,0.0,0.0,0.0,1.0,0.0,0.0,0.0,0.0,0.0,0.0,0.0,0.0,0.0,0.0,0.0,0.0,0.0,0.0,0.0
98.12947,97.807,BOT,ALFA ROMEO,HARD,55.0,3.0,-0.7122794874109353,-0.2896997954766261,0.15657041694662507,-0.07362865251048134,-1.27049478654343,-0.2916065505819713,0.0,0.08279821939448206,0.0,-0.0909993783425294,1.0420255906989793,0.14239441919768586,0.0,0.0,0.0,0.0,0.0,0.0,0.0,0.0,0.0,0.0,0.0,0.0,0.0,0.0,0.0,0.0,0.0,0.0,0.0,0.0,0.0,0.0,0.0,0.0,0.0,0.0,0.0,0.0,0.0,0.0,0.0,0.0,0.0,99.43439082982351,97.78,3.0,0.3325463,1.0,-28.841516,-0.3745463,0.002,0.20526406,0.5,0.0,26.0,0.13133334,0.0,0.0,0.0,0.0,0.0,0.0,0.0,21.0,0.0,0.0,0.0,0.0,1.0,0.0,0.0,0.0,0.0,1.0,0.0,0.0,0.0,0.0,0.0,0.0,0.0,0.0,0.0,0.0,0.0,0.0,0.0,0.0,0.0
98.034,98.16,BOT,ALFA ROMEO,HARD,56.0,3.0,-0.6244389592402859,-0.28606071578930486,0.16183476538002936,-0.05771231468755013,-1.405624150201569,-0.2882429983654804,0.0,0.0,0.0,-0.0950811836237791,1.1455834734975843,0.07510018154008313,0.0,0.0,0.0,0.0,0.0,0.0,0.0,0.0,0.0,0.0,0.0,0.0,-0.025752346301990886,0.0,0.0,0.0,0.0,0.0,0.0,0.0,0.0,0.0,0.0,0.0,0.0,0.0,0.0,0.0,0.0,0.0,0.0,0.0,0.0,99.43439082982351,97.86,3.0,0.32553637,1.0,-32.650806,-0.37853637,0.08,0.0726659,0.4,0.0,27.0,-0.0056666667,0.0,0.0,0.0,0.0,0.0,0.0,0.0,21.0,0.0,0.0,0.0,0.0,1.0,0.0,0.0,0.0,0.0,1.0,0.0,0.0,0.0,0.0,0.0,0.0,0.0,0.0,0.0,0.0,0.0,0.0,0.0,0.0,0.0
98.03688,98.407,BOT,ALFA ROMEO,HARD,57.0,3.0,-0.5583049437544466,-0.31551974634943464,0.14461929826950048,-0.07823893413191292,-1.4692296567550414,-0.2708030446266267,0.0,0.0,0.0,-0.0548472539286008,1.0939709663651769,0.12531668494590187,0.0,0.0,0.0,0.0,0.0,0.0,0.0,0.0,0.0,0.0,0.0,0.0,0.0,0.0,0.0,0.0,0.0,-0.014473706693966859,0.0,0.0,0.0,0.0,0.0,0.0,0.0,0.0,0.0,0.0,0.0,0.0,0.0,0.0,0.0,99.43439082982351,98.1105,3.0,0.32060716,1.0,-33.25545,-0.27110714,0.2505,0.056272402,0.6,0.0,27.5,-0.015166666,0.0,0.0,0.0,0.0,0.0,0.0,0.0,21.0,0.0,0.0,0.0,0.0,1.0,0.0,0.0,0.0,0.0,1.0,0.0,0.0,0.0,0.0,0.0,0.0,0.0,0.0,0.0,0.0,0.0,0.0,0.0,0.0,0.0
99.674416,98.921,DEV,ALPHATAURI,HARD,47.0,3.0,-0.6566003877333185,-0.29900186578871046,0.31994961149790685,0.0,-0.5728799367841654,0.19310711734969818,0.0,0.16874839782523907,0.0,-0.06210741110259358,0.5821997629329319,0.6106115923627965,0.0,0.0,0.0,0.0,0.0,0.0,0.0,0.0,0.0,0.0,0.0,0.0,0.0,0.0,0.0,0.0,0.0,-0.04400212200439163,0.0,0.0,0.0,0.0,0.0,0.0,0.0,0.0,0.0,0.0,0.0,0.0,0.0,0.0,0.0,99.43439082982351,97.589,3.0,0.78417933,1.0,-18.185781,0.49782065,0.163,0.5824039,0.1,0.0,20.0,1.7046666,0.0,1.0,0.0,0.0,0.0,0.0,0.0,21.0,0.0,0.0,0.0,0.0,0.0,0.0,0.0,0.0,0.0,1.0,0.0,0.0,0.0,1.0,0.0,0.0,0.0,0.0,0.0,0.0,0.0,0.0,0.0,0.0,0.0
99.48674,100.441,DEV,ALPHATAURI,HARD,48.0,3.0,-0.7754224523610515,-0.29816599788114323,0.30636917142395487,-0.08194762931712848,-0.6654305221616816,0.2878502813179259,0.0,0.14433724485411498,0.0,0.0,0.6743517278163164,0.528169540139174,0.0,-0.06776208134930736,0.0,0.0,0.0,0.0,0.0,0.0,0.0,0.0,0.0,0.0,0.0,0.0,0.0,0.0,0.0,0.0,0.0,0.0,0.0,0.0,0.0,0.0,0.0,0.0,0.0,0.0,0.0,0.0,0.0,0.0,0.0,99.43439082982351,97.432,3.0,0.79917556,1.0,-19.095072,0.68982446,-0.157,0.112757854,0.1,0.0,21.0,1.4113333,0.0,1.0,0.0,0.0,0.0,0.0,0.0,21.0,0.0,0.0,0.0,0.0,0.0,0.0,0.0,0.0,0.0,1.0,0.0,0.0,0.0,1.0,0.0,0.0,0.0,0.0,0.0,0.0,0.0,0.0,0.0,0.0,0.0
99.98859,98.985,DEV,ALPHATAURI,HARD,49.0,3.0,-0.7527787830548505,-0.2553411391013096,0.31109314044225106,-0.08712728733211555,-0.7407224310333166,1.0263928151840598,0.0,0.15375101402627953,0.03955334863947857,0.0,0.4968056616880429,0.3625692564992168,0.0,0.0,0.0,0.0,0.0,0.0,0.0,0.0,0.0,0.0,0.0,0.0,0.0,0.0,0.0,0.0,0.0,0.0,0.0,0.0,0.0,0.0,0.0,0.0,0.0,0.0,0.0,0.0,0.0,0.0,0.0,0.0,0.0,99.43439082982351,97.5,3.0,0.84379685,1.0,-20.00436,2.097203,0.068,0.90401274,0.6,0.0,22.0,1.904,0.0,1.0,0.0,0.0,0.0,0.0,0.0,21.0,0.0,0.0,0.0,0.0,0.0,0.0,0.0,0.0,0.0,1.0,0.0,0.0,0.0,1.0,0.0,0.0,0.0,0.0,0.0,0.0,0.0,0.0,0.0,0.0,0.0
99.95717,99.089,DEV,ALPHATAURI,HARD,50.0,3.0,-0.6770364521590406,-0.253942647215305,0.3276261853931517,0.0,-0.6526296414977277,0.2373675759963781,0.0,0.1849341434553847,0.08214083975076458,0.0,0.7669610285096075,0.49081597478496664,0.0,0.0,0.0,0.0,0.0,0.0,0.0,0.0,0.0,0.0,0.0,0.0,0.0,0.0,0.0,0.0,0.0,0.0,0.0,0.0,0.0,0.01654074225986924,0.0,0.0,0.0,0.0,0.0,0.0,0.0,0.0,0.0,0.0,0.0,99.43439082982351,97.609,3.0,0.8546582,1.0,-20.913649,0.52134186,0.109,0.87276363,0.1,0.0,23.0,1.9353334,0.0,1.0,0.0,0.0,0.0,0.0,0.0,21.0,0.0,0.0,0.0,0.0,0.0,0.0,0.0,0.0,0.0,1.0,0.0,0.0,0.0,1.0,0.0,0.0,0.0,0.0,0.0,0.0,0.0,0.0,0.0,0.0,0.0
99.65425,100.475,DEV,ALPHATAURI,HARD,51.0,3.0,-0.6989287616491313,-0.2697840625537974,0.34893470504677276,0.0,-0.9223406482380494,0.2495510735919171,0.0,0.11788357462603671,0.08954250328602376,-0.08823522106303416,0.9016619464114489,0.49157515935111196,0.0,0.0,0.0,0.0,0.0,0.0,0.0,0.0,0.0,0.0,0.0,0.0,0.0,0.0,0.0,0.0,0.0,0.0,0.0,0.0,0.0,0.0,0.0,0.0,0.0,0.0,0.0,0.0,0.0,0.0,0.0,0.0,0.0,99.43439082982351,97.604,3.0,0.867265,1.0,-24.222939,0.617735,-0.005,0.8737889,0.3,0.0,24.0,1.934,0.0,1.0,0.0,0.0,0.0,0.0,0.0,21.0,0.0,0.0,0.0,0.0,0.0,0.0,0.0,0.0,0.0,1.0,0.0,0.0,0.0,1.0,0.0,0.0,0.0,0.0,0.0,0.0,0.0,0.0,0.0,0.0,0.0
100.46716,100.33,DEV,ALPHATAURI,HARD,52.0,3.0,-0.5669591959542198,-0.23931440302415763,0.2932884541431463,-0.026183721927127507,-0.7082825337240677,0.8475569067226356,0.0,0.17241732575966226,0.0,-0.04201379161056695,0.8639774377105444,0.4382857780181377,0.0,0.0,0.0,0.0,0.0,0.0,0.0,0.0,0.0,0.0,0.0,0.0,0.0,0.0,0.0,0.0,0.0,0.0,0.0,0.0,0.0,0.0,0.0,0.0,0.0,0.0,0.0,0.0,0.0,0.0,0.0,0.0,0.0,99.43439082982351,97.706,3.0,0.90455395,1.0,-25.232227,1.864446,0.102,0.7747027,0.1,0.0,25.0,1.8766667,0.0,1.0,0.0,0.0,0.0,0.0,0.0,21.0,0.0,0.0,0.0,0.0,0.0,0.0,0.0,0.0,0.0,1.0,0.0,0.0,0.0,1.0,0.0,0.0,0.0,0.0,0.0,0.0,0.0,0.0,0.0,0.0,0.0
99.99872,99.15,DEV,ALPHATAURI,HARD,53.0,3.0,-0.6797882351942305,-0.21812556281186182,0.26683472026396154,0.0,-1.0464005406012626,0.7662223665234127,0.0,0.1650686563949918,0.0,0.0,1.0147539464942725,0.30663531698147667,0.0,0.0,0.0,0.0,0.0,0.0,0.0,0.08844976587619778,0.0,0.0,0.0,0.0,0.0,0.0,0.0,0.0,0.0,0.0,0.0,0.0,0.0,-0.09932300203172162,0.0,0.0,0.0,0.0,0.0,0.0,0.0,0.0,0.0,0.0,0.0,99.43439082982351,97.589,3.0,0.9398702,1.0,-28.841516,1.8011298,-0.117,0.73336846,0.4,0.0,26.0,2.3316667,0.0,1.0,0.0,0.0,0.0,0.0,0.0,21.0,0.0,0.0,0.0,0.0,0.0,0.0,0.0,0.0,0.0,1.0,0.0,0.0,0.0,1.0,0.0,0.0,0.0,0.0,0.0,0.0,0.0,0.0,0.0,0.0,0.0
99.9546,98.885,DEV,ALPHATAURI,HARD,54.0,3.0,-0.5863087890738347,-0.2657410011309865,0.3313793181423578,0.0,-1.0695704109406596,0.13878107569326278,0.0,0.11561105711889377,0.1412760659120471,0.0,1.1119896095931756,0.5642695977916168,0.0,0.0,0.0,0.0,0.0,0.0,0.03852012021514467,0.0,0.0,0.0,0.0,0.0,0.0,0.0,0.0,0.0,0.0,0.0,0.0,0.0,0.0,0.0,0.0,0.0,0.0,0.0,0.0,0.0,0.0,0.0,0.0,0.0,0.0,99.43439082982351,97.778,3.0,0.94802356,1.0,-29.950806,0.42397642,0.189,0.7985982,0.1,0.0,27.0,2.294,0.0,1.0,0.0,0.0,0.0,0.0,0.0,21.0,0.0,0.0,0.0,0.0,0.0,0.0,0.0,0.0,0.0,1.0,0.0,0.0,0.0,1.0,0.0,0.0,0.0,0.0,0.0,0.0,0.0,0.0,0.0,0.0,0.0
99.04347,99.239,DEV,ALPHATAURI,HARD,55.0,3.0,-0.6618786349997587,-0.26159713637863546,0.34178600443910145,-0.06117236975780272,-1.3887133180604203,0.0,-0.033773541084338776,0.10289512844090255,0.0,-0.05973306685727035,1.1596235444234857,0.47164485005028567,0.0,0.0,0.0,0.0,0.0,0.0,0.0,0.0,0.0,0.0,0.0,0.0,0.0,0.0,0.0,0.0,0.0,0.0,0.0,0.0,0.0,0.0,0.0,0.0,0.0,0.0,0.0,0.0,0.0,0.0,0.0,0.0,0.0,99.43439082982351,97.78,3.0,0.95093054,1.0,-30.50545,0.15406944,0.002,0.8776812,0.5,0.0,27.5,1.7393334,0.0,1.0,0.0,0.0,0.0,0.0,0.0,21.0,0.0,0.0,0.0,0.0,0.0,0.0,0.0,0.0,0.0,1.0,0.0,0.0,0.0,1.0,0.0,0.0,0.0,0.0,0.0,0.0,0.0,0.0,0.0,0.0,0.0
98.90259,99.161,DEV,ALPHATAURI,HARD,56.0,3.0,-0.6696807584972175,-0.2764576499186024,0.37637535484976603,-0.06084027486683885,-1.6254563775949824,0.12098303557529032,0.0,0.11206487322311354,0.0,-0.06084796889956709,1.0932742106062017,0.4587826163243231,0.0,0.0,0.0,0.0,0.0,0.0,0.0,0.0,0.0,0.0,0.0,0.0,0.0,0.0,0.0,0.0,0.0,0.0,0.0,0.0,0.0,0.0,0.0,0.0,0.0,0.0,0.0,0.0,0.0,0.0,0.0,0.0,0.0,99.43439082982351,97.86,3.0,0.95871365,1.0,-33.25545,0.42028636,0.08,0.15621246,0.6,0.0,27.5,1.2853333,0.0,1.0,0.0,0.0,0.0,0.0,0.0,21.0,0.0,0.0,0.0,0.0,0.0,0.0,0.0,0.0,0.0,1.0,0.0,0.0,0.0,1.0,0.0,0.0,0.0,0.0,0.0,0.0,0.0,0.0,0.0,0.0,0.0
96.06127,96.12,GAS,ALPINE,SOFT,47.0,4.0,-0.7754734690362911,-0.621140107506102,0.0,-0.11794586505687368,-0.27220516871157235,-0.8582595294059968,0.0,0.0,-0.1005693010622856,0.0,-0.11249347985315276,-0.40354289712548697,0.0,0.0,0.0,0.0,0.0,0.0,0.0,0.0,0.0,-0.0871031043801023,0.0,0.0,0.0,0.0,0.0,0.0,0.0,0.0,0.0,0.0,0.0,0.0,0.0,0.0,-0.024386240205180876,0.0,0.0,0.0,0.0,0.0,0.0,0.0,0.0,99.43439082982351,97.589,4.0,0.14522283,1.0,-6.3650236,-1.6932229,0.163,0.15517409,0.1,7.0,7.0,-1.405,0.0,0.0,0.0,0.0,0.0,0.0,1.0,21.0,0.0,1.0,0.0,0.0,0.0,0.0,0.0,0.0,1.0,1.0,0.0,0.0,0.0,0.0,0.0,0.0,0.0,0.0,0.0,0.0,0.0,0.0,0.0,0.0,0.0
96.128494,96.368,GAS,ALPINE,SOFT,48.0,4.0,-0.86114290929717,-0.6560239023269283,0.0,-0.09366200579353602,-0.3685049998532982,-0.6968411126556445,0.0,0.0,-0.028716398564231582,0.0,-0.13520059543737062,-0.3970519767247341,0.0,0.0,0.0,0.0,0.0,0.0,0.0,0.0,0.0,-0.050970837909506156,0.0,0.0,0.0,0.0,0.0,0.0,0.0,0.0,0.0,0.0,0.0,0.0,0.0,0.0,0.0,0.0,0.0,0.0,0.0,0.0,0.0,0.0,-0.01778182856578131,99.43439082982351,97.432,4.0,0.114218086,1.0,-7.274313,-1.426218,-0.157,0.1611128,0.3,8.0,8.0,-1.3666667,0.0,0.0,0.0,0.0,0.0,0.0,1.0,21.0,0.0,1.0,0.0,0.0,0.0,0.0,0.0,0.0,1.0,1.0,0.0,0.0,0.0,0.0,0.0,0.0,0.0,0.0,0.0,0.0,0.0,0.0,0.0,0.0,0.0
96.29025,96.803,GAS,ALPINE,SOFT,49.0,4.0,-0.8068756426949746,-0.6303530054459923,0.0,-0.06961836680902689,-0.4094499829958727,-0.6761143597183162,0.0,0.0,0.0,0.0,-0.12460680621655623,-0.3372099299636646,0.0,0.0,0.0,0.0,0.0,0.0,0.0,0.0,0.0,-0.06905993460933964,0.0,0.0,0.0,0.0,0.0,0.0,0.0,0.0,0.0,-0.010686918390296679,0.0,0.0,0.0,0.0,-0.01016319743259908,0.0,0.0,0.0,0.0,0.0,0.0,0.0,0.0,99.43439082982351,97.5,4.0,0.08825521,1.0,-8.183602,-1.2202553,0.068,0.20862725,0.6,9.0,9.0,-1.3306667,0.0,0.0,0.0,0.0,0.0,0.0,1.0,21.0,0.0,1.0,0.0,0.0,0.0,0.0,0.0,0.0,1.0,1.0,0.0,0.0,0.0,0.0,0.0,0.0,0.0,0.0,0.0,0.0,0.0,0.0,0.0,0.0,0.0
96.49248,96.551,GAS,ALPINE,SOFT,50.0,4.0,-0.8007150958886623,-0.6699034284641792,0.0,-0.0947733326326389,-0.36718261921908907,-0.4650648208081549,-0.032080523023636065,0.0,-0.084453968700926,0.0,-0.0674251831545526,-0.2727902443955611,0.0,0.0,0.0,0.0,0.0,0.0,0.0,0.0,0.0,-0.08752419654392571,0.0,0.0,0.0,0.0,0.0,0.0,0.0,0.0,0.0,0.0,0.0,0.0,0.0,0.0,0.0,0.0,0.0,0.0,0.0,0.0,0.0,0.0,0.0,99.43439082982351,97.609,4.0,0.070005104,1.0,-9.092891,-0.8760051,0.109,0.2564865,0.1,10.0,10.0,-1.0833334,0.0,0.0,0.0,0.0,0.0,0.0,1.0,21.0,0.0,1.0,0.0,0.0,0.0,0.0,0.0,0.0,1.0,1.0,0.0,0.0,0.0,0.0,0.0,0.0,0.0,0.0,0.0,0.0,0.0,0.0,0.0,0.0,0.0
96.45822,96.635,GAS,ALPINE,SOFT,51.0,4.0,-0.7923325719672507,-0.6330233585739912,0.0,-0.02281921341147371,-0.472549710906888,-0.5820393838724042,0.0,0.0,-0.06530289993042304,0.0,0.0,-0.312710267450666,0.0,0.0,0.0,0.0,0.0,0.0,0.0,0.0,0.0,-0.044111387777028284,0.0,0.0,0.0,0.0,0.0,0.0,0.0,-0.015122988679883598,0.0,0.0,0.0,0.0,0.0,0.0,-0.036157611706630115,0.0,0.0,0.0,0.0,0.0,0.0,0.0,0.0,99.43439082982351,97.604,4.0,0.047545,1.0,-11.1021805,-1.100545,-0.005,0.17006175,0.1,11.0,11.0,-0.997,0.0,0.0,0.0,0.0,0.0,0.0,1.0,21.0,0.0,1.0,0.0,0.0,0.0,0.0,0.0,0.0,1.0,1.0,0.0,0.0,0.0,0.0,0.0,0.0,0.0,0.0,0.0,0.0,0.0,0.0,0.0,0.0,0.0
96.5386,96.891,GAS,ALPINE,SOFT,52.0,4.0,-0.7419397126412025,-0.7149928569541072,0.0,-0.07434909182161496,-0.4990670308409531,-0.5631090636127135,-0.02146991399124687,0.0,-0.01700727646253647,0.14175881431373197,0.0,-0.29683571854037905,0.0,0.0,0.0,0.0,0.0,0.0,0.0,0.0,0.0,-0.10878187233889787,0.0,0.0,0.0,0.0,0.0,0.0,0.0,0.0,0.0,0.0,0.0,0.0,0.0,0.0,0.0,0.0,0.0,0.0,0.0,0.0,0.0,0.0,0.0,99.43439082982351,97.706,4.0,0.025612745,1.0,-12.111469,-1.0966127,0.102,0.14807543,0.1,12.0,12.0,-0.9766667,0.0,0.0,0.0,0.0,0.0,0.0,1.0,21.0,0.0,1.0,0.0,0.0,0.0,0.0,0.0,0.0,1.0,1.0,0.0,0.0,0.0,0.0,0.0,0.0,0.0,0.0,0.0,0.0,0.0,0.0,0.0,0.0,0.0
96.614914,96.979,GAS,ALPINE,SOFT,53.0,4.0,-0.7974006275538602,-0.7189496685548825,0.0,-0.054637628912027295,-0.6219820392047057,-0.40891569518881066,0.0,0.0,0.0,0.15996994549617835,0.0,-0.2533446024768442,0.0,0.0,0.0,0.0,0.0,0.0,-0.03307044296324567,0.0,0.0,-0.07312857549005138,0.0,0.0,0.0,0.0,0.0,0.0,0.0,-0.018017554545576964,0.0,0.0,0.0,0.0,0.0,0.0,0.0,0.0,0.0,0.0,0.0,0.0,0.0,0.0,0.0,99.43439082982351,97.589,4.0,0.011697115,1.0,-14.420758,-0.7096971,-0.117,0.21034813,0.1,13.0,13.0,-0.9406667,0.0,0.0,0.0,0.0,0.0,0.0,1.0,21.0,0.0,1.0,0.0,0.0,0.0,0.0,0.0,0.0,1.0,1.0,0.0,0.0,0.0,0.0,0.0,0.0,0.0,0.0,0.0,0.0,0.0,0.0,0.0,0.0,0.0
96.6904,97.222,GAS,ALPINE,SOFT,54.0,4.0,-0.748182961589338,-0.6730156714919571,0.0,-0.023684024482682944,-0.7388462755933737,-0.45601997933312344,0.0,0.0,0.0,0.2019502868208506,0.0,-0.1946266157613065,0.0,0.0,0.0,0.0,0.0,0.0,-0.031544043270473214,0.0,0.0,-0.0646639781728993,0.0,0.0,0.0,0.0,0.0,0.0,0.0,-0.015358397027335435,0.0,0.0,0.0,0.0,0.0,0.0,0.0,0.0,0.0,0.0,0.0,0.0,0.0,0.0,0.0,99.43439082982351,97.778,4.0,-0.0035990565,1.0,-15.530047,-0.7954009,0.189,0.19292226,0.3,14.0,14.0,-0.856,0.0,0.0,0.0,0.0,0.0,0.0,1.0,21.0,0.0,1.0,0.0,0.0,0.0,0.0,0.0,0.0,1.0,1.0,0.0,0.0,0.0,0.0,0.0,0.0,0.0,0.0,0.0,0.0,0.0,0.0,0.0,0.0,0.0
96.72289,97.559,GAS,ALPINE,SOFT,55.0,4.0,-0.7543410004713187,-0.7234017760101729,0.0,-0.06247930982365624,-0.7910838236759427,-0.3306505508395236,0.0,0.0,0.0,0.14501735931645987,0.0,-0.10564171751109226,0.0,0.0,0.0,0.0,0.0,0.0,-0.014998823328794651,0.0,0.0,-0.06829702076049529,0.0,0.0,0.0,0.0,0.0,0.0,0.0,0.0,0.0,0.0,0.0,0.0,0.0,0.0,0.0,0.0,0.0,0.0,0.0,0.0,0.0,0.0,-0.005621405488508169,99.43439082982351,97.78,4.0,-0.013865741,1.0,-16.639336,-0.54413426,0.002,0.12102479,0.5,15.0,15.0,-0.685,0.0,0.0,0.0,0.0,0.0,0.0,1.0,21.0,0.0,1.0,0.0,0.0,0.0,0.0,0.0,0.0,1.0,1.0,0.0,0.0,0.0,0.0,0.0,0.0,0.0,0.0,0.0,0.0,0.0,0.0,0.0,0.0,0.0
96.90349,97.845,GAS,ALPINE,SOFT,56.0,4.0,-0.7155417477303329,-0.7020805995672786,0.0,-0.0551857538872082,-0.9369897620314519,-0.23662696480568202,0.0,0.0,0.0,0.14702199350381473,0.18351700621505226,-0.10193965473115817,0.0,0.0,0.0,0.0,0.0,0.0,-0.016881606233522195,0.0,0.0,-0.0961955813760595,0.0,0.0,0.0,0.0,0.0,0.0,0.0,0.0,0.0,0.0,0.0,0.0,0.0,0.0,0.0,0.0,0.0,0.0,0.0,0.0,0.0,0.0,0.0,99.43439082982351,97.86,4.0,-0.019086363,1.0,-19.348625,-0.28191364,0.08,0.24904284,0.4,16.0,16.0,-0.55266666,0.0,0.0,0.0,0.0,0.0,0.0,1.0,21.0,0.0,1.0,0.0,0.0,0.0,0.0,0.0,0.0,1.0,1.0,0.0,0.0,0.0,0.0,0.0,0.0,0.0,0.0,0.0,0.0,0.0,0.0,0.0,0.0,0.0
96.98751,98.147,GAS,ALPINE,SOFT,57.0,4.0,-0.6155266869985185,-0.6911780099450747,0.0,-0.0844154573907714,-1.0611439823797388,-0.23529487309636582,-0.04678919601375142,0.0,0.0,0.1814183652469465,0.21717822368699607,-0.034837520565053515,0.0,0.0,0.0,0.0,0.0,0.0,0.0,0.0,0.0,-0.07629101121583758,0.0,0.0,0.0,0.0,0.0,0.0,0.0,0.0,0.0,0.0,0.0,0.0,0.0,0.0,0.0,0.0,0.0,0.0,0.0,0.0,0.0,0.0,0.0,99.43439082982351,98.1105,4.0,-0.023486607,1.0,-20.557915,-0.2420134,0.2505,0.15961699,0.6,17.0,17.0,-0.37483335,0.0,0.0,0.0,0.0,0.0,0.0,1.0,21.0,0.0,1.0,0.0,0.0,0.0,0.0,0.0,0.0,1.0,1.0,0.0,0.0,0.0,0.0,0.0,0.0,0.0,0.0,0.0,0.0,0.0,0.0,0.0,0.0,0.0
97.7627,98.517,HAM,MERCEDES,HARD,47.0,3.0,-0.7543169804040617,-0.3341268101628129,-0.05177958733683763,-0.10020654253031938,-0.5120326820373104,0.0,0.0,0.0,0.0,-0.05068862359125693,0.19245603890296914,0.15134182616118083,0.0,0.0,0.0,0.0,0.0,0.0,0.0,0.0,0.0,0.0,0.0,0.0,0.0,0.0,-0.07864431107709413,0.0,0.0,0.0,0.0,0.0,0.0,0.0,0.0,0.0,0.0,0.0,0.0,-0.133690215853439,0.0,0.0,0.0,0.0,0.0,99.43439082982351,97.589,3.0,-0.25267392,1.0,-15.457914,0.44267392,0.163,0.22255412,0.3,0.0,17.0,0.08466667,0.0,0.0,0.0,0.0,0.0,0.0,0.0,21.0,0.0,0.0,0.0,0.0,0.0,0.0,1.0,0.0,0.0,1.0,0.0,0.0,0.0,0.0,0.0,0.0,0.0,0.0,0.0,1.0,0.0,0.0,0.0,0.0,0.0
98.66077,97.844,HAM,MERCEDES,HARD,48.0,3.0,-0.839385952018455,-0.3034502543546321,-0.07163594323313272,0.0,-0.4857391480211915,0.6440948503950759,0.0,0.0,0.0,-0.05948718629997085,0.2103535460118884,0.29057057601586594,0.0,0.0,0.0,0.0,0.0,0.0,0.0,0.0,0.0,0.0,0.0,0.0,0.0,0.0,0.0,0.0,0.0,0.0,0.0,0.018951932784298953,0.0,0.0,0.0,0.0,0.0,0.0,0.0,-0.1778966495407606,0.0,0.0,0.0,0.0,0.0,99.43439082982351,97.432,3.0,-0.22421277,1.0,-16.367205,1.3092128,-0.157,0.50424033,0.3,0.0,18.0,0.50333333,0.0,0.0,0.0,0.0,0.0,0.0,0.0,21.0,0.0,0.0,0.0,0.0,0.0,0.0,1.0,0.0,0.0,1.0,0.0,0.0,0.0,0.0,0.0,0.0,0.0,0.0,0.0,1.0,0.0,0.0,0.0,0.0,0.0
98.33665,97.954,HAM,MERCEDES,HARD,49.0,3.0,-0.7836886490591047,-0.3069505867826433,-0.051888525636590854,0.0,-0.5244670483868853,0.14560099276902877,0.0,0.0,0.0,-0.10626091361942344,0.4231445683852188,0.3296335944122142,0.0,0.0,0.0,0.0,0.0,0.0,0.0,0.0,0.0,0.0,0.0,0.0,0.0,0.0,-0.06896701797479626,0.0,0.0,0.0,0.0,0.0,0.0,0.0,0.0,0.0,0.0,0.0,0.0,-0.153900210239125,0.0,0.0,0.0,0.0,0.0,99.43439082982351,97.5,3.0,-0.212375,1.0,-17.276493,0.556375,0.068,0.47850844,0.1,0.0,19.0,0.53966665,0.0,0.0,0.0,0.0,0.0,0.0,0.0,21.0,0.0,0.0,0.0,0.0,0.0,0.0,1.0,0.0,0.0,1.0,0.0,0.0,0.0,0.0,0.0,0.0,0.0,0.0,0.0,1.0,0.0,0.0,0.0,0.0,0.0
98.45787,97.77,HAM,MERCEDES,HARD,50.0,3.0,-0.7131942159604405,-0.33493872523886453,0.0,-0.07116484767128098,-0.5052753840789995,0.18628779235687723,0.0,0.0,0.0,-0.06192968251402242,0.43233415510902307,0.32596647748692315,0.0,0.0,0.0,0.0,0.0,0.0,0.0,0.0,0.0,0.0,0.0,0.0,0.0,0.0,-0.09246937923730703,0.0,0.0,0.0,0.0,0.0,0.0,0.0,0.0,0.0,0.0,0.0,0.0,-0.14213653667698453,0.0,0.0,0.0,0.0,0.0,99.43439082982351,97.609,3.0,-0.201,1.0,-18.185781,0.546,0.109,0.42752817,0.1,0.0,20.0,0.5913333,0.0,0.0,0.0,0.0,0.0,0.0,0.0,21.0,0.0,0.0,0.0,0.0,0.0,0.0,1.0,0.0,0.0,1.0,0.0,0.0,0.0,0.0,0.0,0.0,0.0,0.0,0.0,1.0,0.0,0.0,0.0,0.0,0.0
98.10418,98.014,HAM,MERCEDES,HARD,51.0,3.0,-0.7292293650862147,-0.34264999640692156,-0.04942558487729678,-0.05120377920513929,-0.742653297723991,0.0,0.0,0.0,0.0,-0.05794170741109417,0.6125716766819072,0.24054018542963015,0.0,0.0,0.0,0.0,0.0,0.0,0.0,0.0,0.0,0.0,0.0,0.0,0.0,0.0,-0.07844651931411617,0.0,0.0,0.0,0.0,0.0,0.0,0.0,0.0,0.0,0.0,0.0,0.0,-0.13177305958605828,0.0,0.0,0.0,0.0,0.0,99.43439082982351,97.604,3.0,-0.19366,1.0,-21.19507,0.35966,-0.005,0.103058234,0.1,0.0,21.0,0.285,0.0,0.0,0.0,0.0,0.0,0.0,0.0,21.0,0.0,0.0,0.0,0.0,0.0,0.0,1.0,0.0,0.0,1.0,0.0,0.0,0.0,0.0,0.0,0.0,0.0,0.0,0.0,1.0,0.0,0.0,0.0,0.0,0.0
98.187515,97.803,HAM,MERCEDES,HARD,52.0,3.0,-0.7350254810119291,-0.33586067204178366,-0.07375155461210614,-0.07169735436029993,-0.8465718189727841,0.12607306671472784,0.0,0.0,0.0,0.0,0.6501676545794788,0.21241784263135893,0.0,0.0,0.0,0.0,0.0,0.0,0.0,0.0,0.0,0.0,0.0,0.0,0.0,0.0,-0.06155693817662532,0.0,0.0,0.0,0.0,0.0,0.0,0.0,0.0,0.0,0.0,0.0,0.0,-0.11107031578448866,0.0,0.0,0.0,0.0,0.0,99.43439082982351,97.706,3.0,-0.18382353,1.0,-22.204361,0.49182352,0.102,0.09449339,0.3,0.0,22.0,0.273,0.0,0.0,0.0,0.0,0.0,0.0,0.0,21.0,0.0,0.0,0.0,0.0,0.0,0.0,1.0,0.0,0.0,1.0,0.0,0.0,0.0,0.0,0.0,0.0,0.0,0.0,0.0,1.0,0.0,0.0,0.0,0.0,0.0
98.118385,97.988,HAM,MERCEDES,HARD,53.0,3.0,-0.7290148776256881,-0.3242546518623551,-0.07557723379176928,-0.10468294170352745,-0.9257168146977083,0.11598623099715183,0.0,0.0,0.0,-0.08426336204821161,0.7533655610200859,0.19577771527157953,0.0,0.0,0.0,0.0,0.0,0.0,0.0,0.0,0.0,0.0,0.0,0.0,0.0,0.0,0.0,0.0,0.0,0.0,0.0,0.0,0.0,0.0,0.0,0.0,0.0,0.0,0.0,-0.1376251404416649,0.0,0.0,0.0,0.0,0.0,99.43439082982351,97.589,3.0,-0.17617308,1.0,-25.513649,0.39017308,-0.117,0.072231114,0.1,0.0,23.0,0.22933333,0.0,0.0,0.0,0.0,0.0,0.0,0.0,21.0,0.0,0.0,0.0,0.0,0.0,0.0,1.0,0.0,0.0,1.0,0.0,0.0,0.0,0.0,0.0,0.0,0.0,0.0,0.0,1.0,0.0,0.0,0.0,0.0,0.0
98.1395,98.076,HAM,MERCEDES,HARD,54.0,3.0,-0.7123081215757741,-0.35165749556353565,-0.03489924581976732,0.0,-1.0579287847080219,0.09352153603056901,0.0,0.0,0.0,-0.050631248147350635,0.8411816631475343,0.22066860760632628,0.0,0.0,0.0,0.0,0.0,0.0,0.0,0.0,0.0,0.0,0.0,0.0,0.0,0.0,-0.05678176426494433,0.0,0.0,0.0,0.0,0.0,0.0,0.0,0.0,0.0,0.0,0.0,0.0,-0.18605249752464306,0.0,0.0,0.0,0.0,0.0,99.43439082982351,97.778,3.0,-0.1688868,1.0,-26.622938,0.3788868,0.189,0.055461697,0.3,0.0,24.0,0.244,0.0,0.0,0.0,0.0,0.0,0.0,0.0,21.0,0.0,0.0,0.0,0.0,0.0,0.0,1.0,0.0,0.0,1.0,0.0,0.0,0.0,0.0,0.0,0.0,0.0,0.0,0.0,1.0,0.0,0.0,0.0,0.0,0.0
98.327126,97.955,HAM,MERCEDES,HARD,55.0,3.0,-0.6561368335756643,-0.3466137839241265,0.0,-0.05334872689069914,-0.9715324639875781,0.11879792610448726,0.0,0.0,0.0,-0.09014592422676514,0.9090433578448615,0.20923777310938546,0.0,0.0,0.0,0.0,0.0,0.0,0.0,0.0,0.0,0.0,0.0,0.0,0.0,0.0,-0.0339443840028055,0.0,0.0,0.0,0.0,0.0,0.0,0.0,0.0,0.0,0.0,0.0,0.0,-0.1926222209582026,0.0,0.0,0.0,0.0,0.0,99.43439082982351,97.78,3.0,-0.16027778,1.0,-27.732227,0.4562778,0.002,0.048538644,0.1,0.0,25.0,0.24,0.0,0.0,0.0,0.0,0.0,0.0,0.0,21.0,0.0,0.0,0.0,0.0,0.0,0.0,1.0,0.0,0.0,1.0,0.0,0.0,0.0,0.0,0.0,0.0,0.0,0.0,0.0,1.0,0.0,0.0,0.0,0.0,0.0
98.03978,98.111,HAM,MERCEDES,HARD,56.0,3.0,-0.6400294250829737,-0.2656119342322332,-0.06525426140895307,-0.045772521644276996,-1.3438645524772492,0.0,0.0,0.0,0.0,-0.03355885988544117,0.982933588017947,0.20730904860385763,0.0,0.0,0.0,0.0,0.0,0.0,0.0,0.0,0.0,0.0,0.0,0.0,0.0,0.0,-0.0722264048708952,0.0,0.0,0.0,0.0,0.0,0.0,0.0,0.0,0.0,0.0,0.0,0.0,-0.11853584375735811,0.0,0.0,0.0,0.0,0.0,99.43439082982351,97.86,3.0,-0.15563637,1.0,-31.441517,0.25063637,0.08,0.10084807,0.4,0.0,26.0,0.20033333,0.0,0.0,0.0,0.0,0.0,0.0,0.0,21.0,0.0,0.0,0.0,0.0,0.0,0.0,1.0,0.0,0.0,1.0,0.0,0.0,0.0,0.0,0.0,0.0,0.0,0.0,0.0,1.0,0.0,0.0,0.0,0.0,0.0
97.94198,98.255,HAM,MERCEDES,HARD,57.0,3.0,-0.5748391331529952,-0.2927847823580477,-0.026404204732345768,-0.08471864129162077,-1.4687669844510785,-0.02627317894549097,0.0,0.0,0.0,-0.05430832561584315,0.9937635244910392,0.17676909497475463,0.0,0.0,0.0,0.0,0.0,0.0,0.0,0.0,0.0,0.0,0.0,0.0,0.0,0.0,0.0,0.0,0.0,0.0,0.0,0.0,0.0,0.0,0.0,0.0,0.0,0.0,0.0,-0.13484974415204182,0.0,0.0,0.0,0.0,0.0,99.43439082982351,98.1105,3.0,-0.15284821,1.0,-32.650806,0.15334821,0.2505,0.15091471,0.6,0.0,27.0,0.1305,0.0,0.0,0.0,0.0,0.0,0.0,0.0,21.0,0.0,0.0,0.0,0.0,0.0,0.0,1.0,0.0,0.0,1.0,0.0,0.0,0.0,0.0,0.0,0.0,0.0,0.0,0.0,1.0,0.0,0.0,0.0,0.0,0.0
98.576416,96.806,HUL,HAAS F1 TEAM,SOFT,47.0,4.0,-0.643560747511899,-0.4703204970909652,0.0,0.0,-0.28272130714859955,0.8893920535304269,0.005306132664365143,0.0,-0.26854105218861557,-0.13962749992667248,-0.19110995233993727,0.30544895998432997,0.0,0.0,0.0,0.0,0.0,0.0,0.0,0.0,0.0,0.0,0.0,0.0,0.0,0.0,0.0,0.0,0.0,0.0,0.0,0.0,0.0,0.0,0.0,0.0,-0.06224090417094663,0.0,0.0,0.0,0.0,0.0,0.0,0.0,0.0,99.43439082982351,97.589,4.0,0.571462,1.0,-9.092891,1.8115381,0.163,1.4495207,0.1,10.0,10.0,0.70933336,0.0,0.0,0.0,0.0,0.0,0.0,1.0,21.0,0.0,0.0,0.0,0.0,0.0,0.0,0.0,0.0,0.0,0.0,0.0,0.0,0.0,0.0,0.0,0.0,0.0,1.0,0.0,0.0,1.0,0.0,0.0,0.0,0.0
97.52829,97.086,HUL,HAAS F1 TEAM,SOFT,48.0,4.0,-0.7944276973964941,-0.7188669508073027,0.22417700395156617,-0.07158490716646372,-0.30075493610087295,-0.47664019400377555,0.0,0.10215247375601955,-0.10435123384022739,0.0,-0.058586114408958896,0.29278152111487105,0.0,0.0,0.0,0.0,0.0,0.0,0.0,0.0,0.0,0.0,0.0,0.0,0.0,0.0,0.0,0.0,0.0,0.0,0.0,0.0,0.0,0.0,0.0,0.0,0.0,0.0,0.0,0.0,0.0,0.0,0.0,0.0,0.0,99.43439082982351,97.432,4.0,0.545984,1.0,-10.00218,-1.1719841,-0.157,1.6095186,0.1,11.0,11.0,0.54833335,0.0,0.0,0.0,0.0,0.0,0.0,1.0,21.0,0.0,0.0,0.0,0.0,0.0,0.0,0.0,0.0,0.0,0.0,0.0,0.0,0.0,0.0,0.0,0.0,0.0,1.0,0.0,0.0,1.0,0.0,0.0,0.0,0.0
97.54615,97.077,HUL,HAAS F1 TEAM,SOFT,49.0,4.0,-0.7114380223553886,-0.7338337867722101,0.24840943509590263,-0.06088310619757515,-0.3591533700010017,-0.4241106994998233,0.0,0.0,-0.05663290009959855,0.0,0.0,0.27221688747130673,0.0,0.0,0.0,0.0,0.0,0.0,-0.041232199969890804,0.0,0.0,0.0,0.0,0.0,0.0,0.0,0.0,0.0,0.0,0.0,0.0,0.0,0.0,0.0,0.0,0.0,0.0,0.0,0.0,0.0,-0.02158285997570336,0.0,0.0,0.0,0.0,99.43439082982351,97.5,4.0,0.52598435,1.0,-10.911469,-0.9399844,0.068,1.6793964,0.1,12.0,12.0,0.44766667,0.0,0.0,0.0,0.0,0.0,0.0,1.0,21.0,0.0,0.0,0.0,0.0,0.0,0.0,0.0,0.0,0.0,0.0,0.0,0.0,0.0,0.0,0.0,0.0,0.0,1.0,0.0,0.0,1.0,0.0,0.0,0.0,0.0
97.02128,97.242,HUL,HAAS F1 TEAM,SOFT,50.0,4.0,-0.7565230997677503,-0.7384896320348461,0.2571924803403588,-0.052843238090324346,-0.46525429731430207,-0.4632659932282441,0.0,0.0,-0.03846131548059568,0.0,0.0,-0.05232904173278215,0.0,0.0,0.0,0.0,0.0,0.0,-0.0733755203719279,0.0,0.0,0.0,0.0,0.0,0.0,0.0,0.0,0.0,0.0,0.0,0.0,0.0,0.0,0.0,0.0,0.0,0.0,-0.02976279079544364,0.0,0.0,0.0,0.0,0.0,0.0,0.0,99.43439082982351,97.609,4.0,0.50439286,1.0,-11.820758,-1.0363928,0.109,0.106226176,0.1,13.0,13.0,-0.524,0.0,0.0,0.0,0.0,0.0,0.0,1.0,21.0,0.0,0.0,0.0,0.0,0.0,0.0,0.0,0.0,0.0,0.0,0.0,0.0,0.0,0.0,0.0,0.0,0.0,1.0,0.0,0.0,1.0,0.0,0.0,0.0,0.0
96.99481,97.306,HUL,HAAS F1 TEAM,SOFT,51.0,4.0,-0.8089987836452812,-0.775378960304428,0.19165886694935802,0.0,-0.6288991644455467,-0.4383166679158481,0.0,0.0,-0.03170485756588635,0.09250315415145005,0.0,-0.061694883419297845,0.0,0.0,0.0,0.0,0.0,0.0,0.0,0.0,0.0,0.0,0.0,0.0,0.0,0.0,0.0,0.0,0.0,0.08013026818672994,0.0,0.0,0.0,0.0,0.0,0.0,0.0,0.0,0.0,0.0,-0.05887779009601316,0.0,0.0,0.0,0.0,99.43439082982351,97.604,4.0,0.487065,1.0,-14.130048,-0.849065,-0.005,0.087109126,0.3,14.0,14.0,-0.436,0.0,0.0,0.0,0.0,0.0,0.0,1.0,21.0,0.0,0.0,0.0,0.0,0.0,0.0,0.0,0.0,0.0,0.0,0.0,0.0,0.0,0.0,0.0,0.0,0.0,1.0,0.0,0.0,1.0,0.0,0.0,0.0,0.0
97.180954,97.917,HUL,HAAS F1 TEAM,SOFT,52.0,4.0,-0.7436551649642703,-0.807618910173459,0.21628095125372365,-0.07783438699397521,-0.6111355721088976,-0.4174164735762639,0.0,0.0,0.0,0.2032645814449644,0.12525887140111092,-0.09511678712960962,0.0,0.0,0.0,0.0,0.0,0.0,-0.04546395948464991,0.0,0.0,0.0,0.0,0.0,0.0,0.0,0.0,0.0,0.0,0.0,0.0,0.0,0.0,0.0,0.0,0.0,0.0,0.0,0.0,0.0,0.0,0.0,0.0,0.0,0.0,99.43439082982351,97.706,4.0,0.46967158,1.0,-15.139337,-0.8696716,0.102,0.089226305,0.1,15.0,15.0,-0.43133333,0.0,0.0,0.0,0.0,0.0,0.0,1.0,21.0,0.0,0.0,0.0,0.0,0.0,0.0,0.0,0.0,0.0,0.0,0.0,0.0,0.0,0.0,0.0,0.0,0.0,1.0,0.0,0.0,1.0,0.0,0.0,0.0,0.0
97.42431,98.067,HUL,HAAS F1 TEAM,SOFT,53.0,4.0,-0.7846156991763598,-0.764229435363662,0.20400478931035787,-0.05899740312581603,-0.7807305056035901,-0.1165544548323804,0.0,0.0,0.0,0.11007122138055551,0.23730051698334131,0.0,0.0,0.0,0.0,0.0,0.0,0.0,-0.01929972630411637,0.0,0.0,0.0,0.0,0.0,0.0,0.0,0.0,0.0,0.0,0.0,0.0,0.0,0.0,0.0,0.0,0.0,0.0,0.0,0.0,0.0,-0.03703135623637481,0.0,0.0,0.0,0.0,99.43439082982351,97.589,4.0,0.4669471,1.0,-17.748625,-0.13894711,-0.117,0.40978205,0.4,16.0,16.0,-0.14466667,0.0,0.0,0.0,0.0,0.0,0.0,1.0,21.0,0.0,0.0,0.0,0.0,0.0,0.0,0.0,0.0,0.0,0.0,0.0,0.0,0.0,0.0,0.0,0.0,0.0,1.0,0.0,0.0,1.0,0.0,0.0,0.0,0.0
97.77889,98.458,HUL,HAAS F1 TEAM,SOFT,54.0,4.0,-0.732270330562434,-0.8217739240859362,0.20853231971908068,-0.06355248862164783,-0.7157055209383764,-0.17279092761116768,0.0,0.0,0.0,0.16756526198006316,0.3006920819208347,0.10482023276998209,0.0,0.0,0.0,0.0,0.0,0.0,0.0,0.0,0.0,0.0,0.0,0.0,0.0,0.0,0.0,0.0,0.0,0.06898498269593145,0.0,0.0,0.0,0.0,0.0,0.0,0.0,0.0,0.0,0.0,0.0,0.0,0.0,0.0,0.0,99.43439082982351,97.778,4.0,0.4635896,1.0,-18.857914,-0.17458962,0.189,0.4095172,0.1,17.0,17.0,0.072333336,0.0,0.0,0.0,0.0,0.0,0.0,1.0,21.0,0.0,0.0,0.0,0.0,0.0,0.0,0.0,0.0,0.0,0.0,0.0,0.0,0.0,0.0,0.0,0.0,0.0,1.0,0.0,0.0,1.0,0.0,0.0,0.0,0.0
97.83475,98.564,HUL,HAAS F1 TEAM,SOFT,55.0,4.0,-0.7334841916775038,-0.7556384009783264,0.20828500894858928,-0.08781898806254987,-0.9418599787076296,0.0,0.0,0.10192627425316447,0.0,0.0,0.3369980936637009,0.2066435106417506,0.0,0.0,0.0,0.0,0.0,0.0,0.0,0.0,0.0,0.0,0.0,0.0,0.0,0.0,0.0,0.0,0.0,0.03702677652708775,0.0,0.0,0.0,0.0,0.0,0.0,0.0,0.02827838002132821,0.0,0.0,0.0,0.0,0.0,0.0,0.0,99.43439082982351,97.78,4.0,0.46756017,1.0,-19.967203,0.21043982,0.002,0.21422029,0.5,18.0,18.0,0.43166667,0.0,0.0,0.0,0.0,0.0,0.0,1.0,21.0,0.0,0.0,0.0,0.0,0.0,0.0,0.0,0.0,0.0,0.0,0.0,0.0,0.0,0.0,0.0,0.0,0.0,1.0,0.0,0.0,1.0,0.0,0.0,0.0,0.0
97.73061,99.206,HUL,HAAS F1 TEAM,SOFT,56.0,4.0,-0.7163803034775467,-0.7611602619604958,0.20855120015302112,-0.06836904726198782,-1.155565057776857,0.0,0.0,0.1050744577012528,0.0,0.045131913627269836,0.4352400939416029,0.2503774899232738,0.0,0.0,0.0,0.0,0.0,0.0,-0.046677606196952715,0.0,0.0,0.0,0.0,0.0,0.0,0.0,0.0,0.0,0.0,0.0,0.0,0.0,0.0,0.0,0.0,0.0,0.0,0.0,0.0,0.0,0.0,0.0,0.0,0.0,0.0,99.43439082982351,97.86,4.0,0.4718591,1.0,-22.976494,0.23214091,0.08,0.23245859,0.6,19.0,19.0,0.557,0.0,0.0,0.0,0.0,0.0,0.0,1.0,21.0,0.0,0.0,0.0,0.0,0.0,0.0,0.0,0.0,0.0,0.0,0.0,0.0,0.0,0.0,0.0,0.0,0.0,1.0,0.0,0.0,1.0,0.0,0.0,0.0,0.0
97.182304,97.629,MAG,HAAS F1 TEAM,SOFT,47.0,4.0,-0.8072514047412843,-0.6283293103107934,0.29343612845722844,-0.08294675248252506,-0.2827277849969522,-0.4501794724995307,0.0,0.07203146915717173,-0.16520274285053202,0.0,-0.1576239184085247,0.0,0.0,0.0,0.0,0.0,0.0,0.0,0.0,0.0,0.0,0.0,0.0,0.0,0.0,0.0,0.0,0.0,0.0,0.0,0.0,0.0,0.0,0.0,0.0,0.0,0.0,0.0,-0.04329265882355226,0.0,0.0,0.0,0.0,0.0,0.0,99.43439082982351,97.589,4.0,0.6784837,1.0,-6.3650236,-0.6784837,0.163,0.3156269,0.1,7.0,7.0,-0.31033334,0.0,0.0,0.0,0.0,0.0,0.0,1.0,21.0,0.0,0.0,0.0,0.0,0.0,0.0,0.0,0.0,0.0,1.0,0.0,0.0,0.0,0.0,0.0,0.0,0.0,1.0,1.0,0.0,0.0,0.0,0.0,0.0,0.0
97.27063,97.607,MAG,HAAS F1 TEAM,SOFT,48.0,4.0,-0.8610321370961933,-0.6621759098168574,0.2826093286079732,-0.06547795884012991,-0.3043837464478375,-0.31547916032783047,0.0,0.0,-0.14646611612319066,0.0,-0.16699901190461763,0.11246782840435854,0.0,0.0,0.0,0.0,0.0,0.0,0.0,0.0,0.0,0.0,0.0,0.0,0.0,0.0,0.0,0.0,0.0,0.0,0.0,0.0,0.0,0.0,0.0,0.0,0.0,0.0,-0.036824063466688005,0.0,0.0,0.0,0.0,0.0,0.0,99.43439082982351,97.432,4.0,0.66823936,1.0,-7.274313,-0.47123936,-0.157,0.2502725,0.1,8.0,8.0,-0.034333333,0.0,0.0,0.0,0.0,0.0,0.0,1.0,21.0,0.0,0.0,0.0,0.0,0.0,0.0,0.0,0.0,0.0,1.0,0.0,0.0,0.0,0.0,0.0,0.0,0.0,1.0,1.0,0.0,0.0,0.0,0.0,0.0,0.0
97.35954,97.739,MAG,HAAS F1 TEAM,SOFT,49.0,4.0,-0.8548975860615821,-0.6190070429569652,0.27390592274073794,-0.06747509171498178,-0.4077838021960943,-0.3928811100070056,0.0,0.0,0.0,0.0,-0.12704344981808086,0.1893857880301082,0.0,0.0,0.0,0.0,0.0,0.0,-0.024694214408243608,0.0,0.0,0.0,0.0,0.0,0.0,0.0,0.0,0.0,0.0,0.0,0.0,0.0,0.0,0.0,0.0,0.0,0.0,0.0,-0.04435739675171835,0.0,0.0,0.0,0.0,0.0,0.0,99.43439082982351,97.5,4.0,0.6565469,1.0,-8.183602,-0.5495469,0.068,0.09862217,0.6,9.0,9.0,0.101333335,0.0,0.0,0.0,0.0,0.0,0.0,1.0,21.0,0.0,0.0,0.0,0.0,0.0,0.0,0.0,0.0,0.0,1.0,0.0,0.0,0.0,0.0,0.0,0.0,0.0,1.0,1.0,0.0,0.0,0.0,0.0,0.0,0.0
97.3814,98.315,MAG,HAAS F1 TEAM,SOFT,50.0,4.0,-0.7576292187398287,-0.6707747549780892,0.2984093299845834,-0.04331702662921243,-0.39905131111167463,-0.2943125346629136,0.0,0.0,-0.08554457824795461,0.0,-0.07104216451650895,0.0,0.0,0.0,0.0,0.0,0.0,0.0,0.0,0.0,0.0,0.0,0.0,0.0,0.0,0.0,0.0,0.0,0.0,-0.007029630582465804,0.0,0.0,0.0,0.0,0.0,0.0,0.0,-0.022697878327730514,0.0,0.0,0.0,0.0,0.0,0.0,0.0,99.43439082982351,97.609,4.0,0.645801,1.0,-9.092891,-0.515801,0.109,0.046758242,0.1,10.0,10.0,0.14466667,0.0,0.0,0.0,0.0,0.0,0.0,1.0,21.0,0.0,0.0,0.0,0.0,0.0,0.0,0.0,0.0,0.0,1.0,0.0,0.0,0.0,0.0,0.0,0.0,0.0,1.0,1.0,0.0,0.0,0.0,0.0,0.0,0.0
97.60986,98.157,MAG,HAAS F1 TEAM,SOFT,51.0,4.0,-0.8183426013087375,-0.6819773926079293,0.23895006565620225,0.0,-0.49347123587581576,-0.10325441397347565,0.0,0.0,-0.07514072323899053,0.0,-0.08330940658054607,0.21850932968212478,0.0,0.0,0.0,0.0,0.0,0.0,0.0,0.0,0.0,0.0,0.0,0.0,0.0,0.0,0.0,0.0,0.0,-0.025062910165007057,0.0,0.0,0.0,0.0,0.0,0.0,0.0,-0.001428260161338274,0.0,0.0,0.0,0.0,0.0,0.0,0.0,99.43439082982351,97.604,4.0,0.647105,1.0,-11.1021805,0.063895,-0.005,0.3422733,0.3,11.0,11.0,0.316,0.0,0.0,0.0,0.0,0.0,0.0,1.0,21.0,0.0,0.0,0.0,0.0,0.0,0.0,0.0,0.0,0.0,1.0,0.0,0.0,0.0,0.0,0.0,0.0,0.0,1.0,1.0,0.0,0.0,0.0,0.0,0.0,0.0
97.73306,97.963,MAG,HAAS F1 TEAM,SOFT,52.0,4.0,-0.7426679305532317,-0.6918055790420881,0.29479303330860335,-0.06780441207016423,-0.4558647732751588,-0.19185571028455323,0.0,0.0,-0.04255624131364469,0.0,-0.027471753566779278,0.2589296521872281,0.0,0.0,0.0,0.0,0.0,0.0,0.0,0.0,0.0,0.0,0.0,0.0,0.0,0.0,0.0,0.0,0.0,0.0,0.0,0.0,0.0,0.0,0.0,0.0,0.0,0.0,-0.03502437107309997,0.0,0.0,0.0,0.0,0.0,0.0,99.43439082982351,97.706,4.0,0.6432598,1.0,-12.111469,-0.1922598,0.102,0.2910332,0.1,12.0,12.0,0.43066666,0.0,0.0,0.0,0.0,0.0,0.0,1.0,21.0,0.0,0.0,0.0,0.0,0.0,0.0,0.0,0.0,0.0,1.0,0.0,0.0,0.0,0.0,0.0,0.0,0.0,1.0,1.0,0.0,0.0,0.0,0.0,0.0,0.0
97.54258,97.982,MAG,HAAS F1 TEAM,SOFT,53.0,4.0,-0.8426133787078698,-0.7253740777425438,0.2573994621970005,0.0,-0.6715733616119641,-0.228258612511141,0.0,0.05026872634198143,-0.019720778017080172,0.08544860414553036,0.0,0.2744243654955438,0.0,0.0,0.0,0.0,0.0,0.0,0.0,0.0,0.0,0.0,0.0,0.0,0.0,0.0,0.0,0.0,0.0,0.0,0.0,0.0,0.0,0.0,0.0,0.0,0.0,0.0,-0.07181212853406475,0.0,0.0,0.0,0.0,0.0,0.0,99.43439082982351,97.589,4.0,0.6380817,1.0,-14.420758,-0.26408172,-0.117,0.17658709,0.4,13.0,13.0,0.512,0.0,0.0,0.0,0.0,0.0,0.0,1.0,21.0,0.0,0.0,0.0,0.0,0.0,0.0,0.0,0.0,0.0,1.0,0.0,0.0,0.0,0.0,0.0,0.0,0.0,1.0,1.0,0.0,0.0,0.0,0.0,0.0,0.0
97.62483,99.651,MAG,HAAS F1 TEAM,SOFT,54.0,4.0,-0.7306975420272933,-0.7403297104990333,0.26821087770330704,-0.06321622309243025,-0.6754068183474425,-0.2746276179310348,0.0,0.0,0.0,0.14602763309290906,0.09269607814591052,0.22020327917514212,0.0,0.0,0.0,0.0,0.0,0.0,0.0,0.0,0.0,0.0,0.0,0.0,0.0,0.0,0.0,0.0,0.0,0.0,0.0,0.0,0.0,0.0,0.0,0.0,0.0,0.0,-0.052418632723235346,0.0,0.0,0.0,0.0,0.0,0.0,99.43439082982351,97.778,4.0,0.6298915,1.0,-15.530047,-0.42589152,0.189,0.12638433,0.1,14.0,14.0,0.343,0.0,0.0,0.0,0.0,0.0,0.0,1.0,21.0,0.0,0.0,0.0,0.0,0.0,0.0,0.0,0.0,0.0,1.0,0.0,0.0,0.0,0.0,0.0,0.0,0.0,1.0,1.0,0.0,0.0,0.0,0.0,0.0,0.0
98.41676,98.446,MAG,HAAS F1 TEAM,SOFT,55.0,4.0,-0.7587503414887099,-0.6308654641444152,0.2572038830001517,-0.05250343689596736,-0.7229992782460974,0.5222493739951874,0.0,0.11000722168691526,0.0,-0.04711989390744125,0.0,0.34400561245314504,0.0,0.0,0.0,0.0,0.0,0.0,-0.038855200612219254,0.0,0.0,0.0,0.0,0.0,0.0,0.0,0.0,0.0,0.0,0.0,0.0,0.0,0.0,0.0,0.0,0.0,0.0,0.0,0.0,0.0,0.0,0.0,0.0,0.0,0.0,99.43439082982351,97.78,4.0,0.652875,1.0,-16.639336,1.218125,0.002,0.91731477,0.5,15.0,15.0,0.81633335,0.0,0.0,0.0,0.0,0.0,0.0,1.0,21.0,0.0,0.0,0.0,0.0,0.0,0.0,0.0,0.0,0.0,1.0,0.0,0.0,0.0,0.0,0.0,0.0,0.0,1.0,1.0,0.0,0.0,0.0,0.0,0.0,0.0
97.81382,98.779,MAG,HAAS F1 TEAM,SOFT,56.0,4.0,-0.73172164661452,-0.661363897240779,0.2845116335783477,-0.07239536598926449,-0.9674417821868537,-0.12218813921801874,0.0,0.10917375996924145,0.0,0.0,0.22339031068896745,0.36329349744105655,0.0,0.0,0.0,0.0,0.0,0.0,-0.04582931499778464,0.0,0.0,0.0,0.0,0.0,0.0,0.0,0.0,0.0,0.0,0.0,0.0,0.0,0.0,0.0,0.0,0.0,0.0,0.0,0.0,0.0,0.0,0.0,0.0,0.0,0.0,99.43439082982351,97.86,4.0,0.6516591,1.0,-19.348625,-0.06565909,0.08,0.8733115,0.6,16.0,16.0,0.887,0.0,0.0,0.0,0.0,0.0,0.0,1.0,21.0,0.0,0.0,0.0,0.0,0.0,0.0,0.0,0.0,0.0,1.0,0.0,0.0,0.0,0.0,0.0,0.0,0.0,1.0,1.0,0.0,0.0,0.0,0.0,0.0,0.0
97.306404,100.433,NOR,MCLAREN,HARD,47.0,4.5,-0.7543701081257377,-0.6909139602043729,0.14477298121993912,-0.05833945985108118,-0.33506797959646806,-0.3127824988178872,0.0,0.0,-0.07273354873684724,-0.05537619928396975,-0.1138313438368648,0.12065540117930773,0.0,0.0,0.0,0.0,0.0,0.0,0.0,0.0,0.0,0.0,0.0,0.0,0.0,0.0,0.0,0.0,0.0,0.0,0.0,0.0,0.0,0.0,0.0,0.0,0.0,0.0,0.0,0.0,0.0,0.0,0.0,0.0,0.0,99.43439082982351,97.589,4.5,0.3585489,1.0,-9.092891,-0.2915489,0.163,0.03868247,0.3,0.0,10.0,0.022333333,0.0,0.0,0.0,0.0,0.0,0.0,0.0,21.0,1.0,0.0,0.0,0.0,0.0,0.0,0.0,0.0,0.0,1.0,0.0,1.0,0.0,0.0,0.0,0.0,0.0,0.0,0.0,0.0,0.0,0.0,0.0,0.0,0.0
100.1272,103.98475,NOR,MCLAREN,SOFT,48.0,4.5,-0.4886687037391759,-0.16707591151993667,0.11307681468402032,0.0,0.0,1.4969688709007405,0.0,0.0,-0.566435606639355,-0.13005388015039987,0.1598246726882114,0.10566232915317057,0.0,0.0,0.0,0.0,0.0,0.0,0.0,0.0,0.12017484113858605,0.0,0.0,0.0,0.0,0.0,0.0,0.0,0.0,0.0,0.0,0.0,0.0,0.0,0.0,0.0,0.0,0.0,0.0,0.0,0.0,0.0,0.0,0.0,0.04933300928562512,99.43439082982351,97.432,4.5,0.4147713,1.0,-4.5464454,2.5862286,-0.157,1.7136145,0.1,5.0,5.0,1.0226667,0.0,0.0,0.0,0.0,0.0,0.0,1.0,21.0,1.0,0.0,0.0,0.0,0.0,0.0,0.0,0.0,0.0,0.0,0.0,1.0,0.0,0.0,0.0,0.0,0.0,0.0,0.0,0.0,0.0,0.0,0.0,0.0,0.0
97.66187,99.08,NOR,MCLAREN,SOFT,49.0,4.5,-0.3853082616325415,0.0,0.11619993685168822,0.0,0.0,1.284751293237595,-0.12144825279802457,-1.1594024632251638,-0.2842781999352918,-0.1752119895573709,0.0,-1.3296067052507068,0.0,0.0,0.0,0.0,0.0,0.0,0.16325098357110984,0.0,0.0,0.0,0.0,0.0,0.0,0.0,0.0,0.0,0.0,0.1185356926847243,0.0,0.0,0.0,0.0,0.0,0.0,0.0,0.0,0.0,0.0,0.0,0.0,0.0,0.0,0.0,99.43439082982351,97.5,4.5,0.5412292,1.0,-5.4557347,5.943521,0.068,3.212797,0.1,6.0,6.0,3.18425,0.0,0.0,0.0,0.0,0.0,0.0,1.0,21.0,1.0,0.0,0.0,0.0,0.0,0.0,0.0,0.0,0.0,0.0,0.0,1.0,0.0,0.0,0.0,0.0,0.0,0.0,0.0,0.0,0.0,0.0,0.0,0.0,0.0
97.8894,95.257,NOR,MCLAREN,SOFT,50.0,4.5,-0.46255678754670254,-0.5694646194732625,0.1997991579166658,-0.11504665483573377,-0.10805764356295743,0.2735654016025682,0.0,-0.5025092661069427,0.0,0.0,-0.09265951706794708,-0.16040787853201666,0.0,0.0,0.0,0.0,0.0,0.0,0.0,0.0,0.0,0.0,0.0,0.0,0.0,0.0,0.0,0.0,0.0,0.0,0.0,0.0,0.0,0.0,0.0,0.0,0.0,0.0,0.0,0.0,0.0,0.0,0.0,0.0,-0.007656354736715816,99.43439082982351,97.609,4.5,0.5602041,1.0,-7.065024,0.9107959,0.109,2.5695364,0.1,7.0,7.0,3.65225,0.0,0.0,0.0,0.0,0.0,0.0,1.0,21.0,1.0,0.0,0.0,0.0,0.0,0.0,0.0,0.0,0.0,0.0,0.0,1.0,0.0,0.0,0.0,0.0,0.0,0.0,0.0,0.0,0.0,0.0,0.0,0.0,0.0
96.98806,95.822,NOR,MCLAREN,SOFT,51.0,4.5,-0.5563915111943288,-0.6605180258656644,0.19388730003683158,0.0,-0.19269479267299133,-0.8004750915395475,0.0,-0.6622447403064354,-0.059523653554884086,0.0,-0.09924091717140096,0.2924108136725057,0.0,0.0,0.0,0.0,0.0,0.0,0.0,0.0,0.0984597863309955,0.0,0.0,0.0,0.0,0.0,0.0,0.0,0.0,0.0,0.0,0.0,0.0,0.0,0.0,0.0,0.0,0.0,0.0,0.0,0.0,0.0,0.0,0.0,0.0,99.43439082982351,97.604,4.5,0.50206,1.0,-8.074313,-2.84906,-0.005,4.4293456,0.1,8.0,8.0,1.8695834,0.0,0.0,0.0,0.0,0.0,0.0,1.0,21.0,1.0,0.0,0.0,0.0,0.0,0.0,0.0,0.0,0.0,0.0,0.0,1.0,0.0,0.0,0.0,0.0,0.0,0.0,0.0,0.0,0.0,0.0,0.0,0.0,0.0
96.719955,96.152,NOR,MCLAREN,SOFT,52.0,4.5,-0.6059931355954531,-0.7805522587527842,0.22740442877292283,-0.02139291615297445,-0.30105819260294064,-1.020257319063383,0.0,0.0,-0.0867743473613362,0.0,-0.0595004522532524,-0.06835863361223526,0.0,0.0,0.0,0.0,0.0,0.0,0.0,0.0,0.0,0.0,0.0,0.0,0.0,0.0,0.0,0.0,0.0,0.0,0.0,0.0,0.0,0.0,0.0,0.0,0.002047441133860272,0.0,0.0,0.0,0.0,0.0,0.0,0.0,0.0,99.43439082982351,97.706,4.5,0.45527452,1.0,-9.983602,-2.3392744,0.102,2.0835674,0.1,9.0,9.0,-0.92,0.0,0.0,0.0,0.0,0.0,0.0,1.0,21.0,1.0,0.0,0.0,0.0,0.0,0.0,0.0,0.0,0.0,0.0,0.0,1.0,0.0,0.0,0.0,0.0,0.0,0.0,0.0,0.0,0.0,0.0,0.0,0.0,0.0
96.13773,96.5,NOR,MCLAREN,SOFT,53.0,4.5,-0.7448251395943055,-0.7769710086408583,0.1948711581766415,-0.05257418557045443,-0.4627833778059932,-0.9161294781510299,0.0,0.0,-0.06639812086573994,0.10586219407257413,-0.04780249658338107,-0.529906915388311,0.0,0.0,0.0,0.0,0.0,0.0,0.0,0.0,0.0,0.0,0.0,0.0,0.0,0.0,0.0,0.0,0.0,0.0,0.0,0.0,0.0,0.0,0.0,0.0,0.0,0.0,0.0,0.0,0.0,0.0,0.0,0.0,0.0,99.43439082982351,97.589,4.5,0.4188846,1.0,-11.092891,-1.8558847,-0.117,0.45502344,0.3,10.0,10.0,-1.8893334,0.0,0.0,0.0,0.0,0.0,0.0,1.0,21.0,1.0,0.0,0.0,0.0,0.0,0.0,0.0,0.0,0.0,0.0,0.0,1.0,0.0,0.0,0.0,0.0,0.0,0.0,0.0,0.0,0.0,0.0,0.0,0.0,0.0
96.40874,99.789,NOR,MCLAREN,SOFT,54.0,4.5,-0.6901177631307798,-0.8108649857422823,0.12915157929940202,0.0,-0.5328961630835158,-0.861999346039239,0.0,0.0,0.0,0.12365989767709434,-0.056446030086254595,-0.40375815279296934,0.0,0.0,0.0,0.0,0.0,0.0,-0.037795753189343015,0.0,0.0,0.0,0.0,0.0,0.0,0.0,0.0,0.0,0.0,0.11541306988156061,0.0,0.0,0.0,0.0,0.0,0.0,0.0,0.0,0.0,0.0,0.0,0.0,0.0,0.0,0.0,99.43439082982351,97.778,4.5,0.3868679,1.0,-12.20218,-1.6648679,0.189,0.31419897,0.5,11.0,11.0,-1.533,0.0,0.0,0.0,0.0,0.0,0.0,1.0,21.0,1.0,0.0,0.0,0.0,0.0,0.0,0.0,0.0,0.0,0.0,0.0,1.0,0.0,0.0,0.0,0.0,0.0,0.0,0.0,0.0,0.0,0.0,0.0,0.0,0.0
99.65184,103.98475,NOR,MCLAREN,SOFT,55.0,4.5,-0.6535189151447811,-0.386893127556723,0.2262285895617918,0.0,-0.263194943676672,1.11262972161402,0.0,0.17615140273211222,-0.11214547572431159,-0.11560243990587943,0.0,0.2814334845947858,0.0,0.0,0.0,0.0,0.0,0.0,-0.04763891635691864,0.0,0.0,0.0,0.0,0.0,0.0,0.0,0.0,0.0,0.0,0.0,0.0,0.0,0.0,0.0,0.0,0.0,0.0,0.0,0.0,0.0,0.0,0.0,0.0,0.0,0.0,99.43439082982351,97.78,4.5,0.4169074,1.0,-8.465024,1.5920926,0.002,1.9452748,0.4,7.0,7.0,-0.23533334,0.0,0.0,0.0,0.0,0.0,0.0,1.0,21.0,1.0,0.0,0.0,0.0,0.0,0.0,0.0,0.0,0.0,0.0,0.0,1.0,0.0,0.0,0.0,0.0,0.0,0.0,0.0,0.0,0.0,0.0,0.0,0.0,0.0
97.02332,96.661,PER,RED BULL RACING,HARD,47.0,3.0,-0.7983208194708028,-0.3700914489049882,-0.2738821572638961,-0.07295777537312997,-0.37965881090732795,0.0,0.0,0.0,-0.051756470158210076,-0.09145488707201224,-0.030246467178570484,0.0,-0.3063291436237424,0.0,0.0,0.0,-0.03636979078880165,0.0,0.0,0.0,0.0,0.0,0.0,0.0,0.0,0.0,0.0,0.0,0.0,0.0,0.0,0.0,0.0,0.0,0.0,0.0,0.0,0.0,0.0,0.0,0.0,0.0,0.0,0.0,0.0,99.43439082982351,97.589,3.0,-0.77226084,1.0,-11.820758,0.44026086,0.163,0.13031116,0.3,0.0,13.0,-0.357,1.0,0.0,0.0,0.0,1.0,0.0,0.0,21.0,0.0,0.0,0.0,0.0,0.0,0.0,0.0,0.0,0.0,1.0,0.0,0.0,0.0,0.0,0.0,0.0,0.0,0.0,0.0,0.0,0.0,0.0,0.0,0.0,0.0
96.828636,96.859,PER,RED BULL RACING,HARD,48.0,3.0,-0.8196738518455639,-0.3741367022626915,-0.2678217526704492,-0.09279205895269182,-0.39418037009374607,-0.12193849254229484,0.0,0.0,-0.05023380594956128,-0.10111196512175316,0.0,-0.07642374106810382,-0.3074419198830642,0.0,0.0,0.0,0.0,0.0,0.0,0.0,0.0,0.0,0.0,0.0,0.0,0.0,0.0,0.0,0.0,0.0,0.0,0.0,0.0,0.0,0.0,0.0,0.0,0.0,0.0,0.0,0.0,0.0,0.0,0.0,0.0,99.43439082982351,97.432,3.0,-0.772234,1.0,-12.730047,0.0012340426,-0.157,0.22166266,0.1,0.0,14.0,-0.5336667,1.0,0.0,0.0,0.0,1.0,0.0,0.0,21.0,0.0,0.0,0.0,0.0,0.0,0.0,0.0,0.0,0.0,1.0,0.0,0.0,0.0,0.0,0.0,0.0,0.0,0.0,0.0,0.0,0.0,0.0,0.0,0.0,0.0
96.83744,97.049,PER,RED BULL RACING,HARD,49.0,3.0,-0.771430224138377,-0.33375976066239915,-0.29498382812223073,-0.07490220912173823,-0.42578586737399143,-0.06382484981458658,0.0,0.0,-0.07865404823176302,-0.08623287817580624,0.0,-0.10570634650757499,-0.3616626975578588,0.0,0.0,0.0,0.0,0.0,0.0,0.0,0.0,0.0,0.0,0.0,0.0,0.0,0.0,0.0,0.0,0.0,0.0,0.0,0.0,0.0,0.0,0.0,0.0,0.0,0.0,0.0,0.0,0.0,0.0,0.0,0.0,99.43439082982351,97.5,3.0,-0.7695,1.0,-13.639337,0.1285,0.068,0.22550018,0.1,0.0,15.0,-0.58133334,1.0,0.0,0.0,0.0,1.0,0.0,0.0,21.0,0.0,0.0,0.0,0.0,0.0,0.0,0.0,0.0,0.0,1.0,0.0,0.0,0.0,0.0,0.0,0.0,0.0,0.0,0.0,0.0,0.0,0.0,0.0,0.0,0.0
96.87317,97.731,PER,RED BULL RACING,HARD,50.0,3.0,-0.7487939635118067,-0.3242126286311586,-0.2661808332618188,-0.08816676629351419,-0.4424242376093191,0.0,0.0,0.0,-0.048872771444576045,-0.08886580938635225,0.0,-0.16532694914582025,-0.34477618260400145,0.0,0.0,0.0,-0.04360174262264627,0.0,0.0,0.0,0.0,0.0,0.0,0.0,0.0,0.0,0.0,0.0,0.0,0.0,0.0,0.0,0.0,0.0,0.0,0.0,0.0,0.0,0.0,0.0,0.0,0.0,0.0,0.0,0.0,99.43439082982351,97.609,3.0,-0.7652245,1.0,-14.548626,0.20522448,0.109,0.10644404,0.1,0.0,16.0,-0.6573333,1.0,0.0,0.0,0.0,1.0,0.0,0.0,21.0,0.0,0.0,0.0,0.0,0.0,0.0,0.0,0.0,0.0,1.0,0.0,0.0,0.0,0.0,0.0,0.0,0.0,0.0,0.0,0.0,0.0,0.0,0.0,0.0,0.0
97.583275,97.049,PER,RED BULL RACING,HARD,51.0,3.0,-0.7735249603788716,-0.3719280414043263,-0.26295754903450036,-0.07660096977026057,-0.4220396350454343,0.35384743555230747,0.0,0.0,0.0,-0.047745901254400654,0.172922068588798,0.0,-0.33180472172138503,0.0,0.0,0.0,-0.09128371404684653,0.0,0.0,0.0,0.0,0.0,0.0,0.0,0.0,0.0,0.0,0.0,0.0,0.0,0.0,0.0,0.0,0.0,0.0,0.0,0.0,0.0,0.0,0.0,0.0,0.0,0.0,0.0,0.0,99.43439082982351,97.604,3.0,-0.74738,1.0,-15.457914,0.87438,-0.005,0.42197037,0.1,0.0,17.0,-0.358,1.0,0.0,0.0,0.0,1.0,0.0,0.0,21.0,0.0,0.0,0.0,0.0,0.0,0.0,0.0,0.0,0.0,1.0,0.0,0.0,0.0,0.0,0.0,0.0,0.0,0.0,0.0,0.0,0.0,0.0,0.0,0.0,0.0
97.126366,97.062,PER,RED BULL RACING,HARD,52.0,3.0,-0.7497931102655628,-0.36044165907120995,-0.2850069759873635,-0.0635458374278562,-0.5700203279322048,-0.1151873288906978,0.0,0.0,-0.0014387397056673265,-0.08178184123228248,0.25418605296459384,0.0,-0.3349954006541687,0.0,0.0,0.0,0.0,0.0,0.0,0.0,0.0,0.0,0.0,0.0,0.0,0.0,0.0,0.0,0.0,0.0,0.0,0.0,0.0,0.0,0.0,0.0,0.0,0.0,0.0,0.0,0.0,0.0,0.0,0.0,0.0,99.43439082982351,97.706,3.0,-0.74560785,1.0,-18.167204,0.08860784,0.102,0.42740184,0.3,0.0,18.0,-0.36333334,1.0,0.0,0.0,0.0,1.0,0.0,0.0,21.0,0.0,0.0,0.0,0.0,0.0,0.0,0.0,0.0,0.0,1.0,0.0,0.0,0.0,0.0,0.0,0.0,0.0,0.0,0.0,0.0,0.0,0.0,0.0,0.0,0.0
97.36562,97.345,PER,RED BULL RACING,HARD,53.0,3.0,-0.7507721136211826,-0.34802873916580485,-0.2962237337357985,-0.057264416753604164,-0.5497360211081724,0.0,0.0,0.0,0.0,0.0,0.37792958437391316,-0.03616415221511371,-0.3376072692238478,0.0,0.0,0.0,0.0,0.0,0.0,0.0,0.0,0.0,0.0,0.0,0.0,0.0,0.0,0.0,0.0,-0.015019785682747705,0.0,0.0,0.0,0.0,0.0,0.0,0.0,0.0,0.0,0.0,0.0,0.0,0.0,0.0,-0.0558807085700611,99.43439082982351,97.589,3.0,-0.7414038,1.0,-19.176493,0.21440385,-0.117,0.420173,0.1,0.0,19.0,-0.35233334,1.0,0.0,0.0,0.0,1.0,0.0,0.0,21.0,0.0,0.0,0.0,0.0,0.0,0.0,0.0,0.0,0.0,1.0,0.0,0.0,0.0,0.0,0.0,0.0,0.0,0.0,0.0,0.0,0.0,0.0,0.0,0.0,0.0
97.11335,97.296,PER,RED BULL RACING,HARD,54.0,3.0,-0.7343459886422821,-0.3140329220650622,-0.2968557392628399,0.0,-0.7674844583833721,0.0,-0.0326362995558207,0.0,0.0,-0.08670477607605986,0.39945449323249166,-0.11502902943922771,-0.346675469321578,0.0,0.0,0.0,-0.026730725758981066,0.0,0.0,0.0,0.0,0.0,0.0,0.0,0.0,0.0,0.0,0.0,0.0,0.0,0.0,0.0,0.0,0.0,0.0,0.0,0.0,0.0,0.0,0.0,0.0,0.0,0.0,0.0,0.0,99.43439082982351,97.778,3.0,-0.7355849,1.0,-22.185781,0.30258492,0.189,0.11248111,0.4,0.0,20.0,-0.539,1.0,0.0,0.0,0.0,1.0,0.0,0.0,21.0,0.0,0.0,0.0,0.0,0.0,0.0,0.0,0.0,0.0,1.0,0.0,0.0,0.0,0.0,0.0,0.0,0.0,0.0,0.0,0.0,0.0,0.0,0.0,0.0,0.0
97.32419,97.092,PER,RED BULL RACING,HARD,55.0,3.0,-0.709148894628005,-0.34344595738874684,-0.2983931755446163,-0.08173576195348674,-0.7791043070462715,0.0,0.0,0.0,0.0,-0.09141222128753232,0.5154281701646015,0.0,-0.2820242637012342,0.0,0.0,0.0,-0.02553316511926429,0.0,0.0,0.0,-0.014833020897083176,0.0,0.0,0.0,0.0,0.0,0.0,0.0,0.0,0.0,0.0,0.0,0.0,0.0,0.0,0.0,0.0,0.0,0.0,0.0,0.0,0.0,0.0,0.0,0.0,99.43439082982351,97.78,3.0,-0.7309259,1.0,-23.29507,0.24692592,0.002,0.047056705,0.1,0.0,21.0,-0.48133335,1.0,0.0,0.0,0.0,1.0,0.0,0.0,21.0,0.0,0.0,0.0,0.0,0.0,0.0,0.0,0.0,0.0,1.0,0.0,0.0,0.0,0.0,0.0,0.0,0.0,0.0,0.0,0.0,0.0,0.0,0.0,0.0,0.0
97.02212,96.565,PER,RED BULL RACING,HARD,56.0,3.0,-0.6795158858657434,-0.33072195783591274,-0.3172054821121732,-0.07004383684476988,-0.8861716282687616,-0.1698061030865944,0.0,0.0,0.0,-0.11218712224407465,0.5283727994138285,0.0,-0.3451756710726896,0.0,0.0,0.0,-0.02981832716052917,0.0,0.0,0.0,0.0,0.0,0.0,0.0,0.0,0.0,0.0,0.0,0.0,0.0,0.0,0.0,0.0,0.0,0.0,0.0,0.0,0.0,0.0,0.0,0.0,0.0,0.0,0.0,0.0,99.43439082982351,97.86,3.0,-0.7316,1.0,-24.40436,-0.0364,0.08,0.18050022,0.5,0.0,22.0,-0.56166667,1.0,0.0,0.0,0.0,1.0,0.0,0.0,21.0,0.0,0.0,0.0,0.0,0.0,0.0,0.0,0.0,0.0,1.0,0.0,0.0,0.0,0.0,0.0,0.0,0.0,0.0,0.0,0.0,0.0,0.0,0.0,0.0,0.0
96.43957,96.558,PER,RED BULL RACING,HARD,57.0,3.0,-0.574885903461649,-0.30389789412658913,-0.3194500269086285,-0.06993904864640928,-1.1122659377068145,-0.5563512025661232,0.0,0.0,0.0,0.0,0.5325919366310883,-0.23475075728528472,-0.3187474146865055,0.0,0.0,0.0,-0.03712701514862893,0.0,0.0,0.0,0.0,0.0,0.0,0.0,0.0,0.0,0.0,0.0,0.0,0.0,0.0,0.0,0.0,0.0,0.0,0.0,0.0,0.0,0.0,0.0,0.0,0.0,0.0,0.0,0.0,99.43439082982351,98.1105,3.0,-0.7461339,1.0,-27.81365,-0.79936606,0.2505,0.5495368,0.6,0.0,23.0,-0.9325,1.0,0.0,0.0,0.0,1.0,0.0,0.0,21.0,0.0,0.0,0.0,0.0,0.0,0.0,0.0,0.0,0.0,1.0,0.0,0.0,0.0,0.0,0.0,0.0,0.0,0.0,0.0,0.0,0.0,0.0,0.0,0.0,0.0
97.73826,97.432,RUS,MERCEDES,HARD,47.0,3.0,-0.7895097895945383,-0.3509235248911398,-0.015624954843291,-0.0906735715074837,-0.5081770250308172,0.0,0.0,0.0,0.0,-0.09848617416350845,0.15564555486162185,0.17344694294087806,0.0,0.0,0.0,0.0,0.0,-0.0787577012927437,0.0,0.0,0.0,0.0,0.0,0.0,0.0,0.0,-0.0930722244860851,0.0,0.0,0.0,0.0,0.0,0.0,0.0,0.0,0.0,0.0,0.0,0.0,0.0,0.0,0.0,0.0,0.0,0.0,99.43439082982351,97.589,3.0,-0.10267935,1.0,-14.548626,0.08467935,0.163,0.25930163,0.3,0.0,16.0,0.083333336,0.0,0.0,0.0,0.0,0.0,1.0,0.0,21.0,0.0,0.0,0.0,0.0,0.0,0.0,1.0,0.0,0.0,1.0,0.0,0.0,0.0,0.0,0.0,0.0,0.0,0.0,0.0,0.0,0.0,0.0,0.0,0.0,0.0
97.65626,97.52,RUS,MERCEDES,HARD,48.0,3.0,-0.8474144829192635,-0.3269165084139461,-0.005412594229401224,-0.06060173933914774,-0.5690487052374334,-0.06971035979190503,0.0,0.0,0.0,-0.07242854191603917,0.2858451351960218,0.0,0.0,0.0,0.0,0.0,0.0,-0.05617062191276867,0.0,0.0,0.0,0.0,0.0,0.0,0.0,0.0,-0.05627478186509933,0.0,0.0,0.0,0.0,0.0,0.0,0.0,0.0,0.0,0.0,0.0,0.0,0.0,0.0,0.0,0.0,0.0,0.0,99.43439082982351,97.432,3.0,-0.10049468,1.0,-15.457914,0.10049468,-0.157,0.059002824,0.3,0.0,17.0,-0.042666666,0.0,0.0,0.0,0.0,0.0,1.0,0.0,21.0,0.0,0.0,0.0,0.0,0.0,0.0,1.0,0.0,0.0,1.0,0.0,0.0,0.0,0.0,0.0,0.0,0.0,0.0,0.0,0.0,0.0,0.0,0.0,0.0,0.0
97.54619,97.718,RUS,MERCEDES,HARD,49.0,3.0,-0.8814038685573963,-0.3195319586134565,-0.017363893788708618,-0.0659381308864278,-0.6589207170305371,-0.05601472081238525,0.0,0.0,0.0,-0.050173944109946474,0.2715529484096144,0.0,0.0,0.0,0.0,0.0,0.0,0.0,0.0,0.0,0.0,0.0,0.0,0.0,0.0,0.0,-0.09347209877595056,0.0,0.0,0.0,0.0,0.0,0.0,0.0,0.0,0.0,0.0,0.0,0.0,0.0,0.0,0.0,0.0,0.0,-0.01693609116613154,99.43439082982351,97.5,3.0,-0.09798437,1.0,-16.367205,0.11798438,0.068,0.01900877,0.6,0.0,18.0,0.00066666666,0.0,0.0,0.0,0.0,0.0,1.0,0.0,21.0,0.0,0.0,0.0,0.0,0.0,0.0,1.0,0.0,0.0,1.0,0.0,0.0,0.0,0.0,0.0,0.0,0.0,0.0,0.0,0.0,0.0,0.0,0.0,0.0,0.0
98.010895,97.383,RUS,MERCEDES,HARD,50.0,3.0,-0.7720605669481335,-0.35573937861681465,0.0,-0.07957896843860077,-0.5610671559724902,0.0,0.0,0.05549488639211164,0.0,-0.08149028811449235,0.4271124212968993,0.10950182936268732,0.0,0.0,0.0,0.0,0.0,-0.07027265752904842,0.0,0.0,0.0,0.0,0.0,0.0,0.0,0.0,-0.0953961758650069,0.0,0.0,0.0,0.0,0.0,0.0,0.0,0.0,0.0,0.0,0.0,0.0,0.0,0.0,0.0,0.0,0.0,0.0,99.43439082982351,97.609,3.0,-0.09376021,1.0,-17.276493,0.2027602,0.109,0.058025856,0.1,0.0,19.0,0.043,0.0,0.0,0.0,0.0,0.0,1.0,0.0,21.0,0.0,0.0,0.0,0.0,0.0,0.0,1.0,0.0,0.0,1.0,0.0,0.0,0.0,0.0,0.0,0.0,0.0,0.0,0.0,0.0,0.0,0.0,0.0,0.0,0.0
97.85514,97.825,RUS,MERCEDES,HARD,51.0,3.0,-0.7535832465728759,-0.33867768999529146,0.0,-0.05235758922720113,-0.662849598938712,-0.15408189627375835,0.0,0.0,0.0,-0.08108309229512542,0.549110004650524,0.0,0.0,0.0,0.0,0.0,0.0,-0.05139076732457979,0.0,0.0,0.0,0.0,0.0,0.0,0.0,0.0,-0.022521008127572767,0.0,0.0,0.0,0.0,0.0,0.0,0.0,0.0,0.0,0.0,0.0,0.0,0.0,0.0,0.0,0.0,0.0,-0.011815259683764845,99.43439082982351,97.604,3.0,-0.096305,1.0,-20.185781,-0.124695,-0.005,0.17073469,0.1,0.0,20.0,-0.030666666,0.0,0.0,0.0,0.0,0.0,1.0,0.0,21.0,0.0,0.0,0.0,0.0,0.0,0.0,1.0,0.0,0.0,1.0,0.0,0.0,0.0,0.0,0.0,0.0,0.0,0.0,0.0,0.0,0.0,0.0,0.0,0.0,0.0
98.065216,97.589,RUS,MERCEDES,HARD,52.0,3.0,-0.7472285049437539,-0.3181464732365251,0.0,-0.07655910616400144,-0.7336978761070615,0.0,0.0,0.07056432115556421,0.0,-0.10345610866806063,0.5931391074656035,0.09970951229423862,0.0,0.0,0.0,0.0,0.0,-0.0668204864581168,0.0,0.0,0.0,0.0,0.0,0.0,0.0,0.0,-0.0866791507082753,0.0,0.0,0.0,0.0,0.0,0.0,0.0,0.0,0.0,0.0,0.0,0.0,0.0,0.0,0.0,0.0,0.0,0.0,99.43439082982351,97.706,3.0,-0.092083335,1.0,-21.19507,0.21108334,0.102,0.19347696,0.3,0.0,21.0,0.0023333333,0.0,0.0,0.0,0.0,0.0,1.0,0.0,21.0,0.0,0.0,0.0,0.0,0.0,0.0,1.0,0.0,0.0,1.0,0.0,0.0,0.0,0.0,0.0,0.0,0.0,0.0,0.0,0.0,0.0,0.0,0.0,0.0,0.0
98.027245,97.841,RUS,MERCEDES,HARD,53.0,3.0,-0.7682788766708746,-0.2801197960603838,-0.020594018285835552,0.0,-0.8221223581784531,-0.04412299623204995,0.0,0.0,0.0,-0.08076349424255415,0.7076712434164116,0.0,0.0,0.0,0.0,0.0,0.0,-0.03762214126359307,0.0,0.0,0.0,0.0,0.0,0.0,0.0,0.0,-0.0437861606139768,0.0,0.0,0.0,0.0,0.0,0.0,0.0,0.0,0.0,-0.017407663821110253,0.0,0.0,0.0,0.0,0.0,0.0,0.0,0.0,99.43439082982351,97.589,3.0,-0.0903125,1.0,-24.40436,0.0903125,-0.117,0.17253116,0.1,0.0,22.0,-0.034,0.0,0.0,0.0,0.0,0.0,1.0,0.0,21.0,0.0,0.0,0.0,0.0,0.0,0.0,1.0,0.0,0.0,1.0,0.0,0.0,0.0,0.0,0.0,0.0,0.0,0.0,0.0,0.0,0.0,0.0,0.0,0.0,0.0
98.090126,97.923,RUS,MERCEDES,HARD,54.0,3.0,-0.7129255048991265,-0.29254329585770655,0.0,-0.05899374243710466,-0.9582047538666347,0.0,0.0,0.043635969930254426,0.0,-0.10351204748358332,0.7318100346876852,0.11818857972811632,0.0,0.0,0.0,0.0,0.0,-0.044312057564853194,0.0,0.0,0.0,0.0,0.0,0.0,0.0,0.0,-0.06740797446290407,0.0,0.0,0.0,0.0,0.0,0.0,0.0,0.0,0.0,0.0,0.0,0.0,0.0,0.0,0.0,0.0,0.0,0.0,99.43439082982351,97.778,3.0,-0.08741981,1.0,-25.513649,0.15041982,0.189,0.059534304,0.3,0.0,23.0,0.060666665,0.0,0.0,0.0,0.0,0.0,1.0,0.0,21.0,0.0,0.0,0.0,0.0,0.0,0.0,1.0,0.0,0.0,1.0,0.0,0.0,0.0,0.0,0.0,0.0,0.0,0.0,0.0,0.0,0.0,0.0,0.0,0.0,0.0
98.319664,97.86,RUS,MERCEDES,HARD,55.0,3.0,-0.6893727200016994,-0.3251600307683126,0.0,-0.06380475036757927,-0.9175859515685284,0.0,0.0,0.0,0.0,-0.0849722164537032,0.8875667473365033,0.13719011980052406,0.0,0.0,0.0,0.0,0.0,-0.04695796695161829,0.0,0.016971861252405906,0.0,0.0,0.0,0.0,0.0,0.0,-0.028601920636661855,0.0,0.0,0.0,0.0,0.0,0.0,0.0,0.0,0.0,0.0,0.0,0.0,0.0,0.0,0.0,0.0,0.0,0.0,99.43439082982351,97.78,3.0,-0.08315278,1.0,-26.622938,0.22615278,0.002,0.071668215,0.1,0.0,24.0,0.06866667,0.0,0.0,0.0,0.0,0.0,1.0,0.0,21.0,0.0,0.0,0.0,0.0,0.0,0.0,1.0,0.0,0.0,1.0,0.0,0.0,0.0,0.0,0.0,0.0,0.0,0.0,0.0,0.0,0.0,0.0,0.0,0.0,0.0
98.05364,97.636,RUS,MERCEDES,HARD,56.0,3.0,-0.6513479700443873,-0.2884638698144858,-0.019948944010589557,-0.08428842601967539,-1.1797158537178987,-0.045761448919748426,0.0,0.0,0.0,-0.09235463393146576,0.9175036557183088,0.1305254890397296,0.0,0.0,0.0,0.0,0.0,-0.06689655517408236,0.0,0.0,0.0,0.0,0.0,0.0,0.0,0.0,0.0,0.0,0.0,0.0,0.0,0.0,0.0,0.0,0.0,0.0,0.0,0.0,0.0,0.0,0.0,0.0,0.0,0.0,0.0,99.43439082982351,97.86,3.0,-0.08164091,1.0,-30.232227,0.08164091,0.08,0.071668215,0.4,0.0,25.0,0.06866667,0.0,0.0,0.0,0.0,0.0,1.0,0.0,21.0,0.0,0.0,0.0,0.0,0.0,0.0,1.0,0.0,0.0,1.0,0.0,0.0,0.0,0.0,0.0,0.0,0.0,0.0,0.0,0.0,0.0,0.0,0.0,0.0,0.0
97.719696,97.767,RUS,MERCEDES,HARD,57.0,3.0,-0.5411338776468789,-0.24521852562899885,0.0,-0.06857183612265506,-1.3153831107717313,-0.27401990065594883,0.0,0.0,0.0,-0.08145939435986982,0.9292605620620036,0.0,0.0,0.0,0.0,0.0,0.0,-0.06716547074761908,0.0,0.0,0.0,0.0,0.0,0.0,0.0,0.0,-0.062465553661716786,0.0,0.0,0.0,0.0,0.0,0.0,0.0,0.0,0.0,0.011462322631776234,0.0,0.0,0.0,0.0,0.0,0.0,0.0,0.0,99.43439082982351,98.1105,3.0,-0.08865625,1.0,-31.441517,-0.38584375,0.2505,0.32324025,0.6,0.0,26.0,-0.1105,0.0,0.0,0.0,0.0,0.0,1.0,0.0,21.0,0.0,0.0,0.0,0.0,0.0,0.0,1.0,0.0,0.0,1.0,0.0,0.0,0.0,0.0,0.0,0.0,0.0,0.0,0.0,0.0,0.0,0.0,0.0,0.0,0.0
98.38681,98.222,SAI,FERRARI,HARD,47.0,3.0,-0.7283491534557107,-0.39121886716403,-0.08058474303144414,0.0,-0.4321381604830202,0.15959980649820565,0.0,0.12892718767809577,0.0,0.0,0.18437088812706925,0.39926013631989876,0.0,0.0,0.0,0.0,0.0,0.0,0.0,0.0,0.0,0.0,0.0,0.0,0.0,0.0,0.0,0.0,0.0,0.0,0.0,0.0,0.0,0.0,0.0,0.0,0.0,0.0,0.0,0.0,0.0,-0.09136852178969534,0.0,-0.19607909978850738,0.0,99.43439082982351,97.589,3.0,-0.239,1.0,-14.548626,0.494,0.163,1.1107693,0.3,0.0,16.0,0.85333335,0.0,0.0,0.0,0.0,0.0,0.0,0.0,21.0,0.0,0.0,0.0,0.0,0.0,0.0,0.0,0.0,0.0,1.0,0.0,0.0,0.0,0.0,0.0,0.0,0.0,0.0,0.0,0.0,0.0,1.0,0.0,1.0,0.0
98.73838,97.897,SAI,FERRARI,HARD,48.0,3.0,-0.8460939312161233,-0.3415579060937848,0.0,-0.086205659120652,-0.4395462427300519,0.470875046994442,0.0,0.15933346506506627,0.0,0.0,0.19018082096556213,0.423264976033077,0.0,0.0,0.0,0.0,0.0,0.0,0.0,0.0,0.0,0.0,0.0,0.0,0.0,0.0,0.0,0.0,0.0,-0.03994034539211433,0.0,0.0,0.0,0.0,0.0,0.0,0.0,0.0,0.0,0.0,0.0,0.0,0.0,-0.18632062220002832,0.0,99.43439082982351,97.432,3.0,-0.21710639,1.0,-15.457914,1.0071064,-0.157,0.968646,0.3,0.0,17.0,1.06,0.0,0.0,0.0,0.0,0.0,0.0,0.0,21.0,0.0,0.0,0.0,0.0,0.0,0.0,0.0,0.0,0.0,1.0,0.0,0.0,0.0,0.0,0.0,0.0,0.0,0.0,0.0,0.0,0.0,1.0,0.0,1.0,0.0
98.24188,97.765,SAI,FERRARI,HARD,49.0,3.0,-0.7903471651572623,-0.38246777789043357,-0.05740340943058442,0.0,-0.4624673484542453,0.1986778155909078,0.0,0.0,0.0,-0.1074685811490319,0.3732709958383895,0.29157563550776217,0.0,0.0,0.0,0.0,0.0,0.0,0.0,0.0,0.0,0.0,0.0,0.0,0.0,0.0,0.0,0.0,0.0,0.0,0.0,0.0,0.0,0.0,0.0,0.0,0.0,0.0,0.0,0.0,0.0,-0.060058485854904475,0.0,-0.19582018460536094,0.0,99.43439082982351,97.5,3.0,-0.2043125,1.0,-16.367205,0.6013125,0.068,0.27713954,0.1,0.0,18.0,0.48066667,0.0,0.0,0.0,0.0,0.0,0.0,0.0,21.0,0.0,0.0,0.0,0.0,0.0,0.0,0.0,0.0,0.0,1.0,0.0,0.0,0.0,0.0,0.0,0.0,0.0,0.0,0.0,0.0,0.0,1.0,0.0,1.0,0.0
98.21457,97.604,SAI,FERRARI,HARD,50.0,3.0,-0.7537917670709712,-0.37792805160188114,-0.06524196007373607,0.0,-0.5208390752071473,0.0,0.0,0.08272576779967444,0.0,-0.040468373685511996,0.42347703174713275,0.2751230628752417,0.0,0.0,0.0,0.0,0.0,0.0,0.0,0.0,0.0,0.0,0.0,0.0,0.0,0.0,0.0,0.0,0.0,0.0,0.0,0.0,0.0,0.0,0.0,0.0,0.0,0.0,0.0,0.0,0.0,-0.04663881921167278,0.0,-0.19623955359776687,0.0,99.43439082982351,97.609,3.0,-0.19695918,1.0,-17.276493,0.3529592,0.109,0.3200224,0.1,0.0,19.0,0.44766667,0.0,0.0,0.0,0.0,0.0,0.0,0.0,21.0,0.0,0.0,0.0,0.0,0.0,0.0,0.0,0.0,0.0,1.0,0.0,0.0,0.0,0.0,0.0,0.0,0.0,0.0,0.0,0.0,0.0,1.0,0.0,1.0,0.0
97.95144,97.672,SAI,FERRARI,HARD,51.0,3.0,-0.7622888408280438,-0.3248208741377244,0.0,-0.06809355322294373,-0.6569515393539656,-0.028530466198349973,0.0,0.0,0.0,-0.1027589015150295,0.5636403281290844,0.1622058815002132,0.0,0.0,0.0,0.0,0.0,0.0,0.0,0.0,0.0,0.0,0.0,0.0,0.0,0.0,0.0,0.0,0.0,-0.03580078671756441,0.0,0.0,0.0,0.0,0.0,0.0,0.0,0.0,0.0,0.0,0.0,0.0,0.0,-0.22955317367059655,0.0,99.43439082982351,97.604,3.0,-0.19302,1.0,-20.185781,0.19302,-0.005,0.20001084,0.1,0.0,20.0,0.18433334,0.0,0.0,0.0,0.0,0.0,0.0,0.0,21.0,0.0,0.0,0.0,0.0,0.0,0.0,0.0,0.0,0.0,1.0,0.0,0.0,0.0,0.0,0.0,0.0,0.0,0.0,0.0,0.0,0.0,1.0,0.0,1.0,0.0
97.82233,97.49,SAI,FERRARI,HARD,52.0,3.0,-0.714849521127971,-0.31076408679942547,-0.07438041008110532,-0.04652835635375521,-0.7623011691890883,0.0,0.0,0.0,0.0,-0.07904328998372667,0.6115686962931169,0.0,0.0,0.0,0.0,0.0,0.0,0.0,0.0,0.0,0.0,0.0,0.0,0.0,0.0,0.0,0.0,0.0,0.0,-0.016449552475099247,0.0,0.0,0.0,0.0,0.0,0.0,-0.019543532127044072,0.0,0.0,0.0,0.0,0.0,0.0,-0.1997729478231652,0.0,99.43439082982351,97.706,3.0,-0.18990196,1.0,-21.19507,0.15590195,0.102,0.10131798,0.3,0.0,21.0,0.040666666,0.0,0.0,0.0,0.0,0.0,0.0,0.0,21.0,0.0,0.0,0.0,0.0,0.0,0.0,0.0,0.0,0.0,1.0,0.0,0.0,0.0,0.0,0.0,0.0,0.0,0.0,0.0,0.0,0.0,1.0,0.0,1.0,0.0
97.77055,97.66,SAI,FERRARI,HARD,53.0,3.0,-0.7454857235340822,-0.32821000749385776,-0.040898808871099535,-0.0778980827865918,-0.8241158111369309,-0.06752970464935644,0.0,0.0,0.0,-0.06863094862080352,0.7067874178898903,0.0,0.0,0.0,0.0,0.0,0.0,0.0,0.0,0.0,0.0,0.0,0.0,0.0,0.0,0.0,0.0,0.0,0.0,0.0,0.0,0.0,0.0,0.0,0.0,0.0,0.0,0.0,0.0,0.0,0.0,-0.024356932210583767,0.0,-0.1934986395429108,0.0,99.43439082982351,97.589,3.0,-0.18815385,1.0,-24.40436,0.08915385,-0.117,0.05030242,0.1,0.0,22.0,-0.044333335,0.0,0.0,0.0,0.0,0.0,0.0,0.0,21.0,0.0,0.0,0.0,0.0,0.0,0.0,0.0,0.0,0.0,1.0,0.0,0.0,0.0,0.0,0.0,0.0,0.0,0.0,0.0,0.0,0.0,1.0,0.0,1.0,0.0
97.74837,97.694,SAI,FERRARI,HARD,54.0,3.0,-0.716315753872523,-0.32066601407462014,-0.07384978775580686,-0.07137322076693052,-0.9365010713914628,-0.06289103451909153,0.0,0.0,0.0,-0.09176625941179294,0.7689700526777843,0.0,0.0,0.0,0.0,0.0,0.0,0.0,0.0,0.0,0.0,0.0,0.0,0.0,0.0,0.0,0.0,0.0,0.0,-0.014998636711797741,0.0,0.0,0.0,0.0,0.0,0.0,0.0,0.0,0.0,0.0,0.0,0.0,0.0,-0.16663179442695975,0.0,99.43439082982351,97.778,3.0,-0.1868302,1.0,-25.513649,0.06883019,0.189,0.044049215,0.3,0.0,23.0,-0.08366667,0.0,0.0,0.0,0.0,0.0,0.0,0.0,21.0,0.0,0.0,0.0,0.0,0.0,0.0,0.0,0.0,0.0,1.0,0.0,0.0,0.0,0.0,0.0,0.0,0.0,0.0,0.0,0.0,0.0,1.0,0.0,1.0,0.0
97.926346,97.821,SAI,FERRARI,HARD,55.0,3.0,-0.6404356492503449,-0.3495981377906081,-0.0852015151862394,-0.06352097911898823,-0.9596089698973184,0.0,0.0,0.0,0.0,-0.08993655755171992,0.8626559631530928,0.0,0.0032281270965187096,0.0,0.0,0.0,0.0,0.0,0.0,0.0,0.0,0.0,0.0,0.0,0.0,0.0,0.0,0.0,0.0,0.0,0.0,-0.006239527857565843,0.0,0.0,0.0,0.0,0.0,0.0,0.0,0.0,0.0,0.0,0.0,-0.17938775822502787,0.0,99.43439082982351,97.78,3.0,-0.18496296,1.0,-26.622938,0.09896296,0.002,0.016093478,0.1,0.0,24.0,-0.101,0.0,0.0,0.0,0.0,0.0,0.0,0.0,21.0,0.0,0.0,0.0,0.0,0.0,0.0,0.0,0.0,0.0,1.0,0.0,0.0,0.0,0.0,0.0,0.0,0.0,0.0,0.0,0.0,0.0,1.0,0.0,1.0,0.0
97.79084,98.126,SAI,FERRARI,HARD,56.0,3.0,-0.659168087673886,-0.307809987165774,-0.07039098186169349,0.0,-1.2613980299339176,0.0,0.0026714376224747927,0.029263472710835965,0.0,-0.07832178155862529,0.8655526550957757,0.0,0.0,0.0,0.0,0.0,0.0,0.0,0.0,0.0,0.0,0.0,0.0,0.0,0.0,0.0,0.0,0.0,0.0,0.0,0.0,0.0,0.0,0.0,0.0,0.0,0.0,0.0,0.0,0.0,0.0,0.0,0.0,-0.16394937813292293,0.0,99.43439082982351,97.86,3.0,-0.18230909,1.0,-30.232227,0.14330909,0.08,0.039736632,0.4,0.0,25.0,-0.081,0.0,0.0,0.0,0.0,0.0,0.0,0.0,21.0,0.0,0.0,0.0,0.0,0.0,0.0,0.0,0.0,0.0,1.0,0.0,0.0,0.0,0.0,0.0,0.0,0.0,0.0,0.0,0.0,0.0,1.0,0.0,1.0,0.0
97.798325,98.021,SAI,FERRARI,HARD,57.0,3.0,-0.5505474233015406,-0.29855745087854557,-0.03478544674862801,-0.044500671545364634,-1.3283235966801785,-0.032589288816112116,0.0,0.0,0.0,-0.08707379070868076,0.9248517649001544,0.0,0.0,0.0,0.0,0.0,0.0,0.0,0.0,0.0,0.0,0.0,0.0,0.0,0.0,0.0,0.0,0.0,0.0,0.0,0.0,0.0,0.0,0.0,0.0,0.0,0.0,0.0,0.0,0.0,0.0,0.0,0.0,-0.1589894616776416,-0.02555087940603878,99.43439082982351,98.1105,3.0,-0.17877679,1.0,-31.441517,0.19427678,0.2505,0.050796162,0.6,0.0,26.0,-0.0365,0.0,0.0,0.0,0.0,0.0,0.0,0.0,21.0,0.0,0.0,0.0,0.0,0.0,0.0,0.0,0.0,0.0,1.0,0.0,0.0,0.0,0.0,0.0,0.0,0.0,0.0,0.0,0.0,0.0,1.0,0.0,1.0,0.0
97.83488,97.227,SAR,WILLIAMS,SOFT,47.0,4.0,-0.7889722982632511,-0.5899156027963475,0.2201867620779519,-0.07574613022362307,-0.22315838950325476,-0.01902220804603938,0.0,0.0,-0.1921003586461658,0.0,-0.15532334027695596,0.25886763008107505,0.0,0.0,0.0,0.0,0.0,0.0,0.0,0.0,0.0,0.0,0.0,0.0,0.0,0.0,0.0,0.0,0.0,0.0,-0.03432988006674658,0.0,0.0,0.0,0.0,0.0,0.0,0.0,0.0,0.0,0.0,0.0,0.0,0.0,0.0,99.43439082982351,97.589,4.0,0.5849457,1.0,-6.3650236,0.26705435,0.163,0.43394622,0.1,7.0,7.0,0.35866666,0.0,0.0,0.0,0.0,0.0,0.0,1.0,21.0,0.0,0.0,0.0,0.0,0.0,0.0,0.0,0.0,0.0,1.0,1.0,0.0,0.0,0.0,1.0,0.0,0.0,0.0,0.0,0.0,0.0,0.0,0.0,0.0,0.0
97.35557,97.068,SAR,WILLIAMS,SOFT,48.0,4.0,-0.8448553639414519,-0.6561639327439768,0.2325686127789103,-0.052183658781756785,-0.2670946338276658,-0.4292635576187614,0.0,0.0,-0.10415995443433052,0.0,-0.132228518108699,0.2181041209351505,0.0,0.0,0.0,0.0,0.0,0.0,0.0,0.0,0.0,0.0,0.0,0.0,0.0,0.0,0.0,0.0,0.0,0.0,-0.04354601195202612,0.0,0.0,0.0,0.0,0.0,0.0,0.0,0.0,0.0,0.0,0.0,0.0,0.0,0.0,99.43439082982351,97.432,4.0,0.5681383,1.0,-7.274313,-0.7731383,-0.157,0.55395335,0.1,8.0,8.0,0.22766666,0.0,0.0,0.0,0.0,0.0,0.0,1.0,21.0,0.0,0.0,0.0,0.0,0.0,0.0,0.0,0.0,0.0,1.0,1.0,0.0,0.0,0.0,1.0,0.0,0.0,0.0,0.0,0.0,0.0,0.0,0.0,0.0,0.0
97.27639,97.225,SAR,WILLIAMS,SOFT,49.0,4.0,-0.8540618071792573,-0.636817131520322,0.22560654743491826,-0.06005090044019992,-0.38966114156678733,-0.5625833446074092,0.0,0.0831182695711508,0.0,0.0,-0.09185743604344711,0.1503820900164111,0.0,0.0,0.0,0.0,0.0,0.0,0.0,0.0,0.0,0.0,0.0,0.0,0.0,0.0,0.0,0.0,0.0,0.0,0.0,0.0,0.0,0.0,0.0,0.0,-0.022075899804976817,0.0,0.0,0.0,0.0,0.0,0.0,0.0,0.0,99.43439082982351,97.5,4.0,0.54730207,1.0,-8.183602,-0.9793021,0.068,0.6852535,0.6,9.0,9.0,0.071666665,0.0,0.0,0.0,0.0,0.0,0.0,1.0,21.0,0.0,0.0,0.0,0.0,0.0,0.0,0.0,0.0,0.0,1.0,1.0,0.0,0.0,0.0,1.0,0.0,0.0,0.0,0.0,0.0,0.0,0.0,0.0,0.0,0.0
97.07932,97.29,SAR,WILLIAMS,SOFT,50.0,4.0,-0.8017005541136772,-0.6451607650651389,0.22627761260124402,-0.0969670314590256,-0.36591375340842464,-0.4940135486653533,-0.013760630016606828,0.0,-0.0768435707448707,0.0,-0.07412617175832144,0.0,0.0,0.0,0.0,0.0,0.0,0.0,0.0,0.0,0.0,0.0,0.0,0.0,0.0,0.0,0.0,0.0,0.0,0.0,0.0,-0.012859602251932853,0.0,0.0,0.0,0.0,0.0,0.0,0.0,0.0,0.0,0.0,0.0,0.0,0.0,99.43439082982351,97.609,4.0,0.52829593,1.0,-9.092891,-0.91229594,0.109,0.11963417,0.1,10.0,10.0,-0.34033334,0.0,0.0,0.0,0.0,0.0,0.0,1.0,21.0,0.0,0.0,0.0,0.0,0.0,0.0,0.0,0.0,0.0,1.0,1.0,0.0,0.0,0.0,1.0,0.0,0.0,0.0,0.0,0.0,0.0,0.0,0.0,0.0,0.0
97.04062,97.472,SAR,WILLIAMS,SOFT,51.0,4.0,-0.8178382714007458,-0.6432847619608458,0.21426810513893688,-0.06320320260565121,-0.4980291479123431,-0.45818460473668127,0.0,0.0,-0.04631742338230965,0.0,-0.012645873862845658,0.0,0.0,0.0,0.0,0.0,0.0,0.0,-0.021388476232355305,0.0,0.0,0.0,0.0,0.0,0.0,0.0,0.0,0.0,0.0,-0.04714827638429761,0.0,0.0,0.0,0.0,0.0,0.0,0.0,0.0,0.0,0.0,0.0,0.0,0.0,0.0,0.0,99.43439082982351,97.604,4.0,0.51145,1.0,-11.1021805,-0.82545,-0.005,0.059340823,0.3,11.0,11.0,-0.37666667,0.0,0.0,0.0,0.0,0.0,0.0,1.0,21.0,0.0,0.0,0.0,0.0,0.0,0.0,0.0,0.0,0.0,1.0,1.0,0.0,0.0,0.0,1.0,0.0,0.0,0.0,0.0,0.0,0.0,0.0,0.0,0.0,0.0
97.23316,97.456,SAR,WILLIAMS,SOFT,52.0,4.0,-0.7637065369115171,-0.6378170108209813,0.22568780991640172,-0.04045372684736679,-0.4990771299768735,-0.40676729701099884,0.0,0.0,-0.02809486697589247,0.0,0.0,0.0,0.0,0.0,0.0,0.0,0.0,0.0,-0.01782949913481696,0.0,-0.010519374582686857,0.0,0.0,0.0,0.0,0.0,0.0,0.0,0.0,0.0,-0.022651271209250368,0.0,0.0,0.0,0.0,0.0,0.0,0.0,0.0,0.0,0.0,0.0,0.0,0.0,0.0,99.43439082982351,97.706,4.0,0.49683332,1.0,-12.111469,-0.73083335,0.102,0.07505553,0.1,12.0,12.0,-0.31066668,0.0,0.0,0.0,0.0,0.0,0.0,1.0,21.0,0.0,0.0,0.0,0.0,0.0,0.0,0.0,0.0,0.0,1.0,1.0,0.0,0.0,0.0,1.0,0.0,0.0,0.0,0.0,0.0,0.0,0.0,0.0,0.0,0.0
97.15882,97.662,SAR,WILLIAMS,SOFT,53.0,4.0,-0.8340314991174433,-0.6625574748516633,0.22103686495833155,-0.11057457992813717,-0.6646351954846674,-0.38393571726238673,0.0,0.0,0.0,0.10196108328823124,0.07036572207950886,0.0,0.0,0.0,0.0,0.0,0.0,0.0,-0.009937390507782806,0.0,0.0,0.0,0.0,0.0,0.0,0.0,0.0,0.0,0.0,0.0,0.0,0.0,0.0,0.0,0.0,0.0,-0.003261537040472709,0.0,0.0,0.0,0.0,0.0,0.0,0.0,0.0,99.43439082982351,97.589,4.0,0.48472115,1.0,-14.420758,-0.61772114,-0.117,0.09070281,0.4,13.0,13.0,-0.227,0.0,0.0,0.0,0.0,0.0,0.0,1.0,21.0,0.0,0.0,0.0,0.0,0.0,0.0,0.0,0.0,0.0,1.0,1.0,0.0,0.0,0.0,1.0,0.0,0.0,0.0,0.0,0.0,0.0,0.0,0.0,0.0,0.0
97.27286,97.936,SAR,WILLIAMS,SOFT,54.0,4.0,-0.7991764228005621,-0.7020438078629051,0.23163714249156617,-0.05564771919699274,-0.7083579521207864,-0.3691605737897158,0.0,0.0,0.0,0.14335033470881586,0.10758939302906835,0.03339396370669956,0.0,0.0,0.0,0.0,0.0,0.0,0.0,0.0,0.0,0.0,0.0,0.0,0.0,0.0,0.0,0.0,0.0,-0.04311752197307689,0.0,0.0,0.0,0.0,0.0,0.0,0.0,0.0,0.0,0.0,0.0,0.0,0.0,0.0,0.0,99.43439082982351,97.778,4.0,0.4733868,1.0,-15.530047,-0.5893868,0.189,0.06378871,0.3,14.0,14.0,-0.161,0.0,0.0,0.0,0.0,0.0,0.0,1.0,21.0,0.0,0.0,0.0,0.0,0.0,0.0,0.0,0.0,0.0,1.0,1.0,0.0,0.0,0.0,1.0,0.0,0.0,0.0,0.0,0.0,0.0,0.0,0.0,0.0,0.0
97.46866,98.316,SAR,WILLIAMS,SOFT,55.0,4.0,-0.7825552439832009,-0.6709217482569503,0.21643103757263243,-0.06388662911707346,-0.776387437787951,-0.2612688765853845,0.0,0.0,0.0,0.12356997084797622,0.1691384888952489,0.11042752904329635,0.0,0.0,0.0,0.0,0.0,0.0,0.0,0.0,0.0,0.0,0.0,0.0,0.0,0.0,0.0,0.0,0.0,0.0,-0.03027947318648261,0.0,0.0,0.0,0.0,0.0,0.0,0.0,0.0,0.0,0.0,0.0,0.0,0.0,0.0,99.43439082982351,97.78,4.0,0.46750927,1.0,-16.639336,-0.31150925,0.002,0.16216967,0.5,15.0,15.0,-0.031,0.0,0.0,0.0,0.0,0.0,0.0,1.0,21.0,0.0,0.0,0.0,0.0,0.0,0.0,0.0,0.0,0.0,1.0,1.0,0.0,0.0,0.0,1.0,0.0,0.0,0.0,0.0,0.0,0.0,0.0,0.0,0.0,0.0
97.627106,99.626,SAR,WILLIAMS,SOFT,56.0,4.0,-0.7531261203023897,-0.6331728389826965,0.16724822047769194,-0.0803249621760283,-0.9288121643198217,-0.1404664595021548,0.0,0.08335472331203764,0.0,0.1193979182551736,0.1978682355268781,0.16074833077842124,0.0,0.0,0.0,0.0,0.0,0.0,0.0,0.0,0.0,0.0,0.0,0.0,0.0,0.0,0.0,0.0,0.0,0.0,0.0,0.0,0.0,0.0,0.0,0.0,0.0,0.0,0.0,0.0,0.0,0.0,0.0,0.0,0.0,99.43439082982351,97.86,4.0,0.4673,1.0,-19.348625,-0.0113,0.08,0.2861142,0.6,16.0,16.0,0.16533333,0.0,0.0,0.0,0.0,0.0,0.0,1.0,21.0,0.0,0.0,0.0,0.0,0.0,0.0,0.0,0.0,0.0,1.0,1.0,0.0,0.0,0.0,1.0,0.0,0.0,0.0,0.0,0.0,0.0,0.0,0.0,0.0,0.0
97.599,97.257,STR,ASTON MARTIN,HARD,47.0,3.0,-0.7904176017017271,-0.3251100957927307,-0.01396171803590085,-0.0359178028959142,-0.5724562130618928,-0.0873306978012906,0.0,0.0,0.0,-0.11641182541865663,0.26407757156862793,0.0,0.0,0.0,0.0,-0.10049669784100093,0.0,0.0,0.0,0.0,0.0,0.0,0.0,0.0,0.0,0.0,0.0,-0.05736672540552769,0.0,0.0,0.0,0.0,0.0,0.0,0.0,0.0,0.0,0.0,0.0,0.0,0.0,0.0,0.0,0.0,0.0,99.43439082982351,97.589,3.0,-0.08561413,1.0,-15.457914,0.05861413,0.163,0.14343059,0.3,0.0,17.0,-0.050333332,0.0,0.0,0.0,1.0,0.0,0.0,0.0,21.0,0.0,0.0,0.0,0.0,0.0,0.0,0.0,1.0,0.0,1.0,0.0,0.0,0.0,0.0,0.0,0.0,0.0,0.0,0.0,0.0,0.0,0.0,0.0,0.0,0.0
97.540726,97.448,STR,ASTON MARTIN,HARD,48.0,3.0,-0.8619523675220206,-0.3588598801077734,0.0,0.0,-0.6150500892938258,-0.15519027093440302,0.0,0.0,0.008672661805285772,-0.11724792025825453,0.3181921026182999,0.0,0.0,0.0,0.0,-0.1231982762168164,0.0,0.0,0.0,0.0,0.0,0.0,0.0,0.0,0.0,0.0,0.0,0.0,0.0,0.0,0.0,0.0,0.0,0.0,0.0,0.0,0.0,0.0,0.0,0.0,0.0,0.0,0.0,0.0,0.010968918093806974,99.43439082982351,97.432,3.0,-0.08751596,1.0,-16.367205,-0.08748404,-0.157,0.09493331,0.3,0.0,18.0,-0.13533333,0.0,0.0,0.0,1.0,0.0,0.0,0.0,21.0,0.0,0.0,0.0,0.0,0.0,0.0,0.0,1.0,0.0,1.0,0.0,0.0,0.0,0.0,0.0,0.0,0.0,0.0,0.0,0.0,0.0,0.0,0.0,0.0,0.0
97.476234,97.551,STR,ASTON MARTIN,HARD,49.0,3.0,-0.8580373569610158,-0.2793881440708397,0.0,-0.05491299960084337,-0.7404383948320227,-0.10299861971739642,-0.030567716685889302,0.0,0.0,-0.06757960653472309,0.3761287318435884,0.0,0.0,0.0,0.0,-0.11391371975702279,0.0,0.0,0.0,0.0,0.0,0.0,0.0,0.0,0.0,0.0,0.0,-0.08644856747219253,0.0,0.0,0.0,0.0,0.0,0.0,0.0,0.0,0.0,0.0,0.0,0.0,0.0,0.0,0.0,0.0,0.0,99.43439082982351,97.5,3.0,-0.08677604,1.0,-17.276493,0.034776043,0.068,0.07922331,0.6,0.0,19.0,-0.08466667,0.0,0.0,0.0,1.0,0.0,0.0,0.0,21.0,0.0,0.0,0.0,0.0,0.0,0.0,0.0,1.0,0.0,1.0,0.0,0.0,0.0,0.0,0.0,0.0,0.0,0.0,0.0,0.0,0.0,0.0,0.0,0.0,0.0
97.83706,97.388,STR,ASTON MARTIN,HARD,50.0,3.0,-0.7471581956676018,-0.3540381890836907,0.0,0.0,-0.6327805915757494,-0.12007572828466717,-0.03290458387977879,0.0,0.0,-0.10565562954135305,0.49773069279710286,0.0,0.0,0.0,0.0,-0.12516331100142944,0.0,0.0,0.0,0.0,0.0,0.0,0.0,0.0,0.0,0.0,0.0,0.0,0.0,0.0,0.0,0.0,0.0,0.0,0.0,0.0,0.0,0.0,0.0,0.0,0.0,0.0,0.0,0.0,0.022713727409747836,99.43439082982351,97.609,3.0,-0.08618878,1.0,-18.185781,0.028188776,0.109,0.06934696,0.1,0.0,20.0,-0.095,0.0,0.0,0.0,1.0,0.0,0.0,0.0,21.0,0.0,0.0,0.0,0.0,0.0,0.0,0.0,1.0,0.0,1.0,0.0,0.0,0.0,0.0,0.0,0.0,0.0,0.0,0.0,0.0,0.0,0.0,0.0,0.0,0.0
97.75308,97.866,STR,ASTON MARTIN,HARD,51.0,3.0,-0.7538134285273187,-0.2952495446942542,-0.014006206383637346,-0.07069751245517977,-0.7303465867770889,-0.1762000028824479,0.0,0.0,0.0,-0.09298399094952363,0.6289396141676861,0.0,0.0,0.0,0.0,-0.12259262380704758,0.0,0.0,0.0,0.0,0.0,0.0,0.0,0.0,0.0,0.0,0.0,-0.05435827212407629,0.0,0.0,0.0,0.0,0.0,0.0,0.0,0.0,0.0,0.0,0.0,0.0,0.0,0.0,0.0,0.0,0.0,99.43439082982351,97.604,3.0,-0.088785,1.0,-21.19507,-0.127215,-0.005,0.09300179,0.1,0.0,21.0,-0.108666666,0.0,0.0,0.0,1.0,0.0,0.0,0.0,21.0,0.0,0.0,0.0,0.0,0.0,0.0,0.0,1.0,0.0,1.0,0.0,0.0,0.0,0.0,0.0,0.0,0.0,0.0,0.0,0.0,0.0,0.0,0.0,0.0,0.0
98.04761,97.579,STR,ASTON MARTIN,HARD,52.0,3.0,-0.7182057011482647,-0.30980535886908717,-0.030866313431556366,-0.05533615633142924,-0.8020677197657016,0.0,0.0,0.09088686931391665,0.0,-0.09261470855374102,0.6843311153263899,0.0,0.0,0.0,0.0,-0.08629214912153814,0.0,0.0,0.0,0.0,0.0,0.0,0.0,0.0,0.0,0.0,0.0,-0.06681328536750211,0.0,0.0,0.0,0.0,0.0,0.0,0.0,0.0,0.0,0.0,0.0,0.0,0.0,0.0,0.0,0.0,0.0,99.43439082982351,97.706,3.0,-0.08390686,1.0,-22.204361,0.24390686,0.102,0.18879619,0.3,0.0,22.0,-0.038,0.0,0.0,0.0,1.0,0.0,0.0,0.0,21.0,0.0,0.0,0.0,0.0,0.0,0.0,0.0,1.0,0.0,1.0,0.0,0.0,0.0,0.0,0.0,0.0,0.0,0.0,0.0,0.0,0.0,0.0,0.0,0.0,0.0
97.97121,98.379,STR,ASTON MARTIN,HARD,53.0,3.0,-0.7406835730309916,-0.2956922118973615,-0.007635396266413123,-0.040852872784857344,-0.869247112384125,-0.05124116718155203,0.0,0.0,0.0,-0.09072771512663796,0.8014399923615076,0.0,0.0,0.0,0.0,-0.09315067822652799,0.0,0.0,0.0,0.0,0.0,0.0,0.0,0.0,0.0,0.0,0.0,-0.07539343024749239,0.0,0.0,0.0,0.0,0.0,0.0,0.0,0.0,0.0,0.0,0.0,0.0,0.0,0.0,0.0,0.0,0.0,99.43439082982351,97.589,3.0,-0.08248558,1.0,-25.513649,0.07248557,-0.117,0.18828702,0.1,0.0,23.0,-0.022,0.0,0.0,0.0,1.0,0.0,0.0,0.0,21.0,0.0,0.0,0.0,0.0,0.0,0.0,0.0,1.0,0.0,1.0,0.0,0.0,0.0,0.0,0.0,0.0,0.0,0.0,0.0,0.0,0.0,0.0,0.0,0.0,0.0
98.441,97.597,STR,ASTON MARTIN,HARD,54.0,3.0,-0.7172212888798869,-0.2802500719500283,0.0,-0.1101576569291512,-1.0254582371844099,0.24677001280533997,0.0,0.08882203774308639,0.0,0.0,0.7931629083000169,0.22878729056954766,0.0,0.0,0.0,-0.10817883720161998,0.0,0.0,0.0,0.0,0.0,0.0,0.0,0.0,0.0,0.0,0.0,-0.10966509500656425,0.0,0.0,0.0,0.0,0.0,0.0,0.0,0.0,0.0,0.0,0.0,0.0,0.0,0.0,0.0,0.0,0.0,99.43439082982351,97.778,3.0,-0.06958962,1.0,-26.622938,0.6705896,0.189,0.31535748,0.3,0.0,24.0,0.25033334,0.0,0.0,0.0,1.0,0.0,0.0,0.0,21.0,0.0,0.0,0.0,0.0,0.0,0.0,0.0,1.0,0.0,1.0,0.0,0.0,0.0,0.0,0.0,0.0,0.0,0.0,0.0,0.0,0.0,0.0,0.0,0.0,0.0
98.21777,97.701,STR,ASTON MARTIN,HARD,55.0,3.0,-0.6115795253689064,-0.27927019554197613,0.005647294525033072,-0.08360534150931048,-0.9358157898815227,-0.13656866262311765,0.0,0.0,0.0,-0.052433473707330994,0.9847754041181629,0.0,0.0,0.0,0.0,-0.04680513408611664,0.0,0.0,0.0,0.0,0.0,0.0,0.0,0.0,0.0,0.0,0.0,-0.06096196824842829,0.0,0.0,0.0,0.0,0.0,0.0,0.0,0.0,0.0,0.0,0.0,0.0,0.0,0.0,0.0,0.0,0.0,99.43439082982351,97.78,3.0,-0.071689814,1.0,-27.732227,-0.111310184,0.002,0.4118871,0.1,0.0,25.0,0.136,0.0,0.0,0.0,1.0,0.0,0.0,0.0,21.0,0.0,0.0,0.0,0.0,0.0,0.0,0.0,1.0,0.0,1.0,0.0,0.0,0.0,0.0,0.0,0.0,0.0,0.0,0.0,0.0,0.0,0.0,0.0,0.0,0.0
97.947464,98.11,STR,ASTON MARTIN,HARD,56.0,3.0,-0.647420485881312,-0.3108207278583135,0.0,-0.05170878549057295,-1.2619200140906308,-0.122317320666439,0.0,0.0,0.0,-0.07657245189270867,1.002700723333899,0.14334918371854566,0.0,0.0,0.0,-0.05169397729923349,0.0,0.0,0.0,0.0,0.0,0.0,0.0,0.0,0.0,0.0,0.0,-0.11052298443893534,0.0,0.0,0.0,0.0,0.0,0.0,0.0,0.0,0.0,0.0,0.0,0.0,0.0,0.0,0.0,0.0,0.0,99.43439082982351,97.86,3.0,-0.07327727,1.0,-31.441517,-0.08572273,0.08,0.4458759,0.4,0.0,26.0,0.086333334,0.0,0.0,0.0,1.0,0.0,0.0,0.0,21.0,0.0,0.0,0.0,0.0,0.0,0.0,0.0,1.0,0.0,1.0,0.0,0.0,0.0,0.0,0.0,0.0,0.0,0.0,0.0,0.0,0.0,0.0,0.0,0.0,0.0
97.791954,97.991,STR,ASTON MARTIN,HARD,57.0,3.0,-0.5915500552612968,-0.2603733311331879,0.0,-0.0674401594941339,-1.414337168549904,-0.0781461071278256,0.0,0.0,0.0,-0.060691391160487176,1.0032534539353535,0.0,0.0,0.0,0.0,-0.0636740722325506,0.0,0.0,0.0,0.0,0.0,0.0,0.0,0.0,0.0,0.0,0.0,-0.09791929307218807,0.0,-0.011558665199949303,0.0,0.0,0.0,0.0,0.0,0.0,0.0,0.0,0.0,0.0,0.0,0.0,0.0,0.0,0.0,99.43439082982351,98.1105,3.0,-0.071977675,1.0,-32.650806,0.07147768,0.2505,0.099166945,0.6,0.0,27.0,-0.11416667,0.0,0.0,0.0,1.0,0.0,0.0,0.0,21.0,0.0,0.0,0.0,0.0,0.0,0.0,0.0,1.0,0.0,1.0,0.0,0.0,0.0,0.0,0.0,0.0,0.0,0.0,0.0,0.0,0.0,0.0,0.0,0.0,0.0
97.04551,97.359,TSU,ALPHATAURI,SOFT,47.0,4.0,-0.8025214740585065,-0.6813031407961604,0.0,-0.023441168155868334,-0.3253822558330834,-0.3719327601048633,0.0,0.0,-0.07751932417710578,0.0,-0.045138845692292436,-0.007889932133693822,0.0,0.0,0.0,0.0,0.0,0.0,-0.012367589430817257,0.0,0.0,0.0,0.0,0.0,0.0,0.0,0.0,0.0,0.0,0.0,0.0,0.0,0.0,0.0,0.0,0.0,0.0,0.0,0.0,0.0,0.0,0.0,-0.041385001062215925,0.0,0.0,99.43439082982351,97.589,4.0,0.34566304,1.0,-9.092891,-0.67666304,0.163,0.09897474,0.1,10.0,10.0,-0.315,0.0,0.0,0.0,0.0,0.0,0.0,1.0,21.0,0.0,0.0,0.0,0.0,0.0,0.0,0.0,0.0,0.0,0.0,0.0,0.0,0.0,1.0,0.0,0.0,0.0,0.0,0.0,0.0,0.0,0.0,1.0,0.0,0.0
97.17139,97.238,TSU,ALPHATAURI,SOFT,48.0,4.0,-0.8889946556763108,-0.726616276292545,0.162296718532733,-0.05065744051242696,-0.34023759518364544,-0.2640833358571703,0.0,0.0,-0.07388167857530108,0.09151912989255173,0.0,0.0,0.0,0.0,0.0,0.0,0.0,0.0,0.0,0.0,0.0,0.0,0.0,0.0,0.0,0.0,0.0,0.0,0.0,0.0,0.0,0.0,0.0,-0.08385683683114321,0.0,0.0,0.0,0.0,0.0,0.0,0.0,0.0,-0.08849214057025565,0.0,0.0,99.43439082982351,97.432,4.0,0.3367553,1.0,-10.00218,-0.40975532,-0.157,0.17429094,0.1,11.0,11.0,-0.26966667,0.0,0.0,0.0,0.0,0.0,0.0,1.0,21.0,0.0,0.0,0.0,0.0,0.0,0.0,0.0,0.0,0.0,0.0,0.0,0.0,0.0,1.0,0.0,0.0,0.0,0.0,0.0,0.0,0.0,0.0,1.0,0.0,0.0
97.0366,97.528,TSU,ALPHATAURI,SOFT,49.0,4.0,-0.903250757973375,-0.715256003586358,0.11647085897141582,-0.054443583120979355,-0.5027817850368436,-0.3728088131884784,0.0,0.0,0.0,0.0696721998289735,-0.05378960348433526,0.0,0.0,0.0,0.0,0.0,0.0,0.0,-0.03176772165732255,0.0,0.0,0.0,0.0,0.0,0.0,0.0,0.0,0.0,0.0,0.0501625849901961,0.0,0.0,0.0,0.0,0.0,0.0,0.0,0.0,0.0,0.0,0.0,0.0,0.0,0.0,0.0,99.43439082982351,97.5,4.0,0.32428125,1.0,-10.911469,-0.58628124,0.068,0.13357021,0.6,12.0,12.0,-0.222,0.0,0.0,0.0,0.0,0.0,0.0,1.0,21.0,0.0,0.0,0.0,0.0,0.0,0.0,0.0,0.0,0.0,0.0,0.0,0.0,0.0,1.0,0.0,0.0,0.0,0.0,0.0,0.0,0.0,0.0,1.0,0.0,0.0
97.375656,97.624,TSU,ALPHATAURI,SOFT,50.0,4.0,-0.7591119640071463,-0.7387760213627026,0.16291601172406694,-0.06929582504375977,-0.44635898544058433,-0.2654246146464773,0.0,0.0,-0.04848291839080687,0.16901379284183002,0.0,0.0,0.0,0.0,0.0,0.0,0.0,0.0,0.0,0.0,0.0,0.0,0.0,0.0,0.0,0.0,0.0,0.0,0.0,0.0,0.0,0.0,0.0,-0.0033151716611130883,0.0,0.0,0.0,0.0,0.0,0.0,0.0,0.0,-0.059899005907132964,0.0,0.0,99.43439082982351,97.609,4.0,0.3160102,1.0,-11.820758,-0.3970102,0.109,0.10688467,0.1,13.0,13.0,-0.13866666,0.0,0.0,0.0,0.0,0.0,0.0,1.0,21.0,0.0,0.0,0.0,0.0,0.0,0.0,0.0,0.0,0.0,0.0,0.0,0.0,0.0,1.0,0.0,0.0,0.0,0.0,0.0,0.0,0.0,0.0,1.0,0.0,0.0
97.44432,97.706,TSU,ALPHATAURI,SOFT,51.0,4.0,-0.8240061672588587,-0.7793653818456655,0.11622180698431246,-0.08487525589934648,-0.4946331147472328,-0.20142138279899463,0.0,0.0,0.0,0.1732252214767324,0.1276559166017394,0.043382460535054346,0.0,0.0,0.0,0.0,0.0,0.0,0.0,0.0,0.0,0.0,0.0,0.0,0.0,0.0,0.0,0.0,0.0,0.0,0.0,0.0,0.0,0.0,0.0,0.0,0.0,0.0,0.0,0.0,0.0,0.0,-0.06625425416031679,0.0,0.0,99.43439082982351,97.604,4.0,0.31009,1.0,-14.130048,-0.29009,-0.005,0.14287874,0.1,14.0,14.0,-0.107666664,0.0,0.0,0.0,0.0,0.0,0.0,1.0,21.0,0.0,0.0,0.0,0.0,0.0,0.0,0.0,0.0,0.0,0.0,0.0,0.0,0.0,1.0,0.0,0.0,0.0,0.0,0.0,0.0,0.0,0.0,1.0,0.0,0.0
97.58702,97.59,TSU,ALPHATAURI,SOFT,52.0,4.0,-0.7725358129769387,-0.7764430582129997,0.14821345562679905,-0.07213702497097325,-0.5799432746937108,-0.23156279627885357,-0.03278421276077115,0.0,0.0,0.20477740874457157,0.19980974288508907,0.06523561683771169,0.0,0.0,0.0,0.0,0.0,0.0,0.0,0.0,0.0,0.0,0.0,0.0,0.0,0.0,0.0,0.0,0.0,0.0,0.0,0.0,0.0,0.0,0.0,0.0,0.0,0.0,0.0,0.0,0.0,0.0,0.0,0.0,0.0,99.43439082982351,97.706,4.0,0.3040098,1.0,-15.139337,-0.3040098,0.102,0.053482085,0.1,15.0,15.0,-0.020333333,0.0,0.0,0.0,0.0,0.0,0.0,1.0,21.0,0.0,0.0,0.0,0.0,0.0,0.0,0.0,0.0,0.0,0.0,0.0,0.0,0.0,1.0,0.0,0.0,0.0,0.0,0.0,0.0,0.0,0.0,1.0,0.0,0.0
97.36511,97.675,TSU,ALPHATAURI,SOFT,53.0,4.0,-0.8647212754582514,-0.7825742853266119,0.12408605846263794,0.0,-0.7514666342924041,-0.21970139214652576,0.0,0.0,0.0,0.13375208385028137,0.2295626734268825,0.09160578087267877,0.0,0.0,0.0,0.0,0.0,0.0,0.0,0.0,0.0,0.0,0.0,0.0,0.0,0.0,0.0,0.0,0.0,0.02519633122813847,0.0,0.0,0.0,0.0,0.0,0.0,0.0,0.0,0.0,0.0,0.0,0.0,-0.055017865752839346,0.0,0.0,99.43439082982351,97.589,4.0,0.2981827,1.0,-17.748625,-0.29718268,-0.117,0.011269428,0.4,16.0,16.0,0.007,0.0,0.0,0.0,0.0,0.0,0.0,1.0,21.0,0.0,0.0,0.0,0.0,0.0,0.0,0.0,0.0,0.0,0.0,0.0,0.0,0.0,1.0,0.0,0.0,0.0,0.0,0.0,0.0,0.0,0.0,1.0,0.0,0.0
97.483315,97.72,TSU,ALPHATAURI,SOFT,54.0,4.0,-0.7513974012473046,-0.7609061196833344,0.12940911830137133,-0.05935417671017125,-0.7734024752873955,-0.25517825989994136,0.0,0.047575237322794894,0.0,0.14977263607820002,0.2619145752454242,0.060490550216999756,0.0,0.0,0.0,0.0,0.0,0.0,0.0,0.0,0.0,0.0,0.0,0.0,0.0,0.0,0.0,0.0,0.0,0.0,0.0,0.0,0.0,0.0,0.0,0.0,0.0,0.0,0.0,0.0,0.0,0.0,0.0,0.0,0.0,99.43439082982351,97.778,4.0,0.2906132,1.0,-18.857914,-0.39361322,0.189,0.059757844,0.3,17.0,17.0,-0.034,0.0,0.0,0.0,0.0,0.0,0.0,1.0,21.0,0.0,0.0,0.0,0.0,0.0,0.0,0.0,0.0,0.0,0.0,0.0,0.0,0.0,1.0,0.0,0.0,0.0,0.0,0.0,0.0,0.0,0.0,1.0,0.0,0.0
97.3794,97.945,TSU,ALPHATAURI,SOFT,55.0,4.0,-0.7586509008523753,-0.7949979008605148,0.12167997959423762,-0.0606036393073921,-0.9223653670346684,-0.23135000848812287,0.0,0.0,0.0,0.18311128466034976,0.3849873919224071,0.06953216064993986,0.0,0.0,0.0,0.0,0.0,0.0,0.0,0.0,0.0,0.0,0.0,0.0,0.0,0.0,0.0,0.0,0.0,0.0,0.0,0.0,0.0,-0.04632404006831208,0.0,0.0,0.0,0.0,0.0,0.0,0.0,0.0,0.0,0.0,0.0,99.43439082982351,97.78,4.0,0.28412038,1.0,-19.967203,-0.34412038,0.002,0.052258972,0.5,18.0,18.0,-0.054,0.0,0.0,0.0,0.0,0.0,0.0,1.0,21.0,0.0,0.0,0.0,0.0,0.0,0.0,0.0,0.0,0.0,0.0,0.0,0.0,0.0,1.0,0.0,0.0,0.0,0.0,0.0,0.0,0.0,0.0,1.0,0.0,0.0
97.36715,98.102,TSU,ALPHATAURI,SOFT,56.0,4.0,-0.7458423464889823,-0.8253530333024081,0.13823960104903557,-0.03113061414410389,-1.1045801085374645,-0.16885340120584105,0.0,0.0,0.0,0.1629378978083192,0.4354588416930982,0.10132341946790335,0.0,0.0,0.0,0.0,0.0,0.0,-0.02944173313572611,0.0,0.0,0.0,0.0,0.0,0.0,0.0,0.0,0.0,0.0,0.0,0.0,0.0,0.0,0.0,0.0,0.0,0.0,0.0,0.0,0.0,0.0,0.0,0.0,0.0,0.0,99.43439082982351,97.86,4.0,0.2805,1.0,-22.976494,-0.1955,0.08,0.098503806,0.6,19.0,19.0,-0.026,0.0,0.0,0.0,0.0,0.0,0.0,1.0,21.0,0.0,0.0,0.0,0.0,0.0,0.0,0.0,0.0,0.0,0.0,0.0,0.0,0.0,1.0,0.0,0.0,0.0,0.0,0.0,0.0,0.0,0.0,1.0,0.0,0.0
97.4698,98.246,TSU,ALPHATAURI,SOFT,57.0,4.0,-0.6015517450257348,-0.7413570127842688,0.09413856056541157,-0.04226768761834121,-1.177092565670053,-0.18418961906381565,0.0,0.0,-0.04166767068849248,0.15436278118551108,0.4955673905110058,0.0794695952105768,0.0,0.0,0.0,0.0,0.0,0.0,0.0,0.0,0.0,0.0,0.0,0.0,0.0,0.0,0.0,0.0,0.0,0.0,0.0,0.0,0.0,0.0,0.0,0.0,0.0,0.0,0.0,0.0,0.0,0.0,0.0,0.0,0.0,99.43439082982351,98.1105,4.0,0.27533928,1.0,-24.185781,-0.2838393,0.2505,0.0735068,0.6,20.0,20.0,0.0055,0.0,0.0,0.0,0.0,0.0,0.0,1.0,21.0,0.0,0.0,0.0,0.0,0.0,0.0,0.0,0.0,0.0,0.0,0.0,0.0,0.0,1.0,0.0,0.0,0.0,0.0,0.0,0.0,0.0,0.0,1.0,0.0,0.0
96.64985,97.009,VER,RED BULL RACING,HARD,47.0,3.0,-0.7738579873705145,-0.35075030943923197,-0.3496980838982248,0.0,-0.3618030551354289,-0.18847062540871243,0.0,0.0,0.0,-0.09202252501228653,-0.06207325449243983,-0.1307931584309302,-0.3605111074340387,0.0,0.0,0.0,0.0,0.0,0.0,0.0,0.0,0.0,0.0,0.0,0.0,-0.1145617852134244,0.0,0.0,0.0,0.0,0.0,0.0,0.0,0.0,0.0,0.0,0.0,0.0,0.0,0.0,0.0,0.0,0.0,0.0,0.0,99.43439082982351,97.589,3.0,-0.9412011,1.0,-10.00218,0.053201087,0.163,0.30652297,0.3,0.0,11.0,-0.76066667,1.0,0.0,0.0,0.0,0.0,0.0,0.0,21.0,0.0,0.0,0.0,0.0,0.0,1.0,0.0,0.0,0.0,1.0,0.0,0.0,0.0,0.0,0.0,0.0,0.0,0.0,0.0,0.0,0.0,0.0,0.0,0.0,0.0
96.88337,96.918,VER,RED BULL RACING,HARD,48.0,3.0,-0.7961818639600395,-0.32573771108264166,-0.3293331402342258,-0.07853505315038817,-0.337838399546894,0.0,0.0,0.0,-0.10412647343619597,-0.08110718955921611,0.0,-0.09887381691369054,-0.30248831232377,0.0,0.0,0.0,0.0,0.0,0.0,0.0,0.0,0.0,0.0,0.0,0.0,-0.09679942381567039,0.0,0.0,0.0,0.0,0.0,0.0,0.0,0.0,0.0,0.0,0.0,0.0,0.0,0.0,0.0,0.0,0.0,0.0,0.0,99.43439082982351,97.432,3.0,-0.93017554,1.0,-10.911469,0.5071755,-0.157,0.27199817,0.1,0.0,12.0,-0.574,1.0,0.0,0.0,0.0,0.0,0.0,0.0,21.0,0.0,0.0,0.0,0.0,0.0,1.0,0.0,0.0,0.0,1.0,0.0,0.0,0.0,0.0,0.0,0.0,0.0,0.0,0.0,0.0,0.0,0.0,0.0,0.0,0.0
96.74044,96.962,VER,RED BULL RACING,HARD,49.0,3.0,-0.7776222548038197,-0.3170224907978603,-0.34736300187318353,-0.07511395953141617,-0.40779010813450933,0.0,0.0,0.0,-0.13732400504583,-0.09808860455290426,0.0,-0.12591946280151947,-0.3312907695113408,0.0,0.0,0.0,0.0,0.0,0.0,0.0,0.0,0.0,0.0,0.0,0.0,-0.07641580411878612,0.0,0.0,0.0,0.0,0.0,0.0,0.0,0.0,0.0,0.0,0.0,0.0,0.0,0.0,0.0,0.0,0.0,0.0,0.0,99.43439082982351,97.5,3.0,-0.9229219,1.0,-11.820758,0.34092188,0.068,0.23634085,0.1,0.0,13.0,-0.631,1.0,0.0,0.0,0.0,0.0,0.0,0.0,21.0,0.0,0.0,0.0,0.0,0.0,1.0,0.0,0.0,0.0,1.0,0.0,0.0,0.0,0.0,0.0,0.0,0.0,0.0,0.0,0.0,0.0,0.0,0.0,0.0,0.0
96.84287,97.25,VER,RED BULL RACING,HARD,50.0,3.0,-0.7790264988012514,-0.30628774341694265,-0.34490641339320793,-0.07225673284869623,-0.46653493987274897,-0.03946194889185195,0.0,0.0,0.0,-0.10675900924298107,0.0,-0.06348074214447044,-0.3091183724698418,0.0,0.0,0.0,0.0,0.0,0.0,0.0,0.0,0.0,0.0,0.0,0.0,-0.1036858091126148,0.0,0.0,0.0,0.0,0.0,0.0,0.0,0.0,0.0,0.0,0.0,0.0,0.0,0.0,0.0,0.0,0.0,0.0,0.0,99.43439082982351,97.609,3.0,-0.9172908,1.0,-12.730047,0.27029082,0.109,0.11524033,0.6,0.0,14.0,-0.5506667,1.0,0.0,0.0,0.0,0.0,0.0,0.0,21.0,0.0,0.0,0.0,0.0,0.0,1.0,0.0,0.0,0.0,1.0,0.0,0.0,0.0,0.0,0.0,0.0,0.0,0.0,0.0,0.0,0.0,0.0,0.0,0.0,0.0
96.97741,97.427,VER,RED BULL RACING,HARD,51.0,3.0,-0.7013663567682514,-0.35412761867256065,-0.32181908598297326,-0.07723828165472102,-0.4352140668151073,0.0,0.0,0.0,-0.08742420437288352,-0.07714466235805596,0.0,0.0,-0.2955818014914047,0.0,0.0,0.0,0.0,0.0,0.0,0.0,0.0,0.0,0.0,0.0,0.0,-0.08001837107761606,0.0,0.0,0.0,-0.02704701783697061,0.0,0.0,0.0,0.0,0.0,0.0,0.0,0.0,0.0,0.0,0.0,0.0,0.0,0.0,0.0,99.43439082982351,97.604,3.0,-0.906025,1.0,-13.639337,0.552025,-0.005,0.15387116,0.1,0.0,15.0,-0.5276667,1.0,0.0,0.0,0.0,0.0,0.0,0.0,21.0,0.0,0.0,0.0,0.0,0.0,1.0,0.0,0.0,0.0,1.0,0.0,0.0,0.0,0.0,0.0,0.0,0.0,0.0,0.0,0.0,0.0,0.0,0.0,0.0,0.0
97.05227,96.919,VER,RED BULL RACING,HARD,52.0,3.0,-0.7202179198226516,-0.32670202200617604,-0.30895673910448496,-0.0641273360180417,-0.536904344257957,0.0,-0.021040570868394504,0.0,-0.043322097732858326,-0.03797159307562432,0.0,0.0,-0.28524833706995406,0.0,0.0,0.0,0.0,0.0,0.0,0.0,0.0,0.0,0.0,0.0,0.0,-0.037630887933777016,0.0,0.0,0.0,0.0,0.0,0.0,0.0,0.0,0.0,0.0,0.0,0.0,0.0,0.0,0.0,0.0,0.0,0.0,0.0,99.43439082982351,97.706,3.0,-0.8937304,1.0,-16.148626,0.6147304,0.102,0.19446422,0.3,0.0,16.0,-0.42666668,1.0,0.0,0.0,0.0,0.0,0.0,0.0,21.0,0.0,0.0,0.0,0.0,0.0,1.0,0.0,0.0,0.0,1.0,0.0,0.0,0.0,0.0,0.0,0.0,0.0,0.0,0.0,0.0,0.0,0.0,0.0,0.0,0.0
96.8968,96.89,VER,RED BULL RACING,HARD,53.0,3.0,-0.7306017690464841,-0.3151207745830142,-0.32993609084023023,0.0,-0.56520633180661,0.0,0.0,0.0,-0.06712940201475405,-0.06913218449685878,0.0,-0.051068226340504556,-0.3393985554204838,0.0,0.0,0.0,0.0,0.0,0.0,0.0,0.0,0.0,0.0,0.0,0.0,-0.04636921375999971,0.0,0.0,0.0,-0.02363110133879287,0.0,0.0,0.0,0.0,0.0,0.0,0.0,0.0,0.0,0.0,0.0,0.0,0.0,0.0,0.0,99.43439082982351,97.589,3.0,-0.8894279,1.0,-17.157915,0.21942788,-0.117,0.20750985,0.1,0.0,17.0,-0.43433332,1.0,0.0,0.0,0.0,0.0,0.0,0.0,21.0,0.0,0.0,0.0,0.0,0.0,1.0,0.0,0.0,0.0,1.0,0.0,0.0,0.0,0.0,0.0,0.0,0.0,0.0,0.0,0.0,0.0,0.0,0.0,0.0,0.0
96.68796,96.678,VER,RED BULL RACING,HARD,54.0,3.0,-0.7082221954969303,-0.2779652090466218,-0.2955478202229756,0.0,-0.7215644757601166,-0.12543314302752184,0.0,0.0,-0.044289896445973476,-0.08769119205968473,0.0,-0.08873901587681564,-0.2940542725151285,0.0,0.0,0.0,0.0,0.0,0.0,0.0,0.0,0.0,0.0,0.0,0.0,-0.10292584569987002,0.0,0.0,0.0,0.0,0.0,0.0,0.0,0.0,0.0,0.0,0.0,0.0,0.0,0.0,0.0,0.0,0.0,0.0,0.0,99.43439082982351,97.778,3.0,-0.88940096,1.0,-19.967203,0.0014009434,0.189,0.3085682,0.4,0.0,18.0,-0.61233336,1.0,0.0,0.0,0.0,0.0,0.0,0.0,21.0,0.0,0.0,0.0,0.0,0.0,1.0,0.0,0.0,0.0,1.0,0.0,0.0,0.0,0.0,0.0,0.0,0.0,0.0,0.0,0.0,0.0,0.0,0.0,0.0,0.0
96.46885,96.322,VER,RED BULL RACING,HARD,55.0,3.0,-0.6639993390054557,-0.32209252732847804,-0.3673488941072697,-0.10902017830355731,-0.7368283304460012,-0.24971059441956084,0.0,0.0,0.0,-0.023256704645382875,0.0,-0.1766734353305153,-0.2909748870683495,0.0,0.0,0.0,0.0,0.0,0.0,0.0,0.0,0.0,0.0,0.0,0.0,0.0,0.0,0.0,0.0,-0.0256367570400365,0.0,0.0,0.0,0.0,0.0,0.0,0.0,0.0,0.0,0.0,0.0,0.0,0.0,0.0,0.0,99.43439082982351,97.78,3.0,-0.89333797,1.0,-21.076492,-0.20866203,0.002,0.21600309,0.3,0.0,19.0,-0.88666666,1.0,0.0,0.0,0.0,0.0,0.0,0.0,21.0,0.0,0.0,0.0,0.0,0.0,1.0,0.0,0.0,0.0,1.0,0.0,0.0,0.0,0.0,0.0,0.0,0.0,0.0,0.0,0.0,0.0,0.0,0.0,0.0,0.0
96.148895,97.205,VER,RED BULL RACING,HARD,56.0,3.0,-0.5993387780441927,-0.2900235685487104,-0.302088598659237,-0.08966214448402773,-0.8743773149943521,-0.40008931984522933,0.0,0.0,0.0,-0.049751768635608595,0.0,-0.32336419761167423,-0.33396308443073625,0.0,0.0,0.0,0.0,0.0,0.0,0.0,-0.02283679089787065,0.0,0.0,0.0,0.0,0.0,0.0,0.0,0.0,0.0,0.0,0.0,0.0,0.0,0.0,0.0,0.0,0.0,0.0,0.0,0.0,0.0,0.0,0.0,0.0,99.43439082982351,97.86,3.0,-0.9050591,1.0,-22.185781,-0.6329409,0.08,0.3312582,0.5,0.0,20.0,-1.176,1.0,0.0,0.0,0.0,0.0,0.0,0.0,21.0,0.0,0.0,0.0,0.0,0.0,1.0,0.0,0.0,0.0,1.0,0.0,0.0,0.0,0.0,0.0,0.0,0.0,0.0,0.0,0.0,0.0,0.0,0.0,0.0,0.0
96.4792,96.373,VER,RED BULL RACING,HARD,57.0,3.0,-0.5990447674471436,-0.29776595657813393,-0.4115709377328262,0.0,-1.0162111526230952,-0.14007245729786671,0.0,0.0,-0.012665266881578728,0.0,0.3100068582236717,-0.3528044463972285,-0.31006780528658734,0.0,0.0,0.0,0.0,0.0,0.0,0.0,0.0,0.0,0.0,0.0,0.0,-0.12499262729491223,0.0,0.0,0.0,0.0,0.0,0.0,0.0,0.0,0.0,0.0,0.0,0.0,0.0,0.0,0.0,0.0,0.0,0.0,0.0,99.43439082982351,98.1105,3.0,-0.90506697,1.0,-25.395071,-0.00043303572,0.2505,0.32371914,0.6,0.0,21.0,-1.1818334,1.0,0.0,0.0,0.0,0.0,0.0,0.0,21.0,0.0,0.0,0.0,0.0,0.0,1.0,0.0,0.0,0.0,1.0,0.0,0.0,0.0,0.0,0.0,0.0,0.0,0.0,0.0,0.0,0.0,0.0,0.0,0.0,0.0
99.043976,99.553,ZHO,ALFA ROMEO,SOFT,47.0,3.0,-0.7930297369061905,-0.35177634194293117,0.31380343501710617,0.0,-0.654806511592345,0.0,0.0,0.13984585857056242,0.08304402724494339,0.18435931379026138,0.44927862210600583,0.32469864485153466,0.0,0.0,0.0,0.0,0.0,0.0,0.0,0.0,0.0,0.0,-0.08583231088433563,0.0,0.0,0.0,0.0,0.0,0.0,0.0,0.0,0.0,0.0,0.0,0.0,0.0,0.0,0.0,0.0,0.0,0.0,0.0,0.0,0.0,0.0,99.43439082982351,97.589,3.0,0.78094566,1.0,-16.367205,-0.033945654,0.163,0.13111953,0.1,18.0,18.0,0.6753333,0.0,0.0,0.0,0.0,0.0,0.0,1.0,21.0,0.0,0.0,1.0,0.0,0.0,0.0,0.0,0.0,0.0,0.0,0.0,0.0,0.0,0.0,0.0,0.0,0.0,0.0,0.0,0.0,0.0,0.0,0.0,0.0,0.0
99.65081,98.596,ZHO,ALFA ROMEO,SOFT,48.0,3.0,-0.7719650624767536,-0.2897190490264773,0.30059594867553957,0.0,-0.5940403840184232,0.4478230186179171,0.0,0.11302035179333628,0.04328030028833781,0.0,0.4831204341624487,0.4008386166130707,0.0,0.0,0.0,0.0,0.0,0.0,0.0,0.0,0.0,0.0,0.0,0.0,0.0,0.0,0.0,0.0,0.0,0.08346523724670912,0.0,0.0,0.0,0.0,0.0,0.0,0.0,0.0,0.0,0.0,0.0,0.0,0.0,0.0,0.0,99.43439082982351,97.432,3.0,0.8094574,1.0,-17.276493,1.3115425,-0.157,0.86487126,0.1,19.0,19.0,1.1306666,0.0,0.0,0.0,0.0,0.0,0.0,1.0,21.0,0.0,0.0,1.0,0.0,0.0,0.0,0.0,0.0,0.0,0.0,0.0,0.0,0.0,0.0,0.0,0.0,0.0,0.0,0.0,0.0,0.0,0.0,0.0,0.0,0.0
98.883354,98.628,ZHO,ALFA ROMEO,SOFT,49.0,3.0,-0.8380837328096108,-0.3110971932840673,0.3534162097830741,0.0,-1.0029887011640197,0.024836671313152814,0.0,0.13739372095852814,0.0,0.11517616117847544,0.6109845246483822,0.47951775277851494,0.0,0.0,0.0,0.0,0.0,0.0,0.0,0.0,0.0,0.0,-0.12019205621422459,0.0,0.0,0.0,0.0,0.0,0.0,0.0,0.0,0.0,0.0,0.0,0.0,0.0,0.0,0.0,0.0,0.0,0.0,0.0,0.0,0.0,0.0,99.43439082982351,97.5,3.0,0.81542706,1.0,-18.185781,0.28057292,0.068,0.7141781,0.6,20.0,20.0,1.3213333,0.0,0.0,0.0,0.0,0.0,0.0,1.0,21.0,0.0,0.0,1.0,0.0,0.0,0.0,0.0,0.0,0.0,0.0,0.0,0.0,0.0,0.0,0.0,0.0,0.0,0.0,0.0,0.0,0.0,0.0,0.0,0.0,0.0
99.66913,99.893,ZHO,ALFA ROMEO,SOFT,50.0,3.0,-0.6397120367658061,-0.3165417515688861,0.3109389615996901,0.0,-0.7873644601293183,0.08030859966078174,0.0,0.16170416304609886,0.0,0.16598528323296383,0.736963630722936,0.5044074982937004,0.0,0.0,0.0,0.0,0.0,0.0,0.01804770005307607,0.0,0.0,0.0,0.0,0.0,0.0,0.0,0.0,0.0,0.0,0.0,0.0,0.0,0.0,0.0,0.0,0.0,0.0,0.0,0.0,0.0,0.0,0.0,0.0,0.0,0.0,99.43439082982351,97.609,3.0,0.8195816,1.0,-19.095072,0.19941837,0.109,0.61521786,0.1,21.0,21.0,1.412,0.0,0.0,0.0,0.0,0.0,0.0,1.0,21.0,0.0,0.0,1.0,0.0,0.0,0.0,0.0,0.0,0.0,0.0,0.0,0.0,0.0,0.0,0.0,0.0,0.0,0.0,0.0,0.0,0.0,0.0,0.0,0.0,0.0
99.754555,98.719,ZHO,ALFA ROMEO,SOFT,51.0,3.0,-0.7364243623309695,-0.2553830792620988,0.3263619750110564,0.0,-0.9277395613435817,0.5371457223702975,0.0,0.1844213364143204,0.0,0.0,0.7882203075562699,0.44752730990367423,0.0,0.0,0.0,0.0,0.0,0.0,0.0,0.0,0.0,0.0,-0.1183568532403603,0.0,0.0,0.0,0.0,0.0,0.0,0.0743911236330346,0.0,0.0,0.0,0.0,0.0,0.0,0.0,0.0,0.0,0.0,0.0,0.0,0.0,0.0,0.0,99.43439082982351,97.604,3.0,0.84897,1.0,-22.204361,1.44003,-0.005,0.7120485,0.3,22.0,22.0,1.468,0.0,0.0,0.0,0.0,0.0,0.0,1.0,21.0,0.0,0.0,1.0,0.0,0.0,0.0,0.0,0.0,0.0,0.0,0.0,0.0,0.0,0.0,0.0,0.0,0.0,0.0,0.0,0.0,0.0,0.0,0.0,0.0,0.0
99.67156,98.713,ZHO,ALFA ROMEO,SOFT,52.0,3.0,-0.6422644667293522,-0.2658320542269284,0.282804427174652,0.0,-0.9861325561552983,0.0,0.0,0.14245537274129116,0.14296731257326026,0.21525585501004965,0.9034371717514141,0.5048619691221975,0.0,0.0,0.0,0.0,0.0,0.0,0.0,0.0,0.0,0.0,-0.06038166626058056,0.0,0.0,0.0,0.0,0.0,0.0,0.0,0.0,0.0,0.0,0.0,0.0,0.0,0.0,0.0,0.0,0.0,0.0,0.0,0.0,0.0,0.0,99.43439082982351,97.706,3.0,0.85218626,1.0,-23.21365,0.16081372,0.102,0.734973,0.1,23.0,23.0,1.4403334,0.0,0.0,0.0,0.0,0.0,0.0,1.0,21.0,0.0,0.0,1.0,0.0,0.0,0.0,0.0,0.0,0.0,0.0,0.0,0.0,0.0,0.0,0.0,0.0,0.0,0.0,0.0,0.0,0.0,0.0,0.0,0.0,0.0
99.31284,98.634,ZHO,ALFA ROMEO,SOFT,53.0,3.0,-0.7396785628720455,-0.2727934134159802,0.38341782525850343,0.0,-1.3144410001550537,0.0,0.0,0.1697123227225783,0.08313398359586902,0.18273615876294372,1.0348571477243584,0.4896827390371344,0.0,0.0,0.0,0.0,0.0,0.0,0.0,0.0,0.0,0.0,-0.13817470772791512,0.0,0.0,0.0,0.0,0.0,0.0,0.0,0.0,0.0,0.0,0.0,0.0,0.0,0.0,0.0,0.0,0.0,0.0,0.0,0.0,0.0,0.0,99.43439082982351,97.589,3.0,0.8574135,1.0,-26.622938,0.26658654,-0.117,0.70683825,0.4,24.0,24.0,1.4753333,0.0,0.0,0.0,0.0,0.0,0.0,1.0,21.0,0.0,0.0,1.0,0.0,0.0,0.0,0.0,0.0,0.0,0.0,0.0,0.0,0.0,0.0,0.0,0.0,0.0,0.0,0.0,0.0,0.0,0.0,0.0,0.0,0.0
99.372765,101.967,ZHO,ALFA ROMEO,SOFT,54.0,3.0,-0.6856805163666788,-0.3007509951868778,0.3270575566794509,0.0,-1.263871613248183,0.0,0.0,0.0,0.15045926123525727,0.26376647580040014,1.0785763695951458,0.416012127816984,0.0,0.0,0.0,0.0,0.0,0.0,0.0,0.0,0.0,0.0,-0.12488966683224417,0.0,0.0,0.0,0.0,0.0,0.0,0.07769475808557608,0.0,0.0,0.0,0.0,0.0,0.0,0.0,0.0,0.0,0.0,0.0,0.0,0.0,0.0,0.0,99.43439082982351,97.778,3.0,0.85738677,1.0,-27.732227,-0.0013867924,0.189,0.13465635,0.1,25.0,25.0,0.99766666,0.0,0.0,0.0,0.0,0.0,0.0,1.0,21.0,0.0,0.0,1.0,0.0,0.0,0.0,0.0,0.0,0.0,0.0,0.0,0.0,0.0,0.0,0.0,0.0,0.0,0.0,0.0,0.0,0.0,0.0,0.0,0.0,0.0
100.84445,103.98475,ZHO,ALFA ROMEO,SOFT,55.0,4.0,-0.2446226036436567,0.19649273185007768,0.0,-0.08460055549333556,0.11801289670186361,1.882531866704903,0.0,-0.1810397041503246,0.0,-0.10543779020614927,0.322026297931745,-0.5879655709501609,0.0,0.0,0.0,0.0,0.0,0.0,0.09466350572839931,0.0,0.0,0.0,0.0,0.0,0.0,0.0,0.0,0.0,0.0,0.0,0.0,0.0,0.0,0.0,0.0,0.0,0.0,0.0,0.0,0.0,0.0,0.0,0.0,0.0,0.0,99.43439082982351,97.78,4.0,0.9190463,1.0,-4.437156,3.2679536,0.002,1.8506465,0.5,4.0,4.0,2.0556667,0.0,0.0,0.0,0.0,0.0,0.0,1.0,21.0,0.0,0.0,1.0,0.0,0.0,0.0,0.0,0.0,0.0,0.0,0.0,0.0,0.0,0.0,0.0,0.0,0.0,0.0,0.0,0.0,0.0,0.0,0.0,0.0,0.0
97.726685,94.00275,ZHO,ALFA ROMEO,SOFT,56.0,4.0,-0.23354010316032298,0.250570910041639,0.0,-0.09099473416729685,-0.0570172467638054,1.4461467185677148,0.0,-0.8079303685140591,0.15145027690534968,-0.07110313459363238,0.0,-2.430352434650946,0.0,0.0,0.0,0.0,0.0,0.0,0.13505622742981452,0.0,0.0,0.0,0.0,0.0,0.0,0.0,0.0,0.0,0.0,0.0,0.0,0.0,0.0,0.0,0.0,0.0,0.0,0.0,0.0,0.0,0.0,0.0,0.0,0.0,0.0,99.43439082982351,97.86,4.0,1.0136955,1.0,-6.0464454,5.1110544,0.08,2.6649003,0.6,5.0,5.0,3.7225833,0.0,0.0,0.0,0.0,0.0,0.0,1.0,21.0,0.0,0.0,1.0,0.0,0.0,0.0,0.0,0.0,0.0,0.0,0.0,0.0,0.0,0.0,0.0,0.0,0.0,0.0,0.0,0.0,0.0,0.0,0.0,0.0,0.0
