Driver,LapNumber,Stint,Compound,Team,driver_sai,field_median_lag1,field_pace_trend,form_vs_baseline,gap_expanding,gap_roll3_mean,race_progress,team_aston_martin,tracktemp_dev_x_tyrelife,tyre_life,tyrelife_x_medium,target_laptime,target_pit_next_lap,target_laptime_fuel_corrected
ALO,4,1,SOFT,ASTON MARTIN,0.0,90.5515,0.16450000000000387,0.1439999999999865,0.005500000000002577,0.005500000000002577,0.07272727272727272,1.0,-17.20436363636361,4.0,0.0,90.943,0,90.9536598611752
ALO,5,1,SOFT,ASTON MARTIN,0.0,90.515,-0.03650000000000375,0.316874999999996,0.11112500000000125,0.12249999999999754,0.09090909090909091,1.0,-22.505454545454526,5.0,0.0,90.879,0,90.8932131482336
ALO,6,1,SOFT,ASTON MARTIN,0.0,90.713,0.1979999999999933,0.04390000000000782,0.1221000000000032,0.24783333333333246,0.10909090909090909,1.0,-28.206545454545406,6.0,0.0,90.846,0,90.863766435292
ALO,7,1,SOFT,ASTON MARTIN,0.0,90.7765,0.06350000000000477,-0.043833333333331836,0.11333333333333684,0.2211666666666711,0.12727272727272726,1.0,15.392363636363683,7.0,0.0,91.051,0,91.0723197223504
ALO,8,1,SOFT,ASTON MARTIN,0.0,90.76050000000001,-0.015999999999991132,0.15185714285713509,0.13864285714285934,0.1753333333333368,0.14545454545454545,1.0,-11.20872727272723,8.0,0.0,90.947,0,90.9718730094088
ALO,9,1,SOFT,ASTON MARTIN,0.0,90.9435,0.18299999999999272,-0.11824999999999974,0.12175000000000225,0.12116666666666731,0.16363636363636364,1.0,-13.509818181818147,9.0,0.0,91.0,0,91.02842629646719
ALO,10,1,SOFT,ASTON MARTIN,0.0,90.98349999999999,0.03999999999999204,-0.09355555555555067,0.1100555555555584,0.10350000000000155,0.18181818181818182,1.0,-1.0109090909090668,10.0,0.0,91.066,0,91.0979795835256
ALO,11,1,SOFT,ASTON MARTIN,0.0,91.08250000000001,0.09900000000001796,-0.11390000000000952,0.09740000000000179,0.0011666666666675003,0.2,1.0,16.488000000000042,11.0,0.0,91.433,0,91.468532870584
ALO,12,1,SOFT,ASTON MARTIN,0.0,91.3165,0.23399999999999466,0.017363636363636595,0.09913636363636545,0.03883333333333402,0.21818181818181817,1.0,8.386909090909171,12.0,0.0,91.606,0,91.64508615764238
ALO,13,1,SOFT,ASTON MARTIN,0.0,91.3475,0.0309999999999917,0.1460833333333298,0.11241666666666816,0.11949999999999743,0.23636363636363636,1.0,-20.814181818181787,13.0,0.0,91.229,0,91.2716394447008
ALO,14,1,SOFT,ASTON MARTIN,0.0,91.37950000000001,0.03200000000001069,-0.24269230769231653,0.09219230769230845,0.07483333333333064,0.2545454545454545,1.0,-26.615272727272654,14.0,0.0,91.623,0,91.6691927317592
ALO,15,1,SOFT,ASTON MARTIN,0.0,91.569,0.18949999999999534,-0.03546428571428452,0.08946428571428656,0.05399999999999731,0.2727272727272727,1.0,-0.01636363636357885,15.0,0.0,91.873,0,91.92274601881759
ALO,16,1,SOFT,ASTON MARTIN,0.0,91.64099999999999,0.07199999999998852,0.13303333333334516,0.09896666666666837,0.045166666666669165,0.2909090909090909,1.0,1.5825454545455386,16.0,0.0,91.611,0,91.664299305876
ALO,17,1,SOFT,ASTON MARTIN,0.0,91.626,-0.014999999999986358,-0.10684375000000212,0.09184375000000156,0.09033333333333833,0.3090909090909091,1.0,20.38145454545466,17.0,0.0,91.955,0,92.01185259293439
ALO,18,1,SOFT,ASTON MARTIN,0.0,91.73349999999999,0.1074999999999875,0.12202941176471009,0.09947058823529593,0.146166666666673,0.32727272727272727,1.0,3.5803636363637565,18.0,0.0,91.728,0,91.78840587999278
ALO,19,1,SOFT,ASTON MARTIN,0.0,91.87299999999999,0.13949999999999818,-0.23088888888888687,0.08588888888889083,0.020500000000003144,0.34545454545454546,1.0,-24.720727272727146,19.0,0.0,92.199,0,92.26295916705118
ALO,20,1,SOFT,ASTON MARTIN,0.0,91.015,-0.8579999999999899,1.04031578947368,0.1436842105263175,0.4201666666666692,0.36363636363636365,1.0,17.978181818181866,20.0,0.0,92.052,0,92.1195124541096
ALO,21,1,SOFT,ASTON MARTIN,0.0,91.1575,0.1424999999999983,0.7132750000000059,0.18122500000000202,0.6445000000000031,0.38181818181818183,1.0,-39.92290909090898,21.0,0.0,92.17,0,92.24106574116799
ALO,22,1,SOFT,ASTON MARTIN,0.0,91.3005,0.14300000000000068,0.6555000000000002,0.21400000000000202,0.9826666666666691,0.4,1.0,13.176000000000116,22.0,0.0,92.134,0,92.20861902822638
ALO,23,1,SOFT,ASTON MARTIN,0.0,91.2485,-0.0519999999999925,0.6409772727272645,0.2445227272727289,0.8831666666666678,0.41818181818181815,1.0,-6.9250909090907555,23.0,0.0,92.289,0,92.36717231528479
ALO,24,1,SOFT,ASTON MARTIN,0.0,91.2305,-0.018000000000000682,0.7785869565217329,0.27991304347826224,0.9378333333333302,0.43636363636363634,1.0,40.77381818181834,24.0,0.0,92.458,0,92.53972560234318
ALO,25,1,SOFT,ASTON MARTIN,0.0,91.3245,0.09399999999999409,0.8180208333333301,0.31547916666666787,1.0258333333333287,0.45454545454545453,1.0,64.97272727272741,25.0,0.0,92.584,0,92.66927888940158
ALO,26,1,SOFT,ASTON MARTIN,0.0,91.4735,0.1490000000000009,0.7632200000000007,0.3472800000000012,1.1008333333333316,0.4727272727272727,1.0,10.371636363636426,26.0,0.0,92.533,0,92.62183217645999
ALO,27,1,SOFT,ASTON MARTIN,0.0,91.5395,0.0660000000000025,0.6213653846153809,0.37213461538461645,1.0791666666666657,0.4909090909090909,1.0,118.77054545454553,27.0,0.0,92.667,1,92.75938546351838
ALO,28,2,MEDIUM,ASTON MARTIN,0.0,91.3665,-0.17300000000000182,0.8939814814814799,0.40651851851851956,1.134833333333333,0.509090909090909,1.0,0.6989090909090976,1.0,1.0,90.547,0,90.64293875057677
ALO,29,2,MEDIUM,ASTON MARTIN,0.0,90.64099999999999,-0.7255000000000109,-0.48264285714285243,0.38864285714285834,0.7333333333333343,0.5272727272727272,1.0,-2.0021818181818105,2.0,2.0,90.876,0,90.97549203763519
ALO,30,2,MEDIUM,ASTON MARTIN,0.0,90.9255,0.2845000000000084,-0.42303448275861677,0.373534482758622,0.3856666666666702,0.5454545454545454,1.0,-5.7032727272727115,3.0,3.0,90.975,0,91.07804532469358
ALO,31,2,MEDIUM,ASTON MARTIN,0.0,90.9385,0.01300000000000523,-0.3258000000000114,0.36230000000000095,-0.03566666666666644,0.5636363636363636,1.0,-2.804363636363604,4.0,4.0,90.914,0,91.02059861175198
ALO,32,2,MEDIUM,ASTON MARTIN,0.0,90.9365,-0.0020000000000095497,-0.3723870967741884,0.34988709677419466,-0.011833333333332993,0.5818181818181818,1.0,-0.5054545454545334,5.0,5.0,90.91,0,91.02015189881037
ALO,33,2,MEDIUM,ASTON MARTIN,0.0,90.9525,0.016000000000005343,-0.38012500000000493,0.33762500000000095,-0.009500000000002728,0.6,1.0,9.593454545454577,6.0,6.0,90.825,0,90.93870518586878
ALO,34,2,MEDIUM,ASTON MARTIN,0.0,91.0295,0.07699999999999818,-0.5256969696969667,0.32119696969697076,-0.08983333333333121,0.6181818181818182,1.0,-19.607636363636317,7.0,7.0,91.136,0,91.25325847292717
ALO,35,2,MEDIUM,ASTON MARTIN,0.0,91.0955,0.0660000000000025,-0.2724411764705947,0.3129411764705891,-0.06883333333333515,0.6363636363636364,1.0,-33.60872727272721,8.0,8.0,91.213,0,91.33381175998557
ALO,36,2,MEDIUM,ASTON MARTIN,0.0,91.132,0.03650000000000375,-0.22531428571429735,0.3063142857142862,-0.027666666666670874,0.6545454545454545,1.0,0.8901818181818655,9.0,9.0,91.204,0,91.32836504704397
ALO,37,2,MEDIUM,ASTON MARTIN,0.0,91.12049999999999,-0.011500000000012278,-0.21662499999999973,0.30012500000000053,0.06833333333332803,0.6727272727272727,1.0,47.98909090909099,10.0,10.0,91.204,0,91.33191833410237
ALO,38,2,MEDIUM,ASTON MARTIN,0.0,91.1695,0.049000000000006594,-0.2584459459459521,0.2929459459459463,0.06633333333332796,0.6909090909090909,1.0,2.1880000000000734,11.0,11.0,91.254,0,91.38547162116078
ALO,39,2,MEDIUM,ASTON MARTIN,0.0,91.241,0.07150000000000034,-0.2725789473684163,0.28557894736842154,0.04366666666666674,0.7090909090909091,1.0,-52.813090909090846,12.0,12.0,91.416,0,91.55102490821918
ALO,40,2,MEDIUM,ASTON MARTIN,0.0,91.10300000000001,-0.13799999999999102,0.026717948717936757,0.2862820512820514,0.12016666666666254,0.7272727272727273,1.0,-2.614181818181713,13.0,13.0,91.298,0,91.43657819527758
ALO,41,2,MEDIUM,ASTON MARTIN,0.0,91.173,0.06999999999999318,-0.15725000000000017,0.28225000000000017,0.15033333333333113,0.7454545454545455,1.0,-42.015272727272674,14.0,14.0,91.671,0,91.81313148233598
ALO,42,2,MEDIUM,ASTON MARTIN,0.0,91.2875,0.1144999999999925,0.09878048780488974,0.2847195121951224,0.27383333333333343,0.7636363636363637,1.0,59.98363636363642,15.0,15.0,91.374,0,91.51968476939436
ALO,43,2,MEDIUM,ASTON MARTIN,0.0,91.2235,-0.06399999999999295,-0.13102380952381598,0.28152380952380984,0.21966666666666868,0.7818181818181819,1.0,-27.217454545454416,16.0,16.0,91.275,0,91.42423805645278
ALO,44,2,MEDIUM,ASTON MARTIN,0.0,91.35300000000001,0.12950000000000728,-0.3511627906976776,0.27316279069767463,0.15200000000000102,0.8,1.0,-5.118545454545341,17.0,17.0,91.713,0,91.86579134351116
ALO,45,2,MEDIUM,ASTON MARTIN,0.0,91.34700000000001,-0.006000000000000227,0.09072727272725828,0.27527272727272717,0.14616666666665878,0.8181818181818182,1.0,61.18036363636368,18.0,18.0,91.794,0,91.95034463056956
ALO,46,2,MEDIUM,ASTON MARTIN,0.0,91.489,0.1419999999999959,0.02906666666665958,0.27593333333333303,0.19766666666665836,0.8363636363636363,1.0,72.17927272727289,19.0,19.0,91.737,0,91.89689791762797
ALO,47,2,MEDIUM,ASTON MARTIN,0.0,91.271,-0.21800000000000352,0.18593478260869,0.28006521739130397,0.3789999999999907,0.8545454545454545,1.0,-54.02181818181802,20.0,20.0,91.847,0,92.01045120468636
ALO,48,2,MEDIUM,ASTON MARTIN,0.0,91.52000000000001,0.24900000000000944,0.04593617021275065,0.2810638297872333,0.36599999999999017,0.8727272727272727,1.0,-16.82290909090895,21.0,21.0,91.678,0,91.84500449174476
ALO,49,2,MEDIUM,ASTON MARTIN,0.0,91.53399999999999,0.013999999999981583,-0.13420833333332727,0.2782083333333327,0.3123333333333278,0.8909090909090909,1.0,-85.82399999999988,22.0,22.0,91.957,0,92.12755777880317
ALO,50,2,MEDIUM,ASTON MARTIN,0.0,91.667,0.13300000000000978,0.011551020408156087,0.27844897959183595,0.2536666666666605,0.9090909090909091,1.0,20.674909090909146,23.0,23.0,91.773,0,91.94711106586156
ALO,51,2,MEDIUM,ASTON MARTIN,0.0,91.6635,-0.003500000000002501,-0.16557000000000216,0.2750699999999992,0.18116666666666484,0.9272727272727272,1.0,134.3738181818183,24.0,24.0,91.863,0,92.04066435291996
ALO,52,2,MEDIUM,ASTON MARTIN,0.0,91.7265,0.06300000000000239,-0.13585294117647168,0.27235294117646974,0.1786666666666624,0.9454545454545454,1.0,42.47272727272744,25.0,25.0,91.949,0,92.13021763997837
ALO,53,2,MEDIUM,ASTON MARTIN,0.0,91.6545,-0.07200000000000273,0.021721153846153973,0.27277884615384534,0.1801666666666648,0.9636363636363636,1.0,31.171636363636537,26.0,26.0,91.972,0,92.15677092703676
ALO,54,2,MEDIUM,ASTON MARTIN,0.0,91.8355,0.18099999999999739,-0.13370754716981242,0.2702075471698105,0.18916666666666515,0.9818181818181818,1.0,-72.92945454545432,27.0,27.0,91.982,0,92.17032421409516
ALO,55,2,MEDIUM,ASTON MARTIN,0.0,91.8015,-0.033999999999991815,-0.0880462962963004,0.2685462962962954,0.20383333333333079,1.0,1.0,2.7694545454546926,28.0,28.0,92.191,0,92.38287750115356
GAS,4,1,SOFT,MCLAREN,0.0,90.5515,0.16450000000000387,-0.821291666666672,0.8147916666666694,0.8147916666666694,0.07272727272727272,0.0,-0.4043636363636267,4.0,0.0,90.359,0,90.3696598611752
GAS,5,1,SOFT,MCLAREN,0.0,90.515,-0.03650000000000375,-0.7280937500000064,0.5720937500000005,0.8134583333333296,0.09090909090909091,0.0,5.494545454545481,5.0,0.0,90.633,0,90.64721314823359
GAS,6,1,SOFT,MCLAREN,0.0,90.713,0.1979999999999933,-0.521674999999999,0.44167500000000076,-0.0808333333333356,0.10909090909090909,0.0,-20.406545454545423,6.0,0.0,90.432,0,90.449766435292
GAS,7,1,SOFT,MCLAREN,0.0,90.7765,0.06350000000000477,-0.6551458333333311,0.31064583333333456,-0.19350000000000023,0.12727272727272726,0.0,-17.507636363636337,7.0,0.0,90.978,0,90.99931972235039
GAS,8,1,SOFT,MCLAREN,0.0,90.76050000000001,-0.015999999999991132,-0.07983928571429794,0.29733928571428486,-0.06900000000000261,0.14545454545454545,0.0,24.79127272727277,8.0,0.0,90.867,0,90.8918730094088
GAS,9,1,SOFT,MCLAREN,0.0,90.9435,0.18299999999999272,-0.3271093749999956,0.2506093749999998,-0.06783333333333512,0.16363636363636364,0.0,53.99018181818185,9.0,0.0,91.027,0,91.05542629646719
GAS,10,1,SOFT,MCLAREN,0.0,90.98349999999999,0.03999999999999204,-0.18409722222221425,0.227597222222223,0.061499999999999964,0.18181818181818182,0.0,-5.010909090909053,10.0,0.0,90.794,0,90.8259795835256
GAS,11,1,SOFT,MCLAREN,0.0,91.08250000000001,0.09900000000001796,-0.4644875000000127,0.17598749999999938,-0.10716666666666678,0.2,0.0,23.088000000000058,11.0,0.0,91.201,0,91.23653287058399
GAS,12,1,SOFT,MCLAREN,0.0,91.3165,0.23399999999999466,-0.2649886363636462,0.14948863636363477,-0.12016666666667201,0.21818181818181817,0.0,8.386909090909171,12.0,0.0,91.116,0,91.15508615764239
GAS,13,1,SOFT,MCLAREN,0.0,91.3475,0.0309999999999917,-0.34923958333332905,0.11773958333333212,-0.21183333333334056,0.23636363636363636,0.0,-42.91418181818173,13.0,0.0,91.271,0,91.3136394447008
GAS,14,1,SOFT,MCLAREN,0.0,91.37950000000001,0.03200000000001069,-0.20883653846154332,0.10033653846153684,-0.1518333333333383,0.2545454545454545,0.0,-22.415272727272693,14.0,0.0,91.34,0,91.3861927317592
GAS,15,1,SOFT,MCLAREN,0.0,91.569,0.18949999999999534,-0.30581249999999777,0.07681249999999855,-0.18966666666666754,0.2727272727272727,0.0,7.483636363636421,15.0,0.0,91.229,0,91.27874601881759
GAS,16,1,SOFT,MCLAREN,0.0,91.64099999999999,0.07199999999998852,-0.4562249999999911,0.04422499999999919,-0.24983333333333255,0.2909090909090909,0.0,-6.417454545454461,16.0,0.0,91.478,0,91.53129930587599
GAS,17,1,SOFT,MCLAREN,0.0,91.626,-0.014999999999986358,-0.18021093750000894,0.03221093749999859,-0.2630000000000005,0.3090909090909091,0.0,-27.218545454545414,17.0,0.0,91.678,0,91.73485259293439
GAS,18,1,SOFT,MCLAREN,0.0,91.73349999999999,0.1074999999999875,-0.08255147058822926,0.027051470588234264,-0.20516666666666575,0.32727272727272727,0.0,12.580363636363757,18.0,0.0,91.845,0,91.90540587999278
GAS,19,1,SOFT,MCLAREN,0.0,91.87299999999999,0.13949999999999818,-0.05199305555554663,0.02399305555555505,-0.07716666666666565,0.34545454545454546,0.0,17.079272727272773,19.0,0.0,92.271,0,92.33495916705118
GAS,20,1,SOFT,MCLAREN,0.0,91.015,-0.8579999999999899,1.1671644736842113,0.088835526315789,0.39083333333333786,0.36363636363636365,0.0,49.978181818181895,20.0,0.0,92.045,0,92.11251245410959
GAS,21,1,SOFT,MCLAREN,0.0,91.1575,0.1424999999999983,0.7587312500000032,0.1287687499999997,0.7051666666666705,0.38181818181818183,0.0,50.37709090909096,21.0,0.0,92.063,0,92.13406574116799
GAS,22,1,SOFT,MCLAREN,0.0,91.3005,0.14300000000000068,0.6035535714285745,0.15894642857142843,0.9686666666666687,0.4,0.0,39.57600000000018,22.0,0.0,92.095,0,92.16961902822638
GAS,23,1,SOFT,MCLAREN,0.0,91.2485,-0.0519999999999925,0.6563011363636286,0.19019886363636312,0.8321666666666658,0.41818181818181815,0.0,22.97490909090918,23.0,0.0,91.229,0,91.30717231528479
GAS,24,1,SOFT,MCLAREN,0.0,91.2305,-0.018000000000000682,-0.18336413043478897,0.1818641304347818,0.5358333333333292,0.43636363636363634,0.0,-16.826181818181624,24.0,0.0,92.299,0,92.38072560234319
GAS,25,1,SOFT,MCLAREN,0.0,91.3245,0.09399999999999409,0.7596093750000067,0.21489062499999947,0.6064999999999969,0.45454545454545453,0.0,-67.52727272727253,25.0,0.0,92.002,0,92.08727888940157
GAS,26,1,SOFT,MCLAREN,0.0,91.4735,0.1490000000000009,0.3010649999999947,0.22743499999999928,0.5004999999999976,0.4727272727272727,0.0,93.5716363636365,26.0,0.0,92.561,0,92.64983217646
GAS,27,1,SOFT,MCLAREN,0.0,91.5395,0.0660000000000025,0.7635240384615423,0.257975961538461,0.8415000000000011,0.4909090909090909,0.0,-10.829454545454404,27.0,0.0,92.529,1,92.62138546351838
GAS,28,2,MEDIUM,MCLAREN,0.0,91.3665,-0.17300000000000182,0.8710231481481432,0.29147685185185107,0.9041666666666638,0.509090909090909,0.0,3.4989090909090947,1.0,1.0,90.503,0,90.59893875057678
GAS,29,2,MEDIUM,MCLAREN,0.0,90.64099999999999,-0.7255000000000109,-0.41413839285713344,0.2761383928571424,0.6820000000000022,0.5272727272727272,0.0,-0.8021818181818077,2.0,2.0,90.975,0,91.07449203763518
GAS,30,2,MEDIUM,MCLAREN,0.0,90.9255,0.2845000000000084,-0.21882327586207362,0.2683232758620684,0.3579999999999994,0.5454545454545454,0.0,20.396727272727297,3.0,3.0,90.662,0,90.76504532469359
GAS,31,2,MEDIUM,MCLAREN,0.0,90.9385,0.01300000000000523,-0.526662499999998,0.25016249999999945,-0.12166666666666497,0.5636363636363636,0.0,0.7956363636363903,4.0,4.0,90.765,0,90.87159861175198
GAS,32,2,MEDIUM,MCLAREN,0.0,90.9365,-0.0020000000000095497,-0.40806048387096205,0.2365604838709674,-0.13283333333333283,0.5818181818181818,0.0,9.994545454545474,5.0,5.0,90.738,0,90.84815189881037
GAS,33,2,MEDIUM,MCLAREN,0.0,90.9525,0.016000000000005343,-0.43696484375000066,0.22246484374999964,-0.22083333333333144,0.6,0.0,-1.206545454545406,6.0,6.0,92.989875,0,93.10358018586878
GAS,34,2,MEDIUM,MCLAREN,0.0,91.0295,0.07699999999999818,1.6852462121212115,0.27512878787878753,0.5247916666666678,0.6181818181818182,0.0,-0.007636363636336796,7.0,7.0,91.055,0,91.17225847292718
GAS,35,2,MEDIUM,MCLAREN,0.0,91.0955,0.0660000000000025,-0.30634558823528835,0.2658455882352939,0.5684583333333345,0.6363636363636364,0.0,-38.40872727272722,8.0,8.0,90.898,0,91.01881175998557
GAS,36,2,MEDIUM,MCLAREN,0.0,91.132,0.03650000000000375,-0.4855642857142941,0.25156428571428524,0.5619583333333319,0.6545454545454545,0.0,6.290181818181878,9.0,9.0,90.971,0,91.09536504704398
GAS,37,2,MEDIUM,MCLAREN,0.0,91.12049999999999,-0.011500000000012278,-0.3899236111111001,0.240423611111111,-0.14133333333333079,0.6727272727272727,0.0,-1.0109090909090668,10.0,10.0,91.345,0,91.47291833410237
GAS,38,2,MEDIUM,MCLAREN,0.0,91.1695,0.049000000000006594,-0.06316891891891924,0.23866891891891878,-0.0693333333333328,0.6909090909090909,0.0,14.288000000000089,11.0,11.0,90.892,0,91.02347162116077
GAS,39,2,MEDIUM,MCLAREN,0.0,91.241,0.07150000000000034,-0.5722039473684246,0.2232039473684208,-0.10766666666666443,0.7090909090909091,0.0,-26.413090909090812,12.0,12.0,90.974,0,91.10902490821918
GAS,40,2,MEDIUM,MCLAREN,0.0,91.10300000000001,-0.13799999999999102,-0.34317307692308147,0.21417307692307658,-0.10083333333333637,0.7272727272727273,0.0,-27.314181818181787,13.0,13.0,91.078,0,91.21657819527758
GAS,41,2,MEDIUM,MCLAREN,0.0,91.173,0.06999999999999318,-0.30144374999999857,0.20644374999999968,-0.1910000000000025,0.7454545454545455,0.0,39.184727272727386,14.0,14.0,91.346,0,91.48813148233597
GAS,42,2,MEDIUM,MCLAREN,0.0,91.2875,0.1144999999999925,-0.14433536585364914,0.20283536585365847,-0.05516666666666481,0.7636363636363637,0.0,10.483636363636464,15.0,15.0,91.159,0,91.30468476939437
GAS,43,2,MEDIUM,MCLAREN,0.0,91.2235,-0.06399999999999295,-0.26097023809523345,0.19647023809523811,-0.03366666666666163,0.7818181818181819,0.0,-52.81745454545444,16.0,16.0,91.302,0,91.45123805645278
GAS,44,2,MEDIUM,MCLAREN,0.0,91.35300000000001,0.12950000000000728,-0.2417151162790717,0.19071511627906976,-0.018999999999995982,0.8,0.0,47.58145454545468,17.0,17.0,91.421,0,91.57379134351118
GAS,45,2,MEDIUM,MCLAREN,0.0,91.34700000000001,-0.006000000000000227,-0.11406250000000187,0.18806249999999994,-0.013833333333333067,0.8181818181818182,0.0,-55.81963636363632,18.0,18.0,91.316,0,91.47234463056957
GAS,46,2,MEDIUM,MCLAREN,0.0,91.489,0.1419999999999959,-0.3530388888888906,0.1800388888888888,-0.0500000000000019,0.8363636363636363,0.0,1.8792727272728271,19.0,19.0,91.259,0,91.41889791762797
GAS,47,2,MEDIUM,MCLAREN,0.0,91.271,-0.21800000000000352,-0.18786413043478295,0.1758641304347825,-0.0370000000000014,0.8545454545454545,0.0,27.978181818181866,20.0,20.0,91.008,0,91.17145120468636
GAS,48,2,MEDIUM,MCLAREN,0.0,91.52000000000001,0.24900000000000944,-0.6732287234042695,0.1612287234042549,-0.23233333333333897,0.8727272727272727,0.0,-67.22290909090893,21.0,21.0,91.636,0,91.80300449174476
GAS,49,2,MEDIUM,MCLAREN,0.0,91.53399999999999,0.013999999999981583,-0.057994791666662465,0.15999479166666633,-0.1406666666666704,0.8909090909090909,0.0,-72.62399999999985,22.0,22.0,91.585,0,91.75555777880317
GAS,50,2,MEDIUM,MCLAREN,0.0,91.667,0.13300000000000978,-0.23705612244898697,0.15505612244897912,-0.16400000000000622,0.9090909090909091,0.0,-85.12509090909072,23.0,23.0,91.554,0,91.72811106586157
GAS,51,2,MEDIUM,MCLAREN,0.0,91.6635,-0.003500000000002501,-0.25926499999999664,0.1497649999999996,-0.029833333333333673,0.9272727272727272,0.0,69.57381818181824,24.0,24.0,91.59,0,91.76766435291997
GAS,52,2,MEDIUM,MCLAREN,0.0,91.7265,0.06300000000000239,-0.2806519607843114,0.14415196078431336,-0.10933333333333432,0.9454545454545454,0.0,129.97272727272744,25.0,25.0,91.696,0,91.87721763997837
GAS,53,2,MEDIUM,MCLAREN,0.0,91.6545,-0.07200000000000273,-0.10067788461538504,0.14217788461538425,-0.06816666666666531,0.9636363636363636,0.0,-93.62836363636357,26.0,26.0,91.818,0,92.00277092703676
GAS,54,2,MEDIUM,MCLAREN,0.0,91.8355,0.18099999999999739,-0.15666509433962061,0.13916509433962232,-0.037499999999999055,0.9818181818181818,0.0,75.57054545454568,27.0,27.0,91.659,0,91.84732421409517
GAS,55,2,MEDIUM,MCLAREN,0.0,91.8015,-0.033999999999991815,-0.27644907407407204,0.13394907407407378,-0.039499999999999126,1.0,0.0,-8.430545454545268,28.0,28.0,91.947,0,92.13887750115356
HAM,4,1,SOFT,MERCEDES,0.0,90.5515,0.16450000000000387,-0.16333333333333636,-0.15516666666666387,-0.15516666666666387,0.07272727272727272,0.0,3.5956363636363733,4.0,0.0,90.382,0,90.3926598611752
HAM,5,1,SOFT,MERCEDES,0.0,90.515,-0.03650000000000375,0.016625000000001222,-0.1496249999999968,-0.18149999999999977,0.09090909090909091,0.0,8.494545454545488,5.0,0.0,90.774,0,90.7882131482336
HAM,6,1,SOFT,MERCEDES,0.0,90.713,0.1979999999999933,0.16850000000000306,-0.10749999999999602,-0.1301666666666629,0.10909090909090909,0.0,4.1934545454545855,6.0,0.0,90.645,0,90.662766435292
HAM,7,1,SOFT,MERCEDES,0.0,90.7765,0.06350000000000477,-0.0200000000000055,-0.11149999999999712,-0.06783333333333037,0.12727272727272726,0.0,18.892363636363683,7.0,0.0,90.746,0,90.7673197223504
HAM,8,1,SOFT,MERCEDES,0.0,90.76050000000001,-0.015999999999991132,0.08314285714284406,-0.09764285714285645,-0.028333333333335986,0.14545454545454545,0.0,-54.40872727272719,8.0,0.0,91.032,0,91.05687300940879
HAM,9,1,SOFT,MERCEDES,0.0,90.9435,0.18299999999999272,0.1628749999999961,-0.07437499999999986,-0.01916666666667292,0.16363636363636364,0.0,-61.20981818181809,9.0,0.0,91.061,0,91.0894262964672
HAM,10,1,SOFT,MERCEDES,0.0,90.98349999999999,0.03999999999999204,0.135000000000013,-0.05749999999999823,0.050499999999999545,0.18181818181818182,0.0,0.9890909090909616,10.0,0.0,91.33,0,91.3619795835256
HAM,11,1,SOFT,MERCEDES,0.0,91.08250000000001,0.09900000000001796,0.27449999999998764,-0.0269999999999996,0.13783333333333303,0.2,0.0,36.28800000000009,11.0,0.0,91.148,0,91.18353287058399
HAM,12,1,SOFT,MERCEDES,0.0,91.3165,0.23399999999999466,-0.12863636363637196,-0.039863636363636795,0.052166666666664696,0.21818181818181817,0.0,28.78690909090912,12.0,0.0,91.306,0,91.34508615764238
HAM,13,1,SOFT,MERCEDES,0.0,91.3475,0.0309999999999917,-0.0014999999999988703,-0.040000000000000334,0.012499999999993369,0.23636363636363636,0.0,31.185818181818213,13.0,0.0,91.36,0,91.4026394447008
HAM,14,1,SOFT,MERCEDES,0.0,91.37950000000001,0.03200000000001069,0.018923076923069986,-0.03842307692307783,-0.07650000000000527,0.2545454545454545,0.0,20.984727272727326,14.0,0.0,91.514,0,91.56019273175919
HAM,15,1,SOFT,MERCEDES,0.0,91.569,0.18949999999999534,-0.015392857142862634,-0.03960714285714419,-0.03866666666667129,0.2727272727272727,0.0,11.983636363636485,15.0,0.0,91.553,0,91.60274601881758
HAM,16,1,SOFT,MERCEDES,0.0,91.64099999999999,0.07199999999998852,-0.045166666666659694,-0.04283333333333417,-0.054166666666669507,0.2909090909090909,0.0,6.382545454545493,16.0,0.0,91.229,0,91.282299305876
HAM,17,1,SOFT,MERCEDES,0.0,91.626,-0.014999999999986358,-0.33203125000000444,-0.06496875000000113,-0.18000000000000208,0.3090909090909091,0.0,23.781454545454586,17.0,0.0,91.69,0,91.74685259293439
HAM,18,1,SOFT,MERCEDES,0.0,91.73349999999999,0.1074999999999875,0.020205882352947374,-0.06370588235294192,-0.17616666666666467,0.32727272727272727,0.0,32.38036363636378,18.0,0.0,91.676,0,91.73640587999279
HAM,19,1,SOFT,MERCEDES,0.0,91.87299999999999,0.13949999999999818,-0.12588888888887734,-0.07111111111111118,-0.21249999999999622,0.34545454545454546,0.0,45.57927272727277,19.0,0.0,91.859,0,91.92295916705118
HAM,20,1,SOFT,MERCEDES,0.0,91.015,-0.8579999999999899,0.8669473684210471,-0.022947368421053004,0.20116666666667035,0.36363636363636365,0.0,-76.02181818181805,20.0,0.0,92.215,0,92.2825124541096
HAM,21,1,SOFT,MERCEDES,0.0,91.1575,0.1424999999999983,1.0264250000000046,0.031074999999999874,0.56816666666667,0.38181818181818183,0.0,46.17709090909105,21.0,0.0,92.092,0,92.16306574116798
HAM,22,1,SOFT,MERCEDES,0.0,91.3005,0.14300000000000068,0.724214285714285,0.06728571428571413,0.897666666666666,0.4,0.0,-59.42399999999982,22.0,0.0,92.374,0,92.44861902822637
HAM,23,1,SOFT,MERCEDES,0.0,91.2485,-0.0519999999999925,1.0101136363636252,0.11538636363636295,0.9914999999999973,0.41818181818181815,0.0,128.7749090909092,23.0,0.0,92.273,0,92.35117231528478
HAM,24,1,SOFT,MERCEDES,0.0,91.2305,-0.018000000000000682,0.8868043478260779,0.15569565217391193,0.9864999999999924,0.43636363636363634,0.0,64.77381818181834,24.0,0.0,92.449,0,92.53072560234318
HAM,25,1,SOFT,MERCEDES,0.0,91.3245,0.09399999999999409,0.9284374999999988,0.19606249999999883,1.097499999999992,0.45454545454545453,0.0,-30.027272727272525,25.0,0.0,92.225,0,92.31027888940157
HAM,26,1,SOFT,MERCEDES,0.0,91.4735,0.1490000000000009,0.5332199999999944,0.21827999999999861,0.9728333333333268,0.4727272727272727,0.0,93.5716363636365,26.0,0.0,92.522,0,92.61083217646
HAM,27,1,SOFT,MERCEDES,0.0,91.5395,0.0660000000000025,0.734826923076926,0.24767307692307566,0.9528333333333308,0.4909090909090909,0.0,89.07054545454568,27.0,0.0,92.772,1,92.86438546351839
HAM,28,2,MEDIUM,MERCEDES,0.0,91.3665,-0.17300000000000182,1.1149444444444492,0.29055555555555446,1.0464999999999993,0.509090909090909,0.0,0.5989090909090962,1.0,1.0,90.664,0,90.75993875057678
HAM,29,2,MEDIUM,MERCEDES,0.0,90.64099999999999,-0.7255000000000109,-0.25799999999998896,0.2809999999999993,0.8036666666666719,0.5272727272727272,0.0,-2.8021818181818077,2.0,2.0,90.462,0,90.56149203763519
HAM,30,2,MEDIUM,MERCEDES,0.0,90.9255,0.2845000000000084,-0.7188275862068922,0.255327586206896,0.32166666666667254,0.5454545454545454,0.0,-5.7032727272727115,3.0,3.0,90.874,0,90.97704532469358
HAM,31,2,MEDIUM,MERCEDES,0.0,90.9385,0.01300000000000523,-0.30916666666667536,0.24466666666666584,-0.1683333333333318,0.5636363636363636,0.0,2.7956363636363903,4.0,4.0,90.727,0,90.83359861175198
HAM,32,2,MEDIUM,MERCEDES,0.0,90.9365,-0.0020000000000095497,-0.4395161290322489,0.23001612903225754,-0.24583333333333238,0.5818181818181818,0.0,8.994545454545495,5.0,5.0,90.766,0,90.87615189881038
HAM,33,2,MEDIUM,MERCEDES,0.0,90.9525,0.016000000000005343,-0.40349999999999486,0.21699999999999964,-0.15349999999999872,0.6,0.0,1.1934545454545855,6.0,6.0,90.819,0,90.93270518586878
HAM,34,2,MEDIUM,MERCEDES,0.0,91.0295,0.07699999999999818,-0.41454545454545044,0.2040454545454543,-0.20216666666666092,0.6181818181818182,0.0,-6.307636363636327,7.0,7.0,91.02,0,91.13725847292717
HAM,35,2,MEDIUM,MERCEDES,0.0,91.0955,0.0660000000000025,-0.2713235294117695,0.1958235294117643,-0.15749999999999886,0.6363636363636364,0.0,19.191272727272747,8.0,8.0,90.775,0,90.89581175998558
HAM,36,2,MEDIUM,MERCEDES,0.0,91.132,0.03650000000000375,-0.5370285714285704,0.18002857142857107,-0.21433333333333357,0.6545454545454545,0.0,29.69018181818189,9.0,9.0,91.0,0,91.12436504704398
HAM,37,2,MEDIUM,MERCEDES,0.0,91.12049999999999,-0.011500000000012278,-0.2921805555555481,0.17168055555555542,-0.18433333333333243,0.6727272727272727,0.0,30.98909090909096,10.0,10.0,91.082,0,91.20991833410237
HAM,38,2,MEDIUM,MERCEDES,0.0,91.1695,0.049000000000006594,-0.2521756756756811,0.1646756756756754,-0.18833333333333258,0.6909090909090909,0.0,-34.11199999999997,11.0,11.0,91.228,0,91.35947162116076
HAM,39,2,MEDIUM,MERCEDES,0.0,91.241,0.07150000000000034,-0.17300000000000482,0.1599999999999996,-0.07366666666666788,0.7090909090909091,0.0,8.386909090909171,12.0,12.0,91.008,0,91.14302490821918
HAM,40,2,MEDIUM,MERCEDES,0.0,91.10300000000001,-0.13799999999999102,-0.24846153846155078,0.1534615384615377,-0.06516666666667466,0.7272727272727273,0.0,41.58581818181827,13.0,13.0,91.196,0,91.33457819527757
HAM,41,2,MEDIUM,MERCEDES,0.0,91.173,0.06999999999999318,-0.12720000000000303,0.15019999999999917,-0.028333333333340722,0.7454545454545455,0.0,26.584727272727307,14.0,14.0,91.01,0,91.15213148233597
HAM,42,2,MEDIUM,MERCEDES,0.0,91.2875,0.1144999999999925,-0.4172682926829155,0.1397682926829263,-0.11650000000000205,0.7636363636363637,0.0,38.98363636363644,15.0,15.0,91.229,0,91.37468476939436
HAM,43,2,MEDIUM,MERCEDES,0.0,91.2235,-0.06399999999999295,-0.13107142857143014,0.13657142857142798,-0.08299999999999841,0.7818181818181819,0.0,3.1825454545455614,16.0,16.0,91.569,0,91.71823805645278
HAM,44,2,MEDIUM,MERCEDES,0.0,91.35300000000001,0.12950000000000728,0.07758139534883188,0.1384186046511621,-0.018666666666665794,0.8,0.0,-15.318545454545365,17.0,17.0,91.139,0,91.29179134351116
HAM,45,2,MEDIUM,MERCEDES,0.0,91.34700000000001,-0.006000000000000227,-0.3385454545454662,0.13054545454545358,0.004499999999993065,0.8181818181818182,0.0,-18.019636363636295,18.0,18.0,91.428,0,91.58434463056956
HAM,46,2,MEDIUM,MERCEDES,0.0,91.489,0.1419999999999959,-0.18728888888889483,0.12628888888888778,-0.01766666666667523,0.8363636363636363,0.0,3.779272727272854,19.0,19.0,91.283,0,91.44289791762797
HAM,47,2,MEDIUM,MERCEDES,0.0,91.271,-0.21800000000000352,-0.11180434782608542,0.12380434782608588,-0.08566666666667307,0.8545454545454545,0.0,53.97818181818195,20.0,20.0,91.432,0,91.59545120468637
HAM,48,2,MEDIUM,MERCEDES,0.0,91.52000000000001,0.24900000000000944,-0.2072978723404324,0.11929787234042431,-0.04566666666667155,0.8727272727272727,0.0,86.07709090909103,21.0,21.0,91.625,0,91.79200449174476
HAM,49,2,MEDIUM,MERCEDES,0.0,91.53399999999999,0.013999999999981583,-0.02770833333332412,0.1187083333333323,0.005000000000000189,0.8909090909090909,0.0,13.176000000000116,22.0,22.0,91.742,0,91.91255777880318
HAM,50,2,MEDIUM,MERCEDES,0.0,91.667,0.13300000000000978,-0.04281632653060845,0.11781632653061129,0.026000000000000984,0.9090909090909091,0.0,2.274909090909212,23.0,23.0,91.811,0,91.98511106586157
HAM,51,2,MEDIUM,MERCEDES,0.0,91.6635,-0.003500000000002501,0.029090000000008734,0.11840999999999922,0.10450000000000632,0.9272727272727272,0.0,-93.62618181818169,24.0,24.0,91.881,0,92.05866435291996
HAM,52,2,MEDIUM,MERCEDES,0.0,91.7265,0.06300000000000239,0.035382352941176004,0.11911764705882275,0.12566666666666984,0.9454545454545454,0.0,-100.02727272727263,25.0,25.0,91.229,0,91.41021763997837
HAM,53,2,MEDIUM,MERCEDES,0.0,91.6545,-0.07200000000000273,-0.5341442307692296,0.10864423076923001,-0.04116666666666428,0.9636363636363636,0.0,-49.4283636363635,26.0,26.0,91.829,0,92.01377092703676
HAM,54,2,MEDIUM,MERCEDES,0.0,91.8355,0.18099999999999739,-0.11297169811320937,0.10647169811320675,-0.09250000000000114,0.9818181818181818,0.0,29.670545454545596,27.0,27.0,91.852,0,92.04032421409516
HAM,55,2,MEDIUM,MERCEDES,0.0,91.8015,-0.033999999999991815,-0.05493518518518485,0.1054351851851844,-0.12716666666666754,1.0,0.0,72.76945454545469,28.0,28.0,91.823,0,92.01487750115355
LEC,4,1,SOFT,FERRARI,0.0,90.5515,0.16450000000000387,0.1443749999999966,-0.6428750000000036,-0.6428750000000036,0.07272727272727272,0.0,-0.004363636363621026,4.0,0.0,90.065,0,90.0756598611752
LEC,5,1,SOFT,FERRARI,0.0,90.515,-0.03650000000000375,0.1446562500000006,-0.5946562500000034,-0.5478333333333391,0.09090909090909091,0.0,5.494545454545481,5.0,0.0,90.494,0,90.5082131482336
LEC,6,1,SOFT,FERRARI,0.0,90.713,0.1979999999999933,0.3005250000000075,-0.5195250000000016,-0.389166666666668,0.10909090909090909,0.0,-5.406545454545423,6.0,0.0,90.494,0,90.511766435292
LEC,7,1,SOFT,FERRARI,0.0,90.7765,0.06350000000000477,0.1975208333333356,-0.48002083333333445,-0.31716666666666526,0.12727272727272726,0.0,-6.307636363636327,7.0,0.0,90.261,0,90.2823197223504
LEC,8,1,SOFT,FERRARI,0.0,90.76050000000001,-0.015999999999991132,-0.01669642857143777,-0.48280357142857405,-0.3336666666666683,0.14545454545454545,0.0,35.99127272727276,8.0,0.0,90.602,0,90.6268730094088
LEC,9,1,SOFT,FERRARI,0.0,90.9435,0.18299999999999272,0.1236406250000055,-0.46514062500000186,-0.37450000000000233,0.16363636363636364,0.0,0.8901818181818655,9.0,0.0,90.237,0,90.26542629646718
LEC,10,1,SOFT,FERRARI,0.0,90.98349999999999,0.03999999999999204,-0.25009722222221836,-0.49640277777777914,-0.5291666666666686,0.18181818181818182,0.0,2.98909090909099,10.0,0.0,90.538,0,90.5699795835256
LEC,11,1,SOFT,FERRARI,0.0,91.08250000000001,0.09900000000001796,-0.043287500000010914,-0.5012125000000026,-0.5441666666666691,0.2,0.0,-19.811999999999927,11.0,0.0,90.714,0,90.74953287058399
LEC,12,1,SOFT,FERRARI,0.0,91.3165,0.23399999999999466,-0.09207954545454877,-0.5104204545454575,-0.6311666666666724,0.21818181818181817,0.0,-15.613090909090829,12.0,0.0,90.851,0,90.89008615764239
LEC,13,1,SOFT,FERRARI,0.0,91.3475,0.0309999999999917,0.012760416666671603,-0.5092604166666691,-0.5478333333333391,0.23636363636363636,0.0,-24.71418181818175,13.0,0.0,90.82,0,90.86263944470079
LEC,14,1,SOFT,FERRARI,0.0,91.37950000000001,0.03200000000001069,-0.04637500000001071,-0.5131250000000034,-0.5528333333333393,0.2545454545454545,0.0,-42.015272727272674,14.0,0.0,90.811,0,90.8571927317592
LEC,15,1,SOFT,FERRARI,0.0,91.569,0.18949999999999534,-0.2273839285714213,-0.5306160714285743,-0.604666666666669,0.2727272727272727,0.0,25.483636363636464,15.0,0.0,91.095,0,91.14474601881759
LEC,16,1,SOFT,FERRARI,0.0,91.64099999999999,0.07199999999998852,-0.01435833333332348,-0.5316416666666688,-0.6211666666666673,0.2909090909090909,0.0,14.382545454545493,16.0,0.0,91.026,0,91.07929930587599
LEC,17,1,SOFT,FERRARI,0.0,91.626,-0.014999999999986358,-0.06408593750000602,-0.5359140625000025,-0.6346666666666655,0.3090909090909091,0.0,-27.218545454545414,17.0,0.0,91.505,0,91.56185259293439
LEC,18,1,SOFT,FERRARI,0.0,91.73349999999999,0.1074999999999875,0.2893308823529466,-0.5178308823529434,-0.4581666666666659,0.32727272727272727,0.0,-16.21963636363627,18.0,0.0,91.172,1,91.23240587999278
LEC,19,2,MEDIUM,FERRARI,0.0,91.87299999999999,0.13949999999999818,-0.17299305555554723,-0.5280069444444462,-0.5098333333333329,0.34545454545454546,0.0,-4.101090909090907,1.0,1.0,90.2,0,90.26395916705118
LEC,20,2,MEDIUM,FERRARI,0.0,91.015,-0.8579999999999899,-0.2718881578947331,-0.5431118421052646,-0.581499999999996,0.36363636363636365,0.0,-0.6021818181818048,2.0,2.0,90.177,0,90.2445124541096
LEC,21,2,MEDIUM,FERRARI,0.0,91.1575,0.1424999999999983,-0.41551874999999117,-0.564981250000001,-0.8321666666666611,0.38181818181818183,0.0,-9.30327272727272,3.0,3.0,90.327,0,90.39806574116798
LEC,22,2,MEDIUM,FERRARI,0.0,91.3005,0.14300000000000068,-0.3890654761904765,-0.5844345238095249,-0.922999999999997,0.4,0.0,-9.20436363636361,4.0,4.0,90.073,0,90.14761902822637
LEC,23,2,MEDIUM,FERRARI,0.0,91.2485,-0.0519999999999925,-0.5641988636363758,-0.6113011363636379,-1.043166666666669,0.41818181818181815,0.0,2.4945454545454737,5.0,5.0,90.421,0,90.4991723152848
LEC,24,2,MEDIUM,FERRARI,0.0,91.2305,-0.018000000000000682,-0.1895815217391288,-0.6199184782608711,-0.9861666666666716,0.43636363636363634,0.0,0.593454545454577,6.0,6.0,90.415,0,90.49672560234319
LEC,25,2,MEDIUM,FERRARI,0.0,91.3245,0.09399999999999409,-0.27751562499999294,-0.6319843750000013,-0.964833333333336,0.45454545454545453,0.0,6.992363636363663,7.0,7.0,90.629,0,90.71427888940158
LEC,26,2,MEDIUM,FERRARI,0.0,91.4735,0.1490000000000009,-0.2040149999999954,-0.6404850000000011,-0.8544999999999968,0.4727272727272727,0.0,-31.20872727272723,8.0,8.0,90.671,0,90.75983217646
LEC,27,2,MEDIUM,FERRARI,0.0,91.5395,0.0660000000000025,-0.2192451923076888,-0.6492548076923086,-0.8741666666666627,0.4909090909090909,0.0,43.19018181818189,9.0,9.0,90.674,0,90.76638546351839
LEC,28,2,MEDIUM,FERRARI,0.0,91.3665,-0.17300000000000182,-0.04164351851851322,-0.6508564814814822,-0.8018333333333297,0.509090909090909,0.0,-31.010909090909067,10.0,10.0,90.414,0,90.50993875057678
LEC,29,2,MEDIUM,FERRARI,0.0,90.64099999999999,-0.7255000000000109,0.4087187500000107,-0.6357187500000003,-0.5959999999999942,0.5272727272727272,0.0,-6.6119999999999735,11.0,11.0,90.423,0,90.52249203763519
LEC,30,2,MEDIUM,FERRARI,0.0,90.9255,0.2845000000000084,0.12862500000000243,-0.6311250000000002,-0.47399999999999426,0.5454545454545454,0.0,-13.21309090909088,12.0,12.0,90.749,0,90.85204532469358
LEC,31,2,MEDIUM,FERRARI,0.0,90.9385,0.01300000000000523,0.42690416666665765,-0.6164041666666672,-0.3063333333333323,0.5636363636363636,0.0,-79.31418181818174,13.0,13.0,90.445,0,90.55159861175197
LEC,32,2,MEDIUM,FERRARI,0.0,90.9365,-0.0020000000000095497,0.12087499999999851,-0.6123750000000006,-0.3945000000000031,0.5818181818181818,0.0,-25.215272727272634,14.0,14.0,90.765,0,90.87515189881037
LEC,33,2,MEDIUM,FERRARI,0.0,90.9525,0.016000000000005343,0.41159765625000055,-0.5990976562500006,-0.28950000000000387,0.6,0.0,-40.516363636363515,15.0,15.0,90.986,0,91.09970518586879
LEC,34,2,MEDIUM,FERRARI,0.0,91.0295,0.07699999999999818,0.5387613636363695,-0.582261363636364,-0.2408333333333322,0.6181818181818182,0.0,-20.81745454545444,16.0,16.0,90.61,0,90.72725847292718
LEC,35,2,MEDIUM,FERRARI,0.0,91.0955,0.0660000000000025,0.09391544117646922,-0.579415441176471,-0.23883333333333212,0.6363636363636364,0.0,6.7814545454545865,17.0,17.0,91.052,0,91.17281175998558
LEC,36,2,MEDIUM,FERRARI,0.0,91.132,0.03650000000000375,0.48514642857143064,-0.5651464285714289,-0.2029999999999982,0.6545454545454545,0.0,8.980363636363705,18.0,18.0,90.999,1,91.12336504704398
LEC,37,3,HARD,FERRARI,0.0,91.12049999999999,-0.011500000000012278,0.43132291666666944,-0.5528229166666669,-0.2289999999999992,0.6727272727272727,0.0,-2.201090909090901,1.0,0.0,90.569,0,90.69691833410238
LEC,38,3,HARD,FERRARI,0.0,91.1695,0.049000000000006594,-0.04638851351351003,-0.5541114864864867,-0.2673333333333308,0.6909090909090909,0.0,-1.6021818181818048,2.0,0.0,90.445,0,90.57647162116076
LEC,39,3,HARD,FERRARI,0.0,91.241,0.07150000000000034,-0.23552302631579558,-0.5604769736842109,-0.5060000000000002,0.7090909090909091,0.0,10.796727272727288,3.0,0.0,90.634,0,90.76902490821918
LEC,40,3,HARD,FERRARI,0.0,91.10300000000001,-0.13799999999999102,0.08913141025640248,-0.5581314102564108,-0.6218333333333371,0.7272727272727273,0.0,-15.604363636363615,4.0,0.0,90.402,0,90.54057819527758
LEC,41,3,HARD,FERRARI,0.0,91.173,0.06999999999999318,-0.20754687500000024,-0.5634531250000006,-0.6786666666666719,0.7454545454545455,0.0,-8.005454545454533,5.0,0.0,90.495,0,90.63713148233597
LEC,42,3,HARD,FERRARI,0.0,91.2875,0.1144999999999925,-0.22346036585364804,-0.5690396341463417,-0.6774999999999997,0.7636363636363637,0.0,6.593454545454577,6.0,0.0,90.612,0,90.75768476939436
LEC,43,3,HARD,FERRARI,0.0,91.2235,-0.06399999999999295,-0.041449404761910946,-0.5700505952380956,-0.7249999999999991,0.7818181818181819,0.0,-3.507636363636337,7.0,0.0,90.635,0,90.78423805645278
LEC,44,3,HARD,FERRARI,0.0,91.35300000000001,0.12950000000000728,-0.1445087209302356,-0.5734912790697679,-0.7073333333333333,0.8,0.0,-20.008727272727242,8.0,0.0,90.829,0,90.98179134351116
LEC,45,3,HARD,FERRARI,0.0,91.34700000000001,-0.006000000000000227,0.05423011363634955,-0.5722301136363644,-0.6158333333333417,0.8181818181818182,0.0,-30.609818181818135,9.0,0.0,90.735,0,90.89134463056956
LEC,46,3,HARD,FERRARI,0.0,91.489,0.1419999999999959,-0.1777305555555595,-0.5762694444444454,-0.6633333333333411,0.8363636363636363,0.0,38.98909090909093,10.0,0.0,90.81,0,90.96989791762797
LEC,47,3,HARD,FERRARI,0.0,91.271,-0.21800000000000352,0.11276358695652411,-0.5737635869565226,-0.5776666666666728,0.8545454545454545,0.0,-5.511999999999958,11.0,0.0,91.229,0,91.39245120468637
LEC,48,3,HARD,FERRARI,0.0,91.52000000000001,0.24900000000000944,0.27674734042552196,-0.567747340425533,-0.5020000000000048,0.8727272727272727,0.0,-6.013090909090863,12.0,0.0,90.629,0,90.79600449174477
LEC,49,3,HARD,FERRARI,0.0,91.53399999999999,0.013999999999981583,-0.33022656249998616,-0.5747734375000008,-0.5523333333333321,0.8909090909090909,0.0,-15.614181818181713,13.0,0.0,91.136,0,91.30655777880317
LEC,50,3,HARD,FERRARI,0.0,91.667,0.13300000000000978,0.042880102040811274,-0.5738801020408172,-0.575666666666668,0.9090909090909091,0.0,-18.215272727272634,14.0,0.0,90.927,0,91.10111106586157
LEC,51,3,HARD,FERRARI,0.0,91.6635,-0.003500000000002501,-0.15936749999999167,-0.5771325000000007,-0.7241666666666617,0.9272727272727272,0.0,23.983636363636442,15.0,0.0,90.581,0,90.75866435291996
LEC,52,3,HARD,FERRARI,0.0,91.7265,0.06300000000000239,-0.557223039215684,-0.5882769607843145,-0.8043333333333322,0.9454545454545454,0.0,-43.217454545454416,16.0,0.0,91.072,0,91.25321763997837
LEC,53,3,HARD,FERRARI,0.0,91.6545,-0.07200000000000273,0.005665865384619995,-0.588165865384616,-0.8214999999999956,0.9636363636363636,0.0,-37.41854545454532,17.0,0.0,90.856,0,91.04077092703676
LEC,54,3,HARD,FERRARI,0.0,91.8355,0.18099999999999739,-0.38395047169811414,-0.5955495283018875,-0.9024999999999986,0.9818181818181818,0.0,-43.21963636363627,18.0,0.0,91.042,0,91.23032421409516
LEC,55,3,HARD,FERRARI,0.0,91.8015,-0.033999999999991815,-0.16091435185185388,-0.5985856481481489,-0.7738333333333335,1.0,0.0,-43.720727272727146,19.0,0.0,91.082,0,91.27387750115355
NOR,4,1,SOFT,MCLAREN,0.0,90.5515,0.16450000000000387,-0.12366666666666504,0.13016666666666765,0.13016666666666765,0.07272727272727272,0.0,-10.804363636363604,4.0,0.0,90.719,0,90.7296598611752
NOR,5,1,SOFT,MCLAREN,0.0,90.515,-0.03650000000000375,0.0553749999999944,0.14862499999999912,0.12549999999999764,0.09090909090909091,0.0,-4.505454545454519,5.0,0.0,90.782,0,90.79621314823359
NOR,6,1,SOFT,MCLAREN,0.0,90.713,0.1979999999999933,-0.0636999999999972,0.13269999999999982,0.09316666666666625,0.10909090909090909,0.0,1.1934545454545855,6.0,0.0,91.001,0,91.01876643529201
NOR,7,1,SOFT,MCLAREN,0.0,90.7765,0.06350000000000477,0.07650000000000526,0.14800000000000088,0.16583333333333408,0.12727272727272726,0.0,9.792363636363653,7.0,0.0,90.731,0,90.75231972235039
NOR,8,1,SOFT,MCLAREN,0.0,90.76050000000001,-0.015999999999991132,-0.15214285714286901,0.12264285714285604,0.0879999999999986,0.14545454545454545,0.0,4.791272727272769,8.0,0.0,91.196,0,91.22087300940879
NOR,9,1,SOFT,MCLAREN,0.0,90.9435,0.18299999999999272,0.11362499999999898,0.13887499999999875,0.14916666666666364,0.16363636363636364,0.0,23.390181818181865,9.0,0.0,90.868,0,90.89642629646718
NOR,10,1,SOFT,MCLAREN,0.0,90.98349999999999,0.03999999999999204,-0.22611111111110757,0.1106111111111103,0.035833333333329165,0.18181818181818182,0.0,21.989090909090976,10.0,0.0,91.32,0,91.35197958352559
NOR,11,1,SOFT,MCLAREN,0.0,91.08250000000001,0.09900000000001796,0.11419999999998538,0.12329999999999756,0.1248333333333278,0.2,0.0,16.488000000000042,11.0,0.0,91.391,0,91.426532870584
NOR,12,1,SOFT,MCLAREN,0.0,91.3165,0.23399999999999466,-0.04436363636363373,0.11886363636363419,0.06549999999999538,0.21818181818181817,0.0,17.986909090909137,12.0,0.0,91.775,0,91.8140861576424
NOR,13,1,SOFT,MCLAREN,0.0,91.3475,0.0309999999999917,0.28291666666667703,0.1445833333333321,0.2464999999999975,0.23636363636363636,0.0,42.88581818181829,13.0,0.0,91.892,0,91.93463944470079
NOR,14,1,SOFT,MCLAREN,0.0,91.37950000000001,0.03200000000001069,0.33961538461537527,0.17288461538461336,0.33816666666666606,0.2545454545454545,0.0,-32.215272727272634,14.0,0.0,91.709,0,91.7551927317592
NOR,15,1,SOFT,MCLAREN,0.0,91.569,0.18949999999999534,-0.03053571428571189,0.17053571428571246,0.35999999999999943,0.2727272727272727,0.0,4.483636363636485,15.0,0.0,91.729,0,91.77874601881759
NOR,16,1,SOFT,MCLAREN,0.0,91.64099999999999,0.07199999999998852,-0.0770333333333241,0.16503333333333217,0.24683333333333243,0.2909090909090909,0.0,17.58254545454554,16.0,0.0,91.771,0,91.824299305876
NOR,17,1,SOFT,MCLAREN,0.0,91.626,-0.014999999999986358,-0.018781250000002636,0.16378124999999866,0.12433333333333489,0.3090909090909091,0.0,-68.01854545454539,17.0,0.0,91.87,0,91.9268525929344
NOR,18,1,SOFT,MCLAREN,0.0,91.73349999999999,0.1074999999999875,-0.025676470588222478,0.16217647058823476,0.12316666666667213,0.32727272727272727,0.0,30.580363636363757,18.0,0.0,91.98,1,92.04040587999279
NOR,19,2,MEDIUM,MCLAREN,0.0,91.87299999999999,0.13949999999999818,-0.05211111111109781,0.15911111111111134,0.12950000000000728,0.34545454545454546,0.0,-2.5010909090909053,1.0,1.0,90.709,0,90.77295916705118
NOR,20,2,MEDIUM,MCLAREN,0.0,91.015,-0.8579999999999899,-0.44063157894736615,0.1346315789473688,-0.02083333333332386,0.36363636363636365,0.0,-0.002181818181810513,2.0,2.0,90.707,0,90.77451245410958
NOR,21,2,MEDIUM,MCLAREN,0.0,91.1575,0.1424999999999983,-0.5558750000000053,0.10537500000000008,-0.21649999999999636,0.38181818181818183,0.0,14.096727272727293,3.0,3.0,90.845,0,90.91606574116798
NOR,22,2,MEDIUM,MCLAREN,0.0,91.3005,0.14300000000000068,-0.5341666666666673,0.07866666666666672,-0.4040000000000011,0.4,0.0,9.595636363636373,4.0,4.0,90.748,0,90.82261902822638
NOR,23,2,MEDIUM,MCLAREN,0.0,91.2485,-0.0519999999999925,-0.5528409090909114,0.05234090909090903,-0.4688333333333361,0.41818181818181815,0.0,8.994545454545495,5.0,5.0,90.943,0,91.02117231528479
NOR,24,2,MEDIUM,MCLAREN,0.0,91.2305,-0.018000000000000682,-0.32506521739131244,0.03756521739130392,-0.41450000000000387,0.43636363636363634,0.0,-9.60654545454544,6.0,6.0,91.052,0,91.13372560234319
NOR,25,2,MEDIUM,MCLAREN,0.0,91.3245,0.09399999999999409,-0.29714583333332695,0.024645833333333183,-0.35350000000000154,0.45454545454545453,0.0,-11.907636363636307,7.0,7.0,91.175,0,91.26027888940158
NOR,26,2,MEDIUM,MCLAREN,0.0,91.4735,0.1490000000000009,-0.3102200000000039,0.011719999999999686,-0.28616666666666885,0.4727272727272727,0.0,20.79127272727277,8.0,8.0,91.165,0,91.25383217646
NOR,27,2,MEDIUM,MCLAREN,0.0,91.5395,0.0660000000000025,-0.37136538461538204,-0.0031346153846155945,-0.3151666666666652,0.4909090909090909,0.0,17.09018181818184,9.0,9.0,91.281,0,91.37338546351839
NOR,28,2,MEDIUM,MCLAREN,0.0,91.3665,-0.17300000000000182,-0.0793148148148109,-0.006185185185185244,-0.25283333333333263,0.509090909090909,0.0,17.98909090909099,10.0,10.0,91.492,0,91.58793875057678
NOR,29,2,MEDIUM,MCLAREN,0.0,90.64099999999999,-0.7255000000000109,0.8265714285714415,0.024428571428571848,0.13033333333333985,0.5272727272727272,0.0,-5.511999999999958,11.0,11.0,91.221,0,91.32049203763519
NOR,30,2,MEDIUM,MCLAREN,0.0,90.9255,0.2845000000000084,0.26172413793103805,0.03377586206896606,0.35366666666667373,0.5454545454545454,0.0,-3.613090909090829,12.0,12.0,91.446,0,91.54904532469358
NOR,31,2,MEDIUM,MCLAREN,0.0,90.9385,0.01300000000000523,0.4579333333333262,0.04956666666666697,0.5513333333333369,0.5636363636363636,0.0,-5.21418181818175,13.0,13.0,91.752,0,91.85859861175197
NOR,32,2,MEDIUM,MCLAREN,0.0,90.9365,-0.0020000000000095497,0.7412258064516127,0.0742741935483874,0.5394999999999991,0.5818181818181818,0.0,5.5847272727273065,14.0,14.0,91.442,0,91.55215189881037
NOR,33,2,MEDIUM,MCLAREN,0.0,90.9525,0.016000000000005343,0.40224999999999245,0.08725000000000005,0.604166666666662,0.6,0.0,17.983636363636464,15.0,15.0,91.654,0,91.76770518586878
NOR,34,2,MEDIUM,MCLAREN,0.0,91.0295,0.07699999999999818,0.5209696969696946,0.103530303030303,0.6431666666666634,0.6181818181818182,0.0,-14.417454545454461,16.0,16.0,91.601,0,91.71825847292718
NOR,35,2,MEDIUM,MCLAREN,0.0,91.0955,0.0660000000000025,0.39014705882352735,0.1153529411764705,0.5398333333333293,0.6363636363636364,0.0,-22.11854545454534,17.0,17.0,91.699,0,91.81981175998557
NOR,36,2,MEDIUM,MCLAREN,0.0,91.132,0.03650000000000375,0.4387428571428505,0.12825714285714257,0.5656666666666629,0.6545454545454545,0.0,-32.41963636363624,18.0,18.0,91.322,1,91.44636504704398
NOR,37,3,HARD,MCLAREN,0.0,91.12049999999999,-0.011500000000012278,0.07120833333334334,0.13029166666666667,0.42466666666666697,0.6727272727272727,0.0,3.098909090909096,1.0,0.0,91.403,0,91.53091833410238
NOR,38,3,HARD,MCLAREN,0.0,91.1695,0.049000000000006594,0.10041891891892521,0.13308108108108127,0.3340000000000032,0.6909090909090909,0.0,1.7978181818181866,2.0,0.0,91.368,0,91.49947162116077
NOR,39,3,HARD,MCLAREN,0.0,91.241,0.07150000000000034,-0.0059210526315836565,0.132921052631579,0.18733333333333727,0.7090909090909091,0.0,2.0967272727272928,3.0,0.0,91.196,0,91.33102490821918
NOR,40,3,HARD,MCLAREN,0.0,91.10300000000001,-0.13799999999999102,-0.03889743589744635,0.13189743589743566,0.1511666666666637,0.7272727272727273,0.0,-3.6043636363636153,4.0,0.0,91.335,0,91.47357819527757
NOR,41,3,HARD,MCLAREN,0.0,91.173,0.06999999999999318,0.029349999999992354,0.13264999999999957,0.12733333333332553,0.7454545454545455,0.0,14.494545454545467,5.0,0.0,91.377,0,91.51913148233596
NOR,42,3,HARD,MCLAREN,0.0,91.2875,0.1144999999999925,-0.04209756097560835,0.13159756097560937,0.11483333333332742,0.7636363636363637,0.0,4.1934545454545855,6.0,0.0,91.218,0,91.36368476939437
NOR,43,3,HARD,MCLAREN,0.0,91.2235,-0.06399999999999295,-0.13383333333333086,0.12833333333333302,0.08199999999999837,0.7818181818181819,0.0,0.6923636363636732,7.0,0.0,91.667,0,91.81623805645278
NOR,44,3,HARD,MCLAREN,0.0,91.35300000000001,0.12950000000000728,0.18134883720929576,0.1326511627906972,0.13266666666666538,0.8,0.0,8.79127272727277,8.0,0.0,91.239,0,91.39179134351117
NOR,45,3,HARD,MCLAREN,0.0,91.34700000000001,-0.006000000000000227,-0.2351818181818217,0.12718181818181762,0.06683333333333034,0.8181818181818182,0.0,21.59018181818184,9.0,0.0,91.55,0,91.70634463056956
NOR,46,3,HARD,MCLAREN,0.0,91.489,0.1419999999999959,-0.06471111111111758,0.1257111111111104,0.0889999999999939,0.8363636363636363,0.0,-35.01090909090905,10.0,0.0,91.109,0,91.26889791762797
NOR,47,3,HARD,MCLAREN,0.0,91.271,-0.21800000000000352,-0.2814565217391357,0.1194565217391296,-0.06966666666667247,0.8545454545454545,0.0,19.78800000000009,11.0,0.0,91.717,0,91.88045120468637
NOR,48,3,HARD,MCLAREN,0.0,91.52000000000001,0.24900000000000944,0.07589361702126617,0.12110638297872235,0.031999999999991736,0.8727272727272727,0.0,28.78690909090912,12.0,0.0,91.443,0,91.61000449174476
NOR,49,3,HARD,MCLAREN,0.0,91.53399999999999,0.013999999999981583,-0.20768749999999309,0.1166874999999991,-0.018666666666670533,0.8909090909090909,0.0,18.185818181818213,13.0,0.0,91.789,0,91.95955777880317
NOR,50,3,HARD,MCLAREN,0.0,91.667,0.13300000000000978,0.005204081632653845,0.11679591836734604,0.07599999999999814,0.9090909090909091,0.0,6.984727272727326,14.0,0.0,91.516,0,91.69011106586157
NOR,51,3,HARD,MCLAREN,0.0,91.6635,-0.003500000000002501,-0.25900999999999297,0.11150999999999925,-0.03883333333332928,0.9272727272727272,0.0,13.4836363636364,15.0,0.0,91.55,0,91.72766435291996
NOR,52,3,HARD,MCLAREN,0.0,91.7265,0.06300000000000239,-0.2823627450980427,0.10586274509803839,-0.06733333333333273,0.9454545454545454,0.0,-28.81745454545444,16.0,0.0,91.613,0,91.79421763997837
NOR,53,3,HARD,MCLAREN,0.0,91.6545,-0.07200000000000273,-0.14452884615384456,0.10302884615384536,-0.12183333333333242,0.9636363636363636,0.0,-10.218545454545414,17.0,0.0,91.919,0,92.10377092703676
NOR,54,3,HARD,MCLAREN,0.0,91.8355,0.18099999999999739,-0.01916037735848901,0.1026603773584898,-0.044833333333334245,0.9818181818181818,0.0,23.380363636363782,18.0,0.0,91.751,0,91.93932421409517
NOR,55,3,HARD,MCLAREN,0.0,91.8015,-0.033999999999991815,-0.1503240740740729,0.09982407407407334,-0.0028333333333326514,1.0,0.0,1.8792727272728271,19.0,0.0,91.996,0,92.18787750115355
PER,4,1,SOFT,RED BULL,0.0,90.5515,0.16450000000000387,0.08899999999999386,-0.5274999999999986,-0.5274999999999986,0.07272727272727272,0.0,1.995636363636379,4.0,0.0,89.958,0,89.9686598611752
PER,5,1,SOFT,RED BULL,0.0,90.515,-0.03650000000000375,-0.022125000000002615,-0.5348749999999995,-0.5551666666666696,0.09090909090909091,0.0,-4.505454545454519,5.0,0.0,89.8,0,89.81421314823359
PER,6,1,SOFT,RED BULL,0.0,90.713,0.1979999999999933,-0.30249999999999777,-0.6104999999999989,-0.6361666666666679,0.10909090909090909,0.0,-10.206545454545406,6.0,0.0,91.229,0,91.246766435292
PER,7,1,SOFT,RED BULL,0.0,90.7765,0.06350000000000477,0.885833333333333,-0.4333333333333324,-0.3391666666666661,0.12727272727272726,0.0,-18.207636363636347,7.0,0.0,90.191,0,90.2123197223504
PER,8,1,SOFT,RED BULL,0.0,90.76050000000001,-0.015999999999991132,-0.11671428571429082,-0.4527857142857142,-0.3433333333333337,0.14545454545454545,0.0,-7.208727272727231,8.0,0.0,90.34,0,90.3648730094088
PER,9,1,SOFT,RED BULL,0.0,90.9435,0.18299999999999272,-0.1318749999999973,-0.4716249999999995,-0.24016666666666708,0.16363636363636364,0.0,0.8901818181818655,9.0,0.0,90.837,0,90.86542629646719
PER,10,1,SOFT,RED BULL,0.0,90.98349999999999,0.03999999999999204,0.28900000000000936,-0.43549999999999833,-0.43983333333333025,0.18181818181818182,0.0,-8.010909090909024,10.0,0.0,90.715,0,90.7469795835256
PER,11,1,SOFT,RED BULL,0.0,91.08250000000001,0.09900000000001796,0.06119999999999237,-0.4286999999999992,-0.37249999999999756,0.2,0.0,-29.71199999999991,11.0,0.0,90.564,0,90.59953287058399
PER,12,1,SOFT,RED BULL,0.0,91.3165,0.23399999999999466,-0.29436363636364793,-0.458136363636364,-0.42216666666666924,0.21818181818181817,0.0,7.186909090909154,12.0,0.0,90.716,0,90.75508615764238
PER,13,1,SOFT,RED BULL,0.0,91.3475,0.0309999999999917,-0.15891666666666876,-0.47258333333333385,-0.5838333333333404,0.23636363636363636,0.0,-36.41418181818173,13.0,0.0,90.97,0,91.0126394447008
PER,14,1,SOFT,RED BULL,0.0,91.37950000000001,0.03200000000001069,0.05823076923076198,-0.4677307692307704,-0.597833333333341,0.2545454545454545,0.0,79.78472727272737,14.0,0.0,91.069,0,91.1151927317592
PER,15,1,SOFT,RED BULL,0.0,91.569,0.18949999999999534,-0.029964285714284666,-0.47003571428571533,-0.5136666666666704,0.2727272727272727,0.0,-25.516363636363515,15.0,0.0,91.252,0,91.30174601881758
PER,16,1,SOFT,RED BULL,0.0,91.64099999999999,0.07199999999998852,0.07563333333333827,-0.46463333333333406,-0.43283333333333474,0.2909090909090909,0.0,-0.017454545454484105,16.0,0.0,90.895,0,90.94829930587599
PER,17,1,SOFT,RED BULL,0.0,91.626,-0.014999999999986358,-0.24971875000000754,-0.4812812500000012,-0.5400000000000015,0.3090909090909091,0.0,-35.71854545454541,17.0,0.0,91.084,0,91.1408525929344
PER,18,1,SOFT,RED BULL,0.0,91.73349999999999,0.1074999999999875,-0.15832352941175332,-0.49117647058823577,-0.5898333333333312,0.32727272727272727,0.0,39.58036363636376,18.0,0.0,91.249,1,91.30940587999278
PER,19,2,MEDIUM,RED BULL,0.0,91.87299999999999,0.13949999999999818,-0.12544444444443947,-0.49855555555555575,-0.6681666666666644,0.34545454545454546,0.0,0.6989090909090976,1.0,1.0,90.113,0,90.17695916705118
PER,20,2,MEDIUM,RED BULL,0.0,91.015,-0.8579999999999899,-0.3822105263157902,-0.5197894736842108,-0.7251666666666617,0.36363636363636365,0.0,4.597818181818198,2.0,2.0,90.344,0,90.41151245410958
PER,21,2,MEDIUM,RED BULL,0.0,91.1575,0.1424999999999983,-0.2790250000000043,-0.5344750000000005,-0.7798333333333337,0.38181818181818183,0.0,-4.80327272727272,3.0,3.0,90.104,0,90.17506574116798
PER,22,2,MEDIUM,RED BULL,0.0,91.3005,0.14300000000000068,-0.6304999999999998,-0.5660000000000005,-0.9706666666666687,0.4,0.0,-4.004363636363621,4.0,4.0,90.561,0,90.63561902822639
PER,23,2,MEDIUM,RED BULL,0.0,91.2485,-0.0519999999999925,-0.11597727272727232,-0.5715227272727277,-0.8991666666666683,0.41818181818181815,0.0,-17.505454545454526,5.0,5.0,90.36,0,90.43817231528479
PER,24,2,MEDIUM,RED BULL,0.0,91.2305,-0.018000000000000682,-0.28597826086957145,-0.5845217391304355,-0.9181666666666691,0.43636363636363634,0.0,7.1934545454545855,6.0,6.0,90.353,0,90.43472560234318
PER,25,2,MEDIUM,RED BULL,0.0,91.3245,0.09399999999999409,-0.3708541666666717,-0.6006458333333343,-0.843166666666671,0.45454545454545453,0.0,8.392363636363683,7.0,7.0,90.731,0,90.81627888940157
PER,26,2,MEDIUM,RED BULL,0.0,91.4735,0.1490000000000009,-0.13618000000000563,-0.6063200000000012,-0.8615000000000066,0.4727272727272727,0.0,3.1912727272727466,8.0,8.0,90.574,0,90.66283217645999
PER,27,2,MEDIUM,RED BULL,0.0,91.5395,0.0660000000000025,-0.345365384615389,-0.6201346153846168,-0.8931666666666729,0.4909090909090909,0.0,-5.40981818181816,9.0,9.0,90.601,0,90.69338546351838
PER,28,2,MEDIUM,RED BULL,0.0,91.3665,-0.17300000000000182,-0.13998148148148304,-0.6255185185185199,-0.8245000000000052,0.509090909090909,0.0,12.98909090909099,10.0,10.0,90.597,0,90.69293875057677
PER,29,2,MEDIUM,RED BULL,0.0,90.64099999999999,-0.7255000000000109,0.5607500000000043,-0.6047500000000012,-0.5916666666666686,0.5272727272727272,0.0,-19.811999999999927,11.0,11.0,90.596,0,90.69549203763519
PER,30,2,MEDIUM,RED BULL,0.0,90.9255,0.2845000000000084,0.2657586206896604,-0.5952586206896563,-0.37966666666666526,0.5454545454545454,0.0,28.78690909090912,12.0,12.0,90.583,0,90.68604532469358
PER,31,2,MEDIUM,RED BULL,0.0,90.9385,0.01300000000000523,0.23176666666666157,-0.5872666666666679,-0.24299999999999974,0.5636363636363636,0.0,-42.91418181818173,13.0,13.0,90.744,0,90.85059861175198
PER,32,2,MEDIUM,RED BULL,0.0,90.9365,-0.0020000000000095497,0.3820322580645218,-0.5745322580645172,-0.29249999999999926,0.5818181818181818,0.0,-50.41527272727269,14.0,14.0,90.841,0,90.95115189881037
PER,33,2,MEDIUM,RED BULL,0.0,90.9525,0.016000000000005343,0.44856249999999465,-0.5600625000000012,-0.21983333333333613,0.6,0.0,-4.516363636363536,15.0,15.0,90.555,0,90.66870518586879
PER,34,2,MEDIUM,RED BULL,0.0,91.0295,0.07699999999999818,0.08296969696970602,-0.557469696969698,-0.259499999999998,0.6181818181818182,0.0,27.18254545454556,16.0,16.0,90.822,0,90.93925847292718
PER,35,2,MEDIUM,RED BULL,0.0,91.0955,0.0660000000000025,0.27561764705882585,-0.5491176470588244,-0.28649999999999903,0.6363636363636364,0.0,27.181454545454635,17.0,17.0,90.84,0,90.96081175998557
PER,36,2,MEDIUM,RED BULL,0.0,91.132,0.03650000000000375,0.24977142857142787,-0.5417714285714295,-0.346666666666664,0.6545454545454545,0.0,-68.41963636363624,18.0,18.0,91.037,1,91.16136504704399
PER,37,3,HARD,RED BULL,0.0,91.12049999999999,-0.011500000000012278,0.4455416666666806,-0.5290416666666672,-0.2163333333333289,0.6727272727272727,0.0,-2.201090909090901,1.0,0.0,90.546,0,90.67391833410238
PER,38,3,HARD,RED BULL,0.0,91.1695,0.049000000000006594,-0.09190540540539793,-0.5315945945945949,-0.3329999999999937,0.6909090909090909,0.0,0.7978181818181866,2.0,0.0,90.576,0,90.70747162116076
PER,39,3,HARD,RED BULL,0.0,91.241,0.07150000000000034,-0.12989473684211106,-0.5351052631578952,-0.45733333333332854,0.7090909090909091,0.0,-9.30327272727272,3.0,0.0,90.595,0,90.73002490821918
PER,40,3,HARD,RED BULL,0.0,91.10300000000001,-0.13799999999999102,0.0264102564102473,-0.5344102564102571,-0.5988333333333363,0.7272727272727273,0.0,-12.404363636363627,4.0,0.0,90.554,0,90.69257819527758
PER,41,3,HARD,RED BULL,0.0,91.173,0.06999999999999318,-0.08247499999999908,-0.5365250000000007,-0.5973333333333386,0.7454545454545455,0.0,7.994545454545481,5.0,0.0,90.445,0,90.58713148233596
PER,42,3,HARD,RED BULL,0.0,91.2875,0.1144999999999925,-0.2985121951219517,-0.5439878048780494,-0.6565000000000035,0.7636363636363637,0.0,15.593454545454577,6.0,0.0,90.891,0,91.03668476939437
PER,43,3,HARD,RED BULL,0.0,91.2235,-0.06399999999999295,0.2064523809523855,-0.5389523809523815,-0.597999999999999,0.7818181818181819,0.0,25.892363636363683,7.0,0.0,90.631,0,90.78023805645277
PER,44,3,HARD,RED BULL,0.0,91.35300000000001,0.12950000000000728,-0.17879069767442624,-0.5432093023255822,-0.6323333333333352,0.8,0.0,-10.40872727272722,8.0,0.0,90.635,0,90.78779134351117
PER,45,3,HARD,RED BULL,0.0,91.34700000000001,-0.006000000000000227,-0.1649545454545479,-0.5470454545454554,-0.5888333333333359,0.8181818181818182,0.0,28.79018181818188,9.0,0.0,90.89,0,91.04634463056956
PER,46,3,HARD,RED BULL,0.0,91.489,0.1419999999999959,-0.05080000000000284,-0.5482000000000009,-0.6776666666666719,0.8363636363636363,0.0,7.98909090909099,10.0,0.0,90.367,0,90.52689791762798
PER,47,3,HARD,RED BULL,0.0,91.271,-0.21800000000000352,-0.3480652173912999,-0.5559347826086964,-0.7383333333333345,0.8545454545454545,0.0,5.488000000000042,11.0,0.0,90.953,0,91.11645120468637
PER,48,3,HARD,RED BULL,0.0,91.52000000000001,0.24900000000000944,-0.010829787234048927,-0.5561702127659583,-0.6900000000000025,0.8727272727272727,0.0,64.78690909090912,12.0,0.0,91.148,0,91.31500449174476
PER,49,3,HARD,RED BULL,0.0,91.53399999999999,0.013999999999981583,0.16662500000000513,-0.5526250000000008,-0.6189999999999998,0.8909090909090909,0.0,-63.71418181818175,13.0,0.0,90.694,0,90.86455777880317
PER,50,3,HARD,RED BULL,0.0,91.667,0.13300000000000978,-0.4117959183673452,-0.5612040816326538,-0.6420000000000007,0.9090909090909091,0.0,-7.015272727272674,14.0,0.0,90.858,0,91.03211106586157
PER,51,3,HARD,RED BULL,0.0,91.6635,-0.003500000000002501,-0.23940999999999435,-0.5660900000000006,-0.7214999999999966,0.9272727272727272,0.0,-31.5163636363636,15.0,0.0,90.867,0,91.04466435291997
PER,52,3,HARD,RED BULL,0.0,91.7265,0.06300000000000239,-0.2876568627450945,-0.5718431372549025,-0.8793333333333303,0.9454545454545454,0.0,-60.81745454545444,16.0,0.0,90.801,0,90.98221763997837
PER,53,3,HARD,RED BULL,0.0,91.6545,-0.07200000000000273,-0.2762403846153809,-0.5772596153846159,-0.8394999999999962,0.9636363636363636,0.0,42.48145454545461,17.0,0.0,91.029,0,91.21377092703676
PER,54,3,HARD,RED BULL,0.0,91.8355,0.18099999999999739,-0.22491509433962187,-0.5815849056603779,-0.8398333333333312,0.9818181818181818,0.0,-68.41963636363624,18.0,0.0,90.843,0,91.03132421409516
PER,55,3,HARD,RED BULL,0.0,91.8015,-0.033999999999991815,-0.3699351851851854,-0.5885648148148154,-0.8728333333333325,1.0,0.0,1.8792727272728271,19.0,0.0,90.999,0,91.19087750115355
PIA,4,1,SOFT,FERRARI,0.0,90.5515,0.16450000000000387,-0.2220000000000037,-0.11749999999999734,-0.11749999999999734,0.07272727272727272,0.0,-14.404363636363627,4.0,0.0,90.648,0,90.6586598611752
PIA,5,1,SOFT,FERRARI,0.0,90.515,-0.03650000000000375,0.18787499999999469,-0.05487499999999912,-0.05749999999999981,0.09090909090909091,0.0,7.494545454545474,5.0,0.0,90.516,0,90.5302131482336
PIA,6,1,SOFT,FERRARI,0.0,90.713,0.1979999999999933,-0.11369999999999152,-0.083299999999997,-0.13449999999999798,0.10909090909090909,0.0,18.593454545454577,6.0,0.0,90.562,0,90.579766435292
PIA,7,1,SOFT,FERRARI,0.0,90.7765,0.06350000000000477,-0.10933333333333668,-0.10516666666666434,-0.09283333333333132,0.12727272727272726,0.0,7.692363636363673,7.0,0.0,90.597,0,90.61831972235039
PIA,8,1,SOFT,FERRARI,0.0,90.76050000000001,-0.015999999999991132,-0.050000000000013395,-0.1134999999999999,-0.19166666666666762,0.14545454545454545,0.0,-16.008727272727242,8.0,0.0,90.606,0,90.63087300940879
PIA,9,1,SOFT,FERRARI,0.0,90.9435,0.18299999999999272,-0.19600000000000506,-0.14150000000000063,-0.23850000000000668,0.16363636363636364,0.0,26.990181818181853,9.0,0.0,90.923,0,90.95142629646719
PIA,10,1,SOFT,FERRARI,0.0,90.98349999999999,0.03999999999999204,0.07200000000000906,-0.1324999999999995,-0.1871666666666698,0.18181818181818182,0.0,-44.01090909090904,10.0,0.0,91.099,0,91.1309795835256
PIA,11,1,SOFT,FERRARI,0.0,91.08250000000001,0.09900000000001796,0.13409999999999372,-0.11760000000000019,-0.12716666666666754,0.2,0.0,-15.411999999999942,11.0,0.0,91.242,0,91.277532870584
PIA,12,1,SOFT,FERRARI,0.0,91.3165,0.23399999999999466,0.03918181818181794,-0.1136818181818184,-0.039499999999999126,0.21818181818181817,0.0,81.58690909090919,12.0,0.0,91.319,0,91.35808615764239
PIA,13,1,SOFT,FERRARI,0.0,91.3475,0.0309999999999917,0.07808333333333906,-0.10658333333333303,-0.028833333333333638,0.23636363636363636,0.0,-55.91418181818173,13.0,0.0,91.399,0,91.4416394447008
PIA,14,1,SOFT,FERRARI,0.0,91.37950000000001,0.03200000000001069,0.11638461538460923,-0.0968846153846156,-0.0278333333333336,0.2545454545454545,0.0,4.184727272727386,14.0,0.0,91.515,0,91.56119273175919
PIA,15,1,SOFT,FERRARI,0.0,91.569,0.18949999999999534,0.03982142857142687,-0.09382142857142892,-0.021000000000000796,0.2727272727272727,0.0,-37.51636363636358,15.0,0.0,91.454,0,91.50374601881758
PIA,16,1,SOFT,FERRARI,0.0,91.64099999999999,0.07199999999998852,-0.08696666666666412,-0.10003333333333349,-0.07383333333333535,0.2909090909090909,0.0,22.382545454545493,16.0,0.0,91.641,0,91.694299305876
PIA,17,1,SOFT,FERRARI,0.0,91.626,-0.014999999999986358,0.10784375000000068,-0.09284375000000011,-0.07533333333333303,0.3090909090909091,0.0,3.381454545454659,17.0,0.0,91.777,0,91.83385259293439
PIA,18,1,SOFT,FERRARI,0.0,91.73349999999999,0.1074999999999875,0.12832352941177305,-0.0848235294117643,-0.04283333333332943,0.32727272727272727,0.0,43.18036363636368,18.0,0.0,91.901,1,91.96140587999278
PIA,19,2,MEDIUM,FERRARI,0.0,91.87299999999999,0.13949999999999818,0.10655555555556065,-0.07855555555555485,0.028833333333338373,0.34545454545454546,0.0,-1.6010909090909067,1.0,1.0,90.603,0,90.66695916705117
PIA,20,2,MEDIUM,FERRARI,0.0,91.015,-0.8579999999999899,-0.3158947368421118,-0.09610526315789439,-0.1134999999999972,0.36363636363636365,0.0,5.597818181818198,2.0,2.0,90.966,0,91.03351245410958
PIA,21,2,MEDIUM,FERRARI,0.0,91.1575,0.1424999999999983,-0.09062500000000498,-0.10087499999999991,-0.19183333333333508,0.38181818181818183,0.0,-12.903272727272707,3.0,3.0,90.638,0,90.70906574116799
PIA,22,2,MEDIUM,FERRARI,0.0,91.3005,0.14300000000000068,-0.534880952380947,-0.12761904761904727,-0.42200000000000176,0.4,0.0,4.79563636363639,4.0,4.0,90.696,0,90.77061902822638
PIA,23,2,MEDIUM,FERRARI,0.0,91.2485,-0.0519999999999925,-0.4055681818181909,-0.14693181818181825,-0.4688333333333361,0.41818181818181815,0.0,-5.005454545454526,5.0,5.0,90.61,0,90.68817231528479
PIA,24,2,MEDIUM,FERRARI,0.0,91.2305,-0.018000000000000682,-0.45297826086957177,-0.16752173913043517,-0.6118333333333368,0.43636363636363634,0.0,-8.406545454545423,6.0,6.0,90.448,0,90.52972560234318
PIA,25,2,MEDIUM,FERRARI,0.0,91.3245,0.09399999999999409,-0.6794375000000065,-0.19706250000000067,-0.6831666666666744,0.45454545454545453,0.0,-8.407636363636307,7.0,7.0,90.828,0,90.91327888940158
PIA,26,2,MEDIUM,FERRARI,0.0,91.4735,0.1490000000000009,-0.43049999999999783,-0.21500000000000058,-0.7141666666666708,0.4727272727272727,0.0,11.191272727272747,8.0,8.0,91.039,0,91.12783217645999
PIA,27,2,MEDIUM,FERRARI,0.0,91.5395,0.0660000000000025,-0.2745192307692325,-0.22598076923076987,-0.6741666666666694,0.4909090909090909,0.0,13.490181818181853,9.0,9.0,90.749,0,90.84138546351838
PIA,28,2,MEDIUM,FERRARI,0.0,91.3665,-0.17300000000000182,-0.37701851851852447,-0.24048148148148235,-0.5878333333333359,0.509090909090909,0.0,18.989090909090933,10.0,10.0,91.154,0,91.24993875057677
PIA,29,2,MEDIUM,FERRARI,0.0,90.64099999999999,-0.7255000000000109,0.7265714285714344,-0.21357142857142922,-0.201666666666668,0.5272727272727272,0.0,-33.01199999999996,11.0,11.0,91.03,0,91.12949203763519
PIA,30,2,MEDIUM,FERRARI,0.0,90.9255,0.2845000000000084,0.3071034482758642,-0.20260344827586263,0.0,0.5454545454545454,0.0,3.586909090909188,12.0,12.0,91.215,0,91.31804532469359
PIA,31,2,MEDIUM,FERRARI,0.0,90.9385,0.01300000000000523,0.46313333333333256,-0.18663333333333393,0.2980000000000018,0.5636363636363636,0.0,14.28581818181825,13.0,13.0,91.202,0,91.30859861175198
PIA,32,2,MEDIUM,FERRARI,0.0,90.9365,-0.0020000000000095497,0.4375483870967776,-0.17204838709677467,0.21550000000000105,0.5818181818181818,0.0,27.984727272727326,14.0,14.0,91.076,0,91.18615189881037
PIA,33,2,MEDIUM,FERRARI,0.0,90.9525,0.016000000000005343,0.28631249999999353,-0.1628125000000007,0.22183333333333147,0.6,0.0,10.483636363636464,15.0,15.0,91.073,0,91.18670518586877
PIA,34,2,MEDIUM,FERRARI,0.0,91.0295,0.07699999999999818,0.20006060606060144,-0.1565606060606069,0.14416666666666345,0.6181818181818182,0.0,-35.217454545454416,16.0,16.0,91.494,0,91.61125847292718
PIA,35,2,MEDIUM,FERRARI,0.0,91.0955,0.0660000000000025,0.5387352941176464,-0.1402352941176479,0.1884999999999953,0.6363636363636364,0.0,-22.11854545454534,17.0,17.0,91.173,0,91.29381175998557
PIA,36,2,MEDIUM,FERRARI,0.0,91.132,0.03650000000000375,0.1760571428571406,-0.1350571428571438,0.16099999999999662,0.6545454545454545,0.0,-7.219636363636269,18.0,18.0,91.492,1,91.61636504704398
PIA,37,3,HARD,FERRARI,0.0,91.12049999999999,-0.011500000000012278,0.4924861111111234,-0.12098611111111168,0.2703333333333357,0.6727272727272727,0.0,3.298909090909099,1.0,0.0,90.796,0,90.92391833410238
PIA,38,3,HARD,FERRARI,0.0,91.1695,0.049000000000006594,-0.24568918918918167,-0.12781081081081117,0.01300000000000523,0.6909090909090909,0.0,-3.0021818181818105,2.0,0.0,90.941,0,91.07247162116077
PIA,39,3,HARD,FERRARI,0.0,91.241,0.07150000000000034,-0.16765789473683898,-0.13234210526315818,-0.10066666666665942,0.7090909090909091,0.0,-1.80327272727272,3.0,0.0,91.01,0,91.14502490821918
PIA,40,3,HARD,FERRARI,0.0,91.10300000000001,-0.13799999999999102,0.038333333333330166,-0.1313333333333337,-0.25549999999999784,0.7272727272727273,0.0,9.595636363636373,4.0,0.0,91.15,0,91.28857819527758
PIA,41,3,HARD,FERRARI,0.0,91.173,0.06999999999999318,0.10562500000000413,-0.12862500000000027,-0.1386666666666656,0.7454545454545455,0.0,11.494545454545495,5.0,0.0,91.01,0,91.15213148233597
PIA,42,3,HARD,FERRARI,0.0,91.2875,0.1144999999999925,-0.1452439024390136,-0.1322560975609756,-0.13116666666666296,0.7636363636363637,0.0,7.1934545454545855,6.0,0.0,91.055,0,91.20068476939437
PIA,43,3,HARD,FERRARI,0.0,91.2235,-0.06399999999999295,-0.03538095238094707,-0.13311904761904747,-0.15633333333332664,0.7818181818181819,0.0,-5.607636363636317,7.0,0.0,90.937,0,91.08623805645277
PIA,44,3,HARD,FERRARI,0.0,91.35300000000001,0.12950000000000728,-0.27630232558140627,-0.13969767441860476,-0.2873333333333316,0.8,0.0,16.79127272727277,8.0,0.0,91.273,0,91.42579134351116
PIA,45,3,HARD,FERRARI,0.0,91.34700000000001,-0.006000000000000227,0.06420454545453358,-0.13820454545454586,-0.21950000000000594,0.8181818181818182,0.0,-21.609818181818135,9.0,0.0,91.41,0,91.56634463056956
PIA,46,3,HARD,FERRARI,0.0,91.489,0.1419999999999959,0.05788888888888172,-0.13688888888888945,-0.189666666666677,0.8363636363636363,0.0,-6.010909090909067,10.0,0.0,91.128,0,91.28789791762797
PIA,47,3,HARD,FERRARI,0.0,91.271,-0.21800000000000352,-0.005978260869565349,-0.13702173913043533,-0.09866666666667356,0.8545454545454545,0.0,12.088000000000058,11.0,0.0,91.163,0,91.32645120468636
PIA,48,3,HARD,FERRARI,0.0,91.52000000000001,0.24900000000000944,-0.21529787234043823,-0.1417021276595753,-0.1930000000000073,0.8727272727272727,0.0,15.586909090909188,12.0,0.0,91.175,0,91.34200449174476
PIA,49,3,HARD,FERRARI,0.0,91.53399999999999,0.013999999999981583,-0.21277083333332727,-0.14622916666666738,-0.28633333333333627,0.8909090909090909,0.0,-46.81418181818179,13.0,0.0,91.502,0,91.67255777880317
PIA,50,3,HARD,FERRARI,0.0,91.667,0.13300000000000978,-0.018387755102046238,-0.14661224489796001,-0.29366666666667146,0.9090909090909091,0.0,-50.41527272727269,14.0,0.0,91.331,0,91.50511106586157
PIA,51,3,HARD,FERRARI,0.0,91.6635,-0.003500000000002501,-0.1821699999999953,-0.1503300000000007,-0.285499999999999,0.9272727272727272,0.0,-72.01636363636354,15.0,0.0,91.26,0,91.43766435291997
PIA,52,3,HARD,FERRARI,0.0,91.7265,0.06300000000000239,-0.30997058823528983,-0.15652941176470653,-0.32133333333333286,0.9454545454545454,0.0,-25.617454545454507,16.0,0.0,91.325,0,91.50621763997837
PIA,53,3,HARD,FERRARI,0.0,91.6545,-0.07200000000000273,-0.16964423076922613,-0.15985576923076977,-0.37616666666666276,0.9636363636363636,0.0,-52.71854545454541,17.0,0.0,91.493,0,91.67777092703676
PIA,54,3,HARD,FERRARI,0.0,91.8355,0.18099999999999739,-0.17919811320754775,-0.1633018867924534,-0.3794999999999978,0.9818181818181818,0.0,30.580363636363757,18.0,0.0,91.452,0,91.64032421409516
PIA,55,3,HARD,FERRARI,0.0,91.8015,-0.033999999999991815,-0.1827500000000055,-0.16675000000000065,-0.3405000000000011,1.0,0.0,3.779272727272854,19.0,0.0,91.345,0,91.53687750115355
RUS,4,1,SOFT,ALPINE,0.0,90.5515,0.16450000000000387,-0.4346666666666768,0.47516666666667123,0.47516666666667123,0.07272727272727272,0.0,-12.404363636363627,4.0,0.0,90.958,0,90.9686598611752
RUS,5,1,SOFT,ALPINE,0.0,90.515,-0.03650000000000375,-0.02412500000000506,0.4671250000000029,0.41149999999999903,0.09090909090909091,0.0,12.494545454545474,5.0,0.0,90.9,0,90.9142131482336
RUS,6,1,SOFT,ALPINE,0.0,90.713,0.1979999999999933,-0.22409999999999286,0.4111000000000047,0.22350000000000136,0.10909090909090909,0.0,-35.40654545454542,6.0,0.0,91.275,0,91.29276643529201
RUS,7,1,SOFT,ALPINE,0.0,90.7765,0.06350000000000477,0.0728333333333353,0.42566666666667174,0.37616666666667226,0.12727272727272726,0.0,22.392363636363683,7.0,0.0,91.2,0,91.2213197223504
RUS,8,1,SOFT,ALPINE,0.0,90.76050000000001,-0.015999999999991132,0.011857142857134517,0.4276428571428608,0.3750000000000047,0.14545454545454545,0.0,-10.40872727272722,8.0,0.0,91.22,0,91.24487300940879
RUS,9,1,SOFT,ALPINE,0.0,90.9435,0.18299999999999272,-0.13225000000000442,0.40875000000000306,0.40483333333333366,0.16363636363636364,0.0,10.790181818181878,9.0,0.0,91.278,0,91.3064262964672
RUS,10,1,SOFT,ALPINE,0.0,90.98349999999999,0.03999999999999204,-0.10155555555554624,0.39605555555555977,0.3368333333333358,0.18181818181818182,0.0,43.98909090909093,10.0,0.0,91.662,0,91.6939795835256
RUS,11,1,SOFT,ALPINE,0.0,91.08250000000001,0.09900000000001796,0.16509999999999253,0.4144000000000034,0.38350000000000267,0.2,0.0,-8.811999999999927,11.0,0.0,91.539,0,91.574532870584
RUS,12,1,SOFT,ALPINE,0.0,91.3165,0.23399999999999466,-0.17445454545455163,0.3969545454545482,0.365500000000002,0.21818181818181817,0.0,-2.413090909090812,12.0,0.0,91.539,0,91.57808615764239
RUS,13,1,SOFT,ALPINE,0.0,91.3475,0.0309999999999917,-0.1883333333333314,0.3798333333333363,0.3311666666666658,0.23636363636363636,0.0,45.48581818181823,13.0,0.0,91.958,0,92.0006394447008
RUS,14,1,SOFT,ALPINE,0.0,91.37950000000001,0.03200000000001069,0.1833846153846045,0.39511538461538664,0.33083333333333087,0.2545454545454545,0.0,23.784727272727366,14.0,0.0,91.959,0,92.0051927317592
RUS,15,1,SOFT,ALPINE,0.0,91.569,0.18949999999999534,-0.004750000000001364,0.39475000000000193,0.38666666666666555,0.2727272727272727,0.0,-6.0163636363635575,15.0,0.0,92.06,0,92.10974601881759
RUS,16,1,SOFT,ALPINE,0.0,91.64099999999999,0.07199999999998852,0.022633333333341943,0.3963666666666692,0.46250000000000097,0.2909090909090909,0.0,1.5825454545455386,16.0,0.0,92.084,0,92.137299305876
RUS,17,1,SOFT,ALPINE,0.0,91.626,-0.014999999999986358,0.05778124999999612,0.4002187500000023,0.4223333333333367,0.3090909090909091,0.0,-62.91854545454532,17.0,0.0,92.102,0,92.1588525929344
RUS,18,1,SOFT,ALPINE,0.0,91.73349999999999,0.1074999999999875,-0.02985294117646181,0.3983529411764734,0.41516666666667373,0.32727272727272727,0.0,53.980363636363705,18.0,0.0,92.577,1,92.63740587999278
RUS,19,2,MEDIUM,ALPINE,0.0,91.87299999999999,0.13949999999999818,0.2886666666666713,0.41533333333333644,0.5101666666666725,0.34545454545454546,0.0,-1.0010909090909053,1.0,1.0,90.804,0,90.86795916705118
RUS,20,2,MEDIUM,ALPINE,0.0,91.015,-0.8579999999999899,-0.5933684210526331,0.3823684210526346,0.2871666666666736,0.36363636363636365,0.0,4.197818181818192,2.0,2.0,91.049,0,91.1165124541096
RUS,21,2,MEDIUM,ALPINE,0.0,91.1575,0.1424999999999983,-0.46632499999999555,0.3578250000000033,0.1281666666666723,0.38181818181818183,0.0,1.4967272727272842,3.0,3.0,91.236,0,91.30706574116799
RUS,22,2,MEDIUM,ALPINE,0.0,91.3005,0.14300000000000068,-0.40221428571428436,0.337714285714289,-0.12799999999999537,0.4,0.0,-14.004363636363621,4.0,4.0,91.051,0,91.12561902822638
RUS,23,2,MEDIUM,ALPINE,0.0,91.2485,-0.0519999999999925,-0.5108863636363716,0.31338636363636657,-0.12349999999999757,0.41818181818181815,0.0,9.994545454545474,5.0,5.0,91.232,0,91.31017231528479
RUS,24,2,MEDIUM,ALPINE,0.0,91.2305,-0.018000000000000682,-0.2983260869565313,0.29982608695652424,-0.08683333333333583,0.43636363636363634,0.0,-4.206545454545406,6.0,6.0,91.132,0,91.21372560234319
RUS,25,2,MEDIUM,ALPINE,0.0,91.3245,0.09399999999999409,-0.471812499999998,0.2793125000000026,-0.12950000000000253,0.45454545454545453,0.0,0.6923636363636732,7.0,7.0,91.257,0,91.34227888940158
RUS,26,2,MEDIUM,ALPINE,0.0,91.4735,0.1490000000000009,-0.475979999999999,0.25948000000000265,-0.13583333333333295,0.4727272727272727,0.0,-35.20872727272723,8.0,8.0,91.419,0,91.50783217645998
RUS,27,2,MEDIUM,ALPINE,0.0,91.5395,0.0660000000000025,-0.3653653846153938,0.24486538461538687,-0.17649999999999957,0.4909090909090909,0.0,-30.609818181818135,9.0,9.0,91.406,0,91.49838546351839
RUS,28,2,MEDIUM,ALPINE,0.0,91.3665,-0.17300000000000182,-0.19775925925925772,0.23725925925926158,-0.09916666666666647,0.509090909090909,0.0,31.989090909090976,10.0,10.0,91.312,0,91.40793875057678
RUS,29,2,MEDIUM,ALPINE,0.0,90.64099999999999,-0.7255000000000109,0.418250000000004,0.2527500000000025,0.1966666666666678,0.5272727272727272,0.0,7.688000000000073,11.0,11.0,91.47,0,91.56949203763519
RUS,30,2,MEDIUM,ALPINE,0.0,90.9255,0.2845000000000084,0.28168965517241074,0.2628103448275886,0.41833333333333655,0.5454545454545454,0.0,23.986909090909137,12.0,12.0,91.579,0,91.68204532469358
RUS,31,2,MEDIUM,ALPINE,0.0,90.9385,0.01300000000000523,0.3650999999999868,0.2754000000000019,0.6186666666666648,0.5636363636363636,0.0,44.18581818181821,13.0,13.0,91.562,0,91.66859861175197
RUS,32,2,MEDIUM,ALPINE,0.0,90.9365,-0.0020000000000095497,0.3388064516129037,0.2866935483870987,0.6034999999999968,0.5818181818181818,0.0,-4.215272727272634,14.0,14.0,91.994,0,92.10415189881037
RUS,33,2,MEDIUM,ALPINE,0.0,90.9525,0.016000000000005343,0.7312187499999974,0.31028125000000184,0.7691666666666634,0.6,0.0,19.483636363636485,15.0,15.0,91.578,0,91.69170518586878
RUS,34,2,MEDIUM,ALPINE,0.0,91.0295,0.07699999999999818,0.23100000000000231,0.3175000000000019,0.7385000000000019,0.6181818181818182,0.0,15.982545454545516,16.0,16.0,91.853,0,91.97025847292717
RUS,35,2,MEDIUM,ALPINE,0.0,91.0955,0.0660000000000025,0.4270588235294033,0.3304411764705899,0.7824999999999989,0.6363636363636364,0.0,-5.118545454545341,17.0,17.0,91.849,0,91.96981175998557
RUS,36,2,MEDIUM,ALPINE,0.0,91.132,0.03650000000000375,0.3755142857142829,0.34148571428571584,0.674333333333332,0.6545454545454545,0.0,-61.21963636363627,18.0,18.0,91.864,1,91.98836504704398
RUS,37,3,HARD,ALPINE,0.0,91.12049999999999,-0.011500000000012278,0.39084722222223195,0.35265277777777965,0.7393333333333345,0.6727272727272727,0.0,2.3989090909090933,1.0,0.0,91.205,0,91.33291833410237
RUS,38,3,HARD,ALPINE,0.0,91.1695,0.049000000000006594,-0.3085810810810839,0.3440810810810829,0.49866666666666976,0.6909090909090909,0.0,-5.802181818181808,2.0,0.0,91.353,0,91.48447162116076
RUS,39,3,HARD,ALPINE,0.0,91.241,0.07150000000000034,-0.22597368421053315,0.3379736842105279,0.29700000000000176,0.7090909090909091,0.0,6.2967272727272885,3.0,0.0,91.707,0,91.84202490821917
RUS,40,3,HARD,ALPINE,0.0,91.10300000000001,-0.13799999999999102,0.25920512820511205,0.34479487179487295,0.2504999999999929,0.7272727272727273,0.0,13.595636363636373,4.0,0.0,91.44,0,91.57857819527757
RUS,41,3,HARD,ALPINE,0.0,91.173,0.06999999999999318,-0.07585000000000514,0.34285000000000104,0.32766666666665856,0.7454545454545455,0.0,-0.005454545454526283,5.0,0.0,91.42,0,91.56213148233597
RUS,42,3,HARD,ALPINE,0.0,91.2875,0.1144999999999925,-0.20521951219511575,0.33771951219512314,0.3344999999999961,0.7636363636363637,0.0,26.39345454545456,6.0,0.0,91.635,0,91.78068476939437
RUS,43,3,HARD,ALPINE,0.0,91.2235,-0.06399999999999295,0.07202380952381204,0.3394761904761917,0.2703333333333357,0.7818181818181819,0.0,-25.207636363636347,7.0,0.0,91.404,0,91.55323805645277
RUS,44,3,HARD,ALPINE,0.0,91.35300000000001,0.12950000000000728,-0.2817674418604783,0.33276744186046603,0.19833333333333295,0.8,0.0,10.391272727272792,8.0,0.0,91.726,0,91.87879134351117
RUS,45,3,HARD,ALPINE,0.0,91.34700000000001,-0.006000000000000227,0.045181818181808164,0.3338181818181825,0.28049999999999403,0.8181818181818182,0.0,-17.109818181818135,9.0,0.0,91.558,0,91.71434463056957
RUS,46,3,HARD,ALPINE,0.0,91.489,0.1419999999999959,-0.25893333333333146,0.3279333333333341,0.166333333333327,0.8363636363636363,0.0,0.9890909090909616,10.0,0.0,91.813,0,91.97289791762798
RUS,47,3,HARD,ALPINE,0.0,91.271,-0.21800000000000352,0.20941304347826167,0.3325869565217399,0.3299999999999983,0.8545454545454545,0.0,-34.11199999999997,11.0,0.0,91.663,0,91.82645120468636
RUS,48,3,HARD,ALPINE,0.0,91.52000000000001,0.24900000000000944,-0.1855531914893757,0.3285531914893622,0.25133333333333024,0.8727272727272727,0.0,-26.413090909090812,12.0,0.0,91.793,0,91.96000449174477
RUS,49,3,HARD,ALPINE,0.0,91.53399999999999,0.013999999999981583,-0.06810416666665287,0.3271041666666674,0.31466666666666754,0.8909090909090909,0.0,-22.114181818181713,13.0,0.0,92.113,0,92.28355777880317
RUS,50,3,HARD,ALPINE,0.0,91.667,0.13300000000000978,0.1164693877550993,0.32953061224489866,0.28266666666666634,0.9090909090909091,0.0,-51.815272727272614,14.0,0.0,91.854,0,92.02811106586157
RUS,51,3,HARD,ALPINE,0.0,91.6635,-0.003500000000002501,-0.1362500000000006,0.3267500000000007,0.2985000000000042,0.9272727272727272,0.0,-27.016363636363536,15.0,0.0,91.924,0,92.10166435291997
RUS,52,3,HARD,ALPINE,0.0,91.7265,0.06300000000000239,-0.12671568627450547,0.3242156862745106,0.2780000000000011,0.9454545454545454,0.0,-24.017454545454484,16.0,0.0,92.012,0,92.19321763997837
RUS,53,3,HARD,ALPINE,0.0,91.6545,-0.07200000000000273,0.032644230769231675,0.32485576923077003,0.2485000000000023,0.9636363636363636,0.0,49.28145454545459,17.0,0.0,91.842,0,92.02677092703676
RUS,54,3,HARD,ALPINE,0.0,91.8355,0.18099999999999739,-0.31234905660377177,0.3188490566037744,0.1871666666666698,0.9818181818181818,0.0,3.5803636363637565,18.0,0.0,91.937,0,92.12532421409516
RUS,55,3,HARD,ALPINE,0.0,91.8015,-0.033999999999991815,-0.1799537037037111,0.3154537037037044,0.1664999999999992,1.0,0.0,-24.720727272727146,19.0,0.0,91.93,0,92.12187750115356
SAI,4,1,SOFT,MERCEDES,1.0,90.5515,0.16450000000000387,0.10299999999998966,0.5464999999999994,0.5464999999999994,0.07272727272727272,0.0,-4.404363636363627,4.0,0.0,91.458,0,91.4686598611752
SAI,5,1,SOFT,MERCEDES,1.0,90.515,-0.03650000000000375,0.29737499999999883,0.645624999999999,0.6651666666666642,0.09090909090909091,0.0,10.49454545454548,5.0,0.0,91.134,0,91.1482131482336
SAI,6,1,SOFT,MERCEDES,1.0,90.713,0.1979999999999933,-0.17969999999999398,0.6007000000000005,0.6711666666666645,0.10909090909090909,0.0,17.39345454545456,6.0,0.0,91.368,0,91.385766435292
SAI,7,1,SOFT,MERCEDES,1.0,90.7765,0.06350000000000477,-0.007666666666670152,0.5991666666666665,0.6518333333333336,0.12727272727272726,0.0,2.7923636363636533,7.0,0.0,91.229,0,91.2503197223504
SAI,8,1,SOFT,MERCEDES,1.0,90.76050000000001,-0.015999999999991132,-0.11200000000000698,0.5804999999999987,0.49366666666666487,0.14545454545454545,0.0,15.191272727272747,8.0,0.0,91.425,0,91.44987300940879
SAI,9,1,SOFT,MERCEDES,1.0,90.9435,0.18299999999999272,-0.0866250000000015,0.5681249999999984,0.5138333333333284,0.16363636363636364,0.0,23.390181818181865,9.0,0.0,91.243,0,91.27142629646718
SAI,10,1,SOFT,MERCEDES,1.0,90.98349999999999,0.03999999999999204,-0.27433333333332954,0.5338333333333323,0.4031666666666638,0.18181818181818182,0.0,-12.01090909090901,10.0,0.0,91.536,0,91.5679795835256
SAI,11,1,SOFT,MERCEDES,1.0,91.08250000000001,0.09900000000001796,-0.07230000000000703,0.5257999999999982,0.3981666666666636,0.2,0.0,74.7880000000001,11.0,0.0,91.574,0,91.60953287058399
SAI,12,1,SOFT,MERCEDES,1.0,91.3165,0.23399999999999466,-0.2439090909090954,0.5014090909090886,0.3234999999999957,0.21818181818181817,0.0,14.386909090909171,12.0,0.0,92.078,0,92.11708615764239
SAI,13,1,SOFT,MERCEDES,1.0,91.3475,0.0309999999999917,0.21000000000000796,0.5204999999999984,0.4804999999999969,0.23636363636363636,0.0,11.685818181818213,13.0,0.0,92.112,0,92.15463944470079
SAI,14,1,SOFT,MERCEDES,1.0,91.37950000000001,0.03200000000001069,0.19569230769229762,0.5368076923076899,0.5734999999999957,0.2545454545454545,0.0,-11.215272727272634,14.0,0.0,91.897,0,91.9431927317592
SAI,15,1,SOFT,MERCEDES,1.0,91.569,0.18949999999999534,-0.1938928571428521,0.521892857142855,0.596999999999999,0.2727272727272727,0.0,-0.01636363636357885,15.0,0.0,91.886,0,91.93574601881758
SAI,16,1,SOFT,MERCEDES,1.0,91.64099999999999,0.07199999999998852,-0.2584333333333272,0.5034333333333317,0.435166666666665,0.2909090909090909,0.0,25.58254545454554,16.0,0.0,92.294,0,92.34729930587599
SAI,17,1,SOFT,MERCEDES,1.0,91.626,-0.014999999999986358,0.15428124999999415,0.513718749999998,0.41366666666666657,0.3090909090909091,0.0,-13.618545454545341,17.0,0.0,92.291,0,92.34785259293439
SAI,18,1,SOFT,MERCEDES,1.0,91.73349999999999,0.1074999999999875,0.04120588235294731,0.5162941176470572,0.4901666666666671,0.32727272727272727,0.0,-46.81963636363632,18.0,0.0,92.407,1,92.46740587999278
SAI,19,2,MEDIUM,MERCEDES,1.0,91.87299999999999,0.13949999999999818,0.01672222222222941,0.5172777777777766,0.5865000000000009,0.34545454545454546,0.0,0.09890909090909616,1.0,1.0,91.226,0,91.28995916705118
SAI,20,2,MEDIUM,MERCEDES,1.0,91.015,-0.8579999999999899,-0.2901578947368424,0.5011578947368409,0.4341666666666697,0.36363636363636365,0.0,1.7978181818181866,2.0,2.0,91.266,0,91.3335124541096
SAI,21,2,MEDIUM,MERCEDES,1.0,91.1575,0.1424999999999983,-0.3730249999999927,0.4815249999999992,0.2845000000000037,0.38181818181818183,0.0,-1.2032727272727115,3.0,3.0,91.365,0,91.43606574116798
SAI,22,2,MEDIUM,MERCEDES,1.0,91.3005,0.14300000000000068,-0.39716666666667033,0.46166666666666567,0.1280000000000001,0.4,0.0,4.79563636363639,4.0,4.0,91.446,0,91.52061902822638
SAI,23,2,MEDIUM,MERCEDES,1.0,91.2485,-0.0519999999999925,-0.25215909090909866,0.44965909090908956,0.12349999999999757,0.41818181818181815,0.0,25.994545454545488,5.0,5.0,91.379,0,91.4571723152848
SAI,24,2,MEDIUM,MERCEDES,1.0,91.2305,-0.018000000000000682,-0.2880652173913045,0.436565217391303,0.13683333333332826,0.43636363636363634,0.0,-30.60654545454544,6.0,6.0,91.517,0,91.59872560234318
SAI,25,2,MEDIUM,MERCEDES,1.0,91.3245,0.09399999999999409,-0.23389583333333636,0.4263958333333318,0.17949999999999497,0.45454545454545453,0.0,-19.607636363636317,7.0,7.0,91.69,0,91.77527888940158
SAI,26,2,MEDIUM,MERCEDES,1.0,91.4735,0.1490000000000009,-0.20150000000000207,0.41799999999999843,0.1858333333333301,0.4727272727272727,0.0,-26.40872727272722,8.0,8.0,91.66,0,91.74883217645998
SAI,27,2,MEDIUM,MERCEDES,1.0,91.5395,0.0660000000000025,-0.2860576923076978,0.4065576923076905,0.17649999999999486,0.4909090909090909,0.0,-45.90981818181816,9.0,9.0,91.327,0,91.41938546351838
SAI,28,2,MEDIUM,MERCEDES,1.0,91.3665,-0.17300000000000182,-0.429537037037039,0.39003703703703513,0.09916666666666174,0.509090909090909,0.0,-3.010909090909024,10.0,10.0,91.495,0,91.59093875057678
SAI,29,2,MEDIUM,MERCEDES,1.0,90.64099999999999,-0.7255000000000109,0.4473928571428719,0.4066071428571415,0.3116666666666674,0.5272727272727272,0.0,-16.511999999999958,11.0,11.0,91.943,0,92.04249203763518
SAI,30,2,MEDIUM,MERCEDES,1.0,90.9255,0.2845000000000084,0.5898275862068962,0.4276724137931021,0.6106666666666692,0.5454545454545454,0.0,56.38690909090917,12.0,12.0,91.642,0,91.74504532469358
SAI,31,2,MEDIUM,MERCEDES,1.0,90.9385,0.01300000000000523,0.26663333333332606,0.43686666666666507,0.8583333333333343,0.5636363636363636,0.0,-1.3141818181817868,13.0,13.0,91.771,0,91.87759861175198
SAI,32,2,MEDIUM,MERCEDES,1.0,90.9365,-0.0020000000000095497,0.38480645161291016,0.4496935483870954,0.8518333333333317,0.5818181818181818,0.0,-5.615272727272654,14.0,14.0,91.992,0,92.10215189881038
SAI,33,2,MEDIUM,MERCEDES,1.0,90.9525,0.016000000000005343,0.5713750000000051,0.4681249999999988,0.8591666666666669,0.6,0.0,-9.0163636363636,15.0,15.0,91.917,0,92.03070518586878
SAI,34,2,MEDIUM,MERCEDES,1.0,91.0295,0.07699999999999818,0.4066666666666706,0.4808333333333322,0.9205000000000041,0.6181818181818182,0.0,-11.217454545454416,16.0,16.0,91.229,0,91.34625847292718
SAI,35,2,MEDIUM,MERCEDES,1.0,91.0955,0.0660000000000025,-0.33711764705882447,0.4706176470588224,0.6868333333333349,0.6363636363636364,0.0,10.181454545454635,17.0,17.0,92.074,0,92.19481175998557
SAI,36,2,MEDIUM,MERCEDES,1.0,91.132,0.03650000000000375,0.45791428571428006,0.484085714285713,0.6543333333333313,0.6545454545454545,0.0,12.580363636363757,18.0,18.0,91.88,1,92.00436504704398
SAI,37,3,HARD,MERCEDES,1.0,91.12049999999999,-0.011500000000012278,0.2677638888888928,0.49173611111110993,0.6116666666666646,0.6727272727272727,0.0,0.298909090909099,1.0,0.0,91.492,0,91.61991833410238
SAI,38,3,HARD,MERCEDES,1.0,91.1695,0.049000000000006594,-0.16466216216215607,0.4871621621621612,0.674666666666667,0.6909090909090909,0.0,-10.202181818181813,2.0,0.0,91.403,0,91.53447162116078
SAI,39,3,HARD,MERCEDES,1.0,91.241,0.07150000000000034,-0.3166052631578878,0.4786052631578939,0.41466666666667135,0.7090909090909091,0.0,13.19672727272728,3.0,0.0,91.367,0,91.50202490821918
SAI,40,3,HARD,MERCEDES,1.0,91.10300000000001,-0.13799999999999102,-0.2091025641025674,0.4731025641025632,0.24950000000000236,0.7272727272727273,0.0,-6.404363636363627,4.0,0.0,91.592,0,91.73057819527757
SAI,41,3,HARD,MERCEDES,1.0,91.173,0.06999999999999318,-0.05275000000000213,0.47174999999999906,0.2816666666666663,0.7454545454545455,0.0,12.494545454545474,5.0,0.0,91.827,0,91.96913148233597
SAI,42,3,HARD,MERCEDES,1.0,91.2875,0.1144999999999925,0.06609756097561448,0.4734024390243894,0.40749999999999886,0.7636363636363637,0.0,34.193454545454586,6.0,0.0,91.683,0,91.82868476939437
SAI,43,3,HARD,MERCEDES,1.0,91.2235,-0.06399999999999295,-0.013571428571422295,0.47307142857142787,0.4726666666666688,0.7818181818181819,0.0,7.692363636363673,7.0,0.0,91.839,0,91.98823805645277
SAI,44,3,HARD,MERCEDES,1.0,91.35300000000001,0.12950000000000728,0.012627906976735104,0.4733720930232549,0.49499999999999983,0.8,0.0,-20.808727272727253,8.0,0.0,92.027,0,92.17979134351117
SAI,45,3,HARD,MERCEDES,1.0,91.34700000000001,-0.006000000000000227,0.20193181818181183,0.4780681818181808,0.5418333333333294,0.8181818181818182,0.0,-22.509818181818147,9.0,0.0,91.882,0,92.03834463056957
SAI,46,3,HARD,MERCEDES,1.0,91.489,0.1419999999999959,-0.08317777777777607,0.47617777777777676,0.5196666666666611,0.8363636363636363,0.0,19.989090909090947,10.0,0.0,91.827,0,91.98689791762797
SAI,47,3,HARD,MERCEDES,1.0,91.271,-0.21800000000000352,0.07808695652173758,0.4779130434782598,0.5429999999999969,0.8545454545454545,0.0,-26.411999999999942,11.0,0.0,91.889,0,92.05245120468636
SAI,48,3,HARD,MERCEDES,1.0,91.52000000000001,0.24900000000000944,-0.10659574468086419,0.47559574468084975,0.43933333333332786,0.8727272727272727,0.0,-49.21309090909088,12.0,0.0,91.76,0,91.92700449174477
SAI,49,3,HARD,MERCEDES,1.0,91.53399999999999,0.013999999999981583,-0.244395833333319,0.4703958333333323,0.38366666666666543,0.8909090909090909,0.0,-22.114181818181713,13.0,0.0,91.896,0,92.06655777880317
SAI,50,3,HARD,MERCEDES,1.0,91.667,0.13300000000000978,-0.23646938775510185,0.46546938775510105,0.274666666666666,0.9090909090909091,0.0,19.584727272727307,14.0,0.0,91.988,0,92.16211106586157
SAI,51,3,HARD,MERCEDES,1.0,91.6635,-0.003500000000002501,-0.13814999999999855,0.462649999999999,0.25983333333333763,0.9272727272727272,0.0,100.48363636363646,15.0,0.0,92.065,0,92.24266435291996
SAI,52,3,HARD,MERCEDES,1.0,91.7265,0.06300000000000239,-0.12171568627451251,0.46021568627450876,0.29733333333333195,0.9454545454545454,0.0,19.18254545454556,16.0,0.0,91.831,0,92.01221763997837
SAI,53,3,HARD,MERCEDES,1.0,91.6545,-0.07200000000000273,-0.27825961538461014,0.45475961538461446,0.27983333333333366,0.9636363636363636,0.0,23.781454545454586,17.0,0.0,92.246,0,92.43077092703676
SAI,54,3,HARD,MERCEDES,1.0,91.8355,0.18099999999999739,-0.04342452830188687,0.45392452830188584,0.30849999999999983,0.9818181818181818,0.0,57.58036363636376,18.0,0.0,92.091,0,92.27932421409515
SAI,55,3,HARD,MERCEDES,1.0,91.8015,-0.033999999999991815,-0.16137962962963887,0.4508796296296285,0.2921666666666643,1.0,0.0,-19.0207272727272,19.0,0.0,92.326,0,92.51787750115355
VER,4,1,SOFT,RED BULL,0.0,90.5515,0.16450000000000387,0.029999999999991662,0.021499999999998447,0.021499999999998447,0.07272727272727272,0.0,-7.20436363636361,4.0,0.0,90.234,0,90.2446598611752
VER,5,1,SOFT,RED BULL,0.0,90.515,-0.03650000000000375,-0.22687500000000327,-0.05412500000000264,-0.0878333333333406,0.09090909090909091,0.0,11.994545454545467,5.0,0.0,90.652,0,90.6662131482336
VER,6,1,SOFT,RED BULL,0.0,90.713,0.1979999999999933,-0.005499999999992157,-0.05550000000000068,-0.09683333333333621,0.10909090909090909,0.0,10.193454545454586,6.0,0.0,90.707,0,90.724766435292
VER,7,1,SOFT,RED BULL,0.0,90.7765,0.06350000000000477,-0.011666666666670267,-0.057833333333334735,-0.1371666666666679,0.12727272727272726,0.0,2.7923636363636533,7.0,0.0,90.775,0,90.7963197223504
VER,8,1,SOFT,RED BULL,0.0,90.76050000000001,-0.015999999999991132,0.061999999999999646,-0.047500000000001465,-0.03866666666666655,0.14545454545454545,0.0,-6.408727272727219,8.0,0.0,90.94,0,90.96487300940879
VER,9,1,SOFT,RED BULL,0.0,90.9435,0.18299999999999272,0.03849999999999909,-0.04200000000000159,-0.01950000000000311,0.16363636363636364,0.0,9.890181818181865,9.0,0.0,90.967,0,90.99542629646719
VER,10,1,SOFT,RED BULL,0.0,90.98349999999999,0.03999999999999204,0.022666666666673843,-0.03916666666666736,-0.0018333333333326134,0.18181818181818182,0.0,13.989090909090933,10.0,0.0,91.028,0,91.0599795835256
VER,11,1,SOFT,RED BULL,0.0,91.08250000000001,0.09900000000001796,-0.013800000000003365,-0.04070000000000107,-0.024833333333333485,0.2,0.0,-35.21199999999991,11.0,0.0,91.447,0,91.482532870584
VER,12,1,SOFT,RED BULL,0.0,91.3165,0.23399999999999466,0.15563636363636263,-0.025136363636364803,0.019833333333333297,0.21818181818181817,0.0,14.386909090909171,12.0,0.0,91.376,0,91.41508615764239
VER,13,1,SOFT,RED BULL,0.0,91.3475,0.0309999999999917,0.04916666666667524,-0.020666666666667055,0.03483333333333386,0.23636363636363636,0.0,67.58581818181827,13.0,0.0,91.557,0,91.5996394447008
VER,14,1,SOFT,RED BULL,0.0,91.37950000000001,0.03200000000001069,0.18292307692307255,-0.005423076923077675,0.11216666666666697,0.2545454545454545,0.0,39.184727272727386,14.0,0.0,91.671,0,91.7171927317592
VER,15,1,SOFT,RED BULL,0.0,91.569,0.18949999999999534,0.0997500000000043,0.002249999999999578,0.10266666666666897,0.2727272727272727,0.0,-69.0163636363636,15.0,0.0,91.735,0,91.78474601881759
VER,16,1,SOFT,RED BULL,0.0,91.64099999999999,0.07199999999998852,0.08563333333334147,0.008366666666666826,0.12450000000000234,0.2909090909090909,0.0,-22.41745454545446,16.0,0.0,91.908,0,91.961299305876
VER,17,1,SOFT,RED BULL,0.0,91.626,-0.014999999999986358,0.25653124999999655,0.02546874999999993,0.1593333333333362,0.3090909090909091,0.0,-51.01854545454539,17.0,0.0,91.645,0,91.70185259293439
VER,18,1,SOFT,RED BULL,0.0,91.73349999999999,0.1074999999999875,-0.10726470588234935,0.018764705882353096,0.09583333333333617,0.32727272727272727,0.0,-66.61963636363622,18.0,0.0,91.983,0,92.04340587999279
VER,19,1,SOFT,RED BULL,0.0,91.87299999999999,0.13949999999999818,0.08616666666667941,0.023833333333334237,0.10116666666667129,0.34545454545454546,0.0,26.579272727272773,19.0,0.0,92.067,0,92.13095916705117
VER,20,1,SOFT,RED BULL,0.0,91.015,-0.8579999999999899,0.9740526315789394,0.0779473684210531,0.3578333333333366,0.36363636363636365,0.0,11.978181818181923,20.0,0.0,92.021,0,92.08851245410959
VER,21,1,SOFT,RED BULL,0.0,91.1575,0.1424999999999983,0.7462750000000014,0.11722500000000054,0.6751666666666694,0.38181818181818183,0.0,39.87709090909096,21.0,0.0,92.485,0,92.55606574116798
VER,22,1,SOFT,RED BULL,0.0,91.3005,0.14300000000000068,1.0164523809523804,0.16804761904761956,1.0333333333333314,0.4,0.0,4.376000000000147,22.0,0.0,91.953,0,92.02761902822638
VER,23,1,SOFT,RED BULL,0.0,91.2485,-0.0519999999999925,0.5120681818181774,0.19243181818181848,0.9174999999999992,0.41818181818181815,0.0,-57.52509090909082,23.0,0.0,92.457,0,92.53517231528478
VER,24,1,SOFT,RED BULL,0.0,91.2305,-0.018000000000000682,0.9891086956521614,0.23739130434782582,1.0384999999999944,0.43636363636363634,0.0,76.77381818181834,24.0,0.0,92.67,0,92.75172560234319
VER,25,1,SOFT,RED BULL,0.0,91.3245,0.09399999999999409,1.0619375000000015,0.2835624999999998,1.0921666666666614,0.45454545454545453,0.0,-102.52727272727267,25.0,0.0,92.445,0,92.53027888940157
VER,26,1,SOFT,RED BULL,0.0,91.4735,0.1490000000000009,0.6604199999999923,0.31107999999999947,1.18116666666666,0.4727272727272727,0.0,49.371636363636426,26.0,0.0,92.619,0,92.70783217645999
VER,27,1,SOFT,RED BULL,0.0,91.5395,0.0660000000000025,0.7388653846153812,0.3406346153846147,1.132166666666663,0.4909090909090909,0.0,29.670545454545596,27.0,0.0,92.355,1,92.44738546351839
VER,28,2,MEDIUM,RED BULL,0.0,91.3665,-0.17300000000000182,0.6238703703703729,0.3646296296296291,1.0131666666666632,0.509090909090909,0.0,-0.3010909090909024,1.0,1.0,90.618,0,90.71393875057677
VER,29,2,MEDIUM,RED BULL,0.0,90.64099999999999,-0.7255000000000109,-0.37378571428571,0.35078571428571387,0.6816666666666672,0.5272727272727272,0.0,4.9978181818181895,2.0,2.0,90.792,0,90.89149203763519
VER,30,2,MEDIUM,RED BULL,0.0,90.9255,0.2845000000000084,-0.46758620689654934,0.3340862068965514,0.27733333333333593,0.5454545454545454,0.0,5.996727272727284,3.0,3.0,90.902,0,91.00504532469358
VER,31,2,MEDIUM,RED BULL,0.0,90.9385,0.01300000000000523,-0.3582333333333366,0.32173333333333287,-0.06433333333333262,0.5636363636363636,0.0,16.395636363636385,4.0,4.0,90.959,0,91.06559861175198
VER,32,2,MEDIUM,RED BULL,0.0,90.9365,-0.0020000000000095497,-0.2895806451612822,0.31208064516129014,-0.04916666666666458,0.5818181818181818,0.0,0.4945454545454808,5.0,5.0,90.995,0,91.10515189881038
VER,33,2,MEDIUM,RED BULL,0.0,90.9525,0.016000000000005343,-0.261156249999996,0.30365624999999996,0.009500000000002728,0.6,0.0,12.593454545454577,6.0,6.0,90.745,0,90.85870518586879
VER,34,2,MEDIUM,RED BULL,0.0,91.0295,0.07699999999999818,-0.5703333333333277,0.2858333333333335,-0.07316666666666076,0.6181818181818182,0.0,-7.707636363636347,7.0,7.0,90.885,0,91.00225847292718
VER,35,2,MEDIUM,RED BULL,0.0,91.0955,0.0660000000000025,-0.48173529411764343,0.2712352941176473,-0.1508333333333288,0.6363636363636364,0.0,-16.008727272727242,8.0,8.0,91.091,0,91.21181175998557
VER,36,2,MEDIUM,RED BULL,0.0,91.132,0.03650000000000375,-0.3033142857142967,0.26231428571428567,-0.1786666666666671,0.6545454545454545,0.0,-0.9098181818181601,9.0,9.0,90.783,0,90.90736504704398
VER,37,2,MEDIUM,RED BULL,0.0,91.12049999999999,-0.011500000000012278,-0.5831527777777694,0.24565277777777794,-0.1963333333333329,0.6727272727272727,0.0,-15.010909090909053,10.0,10.0,91.135,0,91.26291833410238
VER,38,2,MEDIUM,RED BULL,0.0,91.1695,0.049000000000006594,-0.2725810810810756,0.2380810810810814,-0.13766666666666558,0.6909090909090909,0.0,-28.611999999999973,11.0,11.0,91.346,0,91.47747162116077
VER,39,2,MEDIUM,RED BULL,0.0,91.241,0.07150000000000034,-0.1295789473684175,0.23457894736842147,-0.0889999999999939,0.7090909090909091,0.0,21.586909090909188,12.0,12.0,91.679,0,91.81402490821918
VER,40,2,MEDIUM,RED BULL,0.0,91.10300000000001,-0.13799999999999102,0.33266666666665984,0.24333333333333357,0.21550000000000105,0.7272727272727273,0.0,-11.71418181818175,13.0,13.0,91.129,0,91.26757819527758
VER,41,2,MEDIUM,RED BULL,0.0,91.173,0.06999999999999318,-0.28014999999999723,0.2361500000000003,0.21233333333333348,0.7454545454545455,0.0,29.384727272727346,14.0,14.0,91.229,0,91.37113148233597
VER,42,2,MEDIUM,RED BULL,0.0,91.2875,0.1144999999999925,-0.2874634146341419,0.22896341463414677,0.1578333333333338,0.7636363636363637,0.0,25.483636363636464,15.0,15.0,91.519,0,91.66468476939437
VER,43,2,MEDIUM,RED BULL,0.0,91.2235,-0.06399999999999295,0.06495238095238454,0.23054761904761956,0.06433333333333735,0.7818181818181819,0.0,-54.41745454545446,16.0,16.0,91.67,0,91.81923805645278
VER,44,2,MEDIUM,RED BULL,0.0,91.35300000000001,0.12950000000000728,0.08444186046510901,0.23255813953488405,0.18466666666666734,0.8,0.0,73.08145454545468,17.0,17.0,91.8,0,91.95279134351117
VER,45,2,MEDIUM,RED BULL,0.0,91.34700000000001,-0.006000000000000227,0.21543181818180687,0.23756818181818187,0.35516666666666197,0.8181818181818182,0.0,14.380363636363782,18.0,18.0,91.643,0,91.79934463056956
VER,46,2,MEDIUM,RED BULL,0.0,91.489,0.1419999999999959,-0.08171111111111473,0.2357111111111111,0.3079999999999927,0.8363636363636363,0.0,60.779272727272854,19.0,19.0,91.699,0,91.85889791762797
VER,47,2,MEDIUM,RED BULL,0.0,91.271,-0.21800000000000352,0.18810869565217125,0.23989130434782602,0.34499999999999414,0.8545454545454545,0.0,-2.0218181818181336,20.0,20.0,91.608,0,91.77145120468637
VER,48,2,MEDIUM,RED BULL,0.0,91.52000000000001,0.24900000000000944,-0.14865957446809105,0.23665957446808492,0.22333333333332916,0.8727272727272727,0.0,29.37709090909096,21.0,21.0,91.229,0,91.39600449174476
VER,49,2,MEDIUM,RED BULL,0.0,91.53399999999999,0.013999999999981583,-0.5303749999999926,0.22537499999999996,0.07033333333333285,0.8909090909090909,0.0,-24.223999999999947,22.0,22.0,91.592,0,91.76255777880317
VER,50,2,MEDIUM,RED BULL,0.0,91.667,0.13300000000000978,-0.2942448979591864,0.21924489795918356,-0.09733333333333387,0.9090909090909091,0.0,50.574909090909244,23.0,23.0,91.9,0,92.07411106586157
VER,51,2,MEDIUM,RED BULL,0.0,91.6635,-0.003500000000002501,0.01691000000000656,0.21959000000000004,-0.04783333333332962,0.9272727272727272,0.0,-69.62618181818169,24.0,24.0,91.94,0,92.11766435291996
VER,52,2,MEDIUM,RED BULL,0.0,91.7265,0.06300000000000239,-0.005970588235297836,0.21947058823529408,0.125,0.9454545454545454,0.0,14.972727272727404,25.0,25.0,92.156,0,92.33721763997838
VER,53,2,MEDIUM,RED BULL,0.0,91.6545,-0.07200000000000273,0.2766057692307763,0.22489423076923087,0.31716666666667,0.9636363636363636,0.0,-62.4283636363635,26.0,26.0,91.895,0,92.07977092703676
VER,54,2,MEDIUM,RED BULL,0.0,91.8355,0.18099999999999739,-0.16227358490566057,0.22177358490566046,0.25816666666666777,0.9818181818181818,0.0,-51.329454545454404,27.0,27.0,91.966,0,92.15432421409515
VER,55,2,MEDIUM,RED BULL,0.0,91.8015,-0.033999999999991815,-0.056212962962973206,0.22071296296296286,0.24183333333333223,1.0,0.0,-190.43054545454515,28.0,28.0,91.944,0,92.13587750115356
