Driver,LapNumber,Stint,Compound,Team,compound_medium,compound_soft,driver_alo,driver_bot,driver_dev,driver_gas,driver_ham,driver_hul,driver_lec,driver_mag,driver_nor,driver_oco,driver_per,driver_pia,driver_rus,driver_sai,driver_sar,driver_str,driver_tsu,driver_ver,driver_zho,field_median_lag1,field_pace_trend,form_vs_baseline,gap_expanding,gap_roll3_mean,gap_roll3_std,humidity,is_fresh_tyre,stint_number,team_alphatauri,team_alpine,team_aston_martin,team_ferrari,team_haas_f1_team,team_mclaren,team_mercedes,team_red_bull_racing,team_williams,track_status,tracktemp_dev_x_tyrelife,tyre_life,tyrelife_x_medium,tyrelife_x_soft,wind_speed,target_laptime,target_pit_next_lap,target_laptime_fuel_corrected
ALB,4.0,1.0,SOFT,WILLIAMS,0.0,1.0,0.0,0.0,0.0,0.0,0.0,0.0,0.0,0.0,0.0,0.0,0.0,0.0,0.0,0.0,0.0,0.0,0.0,0.0,0.0,99.8625,-0.556500000000014,0.18333333333333712,0.0971666666666664,0.0971666666666664,0.1588665582598627,22.0,1.0,1.0,0.0,0.0,0.0,0.0,0.0,0.0,0.0,0.0,1.0,1.0,5.162843601895716,4.0,0.0,4.0,0.4,99.761,0,99.94497901210994
ALB,5.0,1.0,SOFT,WILLIAMS,0.0,1.0,0.0,0.0,0.0,0.0,0.0,0.0,0.0,0.0,0.0,0.0,0.0,0.0,0.0,0.0,0.0,0.0,0.0,0.0,0.0,99.792,-0.07049999999999557,-0.09612500000000423,0.06512499999999832,0.0868333333333311,0.1690298297145656,22.0,1.0,1.0,0.0,0.0,0.0,0.0,0.0,0.0,0.0,0.0,1.0,1.0,5.453554502369649,5.0,0.0,5.0,0.8999999999999999,100.606,0,100.85130534947993
ALB,6.0,1.0,SOFT,WILLIAMS,0.0,1.0,0.0,0.0,0.0,0.0,0.0,0.0,0.0,0.0,0.0,0.0,0.0,0.0,0.0,0.0,0.0,0.0,0.0,0.0,0.0,100.618,0.8259999999999934,-0.06169999999999902,0.049699999999998565,0.07916666666666572,0.1746183934565163,22.0,1.0,1.0,0.0,0.0,0.0,0.0,0.0,0.0,0.0,0.0,1.0,1.0,6.544265402843578,6.0,0.0,6.0,0.6,100.744,0,101.05063168684991
ALB,7.0,1.0,SOFT,WILLIAMS,0.0,1.0,0.0,0.0,0.0,0.0,0.0,0.0,0.0,0.0,0.0,0.0,0.0,0.0,0.0,0.0,0.0,0.0,0.0,0.0,0.0,100.5375,-0.08050000000000068,0.13066666666667243,0.07583333333333304,0.054499999999999695,0.13197821789977832,22.0,1.0,1.0,0.0,0.0,0.0,0.0,0.0,0.0,0.0,0.0,1.0,1.0,6.934976303317498,7.0,0.0,7.0,0.6,100.646,0,101.01395802421989
ALB,8.0,1.0,SOFT,WILLIAMS,0.0,1.0,0.0,0.0,0.0,0.0,0.0,0.0,0.0,0.0,0.0,0.0,0.0,0.0,0.0,0.0,0.0,0.0,0.0,0.0,0.0,100.60499999999999,0.06749999999999545,-0.02985714285713316,0.07085714285714419,0.07850000000000534,0.11397477791160782,21.0,1.0,1.0,0.0,0.0,0.0,0.0,0.0,0.0,0.0,0.0,1.0,1.0,7.925687203791426,8.0,0.0,8.0,0.8999999999999999,100.918,0,101.34728436158989
ALB,9.0,1.0,SOFT,WILLIAMS,0.0,1.0,0.0,0.0,0.0,0.0,0.0,0.0,0.0,0.0,0.0,0.0,0.0,0.0,0.0,0.0,0.0,0.0,0.0,0.0,0.0,100.70400000000001,0.09900000000001796,0.12524999999999764,0.088750000000001,0.15383333333333837,0.09778846216876658,21.0,1.0,1.0,0.0,0.0,0.0,0.0,0.0,0.0,0.0,0.0,1.0,1.0,8.016398104265374,9.0,0.0,9.0,0.6,100.969,0,101.45961069895985
ALB,10.0,1.0,SOFT,WILLIAMS,0.0,1.0,0.0,0.0,0.0,0.0,0.0,0.0,0.0,0.0,0.0,0.0,0.0,0.0,0.0,0.0,0.0,0.0,0.0,0.0,0.0,100.8245,0.12049999999999272,0.04955555555554901,0.09494444444444462,0.13316666666666777,0.08705505920583899,21.0,1.0,1.0,0.0,0.0,0.0,0.0,0.0,0.0,0.0,0.0,1.0,1.0,8.907109004739304,10.0,0.0,10.0,0.8,101.119,0,101.67093703632985
ALB,11.0,1.0,SOFT,WILLIAMS,0.0,1.0,0.0,0.0,0.0,0.0,0.0,0.0,0.0,0.0,0.0,0.0,0.0,0.0,0.0,0.0,0.0,0.0,0.0,0.0,0.0,100.9885,0.16400000000000148,0.03199999999999789,0.09849999999999995,0.1629999999999967,0.044718564377673346,21.0,1.0,1.0,0.0,0.0,0.0,0.0,0.0,0.0,0.0,0.0,1.0,1.0,7.5978199052132425,11.0,0.0,11.0,0.6,103.948,1,104.56126337369982
ALB,12.0,2.0,SOFT,WILLIAMS,0.0,1.0,0.0,0.0,0.0,0.0,0.0,0.0,0.0,0.0,0.0,0.0,0.0,0.0,0.0,0.0,0.0,0.0,0.0,0.0,0.0,101.24950000000001,0.2610000000000099,2.363636363636347,0.33486363636363464,0.9911666666666576,1.4786106090966982,21.0,1.0,2.0,0.0,0.0,0.0,0.0,0.0,0.0,0.0,0.0,1.0,1.0,0.6907109004739311,1.0,0.0,1.0,0.8999999999999999,103.98475,0,104.6593397110698
ALB,13.0,2.0,SOFT,WILLIAMS,0.0,1.0,0.0,0.0,0.0,0.0,0.0,0.0,0.0,0.0,0.0,0.0,0.0,0.0,0.0,0.0,0.0,0.0,0.0,0.0,0.0,101.134,-0.11550000000001148,2.306229166666673,0.5445208333333321,1.8932499999999948,1.5284831328804362,21.0,1.0,2.0,0.0,0.0,0.0,0.0,0.0,0.0,0.0,0.0,1.0,1.0,1.1814218009478594,2.0,0.0,2.0,0.8,98.649,0,99.38491604843979
ALB,14.0,2.0,SOFT,WILLIAMS,0.0,1.0,0.0,0.0,0.0,0.0,0.0,0.0,0.0,0.0,0.0,0.0,0.0,0.0,0.0,0.0,0.0,0.0,0.0,0.0,0.0,100.7305,-0.403499999999994,-2.4240192307692348,0.34251923076922924,1.1559166666666603,2.8047183496446357,21.0,1.0,2.0,0.0,0.0,0.0,0.0,0.0,0.0,0.0,0.0,1.0,1.0,1.7721327014217891,3.0,0.0,3.0,0.8,98.472,0,99.26924238580976
ALB,15.0,2.0,SOFT,WILLIAMS,0.0,1.0,0.0,0.0,0.0,0.0,0.0,0.0,0.0,0.0,0.0,0.0,0.0,0.0,0.0,0.0,0.0,0.0,0.0,0.0,0.0,98.859,-1.8715000000000117,-0.6774107142857133,0.29041071428571286,0.12741666666666637,2.5060408807187002,21.0,1.0,2.0,0.0,0.0,0.0,0.0,0.0,0.0,0.0,0.0,1.0,1.0,2.362843601895719,4.0,0.0,4.0,0.6,99.158,0,100.01656872317976
ALB,16.0,2.0,SOFT,WILLIAMS,0.0,1.0,0.0,0.0,0.0,0.0,0.0,0.0,0.0,0.0,0.0,0.0,0.0,0.0,0.0,0.0,0.0,0.0,0.0,0.0,0.0,98.975,0.11599999999999966,-0.10024999999999218,0.2832499999999991,-0.761833333333333,1.177864628611177,21.0,1.0,2.0,0.0,0.0,0.0,0.0,0.0,0.0,0.0,0.0,1.0,1.0,2.4535545023696415,5.0,0.0,5.0,0.8,99.253,0,100.17289506054973
ALB,17.0,2.0,SOFT,WILLIAMS,0.0,1.0,0.0,0.0,0.0,0.0,0.0,0.0,0.0,0.0,0.0,0.0,0.0,0.0,0.0,0.0,0.0,0.0,0.0,0.0,0.0,98.945,-0.030000000000001137,0.02320312500000732,0.2847968749999996,0.03466666666667114,0.37048391777961953,21.0,1.0,2.0,0.0,0.0,0.0,0.0,0.0,0.0,0.0,0.0,1.0,1.0,2.3442654028435825,6.0,0.0,6.0,0.6,99.094,0,100.0752213979197
ALB,18.0,2.0,SOFT,WILLIAMS,0.0,1.0,0.0,0.0,0.0,0.0,0.0,0.0,0.0,0.0,0.0,0.0,0.0,0.0,0.0,0.0,0.0,0.0,0.0,0.0,0.0,98.996,0.05100000000000193,-0.17580882352941235,0.2738088235294113,0.1963333333333376,0.10563301251660683,21.0,1.0,2.0,0.0,0.0,0.0,0.0,0.0,0.0,0.0,0.0,1.0,1.0,2.734976303317513,7.0,0.0,7.0,0.6,99.049,0,100.09154773528971
ALB,19.0,2.0,SOFT,WILLIAMS,0.0,1.0,0.0,0.0,0.0,0.0,0.0,0.0,0.0,0.0,0.0,0.0,0.0,0.0,0.0,0.0,0.0,0.0,0.0,0.0,0.0,98.886,-0.10999999999999943,-0.10465277777776705,0.26765277777777796,0.18966666666667228,0.10750968948580147,20.0,1.0,2.0,0.0,0.0,0.0,0.0,0.0,0.0,0.0,0.0,1.0,1.0,3.1256872037914434,8.0,0.0,8.0,0.6,99.272,0,100.37587407265968
ALB,20.0,2.0,SOFT,WILLIAMS,0.0,1.0,0.0,0.0,0.0,0.0,0.0,0.0,0.0,0.0,0.0,0.0,0.0,0.0,0.0,0.0,0.0,0.0,0.0,0.0,0.0,98.794,-0.09199999999999875,0.19927631578948168,0.27872368421052696,0.2463333333333395,0.2032445161211837,21.0,1.0,2.0,0.0,0.0,0.0,0.0,0.0,0.0,0.0,0.0,1.0,1.0,2.616398104265361,9.0,0.0,9.0,0.6,99.299,0,100.46420041002968
ALB,21.0,2.0,SOFT,WILLIAMS,0.0,1.0,0.0,0.0,0.0,0.0,0.0,0.0,0.0,0.0,0.0,0.0,0.0,0.0,0.0,0.0,0.0,0.0,0.0,0.0,0.0,98.809,0.015000000000000568,0.200712500000008,0.2892875000000011,0.37700000000000955,0.18542653531789657,21.0,1.0,2.0,0.0,0.0,0.0,0.0,0.0,0.0,0.0,0.0,1.0,1.0,1.9071090047393113,10.0,0.0,10.0,0.6,99.591,0,100.81752674739964
ALB,22.0,2.0,SOFT,WILLIAMS,0.0,1.0,0.0,0.0,0.0,0.0,0.0,0.0,0.0,0.0,0.0,0.0,0.0,0.0,0.0,0.0,0.0,0.0,0.0,0.0,0.0,98.888,0.07900000000000773,0.394011904761893,0.30898809523809573,0.5570000000000022,0.12658198924016292,21.0,1.0,2.0,0.0,0.0,0.0,0.0,0.0,0.0,0.0,0.0,1.0,1.0,0.9978199052132268,11.0,0.0,11.0,0.4,99.588,0,100.87585308476962
ALB,23.0,2.0,SOFT,WILLIAMS,0.0,1.0,0.0,0.0,0.0,0.0,0.0,0.0,0.0,0.0,0.0,0.0,0.0,0.0,0.0,0.0,0.0,0.0,0.0,0.0,0.0,98.913,0.024999999999991473,0.3493749999999968,0.32562500000000033,0.622666666666665,0.11574253035652349,21.0,1.0,2.0,0.0,0.0,0.0,0.0,0.0,0.0,0.0,0.0,1.0,1.0,1.0885308056871565,12.0,0.0,12.0,0.5,99.802,0,101.15117942213962
ALB,24.0,2.0,SOFT,WILLIAMS,0.0,1.0,0.0,0.0,0.0,0.0,0.0,0.0,0.0,0.0,0.0,0.0,0.0,0.0,0.0,0.0,0.0,0.0,0.0,0.0,0.0,99.027,0.11400000000000432,0.42983695652174425,0.34516304347826143,0.7176666666666639,0.051588112325744985,21.0,1.0,2.0,0.0,0.0,0.0,0.0,0.0,0.0,0.0,0.0,1.0,1.0,-0.12075829383893222,13.0,0.0,13.0,0.8,99.89,0,101.30050575950959
ALB,25.0,2.0,SOFT,WILLIAMS,0.0,1.0,0.0,0.0,0.0,0.0,0.0,0.0,0.0,0.0,0.0,0.0,0.0,0.0,0.0,0.0,0.0,0.0,0.0,0.0,0.0,98.947,-0.0799999999999983,0.5729270833333306,0.37007291666666714,0.7976666666666669,0.13543017881304378,21.0,1.0,2.0,0.0,0.0,0.0,0.0,0.0,0.0,0.0,0.0,1.0,1.0,-0.13004739336500393,14.0,0.0,14.0,0.6,99.832,0,101.30383209687957
ALB,26.0,2.0,SOFT,WILLIAMS,0.0,1.0,0.0,0.0,0.0,0.0,0.0,0.0,0.0,0.0,0.0,0.0,0.0,0.0,0.0,0.0,0.0,0.0,0.0,0.0,0.0,99.066,0.11899999999999977,0.38008999999999105,0.3859100000000001,0.8279999999999982,0.09969453345093594,21.0,1.0,2.0,0.0,0.0,0.0,0.0,0.0,0.0,0.0,0.0,1.0,1.0,-0.13933649289107564,15.0,0.0,15.0,0.5,102.61,1,104.14315843424956
ALB,27.0,3.0,HARD,WILLIAMS,0.0,0.0,0.0,0.0,0.0,0.0,0.0,0.0,0.0,0.0,0.0,0.0,0.0,0.0,0.0,0.0,0.0,0.0,0.0,0.0,0.0,99.5,0.4339999999999975,2.619317307692307,0.49068269230769235,1.6063333333333294,1.3052173509930602,21.0,1.0,3.0,0.0,0.0,0.0,0.0,0.0,0.0,0.0,0.0,1.0,1.0,-0.009289099526071709,1.0,0.0,0.0,0.6,103.98475,0,105.57923477161954
ALB,28.0,3.0,HARD,WILLIAMS,0.0,0.0,0.0,0.0,0.0,0.0,0.0,0.0,0.0,0.0,0.0,0.0,0.0,0.0,0.0,0.0,0.0,0.0,0.0,0.0,0.0,99.235,-0.26500000000000057,4.10132407407408,0.6484259259259262,2.875249999999999,2.002222936513322,21.0,1.0,3.0,0.0,0.0,0.0,0.0,0.0,0.0,0.0,0.0,1.0,1.0,-0.018578199052143418,2.0,0.0,0.0,0.8,97.503,0,99.15881110898952
ALB,29.0,3.0,HARD,WILLIAMS,0.0,0.0,0.0,0.0,0.0,0.0,0.0,0.0,0.0,0.0,0.0,0.0,0.0,0.0,0.0,0.0,0.0,0.0,0.0,0.0,0.0,98.474,-0.7609999999999957,-1.5615892857142895,0.5905892857142858,2.2962500000000006,2.94591020526764,21.0,1.0,3.0,0.0,0.0,0.0,0.0,0.0,0.0,0.0,0.0,1.0,1.0,-0.627867298578213,3.0,0.0,0.0,0.6,98.127,0,99.8441374463595
ALB,30.0,3.0,HARD,WILLIAMS,0.0,0.0,0.0,0.0,0.0,0.0,0.0,0.0,0.0,0.0,0.0,0.0,0.0,0.0,0.0,0.0,0.0,0.0,0.0,0.0,0.0,98.447,-0.027000000000001023,-0.8791896551724211,0.5591896551724137,1.152916666666665,3.1319096045118187,21.0,1.0,3.0,0.0,0.0,0.0,0.0,0.0,0.0,0.0,0.0,1.0,1.0,-0.4371563981042783,4.0,0.0,0.0,0.6,97.931,0,99.70946378372949
ALB,31.0,3.0,HARD,WILLIAMS,0.0,0.0,0.0,0.0,0.0,0.0,0.0,0.0,0.0,0.0,0.0,0.0,0.0,0.0,0.0,0.0,0.0,0.0,0.0,0.0,0.0,98.39,-0.05700000000000216,-0.984250000000003,0.5252499999999998,-0.583333333333338,0.34284739073432013,21.0,1.0,3.0,0.0,0.0,0.0,0.0,0.0,0.0,0.0,0.0,1.0,1.0,-1.5464454976303443,5.0,0.0,0.0,0.6,98.104,0,99.94379012109947
ALB,32.0,3.0,HARD,WILLIAMS,0.0,0.0,0.0,0.0,0.0,0.0,0.0,0.0,0.0,0.0,0.0,0.0,0.0,0.0,0.0,0.0,0.0,0.0,0.0,0.0,0.0,98.104,-0.28600000000000136,-0.508306451612903,0.508306451612903,-0.2596666666666702,0.2353727540165471,21.0,1.0,3.0,0.0,0.0,0.0,0.0,0.0,0.0,0.0,0.0,1.0,1.0,-1.8557345971564132,6.0,0.0,0.0,0.6,97.919,0,99.82011645846944
ALB,33.0,3.0,HARD,WILLIAMS,0.0,0.0,0.0,0.0,0.0,0.0,0.0,0.0,0.0,0.0,0.0,0.0,0.0,0.0,0.0,0.0,0.0,0.0,0.0,0.0,0.0,97.902,-0.20199999999999818,-0.47595312500000375,0.49295312499999966,-0.14733333333333576,0.27004505796872746,21.0,1.0,3.0,0.0,0.0,0.0,0.0,0.0,0.0,0.0,0.0,1.0,1.0,-2.165023696682482,7.0,0.0,0.0,0.6,98.104,0,100.06644279583944
ALB,34.0,3.0,HARD,WILLIAMS,0.0,0.0,0.0,0.0,0.0,0.0,0.0,0.0,0.0,0.0,0.0,0.0,0.0,0.0,0.0,0.0,0.0,0.0,0.0,0.0,0.0,97.775,-0.12699999999999534,-0.15898484848485445,0.48798484848484797,0.1153333333333298,0.18523588565213914,21.0,1.0,3.0,0.0,0.0,0.0,0.0,0.0,0.0,0.0,0.0,1.0,1.0,-2.474312796208551,8.0,0.0,0.0,0.5,97.961,0,99.98476913320941
ALB,35.0,3.0,HARD,WILLIAMS,0.0,0.0,0.0,0.0,0.0,0.0,0.0,0.0,0.0,0.0,0.0,0.0,0.0,0.0,0.0,0.0,0.0,0.0,0.0,0.0,0.0,97.902,0.12699999999999534,-0.41636764705882545,0.47536764705882295,0.13499999999999565,0.16931627210637334,21.0,1.0,3.0,0.0,0.0,0.0,0.0,0.0,0.0,0.0,0.0,1.0,1.0,-2.78360189573462,9.0,0.0,0.0,0.4,97.984,0,100.0690954705794
ALB,36.0,3.0,HARD,WILLIAMS,0.0,0.0,0.0,0.0,0.0,0.0,0.0,0.0,0.0,0.0,0.0,0.0,0.0,0.0,0.0,0.0,0.0,0.0,0.0,0.0,0.0,97.87,-0.031999999999996476,-0.3510428571428662,0.4650428571428563,0.16733333333332703,0.142682631505496,21.0,1.0,3.0,0.0,0.0,0.0,0.0,0.0,0.0,0.0,0.0,1.0,1.0,-3.0928909952606887,10.0,0.0,0.0,0.5,98.176,0,100.32242180794938
ALB,37.0,3.0,HARD,WILLIAMS,0.0,0.0,0.0,0.0,0.0,0.0,0.0,0.0,0.0,0.0,0.0,0.0,0.0,0.0,0.0,0.0,0.0,0.0,0.0,0.0,0.0,97.754,-0.11599999999999966,-0.041847222222224256,0.4638472222222213,0.19833333333332823,0.1956433830553284,21.0,1.0,3.0,0.0,0.0,0.0,0.0,0.0,0.0,0.0,0.0,1.0,1.0,-4.502180094786773,11.0,0.0,0.0,0.4,98.038,0,100.24574814531935
ALB,38.0,3.0,HARD,WILLIAMS,0.0,0.0,0.0,0.0,0.0,0.0,0.0,0.0,0.0,0.0,0.0,0.0,0.0,0.0,0.0,0.0,0.0,0.0,0.0,0.0,0.0,97.831,0.07699999999999818,-0.24990540540541073,0.45690540540540436,0.24766666666666026,0.1579757365336037,21.0,1.0,3.0,0.0,0.0,0.0,0.0,0.0,0.0,0.0,0.0,1.0,1.0,-4.9114691943128435,12.0,0.0,0.0,0.6,98.33,0,100.59907448268935
ALB,39.0,3.0,HARD,WILLIAMS,0.0,0.0,0.0,0.0,0.0,0.0,0.0,0.0,0.0,0.0,0.0,0.0,0.0,0.0,0.0,0.0,0.0,0.0,0.0,0.0,0.0,98.015,0.1839999999999975,-0.13817105263158014,0.45317105263157786,0.3146666666666628,0.1075003875962033,21.0,1.0,3.0,0.0,0.0,0.0,0.0,0.0,0.0,0.0,0.0,1.0,1.0,-5.320758293838914,13.0,0.0,0.0,0.6,98.346,0,100.67640082005933
ALB,40.0,3.0,HARD,WILLIAMS,0.0,0.0,0.0,0.0,0.0,0.0,0.0,0.0,0.0,0.0,0.0,0.0,0.0,0.0,0.0,0.0,0.0,0.0,0.0,0.0,0.0,97.784,-0.23099999999999454,0.10603846153846025,0.45596153846153736,0.3613333333333297,0.18197893651006491,21.0,1.0,3.0,0.0,0.0,0.0,0.0,0.0,0.0,0.0,0.0,1.0,126.0,-5.730047393364984,14.0,0.0,0.0,0.4,103.98475,1,106.37647715742932
ALB,41.0,4.0,SOFT,WILLIAMS,0.0,1.0,0.0,0.0,0.0,0.0,0.0,0.0,0.0,0.0,0.0,0.0,0.0,0.0,0.0,0.0,0.0,0.0,0.0,0.0,0.0,103.98475,6.200749999999999,-0.4445624999999989,0.4445624999999989,0.2923333333333318,0.28168481203879786,21.0,0.0,4.0,0.0,0.0,0.0,0.0,0.0,0.0,0.0,0.0,1.0,671.0,-0.6092890995260696,1.0,0.0,1.0,0.1,103.98475,0,106.4378034947993
ALB,42.0,4.0,SOFT,WILLIAMS,0.0,1.0,0.0,0.0,0.0,0.0,0.0,0.0,0.0,0.0,0.0,0.0,0.0,0.0,0.0,0.0,0.0,0.0,0.0,0.0,0.0,103.98475,0.0,-0.4337195121951209,0.4337195121951209,0.18733333333333255,0.3244708512845685,21.0,0.0,4.0,0.0,0.0,0.0,0.0,0.0,0.0,0.0,0.0,1.0,1.0,-1.2185781990521392,2.0,0.0,2.0,0.1,97.211,0,99.72537983216927
ALB,43.0,4.0,SOFT,WILLIAMS,0.0,1.0,0.0,0.0,0.0,0.0,0.0,0.0,0.0,0.0,0.0,0.0,0.0,0.0,0.0,0.0,0.0,0.0,0.0,0.0,0.0,97.061,-6.923749999999998,-0.276964285714293,0.42696428571428446,0.04999999999999716,0.08660254037843879,21.0,0.0,4.0,0.0,0.0,0.0,0.0,0.0,0.0,0.0,0.0,1.0,1.0,-1.8278672985782087,3.0,0.0,3.0,0.8,97.144,0,99.71970616953926
ALB,44.0,4.0,SOFT,WILLIAMS,0.0,1.0,0.0,0.0,0.0,0.0,0.0,0.0,0.0,0.0,0.0,0.0,0.0,0.0,0.0,0.0,0.0,0.0,0.0,0.0,0.0,97.028,-0.03300000000000125,-0.303732558139534,0.41973255813953364,0.08866666666666372,0.0786468901694963,21.0,0.0,4.0,0.0,0.0,0.0,0.0,0.0,0.0,0.0,0.0,1.0,1.0,-2.837156398104284,4.0,0.0,4.0,0.3,97.327,0,99.96403250690923
ALB,45.0,4.0,SOFT,WILLIAMS,0.0,1.0,0.0,0.0,0.0,0.0,0.0,0.0,0.0,0.0,0.0,0.0,0.0,0.0,0.0,0.0,0.0,0.0,0.0,0.0,0.0,97.219,0.1909999999999883,-0.3046477272727221,0.4126477272727262,0.12466666666666508,0.022300971578231833,21.0,0.0,4.0,0.0,0.0,0.0,0.0,0.0,0.0,0.0,0.0,1.0,1.0,-4.046445497630344,5.0,0.0,5.0,0.6,97.503,0,100.20135884427923
ALB,46.0,4.0,SOFT,WILLIAMS,0.0,1.0,0.0,0.0,0.0,0.0,0.0,0.0,0.0,0.0,0.0,0.0,0.0,0.0,0.0,0.0,0.0,0.0,0.0,0.0,0.0,97.426,0.20700000000000784,-0.3281888888888896,0.40518888888888777,0.10033333333333398,0.0205993527406428,21.0,0.0,4.0,0.0,0.0,0.0,0.0,0.0,0.0,0.0,0.0,1.0,1.0,-4.855734597156413,6.0,0.0,6.0,0.1,97.577,0,100.3366851816492
ALB,47.0,4.0,SOFT,WILLIAMS,0.0,1.0,0.0,0.0,0.0,0.0,0.0,0.0,0.0,0.0,0.0,0.0,0.0,0.0,0.0,0.0,0.0,0.0,0.0,0.0,0.0,97.589,0.1629999999999967,-0.4081195652173907,0.3961195652173902,0.057666666666667275,0.062292321624205955,21.0,0.0,4.0,0.0,0.0,0.0,0.0,0.0,0.0,0.0,0.0,1.0,1.0,-6.365023696682492,7.0,0.0,7.0,0.1,97.545,0,100.36601151901918
ALB,48.0,4.0,SOFT,WILLIAMS,0.0,1.0,0.0,0.0,0.0,0.0,0.0,0.0,0.0,0.0,0.0,0.0,0.0,0.0,0.0,0.0,0.0,0.0,0.0,0.0,0.0,97.432,-0.15699999999999648,-0.2770957446808504,0.39009574468084995,0.059333333333332426,0.06434542200757791,21.0,0.0,4.0,0.0,0.0,0.0,0.0,0.0,0.0,0.0,0.0,1.0,1.0,-7.274312796208562,8.0,0.0,8.0,0.3,97.684,0,100.56633785638917
ALB,49.0,4.0,SOFT,WILLIAMS,0.0,1.0,0.0,0.0,0.0,0.0,0.0,0.0,0.0,0.0,0.0,0.0,0.0,0.0,0.0,0.0,0.0,0.0,0.0,0.0,0.0,97.5,0.06799999999999784,-0.20180208333333471,0.3858020833333322,0.09499999999999886,0.09923205127376859,21.0,0.0,4.0,0.0,0.0,0.0,0.0,0.0,0.0,0.0,0.0,1.0,1.0,-8.183601895734633,9.0,0.0,9.0,0.6,97.609,0,100.55266419375914
ALB,50.0,4.0,SOFT,WILLIAMS,0.0,1.0,0.0,0.0,0.0,0.0,0.0,0.0,0.0,0.0,0.0,0.0,0.0,0.0,0.0,0.0,0.0,0.0,0.0,0.0,0.0,97.609,0.10899999999999466,-0.37792857142857034,0.37792857142857034,0.09899999999999902,0.0927954740275613,21.0,0.0,4.0,0.0,0.0,0.0,0.0,0.0,0.0,0.0,0.0,1.0,1.0,-9.092890995260703,10.0,0.0,10.0,0.1,97.695,0,100.69999053112913
ALB,51.0,4.0,SOFT,WILLIAMS,0.0,1.0,0.0,0.0,0.0,0.0,0.0,0.0,0.0,0.0,0.0,0.0,0.0,0.0,0.0,0.0,0.0,0.0,0.0,0.0,0.0,97.604,-0.0049999999999954525,-0.2811900000000048,0.3721899999999988,0.09166666666666383,0.09200181157636583,21.0,0.0,4.0,0.0,0.0,0.0,0.0,0.0,0.0,0.0,0.0,1.0,1.0,-11.102180094786789,11.0,0.0,11.0,0.1,97.727,0,100.79331686849912
ALB,52.0,4.0,SOFT,WILLIAMS,0.0,1.0,0.0,0.0,0.0,0.0,0.0,0.0,0.0,0.0,0.0,0.0,0.0,0.0,0.0,0.0,0.0,0.0,0.0,0.0,0.0,97.706,0.10200000000000387,-0.3443039215686255,0.3653039215686263,0.03733333333333159,0.04764801499887433,21.0,0.0,4.0,0.0,0.0,0.0,0.0,0.0,0.0,0.0,0.0,1.0,1.0,-12.11146919431286,12.0,0.0,12.0,0.1,97.861,0,100.9886432058691
ALB,53.0,4.0,SOFT,WILLIAMS,0.0,1.0,0.0,0.0,0.0,0.0,0.0,0.0,0.0,0.0,0.0,0.0,0.0,0.0,0.0,0.0,0.0,0.0,0.0,0.0,0.0,97.589,-0.11700000000000443,-0.09150961538460878,0.36350961538461435,0.1280000000000001,0.129526059154137,21.0,0.0,4.0,0.0,0.0,0.0,0.0,0.0,0.0,0.0,0.0,1.0,1.0,-14.420758293838905,13.0,0.0,13.0,0.4,97.778,0,100.96696954323909
ALB,54.0,4.0,SOFT,WILLIAMS,0.0,1.0,0.0,0.0,0.0,0.0,0.0,0.0,0.0,0.0,0.0,0.0,0.0,0.0,0.0,0.0,0.0,0.0,0.0,0.0,0.0,97.778,0.18900000000000716,-0.3566509433962254,0.3566509433962254,0.09766666666666879,0.15134177656329487,21.0,0.0,4.0,0.0,0.0,0.0,0.0,0.0,0.0,0.0,0.0,1.0,1.0,-15.530047393364974,14.0,0.0,14.0,0.3,97.78,0,101.03029588060906
ALB,55.0,4.0,SOFT,WILLIAMS,0.0,1.0,0.0,0.0,0.0,0.0,0.0,0.0,0.0,0.0,0.0,0.0,0.0,0.0,0.0,0.0,0.0,0.0,0.0,0.0,0.0,97.78,0.001999999999995339,-0.3500462962962953,0.3500462962962953,0.09066666666666852,0.15703927321958147,21.0,0.0,4.0,0.0,0.0,0.0,0.0,0.0,0.0,0.0,0.0,1.0,1.0,-16.639336492891044,15.0,0.0,15.0,0.5,97.803,0,101.11462221797905
ALB,56.0,4.0,SOFT,WILLIAMS,0.0,1.0,0.0,0.0,0.0,0.0,0.0,0.0,0.0,0.0,0.0,0.0,0.0,0.0,0.0,0.0,0.0,0.0,0.0,0.0,0.0,97.86,0.0799999999999983,-0.3996454545454557,0.34264545454545353,-0.01900000000000072,0.0329089653438083,21.0,0.0,4.0,0.0,0.0,0.0,0.0,0.0,0.0,0.0,0.0,1.0,1.0,-19.348625592417136,16.0,0.0,16.0,0.6,98.159,0,101.53194855534903
ALB,57.0,4.0,SOFT,WILLIAMS,0.0,1.0,0.0,0.0,0.0,0.0,0.0,0.0,0.0,0.0,0.0,0.0,0.0,0.0,0.0,0.0,0.0,0.0,0.0,0.0,0.0,98.1105,0.2505000000000024,-0.288892857142852,0.3373928571428562,-0.0028333333333326514,0.052807038672260144,21.0,0.0,4.0,0.0,0.0,0.0,0.0,0.0,0.0,0.0,0.0,1.0,1.0,-20.557914691943207,17.0,0.0,17.0,0.6,98.137,0,101.571274892719
ALO,4.0,1.0,SOFT,ASTON MARTIN,0.0,1.0,1.0,0.0,0.0,0.0,0.0,0.0,0.0,0.0,0.0,0.0,0.0,0.0,0.0,0.0,0.0,0.0,0.0,0.0,0.0,99.8625,-0.556500000000014,-0.1737499999999983,-0.5887500000000045,-0.5887500000000045,0.19569890776394383,22.0,0.0,1.0,0.0,0.0,1.0,0.0,0.0,0.0,0.0,0.0,0.0,1.0,9.034976303317503,7.0,0.0,7.0,0.4,99.548,0,99.73197901210995
ALO,5.0,1.0,SOFT,ASTON MARTIN,0.0,1.0,1.0,0.0,0.0,0.0,0.0,0.0,0.0,0.0,0.0,0.0,0.0,0.0,0.0,0.0,0.0,0.0,0.0,0.0,0.0,99.792,-0.07049999999999557,0.2585625000000036,-0.5025625000000034,-0.5445000000000041,0.26891494937991356,22.0,0.0,1.0,0.0,0.0,1.0,0.0,0.0,0.0,0.0,0.0,0.0,1.0,8.725687203791438,8.0,0.0,8.0,0.8999999999999999,99.662,0,99.90730534947994
ALO,6.0,1.0,SOFT,ASTON MARTIN,0.0,1.0,1.0,0.0,0.0,0.0,0.0,0.0,0.0,0.0,0.0,0.0,0.0,0.0,0.0,0.0,0.0,0.0,0.0,0.0,0.0,100.618,0.8259999999999934,-0.36274999999998836,-0.5932500000000005,-0.6541666666666638,0.36815497189815377,22.0,0.0,1.0,0.0,0.0,1.0,0.0,0.0,0.0,0.0,0.0,0.0,1.0,9.816398104265367,9.0,0.0,9.0,0.6,99.674,0,99.98063168684992
ALO,7.0,1.0,SOFT,ASTON MARTIN,0.0,1.0,1.0,0.0,0.0,0.0,0.0,0.0,0.0,0.0,0.0,0.0,0.0,0.0,0.0,0.0,0.0,0.0,0.0,0.0,0.0,100.5375,-0.08050000000000068,-0.22520833333332269,-0.638291666666665,-0.6878333333333254,0.38714349191653513,22.0,0.0,1.0,0.0,0.0,1.0,0.0,0.0,0.0,0.0,0.0,0.0,1.0,9.907109004739283,10.0,0.0,10.0,0.6,99.729,0,100.09695802421989
ALO,8.0,1.0,SOFT,ASTON MARTIN,0.0,1.0,1.0,0.0,0.0,0.0,0.0,0.0,0.0,0.0,0.0,0.0,0.0,0.0,0.0,0.0,0.0,0.0,0.0,0.0,0.0,100.60499999999999,0.06749999999999545,-0.20374999999999333,-0.6722499999999972,-0.8984999999999891,0.05018714974971214,21.0,0.0,1.0,0.0,0.0,1.0,0.0,0.0,0.0,0.0,0.0,0.0,1.0,10.897819905213211,11.0,0.0,11.0,0.8999999999999999,99.959,0,100.38828436158988
ALO,9.0,1.0,SOFT,ASTON MARTIN,0.0,1.0,1.0,0.0,0.0,0.0,0.0,0.0,0.0,0.0,0.0,0.0,0.0,0.0,0.0,0.0,0.0,0.0,0.0,0.0,0.0,100.70400000000001,0.09900000000001796,-0.06365625000000641,-0.6813437499999981,-0.8281666666666609,0.07229511279009185,21.0,0.0,1.0,0.0,0.0,1.0,0.0,0.0,0.0,0.0,0.0,0.0,1.0,10.688530805687165,12.0,0.0,12.0,0.6,100.275,0,100.76561069895986
ALO,10.0,1.0,SOFT,ASTON MARTIN,0.0,1.0,1.0,0.0,0.0,0.0,0.0,0.0,0.0,0.0,0.0,0.0,0.0,0.0,0.0,0.0,0.0,0.0,0.0,0.0,0.0,100.8245,0.12049999999999272,0.11719444444444749,-0.6666944444444423,-0.7234999999999966,0.16430839905494665,21.0,0.0,1.0,0.0,0.0,1.0,0.0,0.0,0.0,0.0,0.0,0.0,1.0,11.579241706161095,13.0,0.0,13.0,0.8,100.203,0,100.75493703632985
ALO,11.0,1.0,SOFT,ASTON MARTIN,0.0,1.0,1.0,0.0,0.0,0.0,0.0,0.0,0.0,0.0,0.0,0.0,0.0,0.0,0.0,0.0,0.0,0.0,0.0,0.0,0.0,100.9885,0.16400000000000148,-0.10692500000000105,-0.6785749999999979,-0.6933333333333328,0.126198586891194,21.0,0.0,1.0,0.0,0.0,1.0,0.0,0.0,0.0,0.0,0.0,0.0,1.0,9.669952606635036,14.0,0.0,14.0,0.6,101.147,0,101.76026337369983
ALO,12.0,1.0,SOFT,ASTON MARTIN,0.0,1.0,1.0,0.0,0.0,0.0,0.0,0.0,0.0,0.0,0.0,0.0,0.0,0.0,0.0,0.0,0.0,0.0,0.0,0.0,0.0,101.24950000000001,0.2610000000000099,0.5237045454545378,-0.6262045454545441,-0.4791666666666667,0.34688951170845495,21.0,0.0,1.0,0.0,0.0,1.0,0.0,0.0,0.0,0.0,0.0,0.0,1.0,10.360663507108967,15.0,0.0,15.0,0.8999999999999999,100.934,0,101.6085897110698
ALO,13.0,1.0,SOFT,ASTON MARTIN,0.0,1.0,1.0,0.0,0.0,0.0,0.0,0.0,0.0,0.0,0.0,0.0,0.0,0.0,0.0,0.0,0.0,0.0,0.0,0.0,0.0,101.134,-0.11550000000001148,0.3906874999999962,-0.590687499999999,-0.36266666666666936,0.3694151909888531,21.0,0.0,1.0,0.0,0.0,1.0,0.0,0.0,0.0,0.0,0.0,0.0,1.0,9.451374407582875,16.0,0.0,16.0,0.8999999999999999,100.341,0,101.07691604843978
ALO,14.0,1.0,SOFT,ASTON MARTIN,0.0,1.0,1.0,0.0,0.0,0.0,0.0,0.0,0.0,0.0,0.0,0.0,0.0,0.0,0.0,0.0,0.0,0.0,0.0,0.0,0.0,100.7305,-0.403499999999994,0.1857115384615261,-0.5752115384615385,-0.23066666666667382,0.14593691559483632,21.0,0.0,1.0,0.0,0.0,1.0,0.0,0.0,0.0,0.0,0.0,0.0,1.0,10.042085308056805,17.0,0.0,17.0,0.8,102.212,1,103.00924238580977
ALO,15.0,2.0,HARD,ASTON MARTIN,0.0,0.0,1.0,0.0,0.0,0.0,0.0,0.0,0.0,0.0,0.0,0.0,0.0,0.0,0.0,0.0,0.0,0.0,0.0,0.0,0.0,98.859,-1.8715000000000117,3.647625000000008,-0.2946249999999994,0.9211666666666645,2.1081597622887536,21.0,1.0,2.0,0.0,0.0,1.0,0.0,0.0,0.0,0.0,0.0,0.0,1.0,0.5907109004739297,1.0,0.0,0.0,0.6,103.98475,0,104.84331872317976
ALO,16.0,2.0,HARD,ASTON MARTIN,0.0,0.0,1.0,0.0,0.0,0.0,0.0,0.0,0.0,0.0,0.0,0.0,0.0,0.0,0.0,0.0,0.0,0.0,0.0,0.0,0.0,98.975,0.11599999999999966,4.95075000000001,0.05900000000000129,2.6577500000000023,2.765954548162364,21.0,1.0,2.0,0.0,0.0,1.0,0.0,0.0,0.0,0.0,0.0,0.0,1.0,0.9814218009478566,2.0,0.0,0.0,0.8,97.542,0,98.46189506054974
ALO,17.0,2.0,HARD,ASTON MARTIN,0.0,0.0,1.0,0.0,0.0,0.0,0.0,0.0,0.0,0.0,0.0,0.0,0.0,0.0,0.0,0.0,0.0,0.0,0.0,0.0,0.0,98.945,-0.030000000000001137,-1.3706249999999933,-0.032374999999998266,2.319916666666676,3.3288566386724043,20.0,1.0,2.0,0.0,0.0,1.0,0.0,0.0,0.0,0.0,0.0,0.0,1.0,1.1721327014217913,3.0,0.0,0.0,0.6,98.139,0,99.1202213979197
ALO,18.0,2.0,HARD,ASTON MARTIN,0.0,0.0,1.0,0.0,0.0,0.0,0.0,0.0,0.0,0.0,0.0,0.0,0.0,0.0,0.0,0.0,0.0,0.0,0.0,0.0,0.0,98.996,0.05100000000000193,-0.7761176470588245,-0.0808823529411748,0.9165833333333401,3.5552832546554365,21.0,1.0,2.0,0.0,0.0,1.0,0.0,0.0,0.0,0.0,0.0,0.0,1.0,1.5628436018957217,4.0,0.0,0.0,0.6,98.124,0,99.1665477352897
ALO,19.0,2.0,HARD,ASTON MARTIN,0.0,0.0,1.0,0.0,0.0,0.0,0.0,0.0,0.0,0.0,0.0,0.0,0.0,0.0,0.0,0.0,0.0,0.0,0.0,0.0,0.0,98.886,-0.10999999999999943,-0.6432777777777798,-0.11872222222222067,-1.0073333333333305,0.34593400141259,20.0,1.0,2.0,0.0,0.0,1.0,0.0,0.0,0.0,0.0,0.0,0.0,1.0,1.9535545023696521,5.0,0.0,0.0,0.6,98.361,0,99.46487407265968
ALO,20.0,2.0,HARD,ASTON MARTIN,0.0,0.0,1.0,0.0,0.0,0.0,0.0,0.0,0.0,0.0,0.0,0.0,0.0,0.0,0.0,0.0,0.0,0.0,0.0,0.0,0.0,98.794,-0.09199999999999875,-0.29773684210525775,-0.13526315789473498,-0.6839999999999975,0.22250168538687046,21.0,1.0,2.0,0.0,0.0,1.0,0.0,0.0,0.0,0.0,0.0,0.0,1.0,1.744265402843574,6.0,0.0,0.0,0.6,98.318,0,99.48320041002967
ALO,21.0,2.0,HARD,ASTON MARTIN,0.0,0.0,1.0,0.0,0.0,0.0,0.0,0.0,0.0,0.0,0.0,0.0,0.0,0.0,0.0,0.0,0.0,0.0,0.0,0.0,0.0,98.809,0.015000000000000568,-0.3379500000000014,-0.15304999999999822,-0.5619999999999976,0.17561605849123624,21.0,1.0,2.0,0.0,0.0,1.0,0.0,0.0,0.0,0.0,0.0,0.0,1.0,1.334976303317518,7.0,0.0,0.0,0.6,98.407,0,99.63352674739964
ALO,22.0,2.0,HARD,ASTON MARTIN,0.0,0.0,1.0,0.0,0.0,0.0,0.0,0.0,0.0,0.0,0.0,0.0,0.0,0.0,0.0,0.0,0.0,0.0,0.0,0.0,0.0,98.888,0.07900000000000773,-0.31233333333334334,-0.16866666666666538,-0.4683333333333337,0.031005375877902933,21.0,1.0,2.0,0.0,0.0,1.0,0.0,0.0,0.0,0.0,0.0,0.0,1.0,0.7256872037914377,8.0,0.0,0.0,0.4,98.2,0,99.48785308476963
ALO,23.0,2.0,HARD,ASTON MARTIN,0.0,0.0,1.0,0.0,0.0,0.0,0.0,0.0,0.0,0.0,0.0,0.0,0.0,0.0,0.0,0.0,0.0,0.0,0.0,0.0,0.0,98.913,0.024999999999991473,-0.5195909090909044,-0.19340909090908942,-0.5616666666666674,0.13115385367318788,21.0,1.0,2.0,0.0,0.0,1.0,0.0,0.0,0.0,0.0,0.0,0.0,1.0,0.8163981042653674,9.0,0.0,0.0,0.5,97.853,0,99.20217942213961
ALO,24.0,2.0,HARD,ASTON MARTIN,0.0,0.0,1.0,0.0,0.0,0.0,0.0,0.0,0.0,0.0,0.0,0.0,0.0,0.0,0.0,0.0,0.0,0.0,0.0,0.0,0.0,99.027,0.11400000000000432,-0.9379565217391381,-0.2360434782608684,-0.7893333333333364,0.3527496751711186,21.0,1.0,2.0,0.0,0.0,1.0,0.0,0.0,0.0,0.0,0.0,0.0,1.0,-0.09289099526071709,10.0,0.0,0.0,0.8,97.878,0,99.28850575950959
ALO,25.0,2.0,HARD,ASTON MARTIN,0.0,0.0,1.0,0.0,0.0,0.0,0.0,0.0,0.0,0.0,0.0,0.0,0.0,0.0,0.0,0.0,0.0,0.0,0.0,0.0,0.0,98.947,-0.0799999999999983,-0.7982500000000037,-0.270749999999999,-0.9853333333333344,0.24162022542273312,21.0,1.0,2.0,0.0,0.0,1.0,0.0,0.0,0.0,0.0,0.0,0.0,1.0,-0.1021800947867888,11.0,0.0,0.0,0.6,98.139,0,99.61083209687958
ALO,26.0,2.0,HARD,ASTON MARTIN,0.0,0.0,1.0,0.0,0.0,0.0,0.0,0.0,0.0,0.0,0.0,0.0,0.0,0.0,0.0,0.0,0.0,0.0,0.0,0.0,0.0,99.066,0.11899999999999977,-0.6300000000000074,-0.2969999999999993,-1.056666666666672,0.12396101537713018,21.0,1.0,2.0,0.0,0.0,1.0,0.0,0.0,0.0,0.0,0.0,0.0,1.0,-0.11146919431286051,12.0,0.0,0.0,0.5,98.127,0,99.66015843424955
ALO,27.0,2.0,HARD,ASTON MARTIN,0.0,0.0,1.0,0.0,0.0,0.0,0.0,0.0,0.0,0.0,0.0,0.0,0.0,0.0,0.0,0.0,0.0,0.0,0.0,0.0,0.0,99.5,0.4339999999999975,-1.0346153846153898,-0.3383846153846149,-1.1230000000000047,0.22785082839435872,21.0,1.0,2.0,0.0,0.0,1.0,0.0,0.0,0.0,0.0,0.0,0.0,1.0,-0.12075829383893222,13.0,0.0,0.0,0.6,98.612,0,100.20648477161953
ALO,28.0,2.0,HARD,ASTON MARTIN,0.0,0.0,1.0,0.0,0.0,0.0,0.0,0.0,0.0,0.0,0.0,0.0,0.0,0.0,0.0,0.0,0.0,0.0,0.0,0.0,0.0,99.235,-0.26500000000000057,-0.274074074074079,-0.34892592592592564,-0.9743333333333387,0.3772337913460685,21.0,1.0,2.0,0.0,0.0,1.0,0.0,0.0,0.0,0.0,0.0,0.0,1.0,-0.13004739336500393,14.0,0.0,0.0,0.5,98.199,0,99.85481110898952
ALO,29.0,2.0,HARD,ASTON MARTIN,0.0,0.0,1.0,0.0,0.0,0.0,0.0,0.0,0.0,0.0,0.0,0.0,0.0,0.0,0.0,0.0,0.0,0.0,0.0,0.0,0.0,98.474,-0.7609999999999957,0.07128571428570851,-0.3462857142857142,-0.757000000000005,0.5611310007475934,21.0,1.0,2.0,0.0,0.0,1.0,0.0,0.0,0.0,0.0,0.0,0.0,1.0,-0.13933649289107564,15.0,0.0,0.0,0.6,98.585,0,100.3021374463595
ALO,30.0,2.0,HARD,ASTON MARTIN,0.0,0.0,1.0,0.0,0.0,0.0,0.0,0.0,0.0,0.0,0.0,0.0,0.0,0.0,0.0,0.0,0.0,0.0,0.0,0.0,0.0,98.447,-0.027000000000001023,0.46758620689654296,-0.32958620689655194,-0.2533333333333398,0.3809623778450154,21.0,1.0,2.0,0.0,0.0,1.0,0.0,0.0,0.0,0.0,0.0,0.0,1.0,-1.7486255924171132,16.0,0.0,0.0,0.6,98.282,0,100.06046378372949
ALO,31.0,2.0,HARD,ASTON MARTIN,0.0,0.0,1.0,0.0,0.0,0.0,0.0,0.0,0.0,0.0,0.0,0.0,0.0,0.0,0.0,0.0,0.0,0.0,0.0,0.0,0.0,98.39,-0.05700000000000216,0.21419999999999628,-0.3222000000000004,-0.08166666666667292,0.20775546523095217,21.0,1.0,2.0,0.0,0.0,1.0,0.0,0.0,0.0,0.0,0.0,0.0,1.0,-3.557914691943207,17.0,0.0,0.0,0.6,98.009,0,99.84879012109947
ALO,32.0,2.0,HARD,ASTON MARTIN,0.0,0.0,1.0,0.0,0.0,0.0,0.0,0.0,0.0,0.0,0.0,0.0,0.0,0.0,0.0,0.0,0.0,0.0,0.0,0.0,0.0,98.104,-0.28600000000000136,0.21987096774193693,-0.3148709677419358,-0.021666666666670647,0.1384280800030436,21.0,1.0,2.0,0.0,0.0,1.0,0.0,0.0,0.0,0.0,0.0,0.0,1.0,-5.56720379146924,18.0,0.0,0.0,0.6,97.871,0,99.77211645846944
ALO,33.0,2.0,HARD,ASTON MARTIN,0.0,0.0,1.0,0.0,0.0,0.0,0.0,0.0,0.0,0.0,0.0,0.0,0.0,0.0,0.0,0.0,0.0,0.0,0.0,0.0,0.0,97.902,-0.20199999999999818,0.2749999999999946,-0.3060000000000005,-0.07800000000000296,0.04121892769100908,21.0,1.0,2.0,0.0,0.0,1.0,0.0,0.0,0.0,0.0,0.0,0.0,1.0,-5.8764928909953085,19.0,0.0,0.0,0.6,97.769,0,99.73144279583944
ALO,34.0,2.0,HARD,ASTON MARTIN,0.0,0.0,1.0,0.0,0.0,0.0,0.0,0.0,0.0,0.0,0.0,0.0,0.0,0.0,0.0,0.0,0.0,0.0,0.0,0.0,0.0,97.775,-0.12699999999999534,0.2909090909090912,-0.2969090909090914,-0.04400000000000167,0.04590206967007808,21.0,1.0,2.0,0.0,0.0,1.0,0.0,0.0,0.0,0.0,0.0,0.0,1.0,-6.185781990521377,20.0,0.0,0.0,0.5,100.353,1,102.37676913320941
ALO,35.0,3.0,HARD,ASTON MARTIN,0.0,0.0,1.0,0.0,0.0,0.0,0.0,0.0,0.0,0.0,0.0,0.0,0.0,0.0,0.0,0.0,0.0,0.0,0.0,0.0,0.0,97.902,0.12699999999999534,2.667088235294112,-0.2160882352941183,0.8046666666666624,1.4258212837986832,21.0,1.0,3.0,0.0,0.0,1.0,0.0,0.0,0.0,0.0,0.0,0.0,1.0,-0.30928909952606887,1.0,0.0,0.0,0.4,103.98475,0,106.06984547057941
ALO,36.0,3.0,HARD,ASTON MARTIN,0.0,0.0,1.0,0.0,0.0,0.0,0.0,0.0,0.0,0.0,0.0,0.0,0.0,0.0,0.0,0.0,0.0,0.0,0.0,0.0,0.0,97.87,-0.031999999999996476,6.1499571428571445,-0.03520714285714348,2.853249999999998,3.080137811446106,21.0,1.0,3.0,0.0,0.0,1.0,0.0,0.0,0.0,0.0,0.0,0.0,1.0,-0.6185781990521377,2.0,0.0,0.0,0.5,96.156,0,98.30242180794939
ALO,37.0,3.0,HARD,ASTON MARTIN,0.0,0.0,1.0,0.0,0.0,0.0,0.0,0.0,0.0,0.0,0.0,0.0,0.0,0.0,0.0,0.0,0.0,0.0,0.0,0.0,0.0,97.754,-0.11599999999999966,-1.5193819444444427,-0.07861805555555614,2.322583333333332,3.857978262099637,21.0,1.0,3.0,0.0,0.0,1.0,0.0,0.0,0.0,0.0,0.0,0.0,1.0,-0.9278672985782066,3.0,0.0,0.0,0.4,97.431,0,99.63874814531935
ALO,38.0,3.0,HARD,ASTON MARTIN,0.0,0.0,1.0,0.0,0.0,0.0,0.0,0.0,0.0,0.0,0.0,0.0,0.0,0.0,0.0,0.0,0.0,0.0,0.0,0.0,0.0,97.831,0.07699999999999818,-0.3126959459459509,-0.08730405405405477,1.3722499999999986,4.150575946480201,21.0,1.0,3.0,0.0,0.0,1.0,0.0,0.0,0.0,0.0,0.0,0.0,1.0,-1.6371563981042812,4.0,0.0,0.0,0.6,97.002,0,99.27107448268934
ALO,39.0,3.0,HARD,ASTON MARTIN,0.0,0.0,1.0,0.0,0.0,0.0,0.0,0.0,0.0,0.0,0.0,0.0,0.0,0.0,0.0,0.0,0.0,0.0,0.0,0.0,0.0,98.015,0.1839999999999975,-0.9013355263157938,-0.11166447368421135,-1.00366666666667,0.5990545328543391,21.0,1.0,3.0,0.0,0.0,1.0,0.0,0.0,0.0,0.0,0.0,0.0,1.0,-2.0464454976303514,5.0,0.0,0.0,0.6,97.243,0,99.57340082005932
ALO,40.0,3.0,HARD,ASTON MARTIN,0.0,0.0,1.0,0.0,0.0,0.0,0.0,0.0,0.0,0.0,0.0,0.0,0.0,0.0,0.0,0.0,0.0,0.0,0.0,0.0,0.0,97.784,-0.23099999999999454,-0.418326923076933,-0.12267307692307802,-0.6513333333333406,0.3210488021054337,21.0,1.0,3.0,0.0,0.0,1.0,0.0,0.0,0.0,0.0,0.0,0.0,12.0,-2.4557345971564217,6.0,0.0,0.0,0.4,97.208,0,99.59972715742931
ALO,41.0,3.0,HARD,ASTON MARTIN,0.0,0.0,1.0,0.0,0.0,0.0,0.0,0.0,0.0,0.0,0.0,0.0,0.0,0.0,0.0,0.0,0.0,0.0,0.0,0.0,0.0,103.98475,6.200749999999999,-6.4877250000000055,-0.28902500000000125,-2.7769166666666742,3.4719873301660145,21.0,1.0,3.0,0.0,0.0,1.0,0.0,0.0,0.0,0.0,0.0,0.0,2671.0,-3.565023696682502,7.0,0.0,0.0,0.1,103.98475,0,106.4378034947993
ALO,42.0,3.0,HARD,ASTON MARTIN,0.0,0.0,1.0,0.0,0.0,0.0,0.0,0.0,0.0,0.0,0.0,0.0,0.0,0.0,0.0,0.0,0.0,0.0,0.0,0.0,0.0,103.98475,0.0,0.28197560975609876,-0.28197560975609876,-2.439250000000006,3.766112045266313,21.0,1.0,3.0,0.0,0.0,1.0,0.0,0.0,0.0,0.0,0.0,0.0,1.0,-4.074312796208574,8.0,0.0,0.0,0.1,96.334,0,98.84837983216927
ALO,43.0,3.0,HARD,ASTON MARTIN,0.0,0.0,1.0,0.0,0.0,0.0,0.0,0.0,0.0,0.0,0.0,0.0,0.0,0.0,0.0,0.0,0.0,0.0,0.0,0.0,0.0,97.061,-6.923749999999998,-0.434428571428574,-0.29257142857142987,-2.5012500000000037,3.720491558584702,21.0,1.0,3.0,0.0,0.0,1.0,0.0,0.0,0.0,0.0,0.0,0.0,1.0,-5.483601895734626,9.0,0.0,0.0,0.8,96.911,0,99.48670616953926
ALO,44.0,3.0,HARD,ASTON MARTIN,0.0,0.0,1.0,0.0,0.0,0.0,0.0,0.0,0.0,0.0,0.0,0.0,0.0,0.0,0.0,0.0,0.0,0.0,0.0,0.0,0.0,97.028,-0.03300000000000125,0.17148837209302015,-0.2884883720930246,-0.2813333333333361,0.3903669214128417,21.0,1.0,3.0,0.0,0.0,1.0,0.0,0.0,0.0,0.0,0.0,0.0,1.0,-7.09289099526071,10.0,0.0,0.0,0.1,97.022,0,99.65903250690924
ALO,45.0,3.0,HARD,ASTON MARTIN,0.0,0.0,1.0,0.0,0.0,0.0,0.0,0.0,0.0,0.0,0.0,0.0,0.0,0.0,0.0,0.0,0.0,0.0,0.0,0.0,0.0,97.219,0.1909999999999883,0.08940909090910343,-0.28640909090909195,-0.3469999999999989,0.33151168908502676,21.0,1.0,3.0,0.0,0.0,1.0,0.0,0.0,0.0,0.0,0.0,0.0,1.0,-8.902180094786758,11.0,0.0,0.0,0.5,97.931,0,100.62935884427922
ALO,46.0,3.0,HARD,ASTON MARTIN,0.0,0.0,1.0,0.0,0.0,0.0,0.0,0.0,0.0,0.0,0.0,0.0,0.0,0.0,0.0,0.0,0.0,0.0,0.0,0.0,0.0,97.426,0.20700000000000784,0.7738222222222189,-0.26882222222222335,0.0636666666666675,0.3842932907732519,21.0,1.0,3.0,0.0,0.0,1.0,0.0,0.0,0.0,0.0,0.0,0.0,1.0,-9.711469194312826,12.0,0.0,0.0,0.1,97.087,0,99.8466851816492
ALO,47.0,3.0,HARD,ASTON MARTIN,0.0,0.0,1.0,0.0,0.0,0.0,0.0,0.0,0.0,0.0,0.0,0.0,0.0,0.0,0.0,0.0,0.0,0.0,0.0,0.0,0.0,97.589,0.1629999999999967,-0.22810869565216824,-0.2738913043478271,-0.0646666666666628,0.5163780914536683,21.0,1.0,3.0,0.0,0.0,1.0,0.0,0.0,0.0,0.0,0.0,0.0,1.0,-11.820758293838914,13.0,0.0,0.0,0.3,97.326,0,100.14701151901917
ALO,48.0,3.0,HARD,ASTON MARTIN,0.0,0.0,1.0,0.0,0.0,0.0,0.0,0.0,0.0,0.0,0.0,0.0,0.0,0.0,0.0,0.0,0.0,0.0,0.0,0.0,0.0,97.432,-0.15699999999999648,0.16431914893616262,-0.27031914893617137,-0.03433333333333621,0.5073108843040283,21.0,1.0,3.0,0.0,0.0,1.0,0.0,0.0,0.0,0.0,0.0,0.0,1.0,-12.730047393364984,14.0,0.0,0.0,0.3,96.783,0,99.66533785638917
ALO,49.0,3.0,HARD,ASTON MARTIN,0.0,0.0,1.0,0.0,0.0,0.0,0.0,0.0,0.0,0.0,0.0,0.0,0.0,0.0,0.0,0.0,0.0,0.0,0.0,0.0,0.0,97.5,0.06799999999999784,-0.4373749999999976,-0.2796250000000011,-0.4416666666666676,0.3099360149020035,21.0,1.0,3.0,0.0,0.0,1.0,0.0,0.0,0.0,0.0,0.0,0.0,1.0,-13.639336492891054,15.0,0.0,0.0,0.1,96.726,0,99.66966419375915
ALO,50.0,3.0,HARD,ASTON MARTIN,0.0,0.0,1.0,0.0,0.0,0.0,0.0,0.0,0.0,0.0,0.0,0.0,0.0,0.0,0.0,0.0,0.0,0.0,0.0,0.0,0.0,97.609,0.10899999999999466,-0.5910612244897905,-0.2919387755102051,-0.5686666666666677,0.4091874061274768,21.0,1.0,3.0,0.0,0.0,1.0,0.0,0.0,0.0,0.0,0.0,0.0,1.0,-14.548625592417125,16.0,0.0,0.0,0.1,96.331,0,99.33599053112914
ALO,51.0,3.0,HARD,ASTON MARTIN,0.0,0.0,1.0,0.0,0.0,0.0,0.0,0.0,0.0,0.0,0.0,0.0,0.0,0.0,0.0,0.0,0.0,0.0,0.0,0.0,0.0,97.604,-0.0049999999999954525,-0.9614399999999952,-0.3115600000000009,-0.9576666666666634,0.28542132599603864,21.0,1.0,3.0,0.0,0.0,1.0,0.0,0.0,0.0,0.0,0.0,0.0,1.0,-17.15791469194322,17.0,0.0,0.0,0.1,96.96,0,100.02631686849911
ALO,52.0,3.0,HARD,ASTON MARTIN,0.0,0.0,1.0,0.0,0.0,0.0,0.0,0.0,0.0,0.0,0.0,0.0,0.0,0.0,0.0,0.0,0.0,0.0,0.0,0.0,0.0,97.706,0.10200000000000387,-0.4259215686274592,-0.3200784313725501,-0.9673333333333337,0.27343433093401903,21.0,1.0,3.0,0.0,0.0,1.0,0.0,0.0,0.0,0.0,0.0,0.0,1.0,-18.16720379146929,18.0,0.0,0.0,0.3,97.01,0,100.1376432058691
ALO,53.0,3.0,HARD,ASTON MARTIN,0.0,0.0,1.0,0.0,0.0,0.0,0.0,0.0,0.0,0.0,0.0,0.0,0.0,0.0,0.0,0.0,0.0,0.0,0.0,0.0,0.0,97.589,-0.11700000000000443,-0.2539423076923003,-0.3250576923076932,-0.8659999999999997,0.362227828859136,21.0,1.0,3.0,0.0,0.0,1.0,0.0,0.0,0.0,0.0,0.0,0.0,1.0,-21.076492890995322,19.0,0.0,0.0,0.1,97.01,0,100.19896954323909
ALO,54.0,3.0,HARD,ASTON MARTIN,0.0,0.0,1.0,0.0,0.0,0.0,0.0,0.0,0.0,0.0,0.0,0.0,0.0,0.0,0.0,0.0,0.0,0.0,0.0,0.0,0.0,97.778,0.18900000000000716,-0.4345849056603771,-0.3334150943396236,-0.6976666666666679,0.10335537399351442,21.0,1.0,3.0,0.0,0.0,1.0,0.0,0.0,0.0,0.0,0.0,0.0,1.0,-22.18578199052139,20.0,0.0,0.0,0.4,97.599,0,100.84929588060906
ALO,55.0,3.0,HARD,ASTON MARTIN,0.0,0.0,1.0,0.0,0.0,0.0,0.0,0.0,0.0,0.0,0.0,0.0,0.0,0.0,0.0,0.0,0.0,0.0,0.0,0.0,0.0,97.78,0.001999999999995339,0.14959259259259605,-0.33059259259259344,-0.5093333333333305,0.29963700261039,21.0,1.0,3.0,0.0,0.0,1.0,0.0,0.0,0.0,0.0,0.0,0.0,1.0,-23.29507109004746,21.0,0.0,0.0,0.1,97.662,0,100.97362221797906
ALO,56.0,3.0,HARD,ASTON MARTIN,0.0,0.0,1.0,0.0,0.0,0.0,0.0,0.0,0.0,0.0,0.0,0.0,0.0,0.0,0.0,0.0,0.0,0.0,0.0,0.0,0.0,97.86,0.0799999999999983,0.13018181818182561,-0.3281818181818189,-0.38233333333333047,0.33410527283079583,21.0,1.0,3.0,0.0,0.0,1.0,0.0,0.0,0.0,0.0,0.0,0.0,1.0,-26.604360189573562,22.0,0.0,0.0,0.4,97.473,0,100.84594855534903
ALO,57.0,3.0,HARD,ASTON MARTIN,0.0,0.0,1.0,0.0,0.0,0.0,0.0,0.0,0.0,0.0,0.0,0.0,0.0,0.0,0.0,0.0,0.0,0.0,0.0,0.0,0.0,98.1105,0.2505000000000024,-0.3037946428571449,-0.33370535714285793,-0.33883333333333115,0.2587925488365938,21.0,1.0,3.0,0.0,0.0,1.0,0.0,0.0,0.0,0.0,0.0,0.0,1.0,-27.813649289099633,23.0,0.0,0.0,0.6,97.422,0,100.856274892719
BOT,4.0,1.0,SOFT,ALFA ROMEO,0.0,1.0,0.0,1.0,0.0,0.0,0.0,0.0,0.0,0.0,0.0,0.0,0.0,0.0,0.0,0.0,0.0,0.0,0.0,0.0,0.0,99.8625,-0.556500000000014,-0.1559999999999917,-0.3094999999999999,-0.3094999999999999,0.26803777718821636,22.0,1.0,1.0,0.0,0.0,0.0,0.0,0.0,0.0,0.0,0.0,0.0,1.0,5.162843601895716,4.0,0.0,4.0,0.4,99.823,0,100.00697901210994
BOT,5.0,1.0,SOFT,ALFA ROMEO,0.0,1.0,0.0,1.0,0.0,0.0,0.0,0.0,0.0,0.0,0.0,0.0,0.0,0.0,0.0,0.0,0.0,0.0,0.0,0.0,0.0,99.792,-0.07049999999999557,0.2553749999999937,-0.224375000000002,-0.2991666666666693,0.28593545308920776,22.0,1.0,1.0,0.0,0.0,0.0,0.0,0.0,0.0,0.0,0.0,0.0,1.0,5.453554502369649,5.0,0.0,5.0,0.8999999999999999,101.033,0,101.27830534947994
BOT,6.0,1.0,SOFT,ALFA ROMEO,0.0,1.0,0.0,1.0,0.0,0.0,0.0,0.0,0.0,0.0,0.0,0.0,0.0,0.0,0.0,0.0,0.0,0.0,0.0,0.0,0.0,100.618,0.8259999999999934,0.5115000000000066,-0.09650000000000034,-0.006499999999997878,0.4414462028378979,22.0,1.0,1.0,0.0,0.0,0.0,0.0,0.0,0.0,0.0,0.0,0.0,1.0,6.544265402843578,6.0,0.0,6.0,0.6,100.265,0,100.57163168684991
BOT,7.0,1.0,SOFT,ALFA ROMEO,0.0,1.0,0.0,1.0,0.0,0.0,0.0,0.0,0.0,0.0,0.0,0.0,0.0,0.0,0.0,0.0,0.0,0.0,0.0,0.0,0.0,100.5375,-0.08050000000000068,-0.14666666666666117,-0.12583333333333258,0.057833333333334735,0.3445345894584952,22.0,1.0,1.0,0.0,0.0,0.0,0.0,0.0,0.0,0.0,0.0,0.0,1.0,6.934976303317498,7.0,0.0,7.0,0.6,100.564,0,100.93195802421988
BOT,8.0,1.0,SOFT,ALFA ROMEO,0.0,1.0,0.0,1.0,0.0,0.0,0.0,0.0,0.0,0.0,0.0,0.0,0.0,0.0,0.0,0.0,0.0,0.0,0.0,0.0,0.0,100.60499999999999,0.06749999999999545,0.0727142857142878,-0.11371428571428462,0.033833333333338565,0.34980577944529967,21.0,1.0,1.0,0.0,0.0,0.0,0.0,0.0,0.0,0.0,0.0,0.0,1.0,7.925687203791426,8.0,0.0,8.0,0.8999999999999999,100.387,0,100.81628436158988
BOT,9.0,1.0,SOFT,ALFA ROMEO,0.0,1.0,0.0,1.0,0.0,0.0,0.0,0.0,0.0,0.0,0.0,0.0,0.0,0.0,0.0,0.0,0.0,0.0,0.0,0.0,0.0,100.70400000000001,0.09900000000001796,-0.17787500000000733,-0.13912499999999994,-0.21016666666666595,0.14818260131788186,21.0,1.0,1.0,0.0,0.0,0.0,0.0,0.0,0.0,0.0,0.0,0.0,1.0,8.016398104265374,9.0,0.0,9.0,0.6,100.275,0,100.76561069895986
BOT,10.0,1.0,SOFT,ALFA ROMEO,0.0,1.0,0.0,1.0,0.0,0.0,0.0,0.0,0.0,0.0,0.0,0.0,0.0,0.0,0.0,0.0,0.0,0.0,0.0,0.0,0.0,100.8245,0.12049999999999272,-0.3647777777777732,-0.1847222222222216,-0.3024999999999996,0.25455991436202147,21.0,1.0,1.0,0.0,0.0,0.0,0.0,0.0,0.0,0.0,0.0,0.0,1.0,8.907109004739304,10.0,0.0,10.0,0.8,100.676,0,101.22793703632985
BOT,11.0,1.0,SOFT,ALFA ROMEO,0.0,1.0,0.0,1.0,0.0,0.0,0.0,0.0,0.0,0.0,0.0,0.0,0.0,0.0,0.0,0.0,0.0,0.0,0.0,0.0,0.0,100.9885,0.16400000000000148,-0.11500000000000057,-0.19749999999999943,-0.3930000000000007,0.1355516506723495,21.0,1.0,1.0,0.0,0.0,0.0,0.0,0.0,0.0,0.0,0.0,0.0,1.0,7.5978199052132425,11.0,0.0,11.0,0.6,103.269,1,103.88226337369983
BOT,12.0,2.0,HARD,ALFA ROMEO,0.0,0.0,0.0,1.0,0.0,0.0,0.0,0.0,0.0,0.0,0.0,0.0,0.0,0.0,0.0,0.0,0.0,0.0,0.0,0.0,0.0,101.24950000000001,0.2610000000000099,2.015454545454539,0.004045454545454483,0.385833333333333,1.419750799729769,21.0,1.0,2.0,0.0,0.0,0.0,0.0,0.0,0.0,0.0,0.0,0.0,1.0,0.6907109004739311,1.0,0.0,0.0,0.8999999999999999,103.98475,0,104.6593397110698
BOT,13.0,2.0,HARD,ALFA ROMEO,0.0,0.0,0.0,1.0,0.0,0.0,0.0,0.0,0.0,0.0,0.0,0.0,0.0,0.0,0.0,0.0,0.0,0.0,0.0,0.0,0.0,101.134,-0.11550000000001148,2.6094791666666715,0.24127083333333368,1.5192499999999995,1.639885723914933,21.0,1.0,2.0,0.0,0.0,0.0,0.0,0.0,0.0,0.0,0.0,0.0,1.0,1.1814218009478594,2.0,0.0,0.0,0.8,98.03,0,98.76591604843979
BOT,14.0,2.0,HARD,ALFA ROMEO,0.0,0.0,0.0,1.0,0.0,0.0,0.0,0.0,0.0,0.0,0.0,0.0,0.0,0.0,0.0,0.0,0.0,0.0,0.0,0.0,0.0,100.7305,-0.403499999999994,-2.7154807692307745,0.01498076923076916,0.7232499999999978,2.9940427831779592,21.0,1.0,2.0,0.0,0.0,0.0,0.0,0.0,0.0,0.0,0.0,0.0,1.0,1.7721327014217891,3.0,0.0,0.0,0.8,98.098,0,98.89524238580977
BOT,15.0,2.0,HARD,ALFA ROMEO,0.0,0.0,0.0,1.0,0.0,0.0,0.0,0.0,0.0,0.0,0.0,0.0,0.0,0.0,0.0,0.0,0.0,0.0,0.0,0.0,0.0,98.859,-1.8715000000000117,-0.7205535714285674,-0.04044642857142833,-0.20358333333333198,2.8172911006556207,21.0,1.0,2.0,0.0,0.0,0.0,0.0,0.0,0.0,0.0,0.0,0.0,1.0,2.362843601895719,4.0,0.0,0.0,0.6,98.851,0,99.70956872317976
BOT,16.0,2.0,HARD,ALFA ROMEO,0.0,0.0,0.0,1.0,0.0,0.0,0.0,0.0,0.0,0.0,0.0,0.0,0.0,0.0,0.0,0.0,0.0,0.0,0.0,0.0,0.0,98.975,0.11599999999999966,-0.0779833333333291,-0.04601666666666612,-1.1951666666666654,1.3419998447590622,21.0,1.0,2.0,0.0,0.0,0.0,0.0,0.0,0.0,0.0,0.0,0.0,1.0,2.4535545023696415,5.0,0.0,0.0,0.8,98.494,0,99.41389506054973
BOT,17.0,2.0,HARD,ALFA ROMEO,0.0,0.0,0.0,1.0,0.0,0.0,0.0,0.0,0.0,0.0,0.0,0.0,0.0,0.0,0.0,0.0,0.0,0.0,0.0,0.0,0.0,98.945,-0.030000000000001137,-0.37967187499999433,-0.07132812499999908,-0.4453333333333281,0.31853780518697045,20.0,1.0,2.0,0.0,0.0,0.0,0.0,0.0,0.0,0.0,0.0,0.0,1.0,2.3442654028435825,6.0,0.0,0.0,0.6,99.973,0,100.95422139791971
BOT,18.0,2.0,HARD,ALFA ROMEO,0.0,0.0,0.0,1.0,0.0,0.0,0.0,0.0,0.0,0.0,0.0,0.0,0.0,0.0,0.0,0.0,0.0,0.0,0.0,0.0,0.0,98.996,0.05100000000000193,0.9866617647058851,-0.009661764705881256,0.1340000000000051,0.7481437027737365,21.0,1.0,2.0,0.0,0.0,0.0,0.0,0.0,0.0,0.0,0.0,0.0,1.0,2.734976303317513,7.0,0.0,0.0,0.6,100.24,0,101.2825477352897
BOT,19.0,2.0,HARD,ALFA ROMEO,0.0,0.0,0.0,1.0,0.0,0.0,0.0,0.0,0.0,0.0,0.0,0.0,0.0,0.0,0.0,0.0,0.0,0.0,0.0,0.0,0.0,98.886,-0.10999999999999943,1.287902777777776,0.06609722222222321,0.6266666666666699,0.952132518787866,20.0,1.0,2.0,0.0,0.0,0.0,0.0,0.0,0.0,0.0,0.0,0.0,1.0,3.1256872037914434,8.0,0.0,0.0,0.6,99.497,0,100.60087407265968
BOT,20.0,2.0,HARD,ALFA ROMEO,0.0,0.0,0.0,1.0,0.0,0.0,0.0,0.0,0.0,0.0,0.0,0.0,0.0,0.0,0.0,0.0,0.0,0.0,0.0,0.0,0.0,98.794,-0.09199999999999875,0.6033815789473703,0.09961842105263267,1.0113333333333354,0.3268552176932945,21.0,1.0,2.0,0.0,0.0,0.0,0.0,0.0,0.0,0.0,0.0,0.0,1.0,2.616398104265361,9.0,0.0,0.0,0.6,100.442,0,101.60720041002966
BOT,21.0,2.0,HARD,ALFA ROMEO,0.0,0.0,0.0,1.0,0.0,0.0,0.0,0.0,0.0,0.0,0.0,0.0,0.0,0.0,0.0,0.0,0.0,0.0,0.0,0.0,0.0,98.809,0.015000000000000568,1.4567124999999947,0.17628750000000082,1.2299999999999993,0.4772389338685555,21.0,1.0,2.0,0.0,0.0,0.0,0.0,0.0,0.0,0.0,0.0,0.0,1.0,1.9071090047393113,10.0,0.0,0.0,0.6,99.355,0,100.58152674739965
BOT,22.0,2.0,HARD,ALFA ROMEO,0.0,0.0,0.0,1.0,0.0,0.0,0.0,0.0,0.0,0.0,0.0,0.0,0.0,0.0,0.0,0.0,0.0,0.0,0.0,0.0,0.0,98.888,0.07900000000000773,0.2768690476190456,0.1901309523809531,0.9343333333333325,0.6164619480011148,21.0,1.0,2.0,0.0,0.0,0.0,0.0,0.0,0.0,0.0,0.0,0.0,1.0,0.9978199052132268,11.0,0.0,0.0,0.4,99.356,0,100.64385308476962
BOT,23.0,2.0,HARD,ALFA ROMEO,0.0,0.0,0.0,1.0,0.0,0.0,0.0,0.0,0.0,0.0,0.0,0.0,0.0,0.0,0.0,0.0,0.0,0.0,0.0,0.0,0.0,98.913,0.024999999999991473,0.24137499999999726,0.20162500000000058,0.847666666666664,0.6802244727539065,21.0,1.0,2.0,0.0,0.0,0.0,0.0,0.0,0.0,0.0,0.0,0.0,1.0,1.0885308056871565,12.0,0.0,0.0,0.5,99.311,0,100.66017942213962
BOT,24.0,2.0,HARD,ALFA ROMEO,0.0,0.0,0.0,1.0,0.0,0.0,0.0,0.0,0.0,0.0,0.0,0.0,0.0,0.0,0.0,0.0,0.0,0.0,0.0,0.0,0.0,99.027,0.11400000000000432,0.07879347826087477,0.20520652173913126,0.39800000000000085,0.09945350672549452,21.0,1.0,2.0,0.0,0.0,0.0,0.0,0.0,0.0,0.0,0.0,0.0,1.0,-0.12075829383893222,13.0,0.0,0.0,0.8,99.427,0,100.8375057595096
BOT,25.0,2.0,HARD,ALFA ROMEO,0.0,0.0,0.0,1.0,0.0,0.0,0.0,0.0,0.0,0.0,0.0,0.0,0.0,0.0,0.0,0.0,0.0,0.0,0.0,0.0,0.0,98.947,-0.0799999999999983,0.263343750000003,0.21665625000000097,0.40233333333333593,0.10413612885704795,21.0,1.0,2.0,0.0,0.0,0.0,0.0,0.0,0.0,0.0,0.0,0.0,1.0,-0.13004739336500393,14.0,0.0,0.0,0.6,99.49,0,100.96183209687958
BOT,26.0,2.0,HARD,ALFA ROMEO,0.0,0.0,0.0,1.0,0.0,0.0,0.0,0.0,0.0,0.0,0.0,0.0,0.0,0.0,0.0,0.0,0.0,0.0,0.0,0.0,0.0,99.066,0.11899999999999977,0.19904999999999176,0.22495000000000062,0.3960000000000008,0.10095543571298327,21.0,1.0,2.0,0.0,0.0,0.0,0.0,0.0,0.0,0.0,0.0,0.0,1.0,-0.13933649289107564,15.0,0.0,0.0,0.5,99.5,0,101.03315843424956
BOT,27.0,2.0,HARD,ALFA ROMEO,0.0,0.0,0.0,1.0,0.0,0.0,0.0,0.0,0.0,0.0,0.0,0.0,0.0,0.0,0.0,0.0,0.0,0.0,0.0,0.0,0.0,99.5,0.4339999999999975,-0.2162980769230775,0.2162980769230775,0.3013333333333321,0.26246015570621756,21.0,1.0,2.0,0.0,0.0,0.0,0.0,0.0,0.0,0.0,0.0,0.0,1.0,-0.14862559241714735,16.0,0.0,0.0,0.6,99.287,0,100.88148477161954
BOT,28.0,2.0,HARD,ALFA ROMEO,0.0,0.0,0.0,1.0,0.0,0.0,0.0,0.0,0.0,0.0,0.0,0.0,0.0,0.0,0.0,0.0,0.0,0.0,0.0,0.0,0.0,99.235,-0.26500000000000057,-0.15821296296295706,0.21021296296296377,0.15866666666666637,0.23125166666065233,21.0,1.0,2.0,0.0,0.0,0.0,0.0,0.0,0.0,0.0,0.0,0.0,1.0,-0.15791469194321905,17.0,0.0,0.0,0.8,99.016,0,100.67181110898953
BOT,29.0,2.0,HARD,ALFA ROMEO,0.0,0.0,0.0,1.0,0.0,0.0,0.0,0.0,0.0,0.0,0.0,0.0,0.0,0.0,0.0,0.0,0.0,0.0,0.0,0.0,0.0,98.474,-0.7609999999999957,0.31993750000000076,0.22206250000000086,0.19800000000000276,0.299045147093208,21.0,1.0,2.0,0.0,0.0,0.0,0.0,0.0,0.0,0.0,0.0,0.0,1.0,-0.16720379146929076,18.0,0.0,0.0,0.6,102.22,1,103.9371374463595
BOT,30.0,3.0,HARD,ALFA ROMEO,0.0,0.0,0.0,1.0,0.0,0.0,0.0,0.0,0.0,0.0,0.0,0.0,0.0,0.0,0.0,0.0,0.0,0.0,0.0,0.0,0.0,98.447,-0.027000000000001023,3.42849137931034,0.3445086206896559,1.4556666666666682,2.0217691097979786,21.0,1.0,3.0,0.0,0.0,0.0,0.0,0.0,0.0,0.0,0.0,0.0,1.0,-0.10928909952606958,1.0,0.0,0.0,0.6,103.98475,0,105.7632137837295
BOT,31.0,3.0,HARD,ALFA ROMEO,0.0,0.0,0.0,1.0,0.0,0.0,0.0,0.0,0.0,0.0,0.0,0.0,0.0,0.0,0.0,0.0,0.0,0.0,0.0,0.0,0.0,98.39,-0.05700000000000216,5.075233333333337,0.5195166666666675,3.3032500000000007,2.558919584023695,21.0,1.0,3.0,0.0,0.0,0.0,0.0,0.0,0.0,0.0,0.0,0.0,1.0,-0.6185781990521377,2.0,0.0,0.0,0.6,97.379,0,99.21879012109947
BOT,32.0,3.0,HARD,ALFA ROMEO,0.0,0.0,0.0,1.0,0.0,0.0,0.0,0.0,0.0,0.0,0.0,0.0,0.0,0.0,0.0,0.0,0.0,0.0,0.0,0.0,0.0,98.104,-0.28600000000000136,-1.2043709677419308,0.47937096774193644,2.880916666666669,3.2529478201829978,21.0,1.0,3.0,0.0,0.0,0.0,0.0,0.0,0.0,0.0,0.0,0.0,1.0,-0.9278672985782066,3.0,0.0,0.0,0.6,97.675,0,99.57611645846944
BOT,33.0,3.0,HARD,ALFA ROMEO,0.0,0.0,0.0,1.0,0.0,0.0,0.0,0.0,0.0,0.0,0.0,0.0,0.0,0.0,0.0,0.0,0.0,0.0,0.0,0.0,0.0,97.902,-0.20199999999999818,-0.6842968750000047,0.4572968750000008,1.5475833333333355,3.513782793633286,21.0,1.0,3.0,0.0,0.0,0.0,0.0,0.0,0.0,0.0,0.0,0.0,1.0,-1.2371563981042755,4.0,0.0,0.0,0.6,97.775,0,99.73744279583944
BOT,34.0,3.0,HARD,ALFA ROMEO,0.0,0.0,0.0,1.0,0.0,0.0,0.0,0.0,0.0,0.0,0.0,0.0,0.0,0.0,0.0,0.0,0.0,0.0,0.0,0.0,0.0,97.775,-0.12699999999999534,-0.44343939393939474,0.44343939393939474,-0.31733333333333275,0.3708454305142851,21.0,1.0,3.0,0.0,0.0,0.0,0.0,0.0,0.0,0.0,0.0,0.0,1.0,-1.5464454976303443,5.0,0.0,0.0,0.5,97.774,0,99.79776913320941
BOT,35.0,3.0,HARD,ALFA ROMEO,0.0,0.0,0.0,1.0,0.0,0.0,0.0,0.0,0.0,0.0,0.0,0.0,0.0,0.0,0.0,0.0,0.0,0.0,0.0,0.0,0.0,97.902,0.12699999999999534,-0.5546323529411774,0.42663235294117724,-0.11833333333333466,0.11380831838371357,21.0,1.0,3.0,0.0,0.0,0.0,0.0,0.0,0.0,0.0,0.0,0.0,1.0,-1.8557345971564132,6.0,0.0,0.0,0.4,97.817,0,99.9020954705794
BOT,36.0,3.0,HARD,ALFA ROMEO,0.0,0.0,0.0,1.0,0.0,0.0,0.0,0.0,0.0,0.0,0.0,0.0,0.0,0.0,0.0,0.0,0.0,0.0,0.0,0.0,0.0,97.87,-0.031999999999996476,-0.46592857142858335,0.41292857142857187,-0.0603333333333372,0.06431433225439154,21.0,1.0,3.0,0.0,0.0,0.0,0.0,0.0,0.0,0.0,0.0,0.0,1.0,-2.165023696682482,7.0,0.0,0.0,0.5,97.827,0,99.97342180794938
BOT,37.0,3.0,HARD,ALFA ROMEO,0.0,0.0,0.0,1.0,0.0,0.0,0.0,0.0,0.0,0.0,0.0,0.0,0.0,0.0,0.0,0.0,0.0,0.0,0.0,0.0,0.0,97.754,-0.11599999999999966,-0.33048611111111803,0.4034861111111113,-0.036000000000006104,0.10157263410975668,21.0,1.0,3.0,0.0,0.0,0.0,0.0,0.0,0.0,0.0,0.0,0.0,1.0,-3.2743127962085623,8.0,0.0,0.0,0.4,97.774,0,99.98174814531936
BOT,38.0,3.0,HARD,ALFA ROMEO,0.0,0.0,0.0,1.0,0.0,0.0,0.0,0.0,0.0,0.0,0.0,0.0,0.0,0.0,0.0,0.0,0.0,0.0,0.0,0.0,0.0,97.831,0.07699999999999818,-0.4480405405405429,0.3910405405405407,-0.012333333333340116,0.07392789279648364,21.0,1.0,3.0,0.0,0.0,0.0,0.0,0.0,0.0,0.0,0.0,0.0,1.0,-3.6836018957346326,9.0,0.0,0.0,0.6,97.658,0,99.92707448268935
BOT,39.0,3.0,HARD,ALFA ROMEO,0.0,0.0,0.0,1.0,0.0,0.0,0.0,0.0,0.0,0.0,0.0,0.0,0.0,0.0,0.0,0.0,0.0,0.0,0.0,0.0,0.0,98.015,0.1839999999999975,-0.7283552631578942,0.3713552631578949,-0.1136666666666694,0.22052966542695965,21.0,1.0,3.0,0.0,0.0,0.0,0.0,0.0,0.0,0.0,0.0,0.0,1.0,-4.092890995260703,10.0,0.0,0.0,0.6,97.784,0,100.11440082005933
BOT,40.0,3.0,HARD,ALFA ROMEO,0.0,0.0,0.0,1.0,0.0,0.0,0.0,0.0,0.0,0.0,0.0,0.0,0.0,0.0,0.0,0.0,0.0,0.0,0.0,0.0,0.0,97.784,-0.23099999999999454,-0.3618333333333335,0.3618333333333335,-0.13800000000000048,0.19178894650108128,21.0,1.0,3.0,0.0,0.0,0.0,0.0,0.0,0.0,0.0,0.0,0.0,126.0,-4.502180094786773,11.0,0.0,0.0,0.4,103.98475,0,106.37647715742932
BOT,41.0,3.0,HARD,ALFA ROMEO,0.0,0.0,0.0,1.0,0.0,0.0,0.0,0.0,0.0,0.0,0.0,0.0,0.0,0.0,0.0,0.0,0.0,0.0,0.0,0.0,0.0,103.98475,6.200749999999999,-0.35278750000000014,0.35278750000000014,-0.11899999999999977,0.20611404610068376,21.0,1.0,3.0,0.0,0.0,0.0,0.0,0.0,0.0,0.0,0.0,0.0,671.0,-6.1114691943128605,12.0,0.0,0.0,0.1,103.98475,0,106.4378034947993
BOT,42.0,3.0,HARD,ALFA ROMEO,0.0,0.0,0.0,1.0,0.0,0.0,0.0,0.0,0.0,0.0,0.0,0.0,0.0,0.0,0.0,0.0,0.0,0.0,0.0,0.0,0.0,103.98475,0.0,-0.34418292682926843,0.34418292682926843,0.0,0.0,21.0,1.0,3.0,0.0,0.0,0.0,0.0,0.0,0.0,0.0,0.0,0.0,1.0,-6.620758293838932,13.0,0.0,0.0,0.1,97.736,0,100.25037983216927
BOT,43.0,3.0,HARD,ALFA ROMEO,0.0,0.0,0.0,1.0,0.0,0.0,0.0,0.0,0.0,0.0,0.0,0.0,0.0,0.0,0.0,0.0,0.0,0.0,0.0,0.0,0.0,97.061,-6.923749999999998,0.3229404761904733,0.3520595238095239,0.22499999999999906,0.38971143170298966,21.0,1.0,3.0,0.0,0.0,0.0,0.0,0.0,0.0,0.0,0.0,0.0,1.0,-8.530047393364974,14.0,0.0,0.0,0.8,97.813,0,100.38870616953926
BOT,44.0,3.0,HARD,ALFA ROMEO,0.0,0.0,0.0,1.0,0.0,0.0,0.0,0.0,0.0,0.0,0.0,0.0,0.0,0.0,0.0,0.0,0.0,0.0,0.0,0.0,0.0,97.028,-0.03300000000000125,0.4228720930232524,0.3621279069767442,0.4866666666666646,0.4250392138771754,21.0,1.0,3.0,0.0,0.0,0.0,0.0,0.0,0.0,0.0,0.0,0.0,1.0,-10.639336492891065,15.0,0.0,0.0,0.3,97.868,0,100.50503250690923
BOT,45.0,3.0,HARD,ALFA ROMEO,0.0,0.0,0.0,1.0,0.0,0.0,0.0,0.0,0.0,0.0,0.0,0.0,0.0,0.0,0.0,0.0,0.0,0.0,0.0,0.0,0.0,97.219,0.1909999999999883,0.2803522727272736,0.3686477272727273,0.7029999999999982,0.07219418259108877,21.0,1.0,3.0,0.0,0.0,0.0,0.0,0.0,0.0,0.0,0.0,0.0,1.0,-12.948625592417102,16.0,0.0,0.0,0.5,97.688,0,100.38635884427923
BOT,46.0,3.0,HARD,ALFA ROMEO,0.0,0.0,0.0,1.0,0.0,0.0,0.0,0.0,0.0,0.0,0.0,0.0,0.0,0.0,0.0,0.0,0.0,0.0,0.0,0.0,0.0,97.426,0.20700000000000784,-0.10427777777777736,0.3662777777777778,0.5653333333333327,0.27135278390561635,21.0,1.0,3.0,0.0,0.0,0.0,0.0,0.0,0.0,0.0,0.0,0.0,1.0,-13.75791469194317,17.0,0.0,0.0,0.1,97.83,0,100.5896851816492
BOT,47.0,3.0,HARD,ALFA ROMEO,0.0,0.0,0.0,1.0,0.0,0.0,0.0,0.0,0.0,0.0,0.0,0.0,0.0,0.0,0.0,0.0,0.0,0.0,0.0,0.0,0.0,97.589,0.1629999999999967,-0.12255434782608732,0.363554347826087,0.38400000000000034,0.22973680593234438,21.0,1.0,3.0,0.0,0.0,0.0,0.0,0.0,0.0,0.0,0.0,0.0,1.0,-16.367203791469265,18.0,0.0,0.0,0.1,97.815,0,100.63601151901918
BOT,48.0,3.0,HARD,ALFA ROMEO,0.0,0.0,0.0,1.0,0.0,0.0,0.0,0.0,0.0,0.0,0.0,0.0,0.0,0.0,0.0,0.0,0.0,0.0,0.0,0.0,0.0,97.432,-0.15699999999999648,0.019031914893612667,0.3639680851063829,0.2953333333333319,0.07664419960654753,21.0,1.0,3.0,0.0,0.0,0.0,0.0,0.0,0.0,0.0,0.0,0.0,1.0,-17.276492890995335,19.0,0.0,0.0,0.3,97.5,0,100.38233785638917
BOT,49.0,3.0,HARD,ALFA ROMEO,0.0,0.0,0.0,1.0,0.0,0.0,0.0,0.0,0.0,0.0,0.0,0.0,0.0,0.0,0.0,0.0,0.0,0.0,0.0,0.0,0.0,97.5,0.06799999999999784,-0.3563854166666666,0.3563854166666666,0.2079999999999984,0.19362076334937453,21.0,1.0,3.0,0.0,0.0,0.0,0.0,0.0,0.0,0.0,0.0,0.0,1.0,-18.185781990521406,20.0,0.0,0.0,0.6,97.85,0,100.79366419375914
BOT,50.0,3.0,HARD,ALFA ROMEO,0.0,0.0,0.0,1.0,0.0,0.0,0.0,0.0,0.0,0.0,0.0,0.0,0.0,0.0,0.0,0.0,0.0,0.0,0.0,0.0,0.0,97.609,0.10899999999999466,-0.11303061224489824,0.3540306122448979,0.2079999999999984,0.19362076334937453,21.0,1.0,3.0,0.0,0.0,0.0,0.0,0.0,0.0,0.0,0.0,0.0,1.0,-19.095071090047476,21.0,0.0,0.0,0.1,97.71,0,100.71499053112913
BOT,51.0,3.0,HARD,ALFA ROMEO,0.0,0.0,0.0,1.0,0.0,0.0,0.0,0.0,0.0,0.0,0.0,0.0,0.0,0.0,0.0,0.0,0.0,0.0,0.0,0.0,0.0,97.604,-0.0049999999999954525,-0.24307000000000528,0.3490699999999998,0.11566666666666474,0.12079045216128857,21.0,1.0,3.0,0.0,0.0,0.0,0.0,0.0,0.0,0.0,0.0,0.0,1.0,-22.204360189573578,22.0,0.0,0.0,0.1,97.816,0,100.88231686849912
BOT,52.0,3.0,HARD,ALFA ROMEO,0.0,0.0,0.0,1.0,0.0,0.0,0.0,0.0,0.0,0.0,0.0,0.0,0.0,0.0,0.0,0.0,0.0,0.0,0.0,0.0,0.0,97.706,0.10200000000000387,-0.23438235294117687,0.3443823529411763,0.1523333333333312,0.07681362726319341,21.0,1.0,3.0,0.0,0.0,0.0,0.0,0.0,0.0,0.0,0.0,0.0,1.0,-23.21364928909965,23.0,0.0,0.0,0.1,97.947,0,101.0746432058691
BOT,53.0,3.0,HARD,ALFA ROMEO,0.0,0.0,0.0,1.0,0.0,0.0,0.0,0.0,0.0,0.0,0.0,0.0,0.0,0.0,0.0,0.0,0.0,0.0,0.0,0.0,0.0,97.589,-0.11700000000000443,0.013355769230773418,0.3446442307692307,0.1913333333333327,0.14435142303881104,21.0,1.0,3.0,0.0,0.0,0.0,0.0,0.0,0.0,0.0,0.0,0.0,1.0,-26.62293838862567,24.0,0.0,0.0,0.1,97.856,0,101.04496954323908
BOT,54.0,3.0,HARD,ALFA ROMEO,0.0,0.0,0.0,1.0,0.0,0.0,0.0,0.0,0.0,0.0,0.0,0.0,0.0,0.0,0.0,0.0,0.0,0.0,0.0,0.0,0.0,97.778,0.18900000000000716,-0.26161320754718076,0.3396132075471695,0.1819999999999974,0.15325795248533497,21.0,1.0,3.0,0.0,0.0,0.0,0.0,0.0,0.0,0.0,0.0,0.0,1.0,-27.73222748815174,25.0,0.0,0.0,0.3,97.738,0,100.98829588060906
BOT,55.0,3.0,HARD,ALFA ROMEO,0.0,0.0,0.0,1.0,0.0,0.0,0.0,0.0,0.0,0.0,0.0,0.0,0.0,0.0,0.0,0.0,0.0,0.0,0.0,0.0,0.0,97.78,0.001999999999995339,-0.37454629629629754,0.33254629629629595,0.13133333333333042,0.20526405757786811,21.0,1.0,3.0,0.0,0.0,0.0,0.0,0.0,0.0,0.0,0.0,0.0,1.0,-28.84151658767781,26.0,0.0,0.0,0.5,97.807,0,101.11862221797904
BOT,56.0,3.0,HARD,ALFA ROMEO,0.0,0.0,0.0,1.0,0.0,0.0,0.0,0.0,0.0,0.0,0.0,0.0,0.0,0.0,0.0,0.0,0.0,0.0,0.0,0.0,0.0,97.86,0.0799999999999983,-0.3785363636363606,0.32553636363636335,-0.005666666666670039,0.07266590213661024,21.0,1.0,3.0,0.0,0.0,0.0,0.0,0.0,0.0,0.0,0.0,0.0,1.0,-32.65080568720391,27.0,0.0,0.0,0.4,98.16,0,101.53294855534902
BOT,57.0,3.0,HARD,ALFA ROMEO,0.0,0.0,0.0,1.0,0.0,0.0,0.0,0.0,0.0,0.0,0.0,0.0,0.0,0.0,0.0,0.0,0.0,0.0,0.0,0.0,0.0,98.1105,0.2505000000000024,-0.2711071428571477,0.3206071428571425,-0.01516666666666803,0.056272402946098046,21.0,1.0,3.0,0.0,0.0,0.0,0.0,0.0,0.0,0.0,0.0,0.0,1.0,-33.25545023696695,27.5,0.0,0.0,0.6,98.407,0,101.841274892719
DEV,4.0,1.0,SOFT,ALPHATAURI,0.0,1.0,0.0,0.0,1.0,0.0,0.0,0.0,0.0,0.0,0.0,0.0,0.0,0.0,0.0,0.0,0.0,0.0,0.0,0.0,0.0,99.8625,-0.556500000000014,0.41100000000000614,0.6404999999999982,0.6404999999999982,0.5620638308946766,22.0,1.0,1.0,1.0,0.0,0.0,0.0,0.0,0.0,0.0,0.0,0.0,1.0,4.7628436018957245,4.0,0.0,4.0,0.8,100.373,0,100.55697901210995
DEV,5.0,1.0,SOFT,ALPHATAURI,0.0,1.0,0.0,0.0,1.0,0.0,0.0,0.0,0.0,0.0,0.0,0.0,0.0,0.0,0.0,0.0,0.0,0.0,0.0,0.0,0.0,99.792,-0.07049999999999557,-0.04462499999999636,0.6256249999999994,0.834166666666666,0.23728797553465109,22.0,1.0,1.0,1.0,0.0,0.0,0.0,0.0,0.0,0.0,0.0,0.0,1.0,5.453554502369649,5.0,0.0,5.0,0.8999999999999999,100.63,0,100.87530534947993
DEV,6.0,1.0,SOFT,ALPHATAURI,0.0,1.0,0.0,0.0,1.0,0.0,0.0,0.0,0.0,0.0,0.0,0.0,0.0,0.0,0.0,0.0,0.0,0.0,0.0,0.0,0.0,100.618,0.8259999999999934,-0.4908999999999992,0.5028999999999997,0.5481666666666692,0.5205272167075756,22.0,1.0,1.0,1.0,0.0,0.0,0.0,0.0,0.0,0.0,0.0,0.0,1.0,6.544265402843578,6.0,0.0,6.0,0.6,101.125,0,101.43163168684991
DEV,7.0,1.0,SOFT,ALPHATAURI,0.0,1.0,0.0,0.0,1.0,0.0,0.0,0.0,0.0,0.0,0.0,0.0,0.0,0.0,0.0,0.0,0.0,0.0,0.0,0.0,0.0,100.5375,-0.08050000000000068,0.070500000000005,0.5170000000000007,0.39350000000000307,0.33040467611703317,21.0,1.0,1.0,1.0,0.0,0.0,0.0,0.0,0.0,0.0,0.0,0.0,1.0,6.934976303317498,7.0,0.0,7.0,0.6,101.166,0,101.53395802421988
DEV,8.0,1.0,SOFT,ALPHATAURI,0.0,1.0,0.0,0.0,1.0,0.0,0.0,0.0,0.0,0.0,0.0,0.0,0.0,0.0,0.0,0.0,0.0,0.0,0.0,0.0,0.0,100.60499999999999,0.06749999999999545,0.03771428571429125,0.5232857142857158,0.38683333333333775,0.32488549264831085,21.0,1.0,1.0,1.0,0.0,0.0,0.0,0.0,0.0,0.0,0.0,0.0,1.0,7.925687203791426,8.0,0.0,8.0,0.8999999999999999,101.23,0,101.65928436158988
DEV,9.0,1.0,SOFT,ALPHATAURI,0.0,1.0,0.0,0.0,1.0,0.0,0.0,0.0,0.0,0.0,0.0,0.0,0.0,0.0,0.0,0.0,0.0,0.0,0.0,0.0,0.0,100.70400000000001,0.09900000000001796,0.002374999999995353,0.5236250000000009,0.5581666666666697,0.03084774437999798,21.0,1.0,1.0,1.0,0.0,0.0,0.0,0.0,0.0,0.0,0.0,0.0,1.0,8.016398104265374,9.0,0.0,9.0,0.6,101.573,0,102.06361069895985
DEV,10.0,1.0,SOFT,ALPHATAURI,0.0,1.0,0.0,0.0,1.0,0.0,0.0,0.0,0.0,0.0,0.0,0.0,0.0,0.0,0.0,0.0,0.0,0.0,0.0,0.0,0.0,100.8245,0.12049999999999272,0.19988888888888168,0.5486111111111112,0.611833333333332,0.11964356787279615,21.0,1.0,1.0,1.0,0.0,0.0,0.0,0.0,0.0,0.0,0.0,0.0,1.0,8.907109004739304,10.0,0.0,10.0,0.8,101.666,0,102.21793703632984
DEV,11.0,1.0,SOFT,ALPHATAURI,0.0,1.0,0.0,0.0,1.0,0.0,0.0,0.0,0.0,0.0,0.0,0.0,0.0,0.0,0.0,0.0,0.0,0.0,0.0,0.0,0.0,100.9885,0.16400000000000148,0.11599999999999544,0.5614999999999994,0.6506666666666613,0.11365114752316857,21.0,1.0,1.0,1.0,0.0,0.0,0.0,0.0,0.0,0.0,0.0,0.0,1.0,7.5978199052132425,11.0,0.0,11.0,0.6,103.98475,1,104.59801337369983
DEV,12.0,2.0,HARD,ALPHATAURI,0.0,0.0,0.0,0.0,1.0,0.0,0.0,0.0,0.0,0.0,0.0,0.0,0.0,0.0,0.0,0.0,0.0,0.0,0.0,0.0,0.0,101.24950000000001,0.2610000000000099,1.9761363636363583,0.7591136363636353,1.387083333333327,1.1680861572817873,21.0,1.0,2.0,1.0,0.0,0.0,0.0,0.0,0.0,0.0,0.0,0.0,1.0,0.6907109004739311,1.0,0.0,0.0,0.8999999999999999,103.98475,0,104.6593397110698
DEV,13.0,2.0,HARD,ALPHATAURI,0.0,0.0,0.0,0.0,1.0,0.0,0.0,0.0,0.0,0.0,0.0,0.0,0.0,0.0,0.0,0.0,0.0,0.0,0.0,0.0,0.0,101.134,-0.11550000000001148,1.9173333333333389,0.9334166666666661,2.087833333333331,1.2227490117899664,21.0,1.0,2.0,1.0,0.0,0.0,0.0,0.0,0.0,0.0,0.0,0.0,1.0,1.1814218009478594,2.0,0.0,0.0,0.8,98.924,0,99.6599160484398
DEV,14.0,2.0,HARD,ALPHATAURI,0.0,0.0,0.0,0.0,1.0,0.0,0.0,0.0,0.0,0.0,0.0,0.0,0.0,0.0,0.0,0.0,0.0,0.0,0.0,0.0,0.0,100.7305,-0.403499999999994,-2.5291538461538456,0.7226538461538456,1.259833333333333,2.656150437349762,21.0,1.0,2.0,1.0,0.0,0.0,0.0,0.0,0.0,0.0,0.0,0.0,1.0,1.7721327014217891,3.0,0.0,0.0,0.8,98.829,0,99.62624238580976
DEV,15.0,2.0,HARD,ALPHATAURI,0.0,0.0,0.0,0.0,1.0,0.0,0.0,0.0,0.0,0.0,0.0,0.0,0.0,0.0,0.0,0.0,0.0,0.0,0.0,0.0,0.0,98.859,-1.8715000000000117,-0.6988928571428578,0.6688928571428566,0.3380833333333347,2.350342186966261,21.0,1.0,2.0,1.0,0.0,0.0,0.0,0.0,0.0,0.0,0.0,0.0,1.0,2.362843601895719,4.0,0.0,0.0,0.6,98.868,0,99.72656872317975
DEV,16.0,2.0,HARD,ALPHATAURI,0.0,0.0,0.0,0.0,1.0,0.0,0.0,0.0,0.0,0.0,0.0,0.0,0.0,0.0,0.0,0.0,0.0,0.0,0.0,0.0,0.0,98.975,0.11599999999999966,-0.7241666666666655,0.6171666666666662,-0.6478333333333334,1.0041730843501708,21.0,1.0,2.0,1.0,0.0,0.0,0.0,0.0,0.0,0.0,0.0,0.0,1.0,2.4535545023696415,5.0,0.0,0.0,0.8,99.127,0,100.04689506054973
DEV,17.0,2.0,HARD,ALPHATAURI,0.0,0.0,0.0,0.0,1.0,0.0,0.0,0.0,0.0,0.0,0.0,0.0,0.0,0.0,0.0,0.0,0.0,0.0,0.0,0.0,0.0,98.945,-0.030000000000001137,-0.40796874999999755,0.5899687499999997,0.015000000000000568,0.14966295466815555,21.0,1.0,2.0,1.0,0.0,0.0,0.0,0.0,0.0,0.0,0.0,0.0,1.0,2.3442654028435825,6.0,0.0,0.0,0.6,98.996,0,99.9772213979197
DEV,18.0,2.0,HARD,ALPHATAURI,0.0,0.0,0.0,0.0,1.0,0.0,0.0,0.0,0.0,0.0,0.0,0.0,0.0,0.0,0.0,0.0,0.0,0.0,0.0,0.0,0.0,98.996,0.05100000000000193,-0.5552647058823527,0.5552647058823527,0.02500000000000095,0.14611296999240794,21.0,1.0,2.0,1.0,0.0,0.0,0.0,0.0,0.0,0.0,0.0,0.0,1.0,2.734976303317513,7.0,0.0,0.0,0.6,99.054,0,100.0965477352897
DEV,19.0,2.0,HARD,ALPHATAURI,0.0,0.0,0.0,0.0,1.0,0.0,0.0,0.0,0.0,0.0,0.0,0.0,0.0,0.0,0.0,0.0,0.0,0.0,0.0,0.0,0.0,98.886,-0.10999999999999943,-0.3657499999999937,0.5337500000000001,0.11666666666666951,0.10127849393299554,20.0,1.0,2.0,1.0,0.0,0.0,0.0,0.0,0.0,0.0,0.0,0.0,1.0,3.1256872037914434,8.0,0.0,0.0,0.6,99.078,0,100.18187407265968
DEV,20.0,2.0,HARD,ALPHATAURI,0.0,0.0,0.0,0.0,1.0,0.0,0.0,0.0,0.0,0.0,0.0,0.0,0.0,0.0,0.0,0.0,0.0,0.0,0.0,0.0,0.0,98.794,-0.09199999999999875,-0.2366052631578891,0.5206052631578951,0.1506666666666708,0.14279122288619928,21.0,1.0,2.0,1.0,0.0,0.0,0.0,0.0,0.0,0.0,0.0,0.0,1.0,2.616398104265361,9.0,0.0,0.0,0.4,99.182,0,100.34720041002967
DEV,21.0,2.0,HARD,ALPHATAURI,0.0,0.0,0.0,0.0,1.0,0.0,0.0,0.0,0.0,0.0,0.0,0.0,0.0,0.0,0.0,0.0,0.0,0.0,0.0,0.0,0.0,98.809,0.015000000000000568,-0.14022499999999594,0.5132250000000006,0.2750000000000057,0.10279591431570502,21.0,1.0,2.0,1.0,0.0,0.0,0.0,0.0,0.0,0.0,0.0,0.0,1.0,1.9071090047393113,10.0,0.0,0.0,0.6,99.182,0,100.40852674739965
DEV,22.0,2.0,HARD,ALPHATAURI,0.0,0.0,0.0,0.0,1.0,0.0,0.0,0.0,0.0,0.0,0.0,0.0,0.0,0.0,0.0,0.0,0.0,0.0,0.0,0.0,0.0,98.888,0.07900000000000773,-0.2087857142857178,0.5027857142857147,0.31700000000000256,0.04875448697301667,21.0,1.0,2.0,1.0,0.0,0.0,0.0,0.0,0.0,0.0,0.0,0.0,1.0,0.9978199052132268,11.0,0.0,0.0,0.4,99.296,0,100.58385308476963
DEV,23.0,2.0,HARD,ALPHATAURI,0.0,0.0,0.0,0.0,1.0,0.0,0.0,0.0,0.0,0.0,0.0,0.0,0.0,0.0,0.0,0.0,0.0,0.0,0.0,0.0,0.0,98.913,0.024999999999991473,-0.11434090909090017,0.49734090909090994,0.3500000000000038,0.04875448697302134,21.0,1.0,2.0,1.0,0.0,0.0,0.0,0.0,0.0,0.0,0.0,0.0,1.0,-0.11146919431286051,12.0,0.0,0.0,0.4,99.542,0,100.89117942213961
DEV,24.0,2.0,HARD,ALPHATAURI,0.0,0.0,0.0,0.0,1.0,0.0,0.0,0.0,0.0,0.0,0.0,0.0,0.0,0.0,0.0,0.0,0.0,0.0,0.0,0.0,0.0,99.027,0.11400000000000432,0.01689130434782582,0.49810869565217475,0.39733333333333576,0.11119502386948554,21.0,1.0,2.0,1.0,0.0,0.0,0.0,0.0,0.0,0.0,0.0,0.0,1.0,-0.12075829383893222,13.0,0.0,0.0,0.8,99.807,0,101.21750575950959
DEV,25.0,2.0,HARD,ALPHATAURI,0.0,0.0,0.0,0.0,1.0,0.0,0.0,0.0,0.0,0.0,0.0,0.0,0.0,0.0,0.0,0.0,0.0,0.0,0.0,0.0,0.0,98.947,-0.0799999999999983,0.34681249999999864,0.5131875000000008,0.5860000000000033,0.24629859926520006,21.0,1.0,2.0,1.0,0.0,0.0,0.0,0.0,0.0,0.0,0.0,0.0,1.0,-0.13004739336500393,14.0,0.0,0.0,0.6,100.96,0,102.43183209687957
DEV,26.0,2.0,HARD,ALPHATAURI,0.0,0.0,0.0,0.0,1.0,0.0,0.0,0.0,0.0,0.0,0.0,0.0,0.0,0.0,0.0,0.0,0.0,0.0,0.0,0.0,0.0,99.066,0.11899999999999977,1.3255799999999909,0.5684200000000004,1.0896666666666637,0.7176143346765919,21.0,1.0,2.0,1.0,0.0,0.0,0.0,0.0,0.0,0.0,0.0,0.0,1.0,-0.13933649289107564,15.0,0.0,0.0,0.6,99.97,0,101.50315843424956
DEV,27.0,2.0,HARD,ALPHATAURI,0.0,0.0,0.0,0.0,1.0,0.0,0.0,0.0,0.0,0.0,0.0,0.0,0.0,0.0,0.0,0.0,0.0,0.0,0.0,0.0,0.0,99.5,0.4339999999999975,-0.09463461538461693,0.5646346153846158,1.074666666666663,0.7358704596145497,21.0,1.0,2.0,1.0,0.0,0.0,0.0,0.0,0.0,0.0,0.0,0.0,1.0,-0.14862559241714735,16.0,0.0,0.0,0.6,102.309,1,103.90348477161953
DEV,28.0,3.0,HARD,ALPHATAURI,0.0,0.0,0.0,0.0,1.0,0.0,0.0,0.0,0.0,0.0,0.0,0.0,0.0,0.0,0.0,0.0,0.0,0.0,0.0,0.0,0.0,99.235,-0.26500000000000057,2.4164259259259238,0.6575740740740743,1.8126666666666627,1.303903881938133,21.0,1.0,3.0,1.0,0.0,0.0,0.0,0.0,0.0,0.0,0.0,0.0,1.0,-0.009289099526071709,1.0,0.0,0.0,0.8,103.98475,0,105.64056110898953
DEV,29.0,3.0,HARD,ALPHATAURI,0.0,0.0,0.0,0.0,1.0,0.0,0.0,0.0,0.0,0.0,0.0,0.0,0.0,0.0,0.0,0.0,0.0,0.0,0.0,0.0,0.0,98.474,-0.7609999999999957,4.679848214285715,0.8309017857142861,3.0182499999999997,2.5208373980683496,21.0,1.0,3.0,1.0,0.0,0.0,0.0,0.0,0.0,0.0,0.0,0.0,1.0,-0.418578199052142,2.0,0.0,0.0,0.6,98.121,0,99.8381374463595
DEV,30.0,3.0,HARD,ALPHATAURI,0.0,0.0,0.0,0.0,1.0,0.0,0.0,0.0,0.0,0.0,0.0,0.0,0.0,0.0,0.0,0.0,0.0,0.0,0.0,0.0,0.0,98.447,-0.027000000000001023,-1.1170086206896628,0.7910086206896552,2.752916666666664,2.93159231832009,21.0,1.0,3.0,1.0,0.0,0.0,0.0,0.0,0.0,0.0,0.0,0.0,1.0,-0.627867298578213,3.0,0.0,0.0,0.6,97.709,0,99.4874637837295
DEV,31.0,3.0,HARD,ALPHATAURI,0.0,0.0,0.0,0.0,1.0,0.0,0.0,0.0,0.0,0.0,0.0,0.0,0.0,0.0,0.0,0.0,0.0,0.0,0.0,0.0,0.0,98.39,-0.05700000000000216,-1.4229416666666643,0.7419416666666668,1.5012499999999989,3.4768626572673265,21.0,1.0,3.0,1.0,0.0,0.0,0.0,0.0,0.0,0.0,0.0,0.0,1.0,-1.2371563981042755,4.0,0.0,0.0,0.6,97.909,0,99.74879012109947
DEV,32.0,3.0,HARD,ALPHATAURI,0.0,0.0,0.0,0.0,1.0,0.0,0.0,0.0,0.0,0.0,0.0,0.0,0.0,0.0,0.0,0.0,0.0,0.0,0.0,0.0,0.0,98.104,-0.28600000000000136,-0.9067177419354774,0.7117177419354842,-0.40066666666666606,0.2514564243230514,21.0,1.0,3.0,1.0,0.0,0.0,0.0,0.0,0.0,0.0,0.0,0.0,1.0,-1.5464454976303443,5.0,0.0,0.0,0.6,97.902,0,99.80311645846945
DEV,33.0,3.0,HARD,ALPHATAURI,0.0,0.0,0.0,0.0,1.0,0.0,0.0,0.0,0.0,0.0,0.0,0.0,0.0,0.0,0.0,0.0,0.0,0.0,0.0,0.0,0.0,97.902,-0.20199999999999818,-0.6894765625000003,0.6894765625000003,-0.2919999999999969,0.3507092813143112,21.0,1.0,3.0,1.0,0.0,0.0,0.0,0.0,0.0,0.0,0.0,0.0,1.0,-1.8557345971564132,6.0,0.0,0.0,0.5,97.933,0,99.89544279583944
DEV,34.0,3.0,HARD,ALPHATAURI,0.0,0.0,0.0,0.0,1.0,0.0,0.0,0.0,0.0,0.0,0.0,0.0,0.0,0.0,0.0,0.0,0.0,0.0,0.0,0.0,0.0,97.775,-0.12699999999999534,-0.5153712121212113,0.6733712121212125,-0.012333333333330643,0.17682288690475934,21.0,1.0,3.0,1.0,0.0,0.0,0.0,0.0,0.0,0.0,0.0,0.0,1.0,-2.165023696682482,7.0,0.0,0.0,0.5,98.266,0,100.28976913320942
DEV,35.0,3.0,HARD,ALPHATAURI,0.0,0.0,0.0,0.0,1.0,0.0,0.0,0.0,0.0,0.0,0.0,0.0,0.0,0.0,0.0,0.0,0.0,0.0,0.0,0.0,0.0,97.902,0.12699999999999534,-0.3002720588235256,0.6642720588235299,0.17400000000000185,0.18252671037413068,21.0,1.0,3.0,1.0,0.0,0.0,0.0,0.0,0.0,0.0,0.0,0.0,1.0,-2.474312796208551,8.0,0.0,0.0,0.4,98.123,0,100.20809547057941
DEV,36.0,3.0,HARD,ALPHATAURI,0.0,0.0,0.0,0.0,1.0,0.0,0.0,0.0,0.0,0.0,0.0,0.0,0.0,0.0,0.0,0.0,0.0,0.0,0.0,0.0,0.0,97.87,-0.031999999999996476,-0.3995214285714289,0.652521428571429,0.25833333333333525,0.10310350786144297,21.0,1.0,3.0,1.0,0.0,0.0,0.0,0.0,0.0,0.0,0.0,0.0,1.0,-2.78360189573462,9.0,0.0,0.0,0.5,98.206,0,100.35242180794938
DEV,37.0,3.0,HARD,ALPHATAURI,0.0,0.0,0.0,0.0,1.0,0.0,0.0,0.0,0.0,0.0,0.0,0.0,0.0,0.0,0.0,0.0,0.0,0.0,0.0,0.0,0.0,97.754,-0.11599999999999966,-0.19495138888889108,0.6469513888888893,0.3563333333333342,0.09972127823756648,21.0,1.0,3.0,1.0,0.0,0.0,0.0,0.0,0.0,0.0,0.0,0.0,1.0,-4.092890995260703,10.0,0.0,0.0,0.4,98.423,0,100.63074814531936
DEV,38.0,3.0,HARD,ALPHATAURI,0.0,0.0,0.0,0.0,1.0,0.0,0.0,0.0,0.0,0.0,0.0,0.0,0.0,0.0,0.0,0.0,0.0,0.0,0.0,0.0,0.0,97.831,0.07699999999999818,-0.05346621621621783,0.6454662162162166,0.43233333333333235,0.17035355392046872,21.0,1.0,3.0,1.0,0.0,0.0,0.0,0.0,0.0,0.0,0.0,0.0,1.0,-4.502180094786773,11.0,0.0,0.0,0.1,98.379,0,100.64807448268935
DEV,39.0,3.0,HARD,ALPHATAURI,0.0,0.0,0.0,0.0,1.0,0.0,0.0,0.0,0.0,0.0,0.0,0.0,0.0,0.0,0.0,0.0,0.0,0.0,0.0,0.0,0.0,98.015,0.1839999999999975,-0.2740592105263119,0.6380592105263162,0.46933333333333377,0.11498405686587042,21.0,1.0,3.0,1.0,0.0,0.0,0.0,0.0,0.0,0.0,0.0,0.0,1.0,-4.9114691943128435,12.0,0.0,0.0,0.6,98.535,0,100.86540082005932
DEV,40.0,3.0,HARD,ALPHATAURI,0.0,0.0,0.0,0.0,1.0,0.0,0.0,0.0,0.0,0.0,0.0,0.0,0.0,0.0,0.0,0.0,0.0,0.0,0.0,0.0,0.0,97.784,-0.23099999999999454,0.11004487179486211,0.6409551282051285,0.5689999999999978,0.19452249227274038,21.0,1.0,3.0,1.0,0.0,0.0,0.0,0.0,0.0,0.0,0.0,0.0,126.0,-5.320758293838914,13.0,0.0,0.0,0.4,103.98475,0,106.37647715742932
DEV,41.0,3.0,HARD,ALPHATAURI,0.0,0.0,0.0,0.0,1.0,0.0,0.0,0.0,0.0,0.0,0.0,0.0,0.0,0.0,0.0,0.0,0.0,0.0,0.0,0.0,0.0,103.98475,6.200749999999999,-0.6249312500000002,0.6249312500000002,0.371666666666665,0.3755586949244162,21.0,1.0,3.0,1.0,0.0,0.0,0.0,0.0,0.0,0.0,0.0,0.0,671.0,-8.530047393364974,14.0,0.0,0.0,0.1,103.98475,0,106.4378034947993
DEV,42.0,3.0,HARD,ALPHATAURI,0.0,0.0,0.0,0.0,1.0,0.0,0.0,0.0,0.0,0.0,0.0,0.0,0.0,0.0,0.0,0.0,0.0,0.0,0.0,0.0,0.0,103.98475,0.0,-0.6096890243902441,0.6096890243902441,0.2503333333333302,0.4335900521614046,21.0,1.0,3.0,1.0,0.0,0.0,0.0,0.0,0.0,0.0,0.0,0.0,1.0,-9.139336492891044,15.0,0.0,0.0,0.1,99.873,0,102.38737983216927
DEV,43.0,3.0,HARD,ALPHATAURI,0.0,0.0,0.0,0.0,1.0,0.0,0.0,0.0,0.0,0.0,0.0,0.0,0.0,0.0,0.0,0.0,0.0,0.0,0.0,0.0,0.0,97.061,-6.923749999999998,2.1498749999999975,0.6621250000000002,0.9373333333333326,1.6235089569612264,21.0,1.0,3.0,1.0,0.0,0.0,0.0,0.0,0.0,0.0,0.0,0.0,1.0,-9.748625592417113,16.0,0.0,0.0,0.8,100.177,0,102.75270616953927
DEV,44.0,3.0,HARD,ALPHATAURI,0.0,0.0,0.0,0.0,1.0,0.0,0.0,0.0,0.0,0.0,0.0,0.0,0.0,0.0,0.0,0.0,0.0,0.0,0.0,0.0,0.0,97.028,-0.03300000000000125,2.429040697674419,0.7199593023255816,1.9869999999999994,1.7290225562438448,21.0,1.0,3.0,1.0,0.0,0.0,0.0,0.0,0.0,0.0,0.0,0.0,1.0,-12.057914691943207,17.0,0.0,0.0,0.3,99.588,0,102.22503250690923
DEV,45.0,3.0,HARD,ALPHATAURI,0.0,0.0,0.0,0.0,1.0,0.0,0.0,0.0,0.0,0.0,0.0,0.0,0.0,0.0,0.0,0.0,0.0,0.0,0.0,0.0,0.0,97.219,0.1909999999999883,1.6115624999999998,0.7574375000000001,2.776666666666666,0.39119858554618253,21.0,1.0,3.0,1.0,0.0,0.0,0.0,0.0,0.0,0.0,0.0,0.0,1.0,-14.56720379146924,18.0,0.0,0.0,0.6,98.889,0,101.58735884427922
DEV,46.0,3.0,HARD,ALPHATAURI,0.0,0.0,0.0,0.0,1.0,0.0,0.0,0.0,0.0,0.0,0.0,0.0,0.0,0.0,0.0,0.0,0.0,0.0,0.0,0.0,0.0,97.426,0.20700000000000784,0.6898833333333272,0.7731166666666667,2.326999999999998,0.8437843326348304,21.0,1.0,3.0,1.0,0.0,0.0,0.0,0.0,0.0,0.0,0.0,0.0,1.0,-15.376492890995308,19.0,0.0,0.0,0.1,98.871,0,101.6306851816492
DEV,47.0,3.0,HARD,ALPHATAURI,0.0,0.0,0.0,0.0,1.0,0.0,0.0,0.0,0.0,0.0,0.0,0.0,0.0,0.0,0.0,0.0,0.0,0.0,0.0,0.0,0.0,97.589,0.1629999999999967,0.4978206521739096,0.7841793478260869,1.7046666666666634,0.5824039262688193,21.0,1.0,3.0,1.0,0.0,0.0,0.0,0.0,0.0,0.0,0.0,0.0,1.0,-18.185781990521406,20.0,0.0,0.0,0.1,98.921,0,101.74201151901919
DEV,48.0,3.0,HARD,ALPHATAURI,0.0,0.0,0.0,0.0,1.0,0.0,0.0,0.0,0.0,0.0,0.0,0.0,0.0,0.0,0.0,0.0,0.0,0.0,0.0,0.0,0.0,97.432,-0.15699999999999648,0.6898244680851107,0.7991755319148937,1.4113333333333316,0.11275785264598676,21.0,1.0,3.0,1.0,0.0,0.0,0.0,0.0,0.0,0.0,0.0,0.0,1.0,-19.095071090047476,21.0,0.0,0.0,0.1,100.441,0,103.32333785638917
DEV,49.0,3.0,HARD,ALPHATAURI,0.0,0.0,0.0,0.0,1.0,0.0,0.0,0.0,0.0,0.0,0.0,0.0,0.0,0.0,0.0,0.0,0.0,0.0,0.0,0.0,0.0,97.5,0.06799999999999784,2.0972031250000023,0.8437968750000001,1.904000000000001,0.9040127211494333,21.0,1.0,3.0,1.0,0.0,0.0,0.0,0.0,0.0,0.0,0.0,0.0,1.0,-20.004360189573546,22.0,0.0,0.0,0.6,98.985,0,101.92866419375915
DEV,50.0,3.0,HARD,ALPHATAURI,0.0,0.0,0.0,0.0,1.0,0.0,0.0,0.0,0.0,0.0,0.0,0.0,0.0,0.0,0.0,0.0,0.0,0.0,0.0,0.0,0.0,97.609,0.10899999999999466,0.5213418367346985,0.8546581632653063,1.9353333333333371,0.872763618245703,21.0,1.0,3.0,1.0,0.0,0.0,0.0,0.0,0.0,0.0,0.0,0.0,1.0,-20.913649289099617,23.0,0.0,0.0,0.1,99.089,0,102.09399053112914
DEV,51.0,3.0,HARD,ALPHATAURI,0.0,0.0,0.0,0.0,1.0,0.0,0.0,0.0,0.0,0.0,0.0,0.0,0.0,0.0,0.0,0.0,0.0,0.0,0.0,0.0,0.0,97.604,-0.0049999999999954525,0.6177349999999993,0.8672650000000002,1.9340000000000022,0.8737888761022311,21.0,1.0,3.0,1.0,0.0,0.0,0.0,0.0,0.0,0.0,0.0,0.0,1.0,-24.22293838862572,24.0,0.0,0.0,0.3,100.475,0,103.54131686849911
DEV,52.0,3.0,HARD,ALPHATAURI,0.0,0.0,0.0,0.0,1.0,0.0,0.0,0.0,0.0,0.0,0.0,0.0,0.0,0.0,0.0,0.0,0.0,0.0,0.0,0.0,0.0,97.706,0.10200000000000387,1.8644460784313637,0.9045539215686275,1.8766666666666652,0.7747027386897011,21.0,1.0,3.0,1.0,0.0,0.0,0.0,0.0,0.0,0.0,0.0,0.0,1.0,-25.232227488151793,25.0,0.0,0.0,0.1,100.33,0,103.45764320586909
DEV,53.0,3.0,HARD,ALPHATAURI,0.0,0.0,0.0,0.0,1.0,0.0,0.0,0.0,0.0,0.0,0.0,0.0,0.0,0.0,0.0,0.0,0.0,0.0,0.0,0.0,0.0,97.589,-0.11700000000000443,1.8011298076923072,0.9398701923076923,2.3316666666666634,0.7333684840060485,21.0,1.0,3.0,1.0,0.0,0.0,0.0,0.0,0.0,0.0,0.0,0.0,1.0,-28.84151658767781,26.0,0.0,0.0,0.4,99.15,0,102.33896954323909
DEV,54.0,3.0,HARD,ALPHATAURI,0.0,0.0,0.0,0.0,1.0,0.0,0.0,0.0,0.0,0.0,0.0,0.0,0.0,0.0,0.0,0.0,0.0,0.0,0.0,0.0,0.0,97.778,0.18900000000000716,0.4239764150943396,0.9480235849056603,2.293999999999997,0.7985981467546714,21.0,1.0,3.0,1.0,0.0,0.0,0.0,0.0,0.0,0.0,0.0,0.0,1.0,-29.95080568720388,27.0,0.0,0.0,0.1,98.885,0,102.13529588060906
DEV,55.0,3.0,HARD,ALPHATAURI,0.0,0.0,0.0,0.0,1.0,0.0,0.0,0.0,0.0,0.0,0.0,0.0,0.0,0.0,0.0,0.0,0.0,0.0,0.0,0.0,0.0,97.78,0.001999999999995339,0.15406944444444837,0.9509305555555556,1.7393333333333345,0.8776812253508277,21.0,1.0,3.0,1.0,0.0,0.0,0.0,0.0,0.0,0.0,0.0,0.0,1.0,-30.505450236966915,27.5,0.0,0.0,0.5,99.239,0,102.55062221797905
DEV,56.0,3.0,HARD,ALPHATAURI,0.0,0.0,0.0,0.0,1.0,0.0,0.0,0.0,0.0,0.0,0.0,0.0,0.0,0.0,0.0,0.0,0.0,0.0,0.0,0.0,0.0,97.86,0.0799999999999983,0.4202863636363684,0.9587136363636365,1.2853333333333363,0.15621246215757864,21.0,1.0,3.0,1.0,0.0,0.0,0.0,0.0,0.0,0.0,0.0,0.0,1.0,-33.25545023696695,27.5,0.0,0.0,0.6,99.161,0,102.53394855534903
GAS,4.0,1.0,SOFT,ALPINE,0.0,1.0,0.0,0.0,0.0,1.0,0.0,0.0,0.0,0.0,0.0,0.0,0.0,0.0,0.0,0.0,0.0,0.0,0.0,0.0,0.0,99.8625,-0.556500000000014,0.5140000000000053,0.26649999999999824,0.26649999999999824,0.4452384192766882,22.0,1.0,1.0,0.0,1.0,0.0,0.0,0.0,0.0,0.0,0.0,0.0,1.0,4.7628436018957245,4.0,0.0,4.0,0.8,100.894,0,101.07797901210995
GAS,5.0,1.0,SOFT,ALPINE,0.0,1.0,0.0,0.0,0.0,1.0,0.0,0.0,0.0,0.0,0.0,0.0,0.0,0.0,0.0,0.0,0.0,0.0,0.0,0.0,0.0,99.792,-0.07049999999999557,0.6266250000000042,0.47537499999999966,0.6338333333333329,0.556197431972983,22.0,1.0,1.0,0.0,1.0,0.0,0.0,0.0,0.0,0.0,0.0,0.0,1.0,5.453554502369649,5.0,0.0,5.0,0.8999999999999999,100.818,0,101.06330534947993
GAS,6.0,1.0,SOFT,ALPINE,0.0,1.0,0.0,0.0,0.0,1.0,0.0,0.0,0.0,0.0,0.0,0.0,0.0,0.0,0.0,0.0,0.0,0.0,0.0,0.0,0.0,100.618,0.8259999999999934,-0.22029999999999744,0.4203000000000003,0.69416666666667,0.45715542579448165,22.0,1.0,1.0,0.0,1.0,0.0,0.0,0.0,0.0,0.0,0.0,0.0,1.0,6.544265402843578,6.0,0.0,6.0,0.6,101.11,0,101.41663168684991
GAS,7.0,1.0,SOFT,ALPINE,0.0,1.0,0.0,0.0,0.0,1.0,0.0,0.0,0.0,0.0,0.0,0.0,0.0,0.0,0.0,0.0,0.0,0.0,0.0,0.0,0.0,100.5375,-0.08050000000000068,0.12683333333333735,0.44566666666666777,0.6248333333333372,0.45327153377786,21.0,1.0,1.0,0.0,1.0,0.0,0.0,0.0,0.0,0.0,0.0,0.0,1.0,6.934976303317498,7.0,0.0,7.0,0.6,101.134,0,101.50195802421989
GAS,8.0,1.0,SOFT,ALPINE,0.0,1.0,0.0,0.0,0.0,1.0,0.0,0.0,0.0,0.0,0.0,0.0,0.0,0.0,0.0,0.0,0.0,0.0,0.0,0.0,0.0,100.60499999999999,0.06749999999999545,0.07142857142857956,0.457571428571431,0.4338333333333395,0.2036702809281078,21.0,1.0,1.0,0.0,1.0,0.0,0.0,0.0,0.0,0.0,0.0,0.0,1.0,7.925687203791426,8.0,0.0,8.0,0.8999999999999999,101.173,0,101.60228436158988
GAS,9.0,1.0,SOFT,ALPINE,0.0,1.0,0.0,0.0,0.0,1.0,0.0,0.0,0.0,0.0,0.0,0.0,0.0,0.0,0.0,0.0,0.0,0.0,0.0,0.0,0.0,100.70400000000001,0.09900000000001796,0.009999999999992681,0.4590000000000014,0.5235000000000033,0.05196874060433456,21.0,1.0,1.0,0.0,1.0,0.0,0.0,0.0,0.0,0.0,0.0,0.0,1.0,8.016398104265374,9.0,0.0,9.0,0.6,103.98475,1,104.47536069895986
GAS,10.0,2.0,HARD,ALPINE,0.0,0.0,0.0,0.0,0.0,1.0,0.0,0.0,0.0,0.0,0.0,0.0,0.0,0.0,0.0,0.0,0.0,0.0,0.0,0.0,0.0,100.8245,0.12049999999999272,2.4011111111111143,0.7591388888888907,1.3860833333333364,1.5367662544555494,21.0,1.0,2.0,0.0,1.0,0.0,0.0,0.0,0.0,0.0,0.0,0.0,1.0,0.8907109004739304,1.0,0.0,0.0,0.8,103.98475,0,104.53668703632985
GAS,11.0,2.0,HARD,ALPINE,0.0,0.0,0.0,0.0,0.0,1.0,0.0,0.0,0.0,0.0,0.0,0.0,0.0,0.0,0.0,0.0,0.0,0.0,0.0,0.0,0.0,100.9885,0.16400000000000148,2.0134000000000016,0.982850000000002,2.208500000000001,1.5086812743253686,21.0,1.0,2.0,0.0,1.0,0.0,0.0,0.0,0.0,0.0,0.0,0.0,1.0,1.3814218009478623,2.0,0.0,0.0,0.8,98.762,0,99.37526337369982
GAS,12.0,2.0,HARD,ALPINE,0.0,0.0,0.0,0.0,0.0,1.0,0.0,0.0,0.0,0.0,0.0,0.0,0.0,0.0,0.0,0.0,0.0,0.0,0.0,0.0,0.0,101.24950000000001,0.2610000000000099,-3.1548636363636486,0.6673636363636372,1.222999999999999,3.2144333384750814,21.0,1.0,2.0,0.0,1.0,0.0,0.0,0.0,0.0,0.0,0.0,0.0,1.0,2.0721327014217934,3.0,0.0,0.0,0.8999999999999999,98.928,0,99.6025897110698
GAS,13.0,2.0,HARD,ALPINE,0.0,0.0,0.0,0.0,0.0,1.0,0.0,0.0,0.0,0.0,0.0,0.0,0.0,0.0,0.0,0.0,0.0,0.0,0.0,0.0,0.0,101.134,-0.11550000000001148,-2.63391666666667,0.4279166666666671,-0.5657500000000036,3.0879918332955545,21.0,1.0,2.0,0.0,1.0,0.0,0.0,0.0,0.0,0.0,0.0,0.0,1.0,2.362843601895719,4.0,0.0,0.0,0.8,99.349,0,100.0849160484398
GAS,14.0,2.0,HARD,ALPINE,0.0,0.0,0.0,0.0,0.0,1.0,0.0,0.0,0.0,0.0,0.0,0.0,0.0,0.0,0.0,0.0,0.0,0.0,0.0,0.0,0.0,100.7305,-0.403499999999994,-1.670230769230772,0.2887307692307694,-2.0250000000000057,0.5747866995677658,21.0,1.0,2.0,0.0,1.0,0.0,0.0,0.0,0.0,0.0,0.0,0.0,1.0,2.9535545023696486,5.0,0.0,0.0,0.8,98.859,0,99.65624238580976
GAS,15.0,2.0,HARD,ALPINE,0.0,0.0,0.0,0.0,0.0,1.0,0.0,0.0,0.0,0.0,0.0,0.0,0.0,0.0,0.0,0.0,0.0,0.0,0.0,0.0,0.0,98.859,-1.8715000000000117,-0.26810714285714304,0.26810714285714304,-1.1958333333333353,1.1146582809692565,21.0,1.0,2.0,0.0,1.0,0.0,0.0,0.0,0.0,0.0,0.0,0.0,1.0,3.5442654028435783,6.0,0.0,0.0,0.6,98.985,0,99.84356872317976
GAS,16.0,2.0,HARD,ALPINE,0.0,0.0,0.0,0.0,0.0,1.0,0.0,0.0,0.0,0.0,0.0,0.0,0.0,0.0,0.0,0.0,0.0,0.0,0.0,0.0,0.0,98.975,0.11599999999999966,-0.2408999999999954,0.2509000000000005,-0.45716666666666583,0.8005117633947292,21.0,1.0,2.0,0.0,1.0,0.0,0.0,0.0,0.0,0.0,0.0,0.0,1.0,3.434976303317498,7.0,0.0,0.0,0.8,98.945,0,99.86489506054973
GAS,17.0,2.0,HARD,ALPINE,0.0,0.0,0.0,0.0,0.0,1.0,0.0,0.0,0.0,0.0,0.0,0.0,0.0,0.0,0.0,0.0,0.0,0.0,0.0,0.0,0.0,98.945,-0.030000000000001137,-0.23521875000000048,0.23521875000000048,0.0033333333333350388,0.005773502691941929,21.0,1.0,2.0,0.0,1.0,0.0,0.0,0.0,0.0,0.0,0.0,0.0,1.0,3.1256872037914434,8.0,0.0,0.0,0.6,99.011,0,99.9922213979197
GAS,18.0,2.0,HARD,ALPINE,0.0,0.0,0.0,0.0,0.0,1.0,0.0,0.0,0.0,0.0,0.0,0.0,0.0,0.0,0.0,0.0,0.0,0.0,0.0,0.0,0.0,98.996,0.05100000000000193,-0.20726470588235285,0.22226470588235342,0.008333333333335228,0.0076376261582927225,21.0,1.0,2.0,0.0,1.0,0.0,0.0,0.0,0.0,0.0,0.0,0.0,1.0,3.516398104265374,9.0,0.0,0.0,0.6,99.029,0,100.0715477352897
GAS,19.0,2.0,HARD,ALPINE,0.0,0.0,0.0,0.0,0.0,1.0,0.0,0.0,0.0,0.0,0.0,0.0,0.0,0.0,0.0,0.0,0.0,0.0,0.0,0.0,0.0,98.886,-0.10999999999999943,-0.07486111111111093,0.21786111111111162,0.052666666666667084,0.07858965156643621,20.0,1.0,2.0,0.0,1.0,0.0,0.0,0.0,0.0,0.0,0.0,0.0,1.0,3.9071090047393042,10.0,0.0,0.0,0.6,99.066,0,100.16987407265968
GAS,20.0,2.0,HARD,ALPINE,0.0,0.0,0.0,0.0,0.0,1.0,0.0,0.0,0.0,0.0,0.0,0.0,0.0,0.0,0.0,0.0,0.0,0.0,0.0,0.0,0.0,98.794,-0.09199999999999875,0.051289473684215325,0.22071052631579025,0.14333333333333562,0.12850032425381044,21.0,1.0,2.0,0.0,1.0,0.0,0.0,0.0,0.0,0.0,0.0,0.0,1.0,3.197819905213219,11.0,0.0,0.0,0.4,99.017,0,100.18220041002967
GAS,21.0,2.0,HARD,ALPINE,0.0,0.0,0.0,0.0,0.0,1.0,0.0,0.0,0.0,0.0,0.0,0.0,0.0,0.0,0.0,0.0,0.0,0.0,0.0,0.0,0.0,98.809,0.015000000000000568,-0.012075000000002223,0.22007500000000063,0.20766666666666822,0.0645006459916029,21.0,1.0,2.0,0.0,1.0,0.0,0.0,0.0,0.0,0.0,0.0,0.0,1.0,2.2885308056871736,12.0,0.0,0.0,0.6,99.327,0,100.55352674739964
GAS,22.0,2.0,HARD,ALPINE,0.0,0.0,0.0,0.0,0.0,1.0,0.0,0.0,0.0,0.0,0.0,0.0,0.0,0.0,0.0,0.0,0.0,0.0,0.0,0.0,0.0,98.888,0.07900000000000773,0.20849999999999266,0.2305000000000003,0.3063333333333323,0.11926580957396286,21.0,1.0,2.0,0.0,1.0,0.0,0.0,0.0,0.0,0.0,0.0,0.0,1.0,1.1792417061610863,13.0,0.0,0.0,0.4,99.485,0,100.77285308476962
GAS,23.0,2.0,HARD,ALPINE,0.0,0.0,0.0,0.0,0.0,1.0,0.0,0.0,0.0,0.0,0.0,0.0,0.0,0.0,0.0,0.0,0.0,0.0,0.0,0.0,0.0,98.913,0.024999999999991473,0.32597727272727506,0.24602272727272767,0.4063333333333314,0.1841855948040841,21.0,1.0,2.0,0.0,1.0,0.0,0.0,0.0,0.0,0.0,0.0,0.0,1.0,-0.13004739336500393,14.0,0.0,0.0,0.4,99.263,0,100.61217942213962
GAS,24.0,2.0,HARD,ALPINE,0.0,0.0,0.0,0.0,0.0,1.0,0.0,0.0,0.0,0.0,0.0,0.0,0.0,0.0,0.0,0.0,0.0,0.0,0.0,0.0,0.0,99.027,0.11400000000000432,-0.009586956521735468,0.24558695652173967,0.41566666666666663,0.16921091375361466,21.0,1.0,2.0,0.0,1.0,0.0,0.0,0.0,0.0,0.0,0.0,0.0,1.0,-0.13933649289107564,15.0,0.0,0.0,0.8,99.761,0,101.17150575950959
GAS,25.0,2.0,HARD,ALPINE,0.0,0.0,0.0,0.0,0.0,1.0,0.0,0.0,0.0,0.0,0.0,0.0,0.0,0.0,0.0,0.0,0.0,0.0,0.0,0.0,0.0,98.947,-0.0799999999999983,0.5447291666666594,0.26927083333333357,0.5406666666666666,0.2902711376167644,21.0,1.0,2.0,0.0,1.0,0.0,0.0,0.0,0.0,0.0,0.0,0.0,1.0,-0.14862559241714735,16.0,0.0,0.0,0.6,102.288,1,103.75983209687958
GAS,26.0,3.0,HARD,ALPINE,0.0,0.0,0.0,0.0,0.0,1.0,0.0,0.0,0.0,0.0,0.0,0.0,0.0,0.0,0.0,0.0,0.0,0.0,0.0,0.0,0.0,99.066,0.11899999999999977,2.8346199999999944,0.38738,1.423999999999997,1.5837057807560055,21.0,1.0,3.0,0.0,1.0,0.0,0.0,0.0,0.0,0.0,0.0,0.0,1.0,-0.009289099526071709,1.0,0.0,0.0,0.6,103.98475,0,105.51790843424956
GAS,27.0,3.0,HARD,ALPINE,0.0,0.0,0.0,0.0,0.0,1.0,0.0,0.0,0.0,0.0,0.0,0.0,0.0,0.0,0.0,0.0,0.0,0.0,0.0,0.0,0.0,99.5,0.4339999999999975,3.9397788461538514,0.544971153846154,2.8402499999999975,1.8649131849767218,21.0,1.0,3.0,0.0,1.0,0.0,0.0,0.0,0.0,0.0,0.0,0.0,1.0,-0.018578199052143418,2.0,0.0,0.0,0.5,98.729,0,100.32348477161953
GAS,28.0,3.0,HARD,ALPINE,0.0,0.0,0.0,0.0,0.0,1.0,0.0,0.0,0.0,0.0,0.0,0.0,0.0,0.0,0.0,0.0,0.0,0.0,0.0,0.0,0.0,99.235,-0.26500000000000057,-1.0120462962962966,0.5060462962962965,2.4002499999999998,2.5948701677540646,21.0,1.0,3.0,0.0,1.0,0.0,0.0,0.0,0.0,0.0,0.0,0.0,1.0,-0.027867298578215127,3.0,0.0,0.0,0.8,97.761,0,99.41681110898952
GAS,29.0,3.0,HARD,ALPINE,0.0,0.0,0.0,0.0,0.0,1.0,0.0,0.0,0.0,0.0,0.0,0.0,0.0,0.0,0.0,0.0,0.0,0.0,0.0,0.0,0.0,98.474,-0.7609999999999957,-1.1755089285714364,0.46250892857142845,1.0885833333333323,2.9429871339904574,21.0,1.0,3.0,0.0,1.0,0.0,0.0,0.0,0.0,0.0,0.0,0.0,1.0,-0.837156398104284,4.0,0.0,0.0,0.6,98.012,0,99.7291374463595
GAS,30.0,3.0,HARD,ALPINE,0.0,0.0,0.0,0.0,0.0,1.0,0.0,0.0,0.0,0.0,0.0,0.0,0.0,0.0,0.0,0.0,0.0,0.0,0.0,0.0,0.0,98.447,-0.027000000000001023,-0.8665603448275883,0.43156034482758604,-0.5513333333333369,0.14443799130884566,21.0,1.0,3.0,0.0,1.0,0.0,0.0,0.0,0.0,0.0,0.0,0.0,1.0,-0.5464454976303479,5.0,0.0,0.0,0.6,97.76,0,99.5384637837295
GAS,31.0,3.0,HARD,ALPINE,0.0,0.0,0.0,0.0,0.0,1.0,0.0,0.0,0.0,0.0,0.0,0.0,0.0,0.0,0.0,0.0,0.0,0.0,0.0,0.0,0.0,98.39,-0.05700000000000216,-1.0261749999999954,0.396175,-0.5926666666666686,0.14271066299801702,21.0,1.0,3.0,0.0,1.0,0.0,0.0,0.0,0.0,0.0,0.0,0.0,1.0,-1.8557345971564132,6.0,0.0,0.0,0.6,97.968,0,99.80779012109947
GAS,32.0,3.0,HARD,ALPINE,0.0,0.0,0.0,0.0,0.0,1.0,0.0,0.0,0.0,0.0,0.0,0.0,0.0,0.0,0.0,0.0,0.0,0.0,0.0,0.0,0.0,98.104,-0.28600000000000136,-0.5150080645161248,0.3790080645161292,-0.40033333333333115,0.24881787181256357,21.0,1.0,3.0,0.0,1.0,0.0,0.0,0.0,0.0,0.0,0.0,0.0,1.0,-2.165023696682482,7.0,0.0,0.0,0.6,98.012,0,99.91311645846945
GAS,33.0,3.0,HARD,ALPINE,0.0,0.0,0.0,0.0,0.0,1.0,0.0,0.0,0.0,0.0,0.0,0.0,0.0,0.0,0.0,0.0,0.0,0.0,0.0,0.0,0.0,97.902,-0.20199999999999818,-0.26060156250000066,0.3706015625000001,-0.2186666666666639,0.37686248597244515,21.0,1.0,3.0,0.0,1.0,0.0,0.0,0.0,0.0,0.0,0.0,0.0,1.0,-2.474312796208551,8.0,0.0,0.0,0.6,97.974,0,99.93644279583944
GAS,34.0,3.0,HARD,ALPINE,0.0,0.0,0.0,0.0,0.0,1.0,0.0,0.0,0.0,0.0,0.0,0.0,0.0,0.0,0.0,0.0,0.0,0.0,0.0,0.0,0.0,97.775,-0.12699999999999534,-0.16640151515151713,0.3654015151515152,0.057666666666667275,0.17352329334510677,21.0,1.0,3.0,0.0,1.0,0.0,0.0,0.0,0.0,0.0,0.0,0.0,1.0,-2.78360189573462,9.0,0.0,0.0,0.5,98.022,0,100.04576913320942
GAS,35.0,3.0,HARD,ALPINE,0.0,0.0,0.0,0.0,0.0,1.0,0.0,0.0,0.0,0.0,0.0,0.0,0.0,0.0,0.0,0.0,0.0,0.0,0.0,0.0,0.0,97.902,0.12699999999999534,-0.23818382352940737,0.3581838235294119,0.14300000000000068,0.048754486972991305,21.0,1.0,3.0,0.0,1.0,0.0,0.0,0.0,0.0,0.0,0.0,0.0,1.0,-3.0928909952606887,10.0,0.0,0.0,0.4,98.088,0,100.1730954705794
GAS,36.0,3.0,HARD,ALPINE,0.0,0.0,0.0,0.0,0.0,1.0,0.0,0.0,0.0,0.0,0.0,0.0,0.0,0.0,0.0,0.0,0.0,0.0,0.0,0.0,0.0,97.87,-0.031999999999996476,-0.13617857142858197,0.3541785714285713,0.1789999999999973,0.05197114584073594,21.0,1.0,3.0,0.0,1.0,0.0,0.0,0.0,0.0,0.0,0.0,0.0,1.0,-3.4021800947867575,11.0,0.0,0.0,0.5,98.184,0,100.33042180794938
GAS,37.0,3.0,HARD,ALPINE,0.0,0.0,0.0,0.0,0.0,1.0,0.0,0.0,0.0,0.0,0.0,0.0,0.0,0.0,0.0,0.0,0.0,0.0,0.0,0.0,0.0,97.754,-0.11599999999999966,0.07371527777777076,0.35628472222222185,0.2559999999999955,0.15845504094221258,21.0,1.0,3.0,0.0,1.0,0.0,0.0,0.0,0.0,0.0,0.0,0.0,1.0,-4.9114691943128435,12.0,0.0,0.0,0.4,98.133,0,100.34074814531935
GAS,38.0,3.0,HARD,ALPINE,0.0,0.0,0.0,0.0,0.0,1.0,0.0,0.0,0.0,0.0,0.0,0.0,0.0,0.0,0.0,0.0,0.0,0.0,0.0,0.0,0.0,97.831,0.07699999999999818,-0.05281756756757455,0.35481756756756705,0.31666666666665816,0.10675829397912566,21.0,1.0,3.0,0.0,1.0,0.0,0.0,0.0,0.0,0.0,0.0,0.0,1.0,-5.320758293838914,13.0,0.0,0.0,0.1,98.108,0,100.37707448268935
GAS,39.0,3.0,HARD,ALPINE,0.0,0.0,0.0,0.0,0.0,1.0,0.0,0.0,0.0,0.0,0.0,0.0,0.0,0.0,0.0,0.0,0.0,0.0,0.0,0.0,0.0,98.015,0.1839999999999975,-0.25492763157894344,0.34792763157894696,0.2749999999999962,0.1701146672100844,21.0,1.0,3.0,0.0,1.0,0.0,0.0,0.0,0.0,0.0,0.0,0.0,1.0,-5.730047393364984,14.0,0.0,0.0,0.6,98.537,0,100.86740082005933
GAS,40.0,3.0,HARD,ALPINE,0.0,0.0,0.0,0.0,0.0,1.0,0.0,0.0,0.0,0.0,0.0,0.0,0.0,0.0,0.0,0.0,0.0,0.0,0.0,0.0,0.0,97.784,-0.23099999999999454,0.394685897435898,0.3583141025641021,0.3826666666666654,0.33731340520846886,21.0,1.0,3.0,0.0,1.0,0.0,0.0,0.0,0.0,0.0,0.0,0.0,126.0,-6.139336492891054,15.0,0.0,0.0,0.4,103.98475,1,106.37647715742932
GAS,41.0,4.0,SOFT,ALPINE,0.0,1.0,0.0,0.0,0.0,1.0,0.0,0.0,0.0,0.0,0.0,0.0,0.0,0.0,0.0,0.0,0.0,0.0,0.0,0.0,0.0,103.98475,6.200749999999999,-0.3493562499999996,0.3493562499999996,0.2820000000000012,0.41053988843959993,21.0,1.0,4.0,0.0,1.0,0.0,0.0,0.0,0.0,0.0,0.0,0.0,671.0,-0.6092890995260696,1.0,0.0,1.0,0.1,103.98475,0,106.4378034947993
GAS,42.0,4.0,SOFT,ALPINE,0.0,1.0,0.0,0.0,0.0,1.0,0.0,0.0,0.0,0.0,0.0,0.0,0.0,0.0,0.0,0.0,0.0,0.0,0.0,0.0,0.0,103.98475,0.0,-0.34083536585365815,0.34083536585365815,0.25100000000000006,0.43474475269978796,21.0,1.0,4.0,0.0,1.0,0.0,0.0,0.0,0.0,0.0,0.0,0.0,1.0,-1.2185781990521392,2.0,0.0,2.0,0.1,95.068,0,97.58237983216927
GAS,43.0,4.0,SOFT,ALPINE,0.0,1.0,0.0,0.0,0.0,1.0,0.0,0.0,0.0,0.0,0.0,0.0,0.0,0.0,0.0,0.0,0.0,0.0,0.0,0.0,0.0,97.061,-6.923749999999998,-2.2782678571428656,0.2852678571428565,-0.6643333333333364,1.1506590864949293,21.0,1.0,4.0,0.0,1.0,0.0,0.0,0.0,0.0,0.0,0.0,0.0,1.0,-1.8278672985782087,3.0,0.0,3.0,0.8,95.942,0,98.51770616953925
GAS,44.0,4.0,SOFT,ALPINE,0.0,1.0,0.0,0.0,0.0,1.0,0.0,0.0,0.0,0.0,0.0,0.0,0.0,0.0,0.0,0.0,0.0,0.0,0.0,0.0,0.0,97.028,-0.03300000000000125,-1.339377906976756,0.2533779069767433,-1.0263333333333406,0.9978388313416866,21.0,1.0,4.0,0.0,1.0,0.0,0.0,0.0,0.0,0.0,0.0,0.0,1.0,-2.837156398104284,4.0,0.0,4.0,0.3,95.792,0,98.42903250690924
GAS,45.0,4.0,SOFT,ALPINE,0.0,1.0,0.0,0.0,0.0,1.0,0.0,0.0,0.0,0.0,0.0,0.0,0.0,0.0,0.0,0.0,0.0,0.0,0.0,0.0,0.0,97.219,0.1909999999999883,-1.642187499999992,0.2151874999999993,-1.5020000000000049,0.4581277114517302,21.0,1.0,4.0,0.0,1.0,0.0,0.0,0.0,0.0,0.0,0.0,0.0,1.0,-4.046445497630344,5.0,0.0,5.0,0.6,96.186,0,98.88435884427923
GAS,46.0,4.0,SOFT,ALPINE,0.0,1.0,0.0,0.0,0.0,1.0,0.0,0.0,0.0,0.0,0.0,0.0,0.0,0.0,0.0,0.0,0.0,0.0,0.0,0.0,0.0,97.426,0.20700000000000784,-1.4228499999999944,0.18284999999999943,-1.2510000000000001,0.1707659216588505,21.0,1.0,4.0,0.0,1.0,0.0,0.0,0.0,0.0,0.0,0.0,0.0,1.0,-4.855734597156413,6.0,0.0,6.0,0.1,96.041,0,98.8006851816492
GAS,47.0,4.0,SOFT,ALPINE,0.0,1.0,0.0,0.0,0.0,1.0,0.0,0.0,0.0,0.0,0.0,0.0,0.0,0.0,0.0,0.0,0.0,0.0,0.0,0.0,0.0,97.589,0.1629999999999967,-1.6932228260869577,0.14522282608695591,-1.4049999999999965,0.1551740957763278,21.0,1.0,4.0,0.0,1.0,0.0,0.0,0.0,0.0,0.0,0.0,0.0,1.0,-6.365023696682492,7.0,0.0,7.0,0.1,96.12,0,98.94101151901918
GAS,48.0,4.0,SOFT,ALPINE,0.0,1.0,0.0,0.0,0.0,1.0,0.0,0.0,0.0,0.0,0.0,0.0,0.0,0.0,0.0,0.0,0.0,0.0,0.0,0.0,0.0,97.432,-0.15699999999999648,-1.4262180851063802,0.11421808510638244,-1.3666666666666647,0.16111279692604946,21.0,1.0,4.0,0.0,1.0,0.0,0.0,0.0,0.0,0.0,0.0,0.0,1.0,-7.274312796208562,8.0,0.0,8.0,0.3,96.368,0,99.25033785638917
GAS,49.0,4.0,SOFT,ALPINE,0.0,1.0,0.0,0.0,0.0,1.0,0.0,0.0,0.0,0.0,0.0,0.0,0.0,0.0,0.0,0.0,0.0,0.0,0.0,0.0,0.0,97.5,0.06799999999999784,-1.2202552083333378,0.08825520833333271,-1.3306666666666682,0.20862725932469325,21.0,1.0,4.0,0.0,1.0,0.0,0.0,0.0,0.0,0.0,0.0,0.0,1.0,-8.183601895734633,9.0,0.0,9.0,0.6,96.803,0,99.74666419375914
GAS,50.0,4.0,SOFT,ALPINE,0.0,1.0,0.0,0.0,0.0,1.0,0.0,0.0,0.0,0.0,0.0,0.0,0.0,0.0,0.0,0.0,0.0,0.0,0.0,0.0,0.0,97.609,0.10899999999999466,-0.8760051020408132,0.07000510204081577,-1.0833333333333333,0.2564865168645981,21.0,1.0,4.0,0.0,1.0,0.0,0.0,0.0,0.0,0.0,0.0,0.0,1.0,-9.092890995260703,10.0,0.0,10.0,0.1,96.551,0,99.55599053112914
GAS,51.0,4.0,SOFT,ALPINE,0.0,1.0,0.0,0.0,0.0,1.0,0.0,0.0,0.0,0.0,0.0,0.0,0.0,0.0,0.0,0.0,0.0,0.0,0.0,0.0,0.0,97.604,-0.0049999999999954525,-1.1005449999999968,0.047544999999999504,-0.9969999999999999,0.17006175348972805,21.0,1.0,4.0,0.0,1.0,0.0,0.0,0.0,0.0,0.0,0.0,0.0,1.0,-11.102180094786789,11.0,0.0,11.0,0.1,96.635,0,99.70131686849912
GAS,52.0,4.0,SOFT,ALPINE,0.0,1.0,0.0,0.0,0.0,1.0,0.0,0.0,0.0,0.0,0.0,0.0,0.0,0.0,0.0,0.0,0.0,0.0,0.0,0.0,0.0,97.706,0.10200000000000387,-1.0966127450980367,0.02561274509803877,-0.9766666666666642,0.14807543122791633,21.0,1.0,4.0,0.0,1.0,0.0,0.0,0.0,0.0,0.0,0.0,0.0,1.0,-12.11146919431286,12.0,0.0,12.0,0.1,96.891,0,100.0186432058691
GAS,53.0,4.0,SOFT,ALPINE,0.0,1.0,0.0,0.0,0.0,1.0,0.0,0.0,0.0,0.0,0.0,0.0,0.0,0.0,0.0,0.0,0.0,0.0,0.0,0.0,0.0,97.589,-0.11700000000000443,-0.7096971153846083,0.011697115384615077,-0.9406666666666629,0.2103481241497874,21.0,1.0,4.0,0.0,1.0,0.0,0.0,0.0,0.0,0.0,0.0,0.0,1.0,-14.420758293838905,13.0,0.0,13.0,0.1,96.979,0,100.16796954323908
GAS,54.0,4.0,SOFT,ALPINE,0.0,1.0,0.0,0.0,0.0,1.0,0.0,0.0,0.0,0.0,0.0,0.0,0.0,0.0,0.0,0.0,0.0,0.0,0.0,0.0,0.0,97.778,0.18900000000000716,-0.7954009433962326,-0.003599056603774012,-0.8559999999999993,0.19292226413765776,21.0,1.0,4.0,0.0,1.0,0.0,0.0,0.0,0.0,0.0,0.0,0.0,1.0,-15.530047393364974,14.0,0.0,14.0,0.3,97.222,0,100.47229588060905
GAS,55.0,4.0,SOFT,ALPINE,0.0,1.0,0.0,0.0,0.0,1.0,0.0,0.0,0.0,0.0,0.0,0.0,0.0,0.0,0.0,0.0,0.0,0.0,0.0,0.0,0.0,97.78,0.001999999999995339,-0.5441342592592656,-0.013865740740741287,-0.6850000000000023,0.12102479084881597,21.0,1.0,4.0,0.0,1.0,0.0,0.0,0.0,0.0,0.0,0.0,0.0,1.0,-16.639336492891044,15.0,0.0,15.0,0.5,97.559,0,100.87062221797905
GAS,56.0,4.0,SOFT,ALPINE,0.0,1.0,0.0,0.0,0.0,1.0,0.0,0.0,0.0,0.0,0.0,0.0,0.0,0.0,0.0,0.0,0.0,0.0,0.0,0.0,0.0,97.86,0.0799999999999983,-0.2819136363636377,-0.01908636363636421,-0.5526666666666719,0.249042834334446,21.0,1.0,4.0,0.0,1.0,0.0,0.0,0.0,0.0,0.0,0.0,0.0,1.0,-19.348625592417136,16.0,0.0,16.0,0.4,97.845,0,101.21794855534903
GAS,57.0,4.0,SOFT,ALPINE,0.0,1.0,0.0,0.0,0.0,1.0,0.0,0.0,0.0,0.0,0.0,0.0,0.0,0.0,0.0,0.0,0.0,0.0,0.0,0.0,0.0,98.1105,0.2505000000000024,-0.2420133928571452,-0.023486607142857756,-0.3748333333333373,0.1596169894883807,21.0,1.0,4.0,0.0,1.0,0.0,0.0,0.0,0.0,0.0,0.0,0.0,1.0,-20.557914691943207,17.0,0.0,17.0,0.6,98.147,0,101.58127489271901
HAM,4.0,1.0,SOFT,MERCEDES,0.0,1.0,0.0,0.0,0.0,0.0,1.0,0.0,0.0,0.0,0.0,0.0,0.0,0.0,0.0,0.0,0.0,0.0,0.0,0.0,0.0,99.8625,-0.556500000000014,0.5549166666666754,-1.1974166666666737,-1.1974166666666737,0.5293183312840576,22.0,0.0,1.0,0.0,0.0,0.0,0.0,0.0,0.0,1.0,0.0,0.0,1.0,9.034976303317503,7.0,0.0,7.0,0.4,99.198,0,99.38197901210994
HAM,5.0,1.0,SOFT,MERCEDES,0.0,1.0,0.0,0.0,0.0,0.0,1.0,0.0,0.0,0.0,0.0,0.0,0.0,0.0,0.0,0.0,0.0,0.0,0.0,0.0,0.0,99.792,-0.07049999999999557,0.4525624999999991,-1.0465625000000074,-0.8298333333333403,0.3672745340114634,22.0,0.0,1.0,0.0,0.0,0.0,0.0,0.0,0.0,1.0,0.0,0.0,1.0,8.725687203791438,8.0,0.0,8.0,0.8999999999999999,99.335,0,99.58030534947993
HAM,6.0,1.0,SOFT,MERCEDES,0.0,1.0,0.0,0.0,0.0,0.0,1.0,0.0,0.0,0.0,0.0,0.0,0.0,0.0,0.0,0.0,0.0,0.0,0.0,0.0,0.0,100.618,0.8259999999999934,-0.18914999999999504,-1.0938500000000062,-0.839833333333336,0.3845589465001849,22.0,0.0,1.0,0.0,0.0,0.0,0.0,0.0,0.0,1.0,0.0,0.0,1.0,9.816398104265367,9.0,0.0,9.0,0.6,99.756,0,100.06263168684991
HAM,7.0,1.0,SOFT,MERCEDES,0.0,1.0,0.0,0.0,0.0,0.0,1.0,0.0,0.0,0.0,0.0,0.0,0.0,0.0,0.0,0.0,0.0,0.0,0.0,0.0,0.0,100.5375,-0.08050000000000068,0.2602916666666768,-1.041791666666671,-0.8861666666666679,0.35622546699152763,22.0,0.0,1.0,0.0,0.0,0.0,0.0,0.0,0.0,1.0,0.0,0.0,1.0,9.907109004739283,10.0,0.0,10.0,0.6,99.757,0,100.1249580242199
HAM,8.0,1.0,SOFT,MERCEDES,0.0,1.0,0.0,0.0,0.0,0.0,1.0,0.0,0.0,0.0,0.0,0.0,0.0,0.0,0.0,0.0,0.0,0.0,0.0,0.0,0.0,100.60499999999999,0.06749999999999545,0.16610714285715944,-1.0141071428571442,-0.9708333333333267,0.2723813197217031,21.0,0.0,1.0,0.0,0.0,0.0,0.0,0.0,0.0,1.0,0.0,0.0,1.0,10.897819905213211,11.0,0.0,11.0,0.8999999999999999,100.267,0,100.69628436158987
HAM,9.0,1.0,SOFT,MERCEDES,0.0,1.0,0.0,0.0,0.0,0.0,1.0,0.0,0.0,0.0,0.0,0.0,0.0,0.0,0.0,0.0,0.0,0.0,0.0,0.0,0.0,100.70400000000001,0.09900000000001796,0.5049687499999909,-0.9419687500000027,-0.6888333333333302,0.22061410501898376,21.0,0.0,1.0,0.0,0.0,0.0,0.0,0.0,0.0,1.0,0.0,0.0,1.0,10.688530805687165,12.0,0.0,12.0,0.6,100.323,0,100.81361069895985
HAM,10.0,1.0,SOFT,MERCEDES,0.0,1.0,0.0,0.0,0.0,0.0,1.0,0.0,0.0,0.0,0.0,0.0,0.0,0.0,0.0,0.0,0.0,0.0,0.0,0.0,0.0,100.8245,0.12049999999999272,0.3915277777777738,-0.893027777777781,-0.5955000000000013,0.2210367616483588,21.0,0.0,1.0,0.0,0.0,0.0,0.0,0.0,0.0,1.0,0.0,0.0,1.0,11.579241706161095,13.0,0.0,13.0,0.8,100.289,0,100.84093703632985
HAM,11.0,1.0,SOFT,MERCEDES,0.0,1.0,0.0,0.0,0.0,0.0,1.0,0.0,0.0,0.0,0.0,0.0,0.0,0.0,0.0,0.0,0.0,0.0,0.0,0.0,0.0,100.9885,0.16400000000000148,0.1741750000000024,-0.8736750000000029,-0.5460000000000065,0.13679089882005388,21.0,0.0,1.0,0.0,0.0,0.0,0.0,0.0,0.0,1.0,0.0,0.0,1.0,9.669952606635036,14.0,0.0,14.0,0.6,100.752,0,101.36526337369982
HAM,12.0,1.0,SOFT,MERCEDES,0.0,1.0,0.0,0.0,0.0,0.0,1.0,0.0,0.0,0.0,0.0,0.0,0.0,0.0,0.0,0.0,0.0,0.0,0.0,0.0,0.0,101.24950000000001,0.2610000000000099,0.3419772727272604,-0.8394772727272769,-0.5661666666666747,0.1154873730471499,21.0,0.0,1.0,0.0,0.0,0.0,0.0,0.0,0.0,1.0,0.0,0.0,1.0,10.360663507108967,15.0,0.0,15.0,0.8999999999999999,103.336,1,104.0105897110698
HAM,13.0,2.0,HARD,MERCEDES,0.0,0.0,0.0,0.0,0.0,0.0,1.0,0.0,0.0,0.0,0.0,0.0,0.0,0.0,0.0,0.0,0.0,0.0,0.0,0.0,0.0,101.134,-0.11550000000001148,2.7880208333333356,-0.5860208333333373,0.33499999999999375,1.6200209103588787,21.0,1.0,2.0,0.0,0.0,0.0,0.0,0.0,0.0,1.0,0.0,0.0,1.0,0.5907109004739297,1.0,0.0,0.0,0.8999999999999999,103.98475,0,104.7206660484398
HAM,14.0,2.0,HARD,MERCEDES,0.0,0.0,0.0,0.0,0.0,0.0,1.0,0.0,0.0,0.0,0.0,0.0,0.0,0.0,0.0,0.0,0.0,0.0,0.0,0.0,0.0,100.7305,-0.403499999999994,3.5448653846153872,-0.29061538461538833,1.6529166666666602,1.935207067947346,21.0,1.0,2.0,0.0,0.0,0.0,0.0,0.0,0.0,1.0,0.0,0.0,1.0,1.1814218009478594,2.0,0.0,0.0,0.8,98.308,0,99.10524238580977
HAM,15.0,2.0,HARD,MERCEDES,0.0,0.0,0.0,0.0,0.0,0.0,1.0,0.0,0.0,0.0,0.0,0.0,0.0,0.0,0.0,0.0,0.0,0.0,0.0,0.0,0.0,98.859,-1.8715000000000117,-0.24178571428569945,-0.3092142857142883,1.6350833333333366,1.9649498138205217,21.0,1.0,2.0,0.0,0.0,0.0,0.0,0.0,0.0,1.0,0.0,0.0,1.0,1.7721327014217891,3.0,0.0,0.0,0.6,98.527,0,99.38556872317976
HAM,16.0,2.0,HARD,MERCEDES,0.0,0.0,0.0,0.0,0.0,0.0,1.0,0.0,0.0,0.0,0.0,0.0,0.0,0.0,0.0,0.0,0.0,0.0,0.0,0.0,0.0,98.975,0.11599999999999966,-0.12953333333332467,-0.3184666666666686,0.751750000000006,2.167840385614211,21.0,1.0,2.0,0.0,0.0,0.0,0.0,0.0,0.0,1.0,0.0,0.0,1.0,1.9628436018957132,4.0,0.0,0.0,0.8,98.617,0,99.53689506054974
HAM,17.0,2.0,HARD,MERCEDES,0.0,0.0,0.0,0.0,0.0,0.0,1.0,0.0,0.0,0.0,0.0,0.0,0.0,0.0,0.0,0.0,0.0,0.0,0.0,0.0,0.0,98.945,-0.030000000000001137,-0.008937499999987608,-0.31906250000000114,-0.44233333333332325,0.11160794475901947,20.0,1.0,2.0,0.0,0.0,0.0,0.0,0.0,0.0,1.0,0.0,0.0,1.0,1.9535545023696521,5.0,0.0,0.0,0.6,98.704,0,99.6852213979197
HAM,18.0,2.0,HARD,MERCEDES,0.0,0.0,0.0,0.0,0.0,0.0,1.0,0.0,0.0,0.0,0.0,0.0,0.0,0.0,0.0,0.0,0.0,0.0,0.0,0.0,0.0,98.996,0.05100000000000193,0.02547058823529369,-0.3174705882352953,-0.35599999999999454,0.08168231142664042,21.0,1.0,2.0,0.0,0.0,0.0,0.0,0.0,0.0,1.0,0.0,0.0,1.0,2.3442654028435825,6.0,0.0,0.0,0.6,98.69,0,99.7325477352897
HAM,19.0,2.0,HARD,MERCEDES,0.0,0.0,0.0,0.0,0.0,0.0,1.0,0.0,0.0,0.0,0.0,0.0,0.0,0.0,0.0,0.0,0.0,0.0,0.0,0.0,0.0,98.886,-0.10999999999999943,0.11472222222222528,-0.31072222222222323,-0.2719999999999961,0.06823488843691779,20.0,1.0,2.0,0.0,0.0,0.0,0.0,0.0,0.0,1.0,0.0,0.0,1.0,2.734976303317513,7.0,0.0,0.0,0.6,98.684,0,99.78787407265968
HAM,20.0,2.0,HARD,MERCEDES,0.0,0.0,0.0,0.0,0.0,0.0,1.0,0.0,0.0,0.0,0.0,0.0,0.0,0.0,0.0,0.0,0.0,0.0,0.0,0.0,0.0,98.794,-0.09199999999999875,0.19015789473684358,-0.300157894736843,-0.199333333333333,0.09104577603234859,21.0,1.0,2.0,0.0,0.0,0.0,0.0,0.0,0.0,1.0,0.0,0.0,1.0,2.325687203791432,8.0,0.0,0.0,0.6,98.478,0,99.64320041002966
HAM,21.0,2.0,HARD,MERCEDES,0.0,0.0,0.0,0.0,0.0,0.0,1.0,0.0,0.0,0.0,0.0,0.0,0.0,0.0,0.0,0.0,0.0,0.0,0.0,0.0,0.0,98.809,0.015000000000000568,-0.029300000000002047,-0.301700000000001,-0.21233333333333348,0.11140167563072306,21.0,1.0,2.0,0.0,0.0,0.0,0.0,0.0,0.0,1.0,0.0,0.0,1.0,1.7163981042653802,9.0,0.0,0.0,0.6,98.581,0,99.80752674739965
HAM,22.0,2.0,HARD,MERCEDES,0.0,0.0,0.0,0.0,0.0,0.0,1.0,0.0,0.0,0.0,0.0,0.0,0.0,0.0,0.0,0.0,0.0,0.0,0.0,0.0,0.0,98.888,0.07900000000000773,-0.005047619047620133,-0.301952380952382,-0.24933333333333488,0.12126142557851133,21.0,1.0,2.0,0.0,0.0,0.0,0.0,0.0,0.0,1.0,0.0,0.0,1.0,0.9071090047392971,10.0,0.0,0.0,0.4,98.46,0,99.74785308476962
HAM,23.0,2.0,HARD,MERCEDES,0.0,0.0,0.0,0.0,0.0,0.0,1.0,0.0,0.0,0.0,0.0,0.0,0.0,0.0,0.0,0.0,0.0,0.0,0.0,0.0,0.0,98.913,0.024999999999991473,-0.14418181818181997,-0.308818181818183,-0.3636666666666694,0.07829005896876343,21.0,1.0,2.0,0.0,0.0,0.0,0.0,0.0,0.0,1.0,0.0,0.0,1.0,0.9978199052132268,11.0,0.0,0.0,0.5,98.384,0,99.73317942213961
HAM,24.0,2.0,HARD,MERCEDES,0.0,0.0,0.0,0.0,0.0,0.0,1.0,0.0,0.0,0.0,0.0,0.0,0.0,0.0,0.0,0.0,0.0,0.0,0.0,0.0,0.0,99.027,0.11400000000000432,-0.319652173913043,-0.32334782608695767,-0.4676666666666686,0.16847947451642936,21.0,1.0,2.0,0.0,0.0,0.0,0.0,0.0,0.0,1.0,0.0,0.0,1.0,-0.11146919431286051,12.0,0.0,0.0,0.8,98.367,0,99.7775057595096
HAM,25.0,2.0,HARD,MERCEDES,0.0,0.0,0.0,0.0,0.0,0.0,1.0,0.0,0.0,0.0,0.0,0.0,0.0,0.0,0.0,0.0,0.0,0.0,0.0,0.0,0.0,98.947,-0.0799999999999983,-0.24595833333333061,-0.3340416666666677,-0.5586666666666673,0.09677981883291667,21.0,1.0,2.0,0.0,0.0,0.0,0.0,0.0,0.0,1.0,0.0,0.0,1.0,-0.12075829383893222,13.0,0.0,0.0,0.6,98.29,0,99.76183209687959
HAM,26.0,2.0,HARD,MERCEDES,0.0,0.0,0.0,0.0,0.0,0.0,1.0,0.0,0.0,0.0,0.0,0.0,0.0,0.0,0.0,0.0,0.0,0.0,0.0,0.0,0.0,99.066,0.11899999999999977,-0.42427999999999544,-0.3517200000000008,-0.6663333333333318,0.10006164766448847,21.0,1.0,2.0,0.0,0.0,0.0,0.0,0.0,0.0,1.0,0.0,0.0,1.0,-0.13004739336500393,14.0,0.0,0.0,0.5,98.339,0,99.87215843424956
HAM,27.0,2.0,HARD,MERCEDES,0.0,0.0,0.0,0.0,0.0,0.0,1.0,0.0,0.0,0.0,0.0,0.0,0.0,0.0,0.0,0.0,0.0,0.0,0.0,0.0,0.0,99.5,0.4339999999999975,-0.7781538461538466,-0.38284615384615467,-0.8389999999999986,0.2955790926300444,21.0,1.0,2.0,0.0,0.0,0.0,0.0,0.0,0.0,1.0,0.0,0.0,1.0,-0.13933649289107564,15.0,0.0,0.0,0.6,98.369,0,99.96348477161953
HAM,28.0,2.0,HARD,MERCEDES,0.0,0.0,0.0,0.0,0.0,0.0,1.0,0.0,0.0,0.0,0.0,0.0,0.0,0.0,0.0,0.0,0.0,0.0,0.0,0.0,0.0,99.235,-0.26500000000000057,-0.4652592592592581,-0.40074074074074156,-0.9343333333333325,0.20139099615755798,21.0,1.0,2.0,0.0,0.0,0.0,0.0,0.0,0.0,1.0,0.0,0.0,1.0,-0.14862559241714735,16.0,0.0,0.0,0.5,98.265,0,99.92081110898953
HAM,29.0,2.0,HARD,MERCEDES,0.0,0.0,0.0,0.0,0.0,0.0,1.0,0.0,0.0,0.0,0.0,0.0,0.0,0.0,0.0,0.0,0.0,0.0,0.0,0.0,0.0,98.474,-0.7609999999999957,0.18489285714285486,-0.39389285714285804,-0.7453333333333347,0.487335955305302,21.0,1.0,2.0,0.0,0.0,0.0,0.0,0.0,0.0,1.0,0.0,0.0,1.0,-0.15791469194321905,17.0,0.0,0.0,0.6,98.38,0,100.0971374463595
HAM,30.0,2.0,HARD,MERCEDES,0.0,0.0,0.0,0.0,0.0,0.0,1.0,0.0,0.0,0.0,0.0,0.0,0.0,0.0,0.0,0.0,0.0,0.0,0.0,0.0,0.0,98.447,-0.027000000000001023,0.31562068965516626,-0.38262068965517354,-0.38066666666667004,0.42626556667566906,21.0,1.0,2.0,0.0,0.0,0.0,0.0,0.0,0.0,1.0,0.0,0.0,1.0,-1.9672037914692524,18.0,0.0,0.0,0.6,101.175,1,102.95346378372949
HAM,31.0,3.0,HARD,MERCEDES,0.0,0.0,0.0,0.0,0.0,0.0,1.0,0.0,0.0,0.0,0.0,0.0,0.0,0.0,0.0,0.0,0.0,0.0,0.0,0.0,0.0,98.39,-0.05700000000000216,3.062033333333331,-0.2770333333333345,0.8363333333333287,1.6890877222137797,21.0,1.0,3.0,0.0,0.0,0.0,0.0,0.0,0.0,1.0,0.0,0.0,1.0,-0.209289099526071,1.0,0.0,0.0,0.6,103.98475,0,105.82454012109947
HAM,32.0,3.0,HARD,MERCEDES,0.0,0.0,0.0,0.0,0.0,0.0,1.0,0.0,0.0,0.0,0.0,0.0,0.0,0.0,0.0,0.0,0.0,0.0,0.0,0.0,0.0,98.104,-0.28600000000000136,5.95914516129033,-0.07839516129032352,2.8662499999999986,2.9747073280408673,21.0,1.0,3.0,0.0,0.0,0.0,0.0,0.0,0.0,1.0,0.0,0.0,1.0,-0.6185781990521377,2.0,0.0,0.0,0.6,97.563,0,99.46411645846945
HAM,33.0,3.0,HARD,MERCEDES,0.0,0.0,0.0,0.0,0.0,0.0,1.0,0.0,0.0,0.0,0.0,0.0,0.0,0.0,0.0,0.0,0.0,0.0,0.0,0.0,0.0,97.902,-0.20199999999999818,-0.25246093749999776,-0.08653906250000087,2.775583333333335,3.1098856925670666,21.0,1.0,3.0,0.0,0.0,0.0,0.0,0.0,0.0,1.0,0.0,0.0,1.0,-0.9278672985782066,3.0,0.0,0.0,0.6,97.549,0,99.51144279583944
HAM,34.0,3.0,HARD,MERCEDES,0.0,0.0,0.0,0.0,0.0,0.0,1.0,0.0,0.0,0.0,0.0,0.0,0.0,0.0,0.0,0.0,0.0,0.0,0.0,0.0,0.0,97.775,-0.12699999999999534,-0.13523484848484674,-0.09076515151515234,1.7719166666666695,3.558802575422434,21.0,1.0,3.0,0.0,0.0,0.0,0.0,0.0,0.0,1.0,0.0,0.0,1.0,-1.2371563981042755,4.0,0.0,0.0,0.5,98.135,0,100.15876913320942
HAM,35.0,3.0,HARD,MERCEDES,0.0,0.0,0.0,0.0,0.0,0.0,1.0,0.0,0.0,0.0,0.0,0.0,0.0,0.0,0.0,0.0,0.0,0.0,0.0,0.0,0.0,97.902,0.12699999999999534,0.3142426470588283,-0.08124264705882421,-0.11066666666666454,0.3029394879069599,21.0,1.0,3.0,0.0,0.0,0.0,0.0,0.0,0.0,1.0,0.0,0.0,1.0,-1.5464454976303443,5.0,0.0,0.0,0.4,96.831,0,98.9160954705794
HAM,36.0,3.0,HARD,MERCEDES,0.0,0.0,0.0,0.0,0.0,0.0,1.0,0.0,0.0,0.0,0.0,0.0,0.0,0.0,0.0,0.0,0.0,0.0,0.0,0.0,0.0,97.87,-0.031999999999996476,-0.9303928571428579,-0.10860714285714355,-0.3439999999999988,0.6441575894142678,21.0,1.0,3.0,0.0,0.0,0.0,0.0,0.0,0.0,1.0,0.0,0.0,1.0,-1.8557345971564132,6.0,0.0,0.0,0.5,96.546,0,98.69242180794939
HAM,37.0,3.0,HARD,MERCEDES,0.0,0.0,0.0,0.0,0.0,0.0,1.0,0.0,0.0,0.0,0.0,0.0,0.0,0.0,0.0,0.0,0.0,0.0,0.0,0.0,0.0,97.754,-0.11599999999999966,-1.0688541666666644,-0.13914583333333397,-0.6713333333333319,0.7877209742880622,21.0,1.0,3.0,0.0,0.0,0.0,0.0,0.0,0.0,1.0,0.0,0.0,1.0,-2.165023696682482,7.0,0.0,0.0,0.4,97.388,0,99.59574814531936
HAM,38.0,3.0,HARD,MERCEDES,0.0,0.0,0.0,0.0,0.0,0.0,1.0,0.0,0.0,0.0,0.0,0.0,0.0,0.0,0.0,0.0,0.0,0.0,0.0,0.0,0.0,97.831,0.07699999999999818,-0.29564189189188916,-0.14735810810810868,-0.896666666666666,0.40187104067515433,21.0,1.0,3.0,0.0,0.0,0.0,0.0,0.0,0.0,1.0,0.0,0.0,1.0,-3.2743127962085623,8.0,0.0,0.0,0.6,98.304,0,100.57307448268935
HAM,39.0,3.0,HARD,MERCEDES,0.0,0.0,0.0,0.0,0.0,0.0,1.0,0.0,0.0,0.0,0.0,0.0,0.0,0.0,0.0,0.0,0.0,0.0,0.0,0.0,0.0,98.015,0.1839999999999975,0.424875000000002,-0.1358750000000005,-0.45399999999999824,0.7485606187878153,21.0,1.0,3.0,0.0,0.0,0.0,0.0,0.0,0.0,1.0,0.0,0.0,1.0,-3.6836018957346326,9.0,0.0,0.0,0.6,97.478,0,99.80840082005932
HAM,40.0,3.0,HARD,MERCEDES,0.0,0.0,0.0,0.0,0.0,0.0,1.0,0.0,0.0,0.0,0.0,0.0,0.0,0.0,0.0,0.0,0.0,0.0,0.0,0.0,0.0,97.784,-0.23099999999999454,-0.1657628205128313,-0.14023717948718029,-0.15333333333333599,0.38914821512289116,21.0,1.0,3.0,0.0,0.0,0.0,0.0,0.0,0.0,1.0,0.0,0.0,12.0,-4.092890995260703,10.0,0.0,0.0,0.4,97.494,0,99.88572715742932
HAM,41.0,3.0,HARD,MERCEDES,0.0,0.0,0.0,0.0,0.0,0.0,1.0,0.0,0.0,0.0,0.0,0.0,0.0,0.0,0.0,0.0,0.0,0.0,0.0,0.0,0.0,103.98475,6.200749999999999,-6.191750000000004,-0.29900000000000093,-2.1692500000000052,3.754334553219785,21.0,1.0,3.0,0.0,0.0,0.0,0.0,0.0,0.0,1.0,0.0,0.0,2671.0,-5.602180094786789,11.0,0.0,0.0,0.1,103.98475,0,106.4378034947993
HAM,42.0,3.0,HARD,MERCEDES,0.0,0.0,0.0,0.0,0.0,0.0,1.0,0.0,0.0,0.0,0.0,0.0,0.0,0.0,0.0,0.0,0.0,0.0,0.0,0.0,0.0,103.98475,0.0,0.2917073170731716,-0.2917073170731716,-2.265583333333339,3.662299007567969,21.0,1.0,3.0,0.0,0.0,0.0,0.0,0.0,0.0,1.0,0.0,0.0,1.0,-6.1114691943128605,12.0,0.0,0.0,0.1,97.061,0,99.57537983216928
HAM,43.0,3.0,HARD,MERCEDES,0.0,0.0,0.0,0.0,0.0,0.0,1.0,0.0,0.0,0.0,0.0,0.0,0.0,0.0,0.0,0.0,0.0,0.0,0.0,0.0,0.0,97.061,-6.923749999999998,0.2847619047619056,-0.2847619047619056,-2.163583333333335,3.747436259742566,21.0,1.0,3.0,0.0,0.0,0.0,0.0,0.0,0.0,1.0,0.0,0.0,1.0,-7.9207582938389045,13.0,0.0,0.0,0.8,97.111,0,99.68670616953926
HAM,44.0,3.0,HARD,MERCEDES,0.0,0.0,0.0,0.0,0.0,0.0,1.0,0.0,0.0,0.0,0.0,0.0,0.0,0.0,0.0,0.0,0.0,0.0,0.0,0.0,0.0,97.028,-0.03300000000000125,0.3592093023255807,-0.2762093023255823,0.027666666666666135,0.04792007234263277,21.0,1.0,3.0,0.0,0.0,0.0,0.0,0.0,0.0,1.0,0.0,0.0,1.0,-9.930047393364994,14.0,0.0,0.0,0.1,97.048,0,99.68503250690924
HAM,45.0,3.0,HARD,MERCEDES,0.0,0.0,0.0,0.0,0.0,0.0,1.0,0.0,0.0,0.0,0.0,0.0,0.0,0.0,0.0,0.0,0.0,0.0,0.0,0.0,0.0,97.219,0.1909999999999883,0.10281818181819025,-0.2738181818181825,-0.029333333333331286,0.12951576480615062,21.0,1.0,3.0,0.0,0.0,0.0,0.0,0.0,0.0,1.0,0.0,0.0,1.0,-12.139336492891033,15.0,0.0,0.0,0.5,97.661,0,100.35935884427923
HAM,46.0,3.0,HARD,MERCEDES,0.0,0.0,0.0,0.0,0.0,0.0,1.0,0.0,0.0,0.0,0.0,0.0,0.0,0.0,0.0,0.0,0.0,0.0,0.0,0.0,0.0,97.426,0.20700000000000784,0.49751111111111124,-0.2625111111111118,0.049000000000001855,0.20512435252789465,21.0,1.0,3.0,0.0,0.0,0.0,0.0,0.0,0.0,1.0,0.0,0.0,1.0,-12.948625592417102,16.0,0.0,0.0,0.1,97.779,0,100.5386851816492
HAM,47.0,3.0,HARD,MERCEDES,0.0,0.0,0.0,0.0,0.0,0.0,1.0,0.0,0.0,0.0,0.0,0.0,0.0,0.0,0.0,0.0,0.0,0.0,0.0,0.0,0.0,97.589,0.1629999999999967,0.4426739130434767,-0.25267391304347897,0.08466666666666829,0.22255411326983107,21.0,1.0,3.0,0.0,0.0,0.0,0.0,0.0,0.0,1.0,0.0,0.0,1.0,-15.457914691943195,17.0,0.0,0.0,0.3,98.517,0,101.33801151901918
HAM,48.0,3.0,HARD,MERCEDES,0.0,0.0,0.0,0.0,0.0,0.0,1.0,0.0,0.0,0.0,0.0,0.0,0.0,0.0,0.0,0.0,0.0,0.0,0.0,0.0,0.0,97.432,-0.15699999999999648,1.3092127659574415,-0.22421276595744766,0.5033333333333303,0.5042403527419431,21.0,1.0,3.0,0.0,0.0,0.0,0.0,0.0,0.0,1.0,0.0,0.0,1.0,-16.367203791469265,18.0,0.0,0.0,0.3,97.844,0,100.72633785638916
HAM,49.0,3.0,HARD,MERCEDES,0.0,0.0,0.0,0.0,0.0,0.0,1.0,0.0,0.0,0.0,0.0,0.0,0.0,0.0,0.0,0.0,0.0,0.0,0.0,0.0,0.0,97.5,0.06799999999999784,0.5563749999999951,-0.21237500000000095,0.5396666666666619,0.4785084464597469,21.0,1.0,3.0,0.0,0.0,0.0,0.0,0.0,0.0,1.0,0.0,0.0,1.0,-17.276492890995335,19.0,0.0,0.0,0.1,97.954,0,100.89766419375914
HAM,50.0,3.0,HARD,MERCEDES,0.0,0.0,0.0,0.0,0.0,0.0,1.0,0.0,0.0,0.0,0.0,0.0,0.0,0.0,0.0,0.0,0.0,0.0,0.0,0.0,0.0,97.609,0.10899999999999466,0.5459999999999998,-0.20100000000000096,0.5913333333333289,0.4275281667133996,21.0,1.0,3.0,0.0,0.0,0.0,0.0,0.0,0.0,1.0,0.0,0.0,1.0,-18.185781990521406,20.0,0.0,0.0,0.1,97.77,0,100.77499053112913
HAM,51.0,3.0,HARD,MERCEDES,0.0,0.0,0.0,0.0,0.0,0.0,1.0,0.0,0.0,0.0,0.0,0.0,0.0,0.0,0.0,0.0,0.0,0.0,0.0,0.0,0.0,97.604,-0.0049999999999954525,0.3596599999999978,-0.193660000000001,0.2849999999999966,0.10305823596389192,21.0,1.0,3.0,0.0,0.0,0.0,0.0,0.0,0.0,1.0,0.0,0.0,1.0,-21.195071090047506,21.0,0.0,0.0,0.1,98.014,0,101.08031686849911
HAM,52.0,3.0,HARD,MERCEDES,0.0,0.0,0.0,0.0,0.0,0.0,1.0,0.0,0.0,0.0,0.0,0.0,0.0,0.0,0.0,0.0,0.0,0.0,0.0,0.0,0.0,97.706,0.10200000000000387,0.49182352941175855,-0.18382352941176583,0.27299999999999613,0.09449338601187547,21.0,1.0,3.0,0.0,0.0,0.0,0.0,0.0,0.0,1.0,0.0,0.0,1.0,-22.204360189573578,22.0,0.0,0.0,0.3,97.803,0,100.93064320586909
HAM,53.0,3.0,HARD,MERCEDES,0.0,0.0,0.0,0.0,0.0,0.0,1.0,0.0,0.0,0.0,0.0,0.0,0.0,0.0,0.0,0.0,0.0,0.0,0.0,0.0,0.0,97.589,-0.11700000000000443,0.3901730769230767,-0.17617307692307804,0.2293333333333294,0.07223111056409424,21.0,1.0,3.0,0.0,0.0,0.0,0.0,0.0,0.0,1.0,0.0,0.0,1.0,-25.5136492890996,23.0,0.0,0.0,0.1,97.988,0,101.17696954323908
HAM,54.0,3.0,HARD,MERCEDES,0.0,0.0,0.0,0.0,0.0,0.0,1.0,0.0,0.0,0.0,0.0,0.0,0.0,0.0,0.0,0.0,0.0,0.0,0.0,0.0,0.0,97.778,0.18900000000000716,0.37888679245282514,-0.1688867924528314,0.24399999999999503,0.05546169849535055,21.0,1.0,3.0,0.0,0.0,0.0,0.0,0.0,0.0,1.0,0.0,0.0,1.0,-26.62293838862567,24.0,0.0,0.0,0.3,98.076,0,101.32629588060905
HAM,55.0,3.0,HARD,MERCEDES,0.0,0.0,0.0,0.0,0.0,0.0,1.0,0.0,0.0,0.0,0.0,0.0,0.0,0.0,0.0,0.0,0.0,0.0,0.0,0.0,0.0,97.78,0.001999999999995339,0.45627777777777134,-0.1602777777777791,0.23999999999999488,0.048538644397934955,21.0,1.0,3.0,0.0,0.0,0.0,0.0,0.0,0.0,1.0,0.0,0.0,1.0,-27.73222748815174,25.0,0.0,0.0,0.1,97.955,0,101.26662221797903
HAM,56.0,3.0,HARD,MERCEDES,0.0,0.0,0.0,0.0,0.0,0.0,1.0,0.0,0.0,0.0,0.0,0.0,0.0,0.0,0.0,0.0,0.0,0.0,0.0,0.0,0.0,97.86,0.0799999999999983,0.2506363636363638,-0.15563636363636496,0.20033333333332828,0.10084807054833603,21.0,1.0,3.0,0.0,0.0,0.0,0.0,0.0,0.0,1.0,0.0,0.0,1.0,-31.441516587677846,26.0,0.0,0.0,0.4,98.111,0,101.48394855534903
HAM,57.0,3.0,HARD,MERCEDES,0.0,0.0,0.0,0.0,0.0,0.0,1.0,0.0,0.0,0.0,0.0,0.0,0.0,0.0,0.0,0.0,0.0,0.0,0.0,0.0,0.0,98.1105,0.2505000000000024,0.15334821428571793,-0.15284821428571554,0.13049999999999784,0.15091471101250586,21.0,1.0,3.0,0.0,0.0,0.0,0.0,0.0,0.0,1.0,0.0,0.0,1.0,-32.65080568720391,27.0,0.0,0.0,0.6,98.255,0,101.689274892719
HUL,4.0,1.0,SOFT,HAAS F1 TEAM,0.0,1.0,0.0,0.0,0.0,0.0,0.0,1.0,0.0,0.0,0.0,0.0,0.0,0.0,0.0,0.0,0.0,0.0,0.0,0.0,0.0,99.8625,-0.556500000000014,0.31400000000000244,0.30749999999999506,0.30749999999999506,0.3108009813369309,22.0,0.0,1.0,0.0,0.0,0.0,0.0,1.0,0.0,0.0,0.0,0.0,1.0,9.034976303317503,7.0,0.0,7.0,0.4,101.004,0,101.18797901210995
HUL,5.0,1.0,SOFT,HAAS F1 TEAM,0.0,1.0,0.0,0.0,0.0,0.0,0.0,1.0,0.0,0.0,0.0,0.0,0.0,0.0,0.0,0.0,0.0,0.0,0.0,0.0,0.0,99.792,-0.07049999999999557,0.6783750000000062,0.5336249999999971,0.7114999999999961,0.4621203847483974,22.0,0.0,1.0,0.0,0.0,0.0,0.0,1.0,0.0,0.0,0.0,0.0,1.0,8.725687203791438,8.0,0.0,8.0,0.8999999999999999,101.002,0,101.24730534947993
HUL,6.0,1.0,SOFT,HAAS F1 TEAM,0.0,1.0,0.0,0.0,0.0,0.0,0.0,1.0,0.0,0.0,0.0,0.0,0.0,0.0,0.0,0.0,0.0,0.0,0.0,0.0,0.0,100.618,0.8259999999999934,-0.11969999999999748,0.5036999999999978,0.7391666666666671,0.4263567559372491,22.0,0.0,1.0,0.0,0.0,0.0,0.0,1.0,0.0,0.0,0.0,0.0,1.0,9.816398104265367,9.0,0.0,9.0,0.6,101.002,0,101.3086316868499
HUL,7.0,1.0,SOFT,HAAS F1 TEAM,0.0,1.0,0.0,0.0,0.0,0.0,0.0,1.0,0.0,0.0,0.0,0.0,0.0,0.0,0.0,0.0,0.0,0.0,0.0,0.0,0.0,100.5375,-0.08050000000000068,-0.03266666666666396,0.497166666666665,0.6868333333333349,0.4565852421326544,21.0,0.0,1.0,0.0,0.0,0.0,0.0,1.0,0.0,0.0,0.0,0.0,1.0,9.907109004739283,10.0,0.0,10.0,0.6,101.148,0,101.51595802421988
HUL,8.0,1.0,SOFT,HAAS F1 TEAM,0.0,1.0,0.0,0.0,0.0,0.0,0.0,1.0,0.0,0.0,0.0,0.0,0.0,0.0,0.0,0.0,0.0,0.0,0.0,0.0,0.0,100.60499999999999,0.06749999999999545,0.03928571428572114,0.5037142857142852,0.46383333333333593,0.07950209640841997,21.0,0.0,1.0,0.0,0.0,0.0,0.0,1.0,0.0,0.0,0.0,0.0,1.0,10.897819905213211,11.0,0.0,11.0,0.8999999999999999,101.249,0,101.67828436158987
HUL,9.0,1.0,SOFT,HAAS F1 TEAM,0.0,1.0,0.0,0.0,0.0,0.0,0.0,1.0,0.0,0.0,0.0,0.0,0.0,0.0,0.0,0.0,0.0,0.0,0.0,0.0,0.0,100.70400000000001,0.09900000000001796,0.03612499999998953,0.508874999999998,0.5174999999999983,0.04591023850950526,21.0,0.0,1.0,0.0,0.0,0.0,0.0,1.0,0.0,0.0,0.0,0.0,1.0,10.688530805687165,12.0,0.0,12.0,0.6,101.615,0,102.10561069895985
HUL,10.0,1.0,SOFT,HAAS F1 TEAM,0.0,1.0,0.0,0.0,0.0,0.0,0.0,1.0,0.0,0.0,0.0,0.0,0.0,0.0,0.0,0.0,0.0,0.0,0.0,0.0,0.0,100.8245,0.12049999999999272,0.2503333333333302,0.5401666666666642,0.6261666666666628,0.1423203545995189,21.0,0.0,1.0,0.0,0.0,0.0,0.0,1.0,0.0,0.0,0.0,0.0,1.0,11.579241706161095,13.0,0.0,13.0,0.8,102.252,0,102.80393703632984
HUL,11.0,1.0,SOFT,HAAS F1 TEAM,0.0,1.0,0.0,0.0,0.0,0.0,0.0,1.0,0.0,0.0,0.0,0.0,0.0,0.0,0.0,0.0,0.0,0.0,0.0,0.0,0.0,100.9885,0.16400000000000148,0.6509999999999962,0.6124999999999972,0.8663333333333251,0.36520348209366116,21.0,0.0,1.0,0.0,0.0,0.0,0.0,1.0,0.0,0.0,0.0,0.0,1.0,9.669952606635036,14.0,0.0,14.0,0.6,103.98475,1,104.59801337369983
HUL,12.0,2.0,HARD,HAAS F1 TEAM,0.0,0.0,0.0,0.0,0.0,0.0,0.0,1.0,0.0,0.0,0.0,0.0,0.0,0.0,0.0,0.0,0.0,0.0,0.0,0.0,0.0,101.24950000000001,0.2610000000000099,1.929772727272724,0.8054772727272695,1.5964166666666604,1.0142180588183847,21.0,1.0,2.0,0.0,0.0,0.0,0.0,1.0,0.0,0.0,0.0,0.0,1.0,0.6907109004739311,1.0,0.0,0.0,0.8999999999999999,103.98475,0,104.6593397110698
HUL,13.0,2.0,HARD,HAAS F1 TEAM,0.0,0.0,0.0,0.0,0.0,0.0,0.0,1.0,0.0,0.0,0.0,0.0,0.0,0.0,0.0,0.0,0.0,0.0,0.0,0.0,0.0,101.134,-0.11550000000001148,1.8748333333333407,0.9759166666666642,2.283166666666664,0.8849435834183665,21.0,1.0,2.0,0.0,0.0,0.0,0.0,1.0,0.0,0.0,0.0,0.0,1.0,1.1814218009478594,2.0,0.0,0.0,0.8,99.406,0,100.1419160484398
HUL,14.0,2.0,HARD,HAAS F1 TEAM,0.0,0.0,0.0,0.0,0.0,0.0,0.0,1.0,0.0,0.0,0.0,0.0,0.0,0.0,0.0,0.0,0.0,0.0,0.0,0.0,0.0,100.7305,-0.403499999999994,-2.1234615384615365,0.7989615384615362,1.4204999999999994,2.3779410868438267,21.0,1.0,2.0,0.0,0.0,0.0,0.0,1.0,0.0,0.0,0.0,0.0,1.0,1.7721327014217891,3.0,0.0,0.0,0.8,98.847,0,99.64424238580976
HUL,15.0,2.0,HARD,HAAS F1 TEAM,0.0,0.0,0.0,0.0,0.0,0.0,0.0,1.0,0.0,0.0,0.0,0.0,0.0,0.0,0.0,0.0,0.0,0.0,0.0,0.0,0.0,98.859,-1.8715000000000117,-0.7530357142857126,0.7410357142857121,0.5047500000000014,2.1350529413810824,21.0,1.0,2.0,0.0,0.0,0.0,0.0,1.0,0.0,0.0,0.0,0.0,1.0,2.362843601895719,4.0,0.0,0.0,0.6,98.972,0,99.83056872317975
HUL,16.0,2.0,HARD,HAAS F1 TEAM,0.0,0.0,0.0,0.0,0.0,0.0,0.0,1.0,0.0,0.0,0.0,0.0,0.0,0.0,0.0,0.0,0.0,0.0,0.0,0.0,0.0,98.975,0.11599999999999966,-0.6944333333333313,0.6914333333333312,-0.44650000000000034,0.7603836202864969,21.0,1.0,2.0,0.0,0.0,0.0,0.0,1.0,0.0,0.0,0.0,0.0,1.0,2.4535545023696415,5.0,0.0,0.0,0.8,99.136,0,100.05589506054973
HUL,17.0,2.0,HARD,HAAS F1 TEAM,0.0,0.0,0.0,0.0,0.0,0.0,0.0,1.0,0.0,0.0,0.0,0.0,0.0,0.0,0.0,0.0,0.0,0.0,0.0,0.0,0.0,98.945,-0.030000000000001137,-0.4691562499999957,0.6601562499999982,0.05866666666666731,0.11469234208670182,21.0,1.0,2.0,0.0,0.0,0.0,0.0,1.0,0.0,0.0,0.0,0.0,1.0,2.3442654028435825,6.0,0.0,0.0,0.6,99.396,0,100.37722139791971
HUL,18.0,2.0,HARD,HAAS F1 TEAM,0.0,0.0,0.0,0.0,0.0,0.0,0.0,1.0,0.0,0.0,0.0,0.0,0.0,0.0,0.0,0.0,0.0,0.0,0.0,0.0,0.0,98.996,0.05100000000000193,-0.2448529411764636,0.6448529411764693,0.1960000000000027,0.20154652068443282,21.0,1.0,2.0,0.0,0.0,0.0,0.0,1.0,0.0,0.0,0.0,0.0,1.0,2.734976303317513,7.0,0.0,0.0,0.6,100.323,0,101.3655477352897
HUL,19.0,2.0,HARD,HAAS F1 TEAM,0.0,0.0,0.0,0.0,0.0,0.0,0.0,1.0,0.0,0.0,0.0,0.0,0.0,0.0,0.0,0.0,0.0,0.0,0.0,0.0,0.0,98.886,-0.10999999999999943,0.7481388888888879,0.6888611111111097,0.6760000000000019,0.6672788023008035,20.0,1.0,2.0,0.0,0.0,0.0,0.0,1.0,0.0,0.0,0.0,0.0,1.0,3.1256872037914434,8.0,0.0,0.0,0.6,99.633,0,100.73687407265967
HUL,20.0,2.0,HARD,HAAS F1 TEAM,0.0,0.0,0.0,0.0,0.0,0.0,0.0,1.0,0.0,0.0,0.0,0.0,0.0,0.0,0.0,0.0,0.0,0.0,0.0,0.0,0.0,98.794,-0.09199999999999875,0.14223684210526322,0.6967631578947354,0.8920000000000007,0.5205276169426512,21.0,1.0,2.0,0.0,0.0,0.0,0.0,1.0,0.0,0.0,0.0,0.0,1.0,2.616398104265361,9.0,0.0,0.0,0.4,99.495,0,100.66020041002967
HUL,21.0,2.0,HARD,HAAS F1 TEAM,0.0,0.0,0.0,0.0,0.0,0.0,0.0,1.0,0.0,0.0,0.0,0.0,0.0,0.0,0.0,0.0,0.0,0.0,0.0,0.0,0.0,98.809,0.015000000000000568,-0.010224999999991935,0.696224999999999,0.9873333333333344,0.39686563637247513,21.0,1.0,2.0,0.0,0.0,0.0,0.0,1.0,0.0,0.0,0.0,0.0,1.0,1.9071090047393113,10.0,0.0,0.0,0.6,99.703,0,100.92952674739965
HUL,22.0,2.0,HARD,HAAS F1 TEAM,0.0,0.0,0.0,0.0,0.0,0.0,0.0,1.0,0.0,0.0,0.0,0.0,0.0,0.0,0.0,0.0,0.0,0.0,0.0,0.0,0.0,98.888,0.07900000000000773,0.11311904761904634,0.7018809523809514,0.7800000000000011,0.08228608630867365,21.0,1.0,2.0,0.0,0.0,0.0,0.0,1.0,0.0,0.0,0.0,0.0,1.0,0.9978199052132268,11.0,0.0,0.0,0.4,99.934,0,101.22185308476962
HUL,23.0,2.0,HARD,HAAS F1 TEAM,0.0,0.0,0.0,0.0,0.0,0.0,0.0,1.0,0.0,0.0,0.0,0.0,0.0,0.0,0.0,0.0,0.0,0.0,0.0,0.0,0.0,98.913,0.024999999999991473,0.30461363636363814,0.7163863636363627,0.8406666666666686,0.16896843886753452,21.0,1.0,2.0,0.0,0.0,0.0,0.0,1.0,0.0,0.0,0.0,0.0,1.0,-0.11146919431286051,12.0,0.0,0.0,0.4,99.866,0,101.21517942213961
HUL,24.0,2.0,HARD,HAAS F1 TEAM,0.0,0.0,0.0,0.0,0.0,0.0,0.0,1.0,0.0,0.0,0.0,0.0,0.0,0.0,0.0,0.0,0.0,0.0,0.0,0.0,0.0,99.027,0.11400000000000432,0.11728260869565177,0.7217173913043469,0.8916666666666657,0.11264694107401667,21.0,1.0,2.0,0.0,0.0,0.0,0.0,1.0,0.0,0.0,0.0,0.0,1.0,-0.12075829383893222,13.0,0.0,0.0,0.8,99.855,0,101.2655057595096
HUL,25.0,2.0,HARD,HAAS F1 TEAM,0.0,0.0,0.0,0.0,0.0,0.0,0.0,1.0,0.0,0.0,0.0,0.0,0.0,0.0,0.0,0.0,0.0,0.0,0.0,0.0,0.0,98.947,-0.0799999999999983,0.17852083333333546,0.7294791666666658,0.9226666666666669,0.09188217092196292,21.0,1.0,2.0,0.0,0.0,0.0,0.0,1.0,0.0,0.0,0.0,0.0,1.0,-0.13004739336500393,14.0,0.0,0.0,0.6,100.295,0,101.76683209687958
HUL,26.0,2.0,HARD,HAAS F1 TEAM,0.0,0.0,0.0,0.0,0.0,0.0,0.0,1.0,0.0,0.0,0.0,0.0,0.0,0.0,0.0,0.0,0.0,0.0,0.0,0.0,0.0,99.066,0.11899999999999977,0.4795400000000001,0.7494599999999991,0.9919999999999997,0.2081273648514275,21.0,1.0,2.0,0.0,0.0,0.0,0.0,1.0,0.0,0.0,0.0,0.0,1.0,-0.13933649289107564,15.0,0.0,0.0,0.6,102.931,1,104.46415843424955
HUL,27.0,3.0,HARD,HAAS F1 TEAM,0.0,0.0,0.0,0.0,0.0,0.0,0.0,1.0,0.0,0.0,0.0,0.0,0.0,0.0,0.0,0.0,0.0,0.0,0.0,0.0,0.0,99.5,0.4339999999999975,2.5784038461538445,0.852596153846153,1.8559999999999992,1.3734005242462937,21.0,1.0,3.0,0.0,0.0,0.0,0.0,1.0,0.0,0.0,0.0,0.0,1.0,-0.009289099526071709,1.0,0.0,0.0,0.6,103.98475,0,105.57923477161954
HUL,28.0,3.0,HARD,HAAS F1 TEAM,0.0,0.0,0.0,0.0,0.0,0.0,0.0,1.0,0.0,0.0,0.0,0.0,0.0,0.0,0.0,0.0,0.0,0.0,0.0,0.0,0.0,99.235,-0.26500000000000057,3.7528148148148213,0.9969351851851845,3.136583333333334,1.7787442258046384,21.0,1.0,3.0,0.0,0.0,0.0,0.0,1.0,0.0,0.0,0.0,0.0,1.0,-0.018578199052143418,2.0,0.0,0.0,0.6,96.981,0,98.63681110898952
HUL,29.0,3.0,HARD,HAAS F1 TEAM,0.0,0.0,0.0,0.0,0.0,0.0,0.0,1.0,0.0,0.0,0.0,0.0,0.0,0.0,0.0,0.0,0.0,0.0,0.0,0.0,0.0,98.474,-0.7609999999999957,-2.4010089285714367,0.9080089285714276,2.229249999999998,3.290309132513242,21.0,1.0,3.0,0.0,0.0,0.0,0.0,1.0,0.0,0.0,0.0,0.0,1.0,-0.627867298578213,3.0,0.0,0.0,0.6,97.398,0,99.1151374463595
HUL,30.0,3.0,HARD,HAAS F1 TEAM,0.0,0.0,0.0,0.0,0.0,0.0,0.0,1.0,0.0,0.0,0.0,0.0,0.0,0.0,0.0,0.0,0.0,0.0,0.0,0.0,0.0,98.447,-0.027000000000001023,-1.8895258620689708,0.8405258620689643,0.7359166666666633,3.4831634358487094,21.0,1.0,3.0,0.0,0.0,0.0,0.0,1.0,0.0,0.0,0.0,0.0,1.0,-0.837156398104284,4.0,0.0,0.0,0.6,97.617,0,99.3954637837295
HUL,31.0,3.0,HARD,HAAS F1 TEAM,0.0,0.0,0.0,0.0,0.0,0.0,0.0,1.0,0.0,0.0,0.0,0.0,0.0,0.0,0.0,0.0,0.0,0.0,0.0,0.0,0.0,98.39,-0.05700000000000216,-1.5597416666666617,0.7867416666666657,-1.105000000000004,0.36325197865944053,21.0,1.0,3.0,0.0,0.0,0.0,0.0,1.0,0.0,0.0,0.0,0.0,1.0,-1.5464454976303443,5.0,0.0,0.0,0.6,97.891,0,99.73079012109947
HUL,32.0,3.0,HARD,HAAS F1 TEAM,0.0,0.0,0.0,0.0,0.0,0.0,0.0,1.0,0.0,0.0,0.0,0.0,0.0,0.0,0.0,0.0,0.0,0.0,0.0,0.0,0.0,98.104,-0.28600000000000136,-0.967491935483864,0.7544919354838702,-0.6783333333333322,0.4259640047390539,21.0,1.0,3.0,0.0,0.0,0.0,0.0,1.0,0.0,0.0,0.0,0.0,1.0,-1.8557345971564132,6.0,0.0,0.0,0.6,97.806,0,99.70711645846944
HUL,33.0,3.0,HARD,HAAS F1 TEAM,0.0,0.0,0.0,0.0,0.0,0.0,0.0,1.0,0.0,0.0,0.0,0.0,0.0,0.0,0.0,0.0,0.0,0.0,0.0,0.0,0.0,97.902,-0.20199999999999818,-0.8239140625000028,0.7279140624999991,-0.3606666666666645,0.3618512585764023,21.0,1.0,3.0,0.0,0.0,0.0,0.0,1.0,0.0,0.0,0.0,0.0,1.0,-2.165023696682482,7.0,0.0,0.0,0.5,97.761,0,99.72344279583943
HUL,34.0,3.0,HARD,HAAS F1 TEAM,0.0,0.0,0.0,0.0,0.0,0.0,0.0,1.0,0.0,0.0,0.0,0.0,0.0,0.0,0.0,0.0,0.0,0.0,0.0,0.0,0.0,97.775,-0.12699999999999534,-0.719431818181827,0.705431818181817,-0.10766666666666917,0.1000116659861569,21.0,1.0,3.0,0.0,0.0,0.0,0.0,1.0,0.0,0.0,0.0,0.0,1.0,-2.474312796208551,8.0,0.0,0.0,0.5,97.895,0,99.91876913320941
HUL,35.0,3.0,HARD,HAAS F1 TEAM,0.0,0.0,0.0,0.0,0.0,0.0,0.0,1.0,0.0,0.0,0.0,0.0,0.0,0.0,0.0,0.0,0.0,0.0,0.0,0.0,0.0,97.902,0.12699999999999534,-0.6914779411764743,0.6844779411764693,-0.03900000000000622,0.04948737212658154,21.0,1.0,3.0,0.0,0.0,0.0,0.0,1.0,0.0,0.0,0.0,0.0,1.0,-2.78360189573462,9.0,0.0,0.0,0.4,98.093,0,100.17809547057941
HUL,36.0,3.0,HARD,HAAS F1 TEAM,0.0,0.0,0.0,0.0,0.0,0.0,0.0,1.0,0.0,0.0,0.0,0.0,0.0,0.0,0.0,0.0,0.0,0.0,0.0,0.0,0.0,97.87,-0.031999999999996476,-0.44829285714285694,0.6712928571428559,0.06733333333332799,0.13485671408324246,21.0,1.0,3.0,0.0,0.0,0.0,0.0,1.0,0.0,0.0,0.0,0.0,1.0,-3.0928909952606887,10.0,0.0,0.0,0.4,98.245,0,100.39142180794938
HUL,37.0,3.0,HARD,HAAS F1 TEAM,0.0,0.0,0.0,0.0,0.0,0.0,0.0,1.0,0.0,0.0,0.0,0.0,0.0,0.0,0.0,0.0,0.0,0.0,0.0,0.0,0.0,97.754,-0.11599999999999966,-0.17528472222222136,0.666284722222221,0.23566666666666455,0.24924151607091796,21.0,1.0,3.0,0.0,0.0,0.0,0.0,1.0,0.0,0.0,0.0,0.0,1.0,-4.502180094786773,11.0,0.0,0.0,0.4,98.108,0,100.31574814531936
HUL,38.0,3.0,HARD,HAAS F1 TEAM,0.0,0.0,0.0,0.0,0.0,0.0,0.0,1.0,0.0,0.0,0.0,0.0,0.0,0.0,0.0,0.0,0.0,0.0,0.0,0.0,0.0,97.831,0.07699999999999818,-0.37876351351351134,0.6557635135135124,0.3303333333333332,0.14173684536255424,21.0,1.0,3.0,0.0,0.0,0.0,0.0,1.0,0.0,0.0,0.0,0.0,1.0,-4.9114691943128435,12.0,0.0,0.0,0.1,98.191,0,100.46007448268935
HUL,39.0,3.0,HARD,HAAS F1 TEAM,0.0,0.0,0.0,0.0,0.0,0.0,0.0,1.0,0.0,0.0,0.0,0.0,0.0,0.0,0.0,0.0,0.0,0.0,0.0,0.0,0.0,98.015,0.1839999999999975,-0.4671381578947338,0.6431381578947357,0.31466666666666754,0.16084257313699077,21.0,1.0,3.0,0.0,0.0,0.0,0.0,1.0,0.0,0.0,0.0,0.0,1.0,-5.320758293838914,13.0,0.0,0.0,0.4,98.184,0,100.51440082005932
HUL,40.0,3.0,HARD,HAAS F1 TEAM,0.0,0.0,0.0,0.0,0.0,0.0,0.0,1.0,0.0,0.0,0.0,0.0,0.0,0.0,0.0,0.0,0.0,0.0,0.0,0.0,0.0,97.784,-0.23099999999999454,-0.2369038461538534,0.6369038461538449,0.2843333333333315,0.11217991501747256,21.0,1.0,3.0,0.0,0.0,0.0,0.0,1.0,0.0,0.0,0.0,0.0,126.0,-5.730047393364984,14.0,0.0,0.0,0.4,103.98475,1,106.37647715742932
HUL,41.0,4.0,SOFT,HAAS F1 TEAM,0.0,1.0,0.0,0.0,0.0,0.0,0.0,1.0,0.0,0.0,0.0,0.0,0.0,0.0,0.0,0.0,0.0,0.0,0.0,0.0,0.0,103.98475,6.200749999999999,-0.6209812499999987,0.6209812499999987,0.1919999999999978,0.20047942537825011,21.0,0.0,4.0,0.0,0.0,0.0,0.0,1.0,0.0,0.0,0.0,0.0,671.0,-2.4371563981042783,4.0,0.0,4.0,0.1,103.98475,0,106.4378034947993
HUL,42.0,4.0,SOFT,HAAS F1 TEAM,0.0,1.0,0.0,0.0,0.0,0.0,0.0,1.0,0.0,0.0,0.0,0.0,0.0,0.0,0.0,0.0,0.0,0.0,0.0,0.0,0.0,103.98475,0.0,-0.6058353658536573,0.6058353658536573,0.1333333333333305,0.23094010767583484,21.0,0.0,4.0,0.0,0.0,0.0,0.0,1.0,0.0,0.0,0.0,0.0,1.0,-3.046445497630348,5.0,0.0,5.0,0.1,96.616,0,99.13037983216927
HUL,43.0,4.0,SOFT,HAAS F1 TEAM,0.0,1.0,0.0,0.0,0.0,0.0,0.0,1.0,0.0,0.0,0.0,0.0,0.0,0.0,0.0,0.0,0.0,0.0,0.0,0.0,0.0,97.061,-6.923749999999998,-1.0258154761904823,0.5808154761904748,-0.1483333333333358,0.25692086978937784,21.0,0.0,4.0,0.0,0.0,0.0,0.0,1.0,0.0,0.0,0.0,0.0,1.0,-4.255734597156426,6.0,0.0,6.0,0.1,96.793,0,99.36870616953927
HUL,44.0,4.0,SOFT,HAAS F1 TEAM,0.0,1.0,0.0,0.0,0.0,0.0,0.0,1.0,0.0,0.0,0.0,0.0,0.0,0.0,0.0,0.0,0.0,0.0,0.0,0.0,0.0,97.028,-0.03300000000000125,-0.796843023255812,0.5618430232558126,-0.22666666666666893,0.22261701043121077,21.0,0.0,4.0,0.0,0.0,0.0,0.0,1.0,0.0,0.0,0.0,0.0,1.0,-4.965023696682497,7.0,0.0,7.0,0.3,97.076,0,99.71303250690923
HUL,45.0,4.0,SOFT,HAAS F1 TEAM,0.0,1.0,0.0,0.0,0.0,0.0,0.0,1.0,0.0,0.0,0.0,0.0,0.0,0.0,0.0,0.0,0.0,0.0,0.0,0.0,0.0,97.219,0.1909999999999883,-0.688823863636363,0.5458238636363624,-0.2743333333333358,0.15479448741259927,21.0,0.0,4.0,0.0,0.0,0.0,0.0,1.0,0.0,0.0,0.0,0.0,1.0,-6.474312796208551,8.0,0.0,8.0,0.6,97.314,0,100.01235884427922
HUL,46.0,4.0,SOFT,HAAS F1 TEAM,0.0,1.0,0.0,0.0,0.0,0.0,0.0,1.0,0.0,0.0,0.0,0.0,0.0,0.0,0.0,0.0,0.0,0.0,0.0,0.0,0.0,97.426,0.20700000000000784,-0.643205555555563,0.531205555555554,-0.16333333333333636,0.06397134775294105,21.0,0.0,4.0,0.0,0.0,0.0,0.0,1.0,0.0,0.0,0.0,0.0,1.0,-8.183601895734633,9.0,0.0,9.0,0.3,99.972,0,102.7316851816492
HUL,47.0,4.0,SOFT,HAAS F1 TEAM,0.0,1.0,0.0,0.0,0.0,0.0,0.0,1.0,0.0,0.0,0.0,0.0,0.0,0.0,0.0,0.0,0.0,0.0,0.0,0.0,0.0,97.589,0.1629999999999967,1.811538043478258,0.5714619565217376,0.7093333333333286,1.4495207253893714,21.0,0.0,4.0,0.0,0.0,0.0,0.0,1.0,0.0,0.0,0.0,0.0,1.0,-9.092890995260703,10.0,0.0,10.0,0.1,96.806,0,99.62701151901918
HUL,48.0,4.0,SOFT,HAAS F1 TEAM,0.0,1.0,0.0,0.0,0.0,0.0,0.0,1.0,0.0,0.0,0.0,0.0,0.0,0.0,0.0,0.0,0.0,0.0,0.0,0.0,0.0,97.432,-0.15699999999999648,-1.1719840425531947,0.5459840425531899,0.5483333333333272,1.6095186651087126,21.0,0.0,4.0,0.0,0.0,0.0,0.0,1.0,0.0,0.0,0.0,0.0,1.0,-10.002180094786773,11.0,0.0,11.0,0.1,97.086,0,99.96833785638917
HUL,49.0,4.0,SOFT,HAAS F1 TEAM,0.0,1.0,0.0,0.0,0.0,0.0,0.0,1.0,0.0,0.0,0.0,0.0,0.0,0.0,0.0,0.0,0.0,0.0,0.0,0.0,0.0,97.5,0.06799999999999784,-0.9399843749999999,0.5259843749999984,0.4476666666666631,1.6793964193523,21.0,0.0,4.0,0.0,0.0,0.0,0.0,1.0,0.0,0.0,0.0,0.0,1.0,-10.911469194312843,12.0,0.0,12.0,0.1,97.077,0,100.02066419375915
HUL,50.0,4.0,SOFT,HAAS F1 TEAM,0.0,1.0,0.0,0.0,0.0,0.0,0.0,1.0,0.0,0.0,0.0,0.0,0.0,0.0,0.0,0.0,0.0,0.0,0.0,0.0,0.0,97.609,0.10899999999999466,-1.036392857142852,0.5043928571428556,-0.5240000000000009,0.10622617379909444,21.0,0.0,4.0,0.0,0.0,0.0,0.0,1.0,0.0,0.0,0.0,0.0,1.0,-11.820758293838914,13.0,0.0,13.0,0.1,97.242,0,100.24699053112914
HUL,51.0,4.0,SOFT,HAAS F1 TEAM,0.0,1.0,0.0,0.0,0.0,0.0,0.0,1.0,0.0,0.0,0.0,0.0,0.0,0.0,0.0,0.0,0.0,0.0,0.0,0.0,0.0,97.604,-0.0049999999999954525,-0.8490649999999934,0.48706499999999864,-0.43599999999999756,0.08710912696150253,21.0,0.0,4.0,0.0,0.0,0.0,0.0,1.0,0.0,0.0,0.0,0.0,1.0,-14.130047393365004,14.0,0.0,14.0,0.3,97.306,0,100.37231686849911
HUL,52.0,4.0,SOFT,HAAS F1 TEAM,0.0,1.0,0.0,0.0,0.0,0.0,0.0,1.0,0.0,0.0,0.0,0.0,0.0,0.0,0.0,0.0,0.0,0.0,0.0,0.0,0.0,97.706,0.10200000000000387,-0.8696715686274552,0.4696715686274495,-0.4313333333333323,0.08922630404386542,21.0,0.0,4.0,0.0,0.0,0.0,0.0,1.0,0.0,0.0,0.0,0.0,1.0,-15.139336492891076,15.0,0.0,15.0,0.1,97.917,0,101.0446432058691
HUL,53.0,4.0,SOFT,HAAS F1 TEAM,0.0,1.0,0.0,0.0,0.0,0.0,0.0,1.0,0.0,0.0,0.0,0.0,0.0,0.0,0.0,0.0,0.0,0.0,0.0,0.0,0.0,97.589,-0.11700000000000443,-0.13894711538461108,0.46694711538461403,-0.14466666666666583,0.40978205589475275,21.0,0.0,4.0,0.0,0.0,0.0,0.0,1.0,0.0,0.0,0.0,0.0,1.0,-17.748625592417113,16.0,0.0,16.0,0.4,98.067,0,101.25596954323908
HUL,54.0,4.0,SOFT,HAAS F1 TEAM,0.0,1.0,0.0,0.0,0.0,0.0,0.0,1.0,0.0,0.0,0.0,0.0,0.0,0.0,0.0,0.0,0.0,0.0,0.0,0.0,0.0,97.778,0.18900000000000716,-0.17458962264152056,0.4635896226415078,0.07233333333332818,0.40951719540616277,21.0,0.0,4.0,0.0,0.0,0.0,0.0,1.0,0.0,0.0,0.0,0.0,1.0,-18.857914691943183,17.0,0.0,17.0,0.1,98.458,0,101.70829588060906
HUL,55.0,4.0,SOFT,HAAS F1 TEAM,0.0,1.0,0.0,0.0,0.0,0.0,0.0,1.0,0.0,0.0,0.0,0.0,0.0,0.0,0.0,0.0,0.0,0.0,0.0,0.0,0.0,97.78,0.001999999999995339,0.21043981481481366,0.4675601851851836,0.4316666666666625,0.21422029160032802,21.0,0.0,4.0,0.0,0.0,0.0,0.0,1.0,0.0,0.0,0.0,0.0,1.0,-19.967203791469252,18.0,0.0,18.0,0.5,98.564,0,101.87562221797904
HUL,56.0,4.0,SOFT,HAAS F1 TEAM,0.0,1.0,0.0,0.0,0.0,0.0,0.0,1.0,0.0,0.0,0.0,0.0,0.0,0.0,0.0,0.0,0.0,0.0,0.0,0.0,0.0,97.86,0.0799999999999983,0.2321409090909043,0.47185909090908923,0.5569999999999927,0.23245859846432343,21.0,0.0,4.0,0.0,0.0,0.0,0.0,1.0,0.0,0.0,0.0,0.0,1.0,-22.97649289099535,19.0,0.0,19.0,0.6,99.206,0,102.57894855534903
LEC,4.0,1.0,SOFT,FERRARI,0.0,1.0,0.0,0.0,0.0,0.0,0.0,0.0,1.0,0.0,0.0,0.0,0.0,0.0,0.0,0.0,0.0,0.0,0.0,0.0,0.0,99.8625,-0.556500000000014,1.0049166666666736,-2.2094166666666695,-2.2094166666666695,1.358300922414961,22.0,1.0,1.0,0.0,0.0,0.0,1.0,0.0,0.0,0.0,0.0,0.0,1.0,5.162843601895716,4.0,0.0,4.0,0.4,98.825,0,99.00897901210995
LEC,5.0,1.0,SOFT,FERRARI,0.0,1.0,0.0,0.0,0.0,0.0,0.0,0.0,1.0,0.0,0.0,0.0,0.0,0.0,0.0,0.0,0.0,0.0,0.0,0.0,0.0,99.792,-0.07049999999999557,0.931812500000003,-1.8988125000000018,-1.2801666666666687,0.3570645366503628,22.0,1.0,1.0,0.0,0.0,0.0,1.0,0.0,0.0,0.0,0.0,0.0,1.0,5.453554502369649,5.0,0.0,5.0,0.8999999999999999,98.664,0,98.90930534947994
LEC,6.0,1.0,SOFT,FERRARI,0.0,1.0,0.0,0.0,0.0,0.0,0.0,0.0,1.0,0.0,0.0,0.0,0.0,0.0,0.0,0.0,0.0,0.0,0.0,0.0,0.0,100.618,0.8259999999999934,-0.04414999999999347,-1.90985,-1.3751666666666627,0.5151578237135982,22.0,1.0,1.0,0.0,0.0,0.0,1.0,0.0,0.0,0.0,0.0,0.0,1.0,6.544265402843578,6.0,0.0,6.0,0.6,98.572,0,98.87863168684991
LEC,7.0,1.0,SOFT,FERRARI,0.0,1.0,0.0,0.0,0.0,0.0,0.0,0.0,1.0,0.0,0.0,0.0,0.0,0.0,0.0,0.0,0.0,0.0,0.0,0.0,0.0,100.5375,-0.08050000000000068,-0.04637499999999295,-1.9191249999999986,-1.628833333333328,0.573193321082276,22.0,1.0,1.0,0.0,0.0,0.0,1.0,0.0,0.0,0.0,0.0,0.0,1.0,6.934976303317498,7.0,0.0,7.0,0.6,98.691,0,99.05895802421989
LEC,8.0,1.0,SOFT,FERRARI,0.0,1.0,0.0,0.0,0.0,0.0,0.0,0.0,1.0,0.0,0.0,0.0,0.0,0.0,0.0,0.0,0.0,0.0,0.0,0.0,0.0,100.60499999999999,0.06749999999999545,0.004392857142866857,-1.9183928571428541,-1.9444999999999908,0.0270323879818273,21.0,1.0,1.0,0.0,0.0,0.0,1.0,0.0,0.0,0.0,0.0,0.0,1.0,7.925687203791426,8.0,0.0,8.0,0.8999999999999999,98.614,0,99.04328436158988
LEC,9.0,1.0,SOFT,FERRARI,0.0,1.0,0.0,0.0,0.0,0.0,0.0,0.0,1.0,0.0,0.0,0.0,0.0,0.0,0.0,0.0,0.0,0.0,0.0,0.0,0.0,100.70400000000001,0.09900000000001796,-0.15015625000000554,-1.9398437499999979,-1.9898333333333273,0.09048802867415524,21.0,1.0,1.0,0.0,0.0,0.0,1.0,0.0,0.0,0.0,0.0,0.0,1.0,8.016398104265374,9.0,0.0,9.0,0.6,98.828,0,99.31861069895986
LEC,10.0,1.0,SOFT,FERRARI,0.0,1.0,0.0,0.0,0.0,0.0,0.0,0.0,1.0,0.0,0.0,0.0,0.0,0.0,0.0,0.0,0.0,0.0,0.0,0.0,0.0,100.8245,0.12049999999999272,-0.05036111111111086,-1.9461388888888866,-2.000166666666663,0.08805727302917485,21.0,1.0,1.0,0.0,0.0,0.0,1.0,0.0,0.0,0.0,0.0,0.0,1.0,8.907109004739304,10.0,0.0,10.0,0.8,99.073,0,99.62493703632984
LEC,11.0,1.0,SOFT,FERRARI,0.0,1.0,0.0,0.0,0.0,0.0,0.0,0.0,1.0,0.0,0.0,0.0,0.0,0.0,0.0,0.0,0.0,0.0,0.0,0.0,0.0,100.9885,0.16400000000000148,0.027574999999990357,-1.943074999999999,-2.0006666666666697,0.08732458607593163,21.0,1.0,1.0,0.0,0.0,0.0,1.0,0.0,0.0,0.0,0.0,0.0,1.0,7.5978199052132425,11.0,0.0,11.0,0.6,99.212,0,99.82526337369983
LEC,12.0,1.0,SOFT,FERRARI,0.0,1.0,0.0,0.0,0.0,0.0,0.0,0.0,1.0,0.0,0.0,0.0,0.0,0.0,0.0,0.0,0.0,0.0,0.0,0.0,0.0,101.24950000000001,0.2610000000000099,-0.0858409090909178,-1.9516590909090907,-1.9831666666666716,0.062083277404894235,21.0,1.0,1.0,0.0,0.0,0.0,1.0,0.0,0.0,0.0,0.0,0.0,1.0,8.288530805687174,12.0,0.0,12.0,0.8,99.489,0,100.1635897110698
LEC,13.0,1.0,SOFT,FERRARI,0.0,1.0,0.0,0.0,0.0,0.0,0.0,0.0,1.0,0.0,0.0,0.0,0.0,0.0,0.0,0.0,0.0,0.0,0.0,0.0,0.0,101.134,-0.11550000000001148,0.28110416666667004,-1.926104166666666,-1.8660000000000043,0.20087745020286024,21.0,1.0,1.0,0.0,0.0,0.0,1.0,0.0,0.0,0.0,0.0,0.0,1.0,7.679241706161086,13.0,0.0,13.0,0.8999999999999999,102.068,1,102.80391604843979
LEC,14.0,2.0,HARD,FERRARI,0.0,0.0,0.0,0.0,0.0,0.0,0.0,0.0,1.0,0.0,0.0,0.0,0.0,0.0,0.0,0.0,0.0,0.0,0.0,0.0,0.0,100.7305,-0.403499999999994,3.012557692307684,-1.6750576923076925,-0.7816666666666711,1.8457151956174933,21.0,1.0,2.0,0.0,0.0,0.0,1.0,0.0,0.0,0.0,0.0,0.0,1.0,0.5907109004739297,1.0,0.0,0.0,0.8,103.98475,0,104.78199238580977
LEC,15.0,2.0,HARD,FERRARI,0.0,0.0,0.0,0.0,0.0,0.0,0.0,0.0,1.0,0.0,0.0,0.0,0.0,0.0,0.0,0.0,0.0,0.0,0.0,0.0,0.0,98.859,-1.8715000000000117,6.315035714285724,-1.1892857142857136,1.6060833333333353,3.3933562509458626,21.0,1.0,2.0,0.0,0.0,0.0,1.0,0.0,0.0,0.0,0.0,0.0,1.0,1.1814218009478594,2.0,0.0,0.0,0.6,98.477,0,99.33556872317976
LEC,16.0,2.0,HARD,FERRARI,0.0,0.0,0.0,0.0,0.0,0.0,0.0,0.0,1.0,0.0,0.0,0.0,0.0,0.0,0.0,0.0,0.0,0.0,0.0,0.0,0.0,98.975,0.11599999999999966,0.6452000000000084,-1.1431999999999989,1.9884166666666705,2.8678232853216996,21.0,1.0,2.0,0.0,0.0,0.0,1.0,0.0,0.0,0.0,0.0,0.0,1.0,1.7721327014217891,3.0,0.0,0.0,0.6,97.953,0,98.87289506054974
LEC,17.0,2.0,HARD,FERRARI,0.0,0.0,0.0,0.0,0.0,0.0,0.0,0.0,1.0,0.0,0.0,0.0,0.0,0.0,0.0,0.0,0.0,0.0,0.0,0.0,0.0,98.945,-0.030000000000001137,0.14175000000000804,-1.1337499999999983,1.2119166666666767,3.3984669368456912,20.0,1.0,2.0,0.0,0.0,0.0,1.0,0.0,0.0,0.0,0.0,0.0,1.0,1.5628436018957217,4.0,0.0,0.0,0.6,98.031,0,99.01222139791972
LEC,18.0,2.0,HARD,FERRARI,0.0,0.0,0.0,0.0,0.0,0.0,0.0,0.0,1.0,0.0,0.0,0.0,0.0,0.0,0.0,0.0,0.0,0.0,0.0,0.0,0.0,98.996,0.05100000000000193,0.15882352941177325,-1.1238235294117624,-0.8183333333333233,0.2777450869652484,21.0,1.0,2.0,0.0,0.0,0.0,1.0,0.0,0.0,0.0,0.0,0.0,1.0,1.9535545023696521,5.0,0.0,0.0,0.6,97.798,0,98.8405477352897
LEC,19.0,2.0,HARD,FERRARI,0.0,0.0,0.0,0.0,0.0,0.0,0.0,0.0,1.0,0.0,0.0,0.0,0.0,0.0,0.0,0.0,0.0,0.0,0.0,0.0,0.0,98.886,-0.10999999999999943,0.033833333333336935,-1.1218333333333308,-1.014999999999991,0.06464518543558125,21.0,1.0,2.0,0.0,0.0,0.0,1.0,0.0,0.0,0.0,0.0,0.0,1.0,2.3442654028435825,6.0,0.0,0.0,0.4,97.858,0,98.96187407265968
LEC,20.0,2.0,HARD,FERRARI,0.0,0.0,0.0,0.0,0.0,0.0,0.0,0.0,1.0,0.0,0.0,0.0,0.0,0.0,0.0,0.0,0.0,0.0,0.0,0.0,0.0,98.794,-0.09199999999999875,0.1760526315789519,-1.1120526315789447,-0.9963333333333253,0.08069902932089029,21.0,1.0,2.0,0.0,0.0,0.0,1.0,0.0,0.0,0.0,0.0,0.0,1.0,2.034976303317503,7.0,0.0,0.0,0.6,97.631,0,98.79620041002967
LEC,21.0,2.0,HARD,FERRARI,0.0,0.0,0.0,0.0,0.0,0.0,0.0,0.0,1.0,0.0,0.0,0.0,0.0,0.0,0.0,0.0,0.0,0.0,0.0,0.0,0.0,98.809,0.015000000000000568,-0.0626500000000001,-1.1153499999999972,-1.067333333333328,0.1223165292727611,21.0,1.0,2.0,0.0,0.0,0.0,1.0,0.0,0.0,0.0,0.0,0.0,1.0,1.525687203791449,8.0,0.0,0.0,0.6,97.753,0,98.97952674739965
LEC,22.0,2.0,HARD,FERRARI,0.0,0.0,0.0,0.0,0.0,0.0,0.0,0.0,1.0,0.0,0.0,0.0,0.0,0.0,0.0,0.0,0.0,0.0,0.0,0.0,0.0,98.888,0.07900000000000773,-0.018714285714293233,-1.1162857142857119,-1.0829999999999984,0.12910848151845578,21.0,1.0,2.0,0.0,0.0,0.0,1.0,0.0,0.0,0.0,0.0,0.0,1.0,1.7163981042653802,9.0,0.0,0.0,0.5,98.162,0,99.44985308476963
LEC,23.0,2.0,HARD,FERRARI,0.0,0.0,0.0,0.0,0.0,0.0,0.0,0.0,1.0,0.0,0.0,0.0,0.0,0.0,0.0,0.0,0.0,0.0,0.0,0.0,0.0,98.913,0.024999999999991473,0.348681818181825,-1.0996818181818155,-1.021333333333331,0.235100687649646,21.0,1.0,2.0,0.0,0.0,0.0,1.0,0.0,0.0,0.0,0.0,0.0,1.0,0.9071090047392971,10.0,0.0,0.0,0.5,98.054,0,99.40317942213962
LEC,24.0,2.0,HARD,FERRARI,0.0,0.0,0.0,0.0,0.0,0.0,0.0,0.0,1.0,0.0,0.0,0.0,0.0,0.0,0.0,0.0,0.0,0.0,0.0,0.0,0.0,99.027,0.11400000000000432,0.12117391304347658,-1.0941739130434756,-0.9529999999999982,0.19277966697762292,21.0,1.0,2.0,0.0,0.0,0.0,1.0,0.0,0.0,0.0,0.0,0.0,1.0,-0.1021800947867888,11.0,0.0,0.0,0.8,97.972,0,99.38250575950958
LEC,25.0,2.0,HARD,FERRARI,0.0,0.0,0.0,0.0,0.0,0.0,0.0,0.0,1.0,0.0,0.0,0.0,0.0,0.0,0.0,0.0,0.0,0.0,0.0,0.0,0.0,98.947,-0.0799999999999983,0.11420833333332259,-1.0892083333333311,-0.8996666666666661,0.12875299349271718,21.0,1.0,2.0,0.0,0.0,0.0,1.0,0.0,0.0,0.0,0.0,0.0,1.0,-0.11146919431286051,12.0,0.0,0.0,0.6,98.541,0,100.01283209687958
LEC,26.0,2.0,HARD,FERRARI,0.0,0.0,0.0,0.0,0.0,0.0,0.0,0.0,1.0,0.0,0.0,0.0,0.0,0.0,0.0,0.0,0.0,0.0,0.0,0.0,0.0,99.066,0.11899999999999977,0.5416399999999926,-1.0666399999999983,-0.8243333333333377,0.2592321996460569,21.0,1.0,2.0,0.0,0.0,0.0,1.0,0.0,0.0,0.0,0.0,0.0,1.0,-0.12075829383893222,13.0,0.0,0.0,0.5,99.668,0,101.20115843424956
LEC,27.0,2.0,HARD,FERRARI,0.0,0.0,0.0,0.0,0.0,0.0,0.0,0.0,1.0,0.0,0.0,0.0,0.0,0.0,0.0,0.0,0.0,0.0,0.0,0.0,0.0,99.5,0.4339999999999975,1.1871538461538504,-1.019153846153844,-0.4440000000000026,0.5757890238620472,21.0,1.0,2.0,0.0,0.0,0.0,1.0,0.0,0.0,0.0,0.0,0.0,1.0,-0.13004739336500393,14.0,0.0,0.0,0.6,98.814,0,100.40848477161953
LEC,28.0,2.0,HARD,FERRARI,0.0,0.0,0.0,0.0,0.0,0.0,0.0,0.0,1.0,0.0,0.0,0.0,0.0,0.0,0.0,0.0,0.0,0.0,0.0,0.0,0.0,99.235,-0.26500000000000057,0.5759999999999919,-0.9969999999999983,-0.25933333333333525,0.37371691603851565,21.0,1.0,2.0,0.0,0.0,0.0,1.0,0.0,0.0,0.0,0.0,0.0,1.0,-0.13933649289107564,15.0,0.0,0.0,0.5,98.618,0,100.27381110898952
LEC,29.0,2.0,HARD,FERRARI,0.0,0.0,0.0,0.0,0.0,0.0,0.0,0.0,1.0,0.0,0.0,0.0,0.0,0.0,0.0,0.0,0.0,0.0,0.0,0.0,0.0,98.474,-0.7609999999999957,1.10024999999999,-0.9562499999999987,-0.03633333333333629,0.33334716637964074,21.0,1.0,2.0,0.0,0.0,0.0,1.0,0.0,0.0,0.0,0.0,0.0,1.0,-0.14862559241714735,16.0,0.0,0.0,0.6,98.447,0,100.1641374463595
LEC,30.0,2.0,HARD,FERRARI,0.0,0.0,0.0,0.0,0.0,0.0,0.0,0.0,1.0,0.0,0.0,0.0,0.0,0.0,0.0,0.0,0.0,0.0,0.0,0.0,0.0,98.447,-0.027000000000001023,0.9232758620689643,-0.9232758620689643,-0.09233333333333842,0.2935989327864353,21.0,1.0,2.0,0.0,0.0,0.0,1.0,0.0,0.0,0.0,0.0,0.0,1.0,-3.557914691943207,17.0,0.0,0.0,0.6,98.39,0,100.16846378372949
LEC,31.0,2.0,HARD,FERRARI,0.0,0.0,0.0,0.0,0.0,0.0,0.0,0.0,1.0,0.0,0.0,0.0,0.0,0.0,0.0,0.0,0.0,0.0,0.0,0.0,0.0,98.39,-0.05700000000000216,0.8924999999999987,-0.8924999999999987,0.04799999999999708,0.08313843876330304,21.0,1.0,2.0,0.0,0.0,0.0,1.0,0.0,0.0,0.0,0.0,0.0,1.0,-3.767203791469278,18.0,0.0,0.0,0.6,98.746,0,100.58579012109946
LEC,32.0,2.0,HARD,FERRARI,0.0,0.0,0.0,0.0,0.0,0.0,0.0,0.0,1.0,0.0,0.0,0.0,0.0,0.0,0.0,0.0,0.0,0.0,0.0,0.0,0.0,98.104,-0.28600000000000136,1.484999999999995,-0.842999999999999,0.21399999999999864,0.3706588728197378,21.0,1.0,2.0,0.0,0.0,0.0,1.0,0.0,0.0,0.0,0.0,0.0,1.0,-5.8764928909953085,19.0,0.0,0.0,0.6,98.948,0,100.84911645846944
LEC,33.0,2.0,HARD,FERRARI,0.0,0.0,0.0,0.0,0.0,0.0,0.0,0.0,1.0,0.0,0.0,0.0,0.0,0.0,0.0,0.0,0.0,0.0,0.0,0.0,0.0,97.902,-0.20199999999999818,1.8299687499999915,-0.7839687499999992,0.5626666666666628,0.527493443877106,21.0,1.0,2.0,0.0,0.0,0.0,1.0,0.0,0.0,0.0,0.0,0.0,1.0,-6.185781990521377,20.0,0.0,0.0,0.6,101.323,1,103.28544279583943
LEC,34.0,3.0,HARD,FERRARI,0.0,0.0,0.0,0.0,0.0,0.0,0.0,0.0,1.0,0.0,0.0,0.0,0.0,0.0,0.0,0.0,0.0,0.0,0.0,0.0,0.0,97.775,-0.12699999999999534,4.200696969696957,-0.6526969696969693,1.7453333333333252,1.574169410620509,21.0,1.0,3.0,0.0,0.0,0.0,1.0,0.0,0.0,0.0,0.0,0.0,1.0,-0.30928909952606887,1.0,0.0,0.0,0.5,103.98475,0,106.00851913320942
LEC,35.0,3.0,HARD,FERRARI,0.0,0.0,0.0,0.0,0.0,0.0,0.0,0.0,1.0,0.0,0.0,0.0,0.0,0.0,0.0,0.0,0.0,0.0,0.0,0.0,0.0,97.902,0.12699999999999534,6.537345588235298,-0.4545955882352936,3.5589166666666614,2.5183927455489075,21.0,1.0,3.0,0.0,0.0,0.0,1.0,0.0,0.0,0.0,0.0,0.0,1.0,-0.6185781990521377,2.0,0.0,0.0,0.4,98.073,0,100.1580954705794
LEC,36.0,3.0,HARD,FERRARI,0.0,0.0,0.0,0.0,0.0,0.0,0.0,0.0,1.0,0.0,0.0,0.0,0.0,0.0,0.0,0.0,0.0,0.0,0.0,0.0,0.0,97.87,-0.031999999999996476,0.6388071428571314,-0.43580714285714267,3.2779166666666604,2.9491649277097705,21.0,1.0,3.0,0.0,0.0,0.0,1.0,0.0,0.0,0.0,0.0,0.0,1.0,-0.9278672985782066,3.0,0.0,0.0,0.5,97.313,0,99.45942180794938
LEC,37.0,3.0,HARD,FERRARI,0.0,0.0,0.0,0.0,0.0,0.0,0.0,0.0,1.0,0.0,0.0,0.0,0.0,0.0,0.0,0.0,0.0,0.0,0.0,0.0,0.0,97.754,-0.11599999999999966,-0.00504861111111371,-0.4359513888888888,1.948249999999997,3.5950315280258724,21.0,1.0,3.0,0.0,0.0,0.0,1.0,0.0,0.0,0.0,0.0,0.0,1.0,-1.2371563981042755,4.0,0.0,0.0,0.4,97.17,0,99.37774814531936
LEC,38.0,3.0,HARD,FERRARI,0.0,0.0,0.0,0.0,0.0,0.0,0.0,0.0,1.0,0.0,0.0,0.0,0.0,0.0,0.0,0.0,0.0,0.0,0.0,0.0,0.0,97.831,0.07699999999999818,-0.21896621621621765,-0.4420337837837837,-0.2996666666666717,0.44900482551229,21.0,1.0,3.0,0.0,0.0,0.0,1.0,0.0,0.0,0.0,0.0,0.0,1.0,-2.0464454976303514,5.0,0.0,0.0,0.6,97.17,0,99.43907448268935
LEC,39.0,3.0,HARD,FERRARI,0.0,0.0,0.0,0.0,0.0,0.0,0.0,0.0,1.0,0.0,0.0,0.0,0.0,0.0,0.0,0.0,0.0,0.0,0.0,0.0,0.0,98.015,0.1839999999999975,-0.3923618421052621,-0.45263815789473677,-0.6490000000000009,0.2022671500763093,21.0,1.0,3.0,0.0,0.0,0.0,1.0,0.0,0.0,0.0,0.0,0.0,1.0,-2.4557345971564217,6.0,0.0,0.0,0.1,97.287,0,99.61740082005933
MAG,4.0,1.0,HARD,HAAS F1 TEAM,0.0,0.0,0.0,0.0,0.0,0.0,0.0,0.0,0.0,1.0,0.0,0.0,0.0,0.0,0.0,0.0,0.0,0.0,0.0,0.0,0.0,99.8625,-0.556500000000014,1.0430000000000017,1.0724999999999956,1.0724999999999956,1.0580584813704754,22.0,1.0,1.0,0.0,0.0,0.0,0.0,1.0,0.0,0.0,0.0,0.0,1.0,4.7628436018957245,4.0,0.0,0.0,0.8,100.773,0,100.95697901210994
MAG,5.0,1.0,HARD,HAAS F1 TEAM,0.0,0.0,0.0,0.0,0.0,0.0,0.0,0.0,0.0,1.0,0.0,0.0,0.0,0.0,0.0,0.0,0.0,0.0,0.0,0.0,0.0,99.792,-0.07049999999999557,-0.06862500000000082,1.0496249999999954,1.3994999999999937,0.6230186594316443,22.0,1.0,1.0,0.0,0.0,0.0,0.0,1.0,0.0,0.0,0.0,0.0,1.0,5.453554502369649,5.0,0.0,0.0,0.8999999999999999,101.34,0,101.58530534947994
MAG,6.0,1.0,HARD,HAAS F1 TEAM,0.0,0.0,0.0,0.0,0.0,0.0,0.0,0.0,0.0,1.0,0.0,0.0,0.0,0.0,0.0,0.0,0.0,0.0,0.0,0.0,0.0,100.618,0.8259999999999934,-0.26209999999998956,0.984099999999998,1.2728333333333335,0.7411717637183217,22.0,1.0,1.0,0.0,0.0,0.0,0.0,1.0,0.0,0.0,0.0,0.0,1.0,6.544265402843578,6.0,0.0,0.0,0.6,101.125,0,101.43163168684991
MAG,7.0,1.0,HARD,HAAS F1 TEAM,0.0,0.0,0.0,0.0,0.0,0.0,0.0,0.0,0.0,1.0,0.0,0.0,0.0,0.0,0.0,0.0,0.0,0.0,0.0,0.0,0.0,100.5375,-0.08050000000000068,-0.3304999999999936,0.9179999999999993,0.7635000000000028,0.20000562492089366,21.0,1.0,1.0,0.0,0.0,0.0,0.0,1.0,0.0,0.0,0.0,0.0,1.0,6.934976303317498,7.0,0.0,0.0,0.6,101.526,0,101.89395802421988
MAG,8.0,1.0,HARD,HAAS F1 TEAM,0.0,0.0,0.0,0.0,0.0,0.0,0.0,0.0,0.0,1.0,0.0,0.0,0.0,0.0,0.0,0.0,0.0,0.0,0.0,0.0,0.0,100.60499999999999,0.06749999999999545,0.002571428571434775,0.9184285714285717,0.7435000000000068,0.16778632244613928,21.0,1.0,1.0,0.0,0.0,0.0,0.0,1.0,0.0,0.0,0.0,0.0,1.0,7.925687203791426,8.0,0.0,0.0,0.8999999999999999,101.283,0,101.71228436158988
MAG,9.0,1.0,HARD,HAAS F1 TEAM,0.0,0.0,0.0,0.0,0.0,0.0,0.0,0.0,0.0,1.0,0.0,0.0,0.0,0.0,0.0,0.0,0.0,0.0,0.0,0.0,0.0,100.70400000000001,0.09900000000001796,-0.2970000000000059,0.8759999999999994,0.6958333333333352,0.1950463620099967,21.0,1.0,1.0,0.0,0.0,0.0,0.0,1.0,0.0,0.0,0.0,0.0,1.0,8.016398104265374,9.0,0.0,0.0,0.6,101.278,0,101.76861069895986
MAG,10.0,1.0,HARD,HAAS F1 TEAM,0.0,0.0,0.0,0.0,0.0,0.0,0.0,0.0,0.0,1.0,0.0,0.0,0.0,0.0,0.0,0.0,0.0,0.0,0.0,0.0,0.0,100.8245,0.12049999999999272,-0.3755555555555503,0.8290555555555557,0.6511666666666684,0.24196091282133622,21.0,1.0,1.0,0.0,0.0,0.0,0.0,1.0,0.0,0.0,0.0,0.0,1.0,8.907109004739304,10.0,0.0,0.0,0.8,101.719,0,102.27093703632984
MAG,11.0,1.0,HARD,HAAS F1 TEAM,0.0,0.0,0.0,0.0,0.0,0.0,0.0,0.0,0.0,1.0,0.0,0.0,0.0,0.0,0.0,0.0,0.0,0.0,0.0,0.0,0.0,100.9885,0.16400000000000148,-0.0887000000000071,0.8191999999999993,0.5876666666666637,0.13870322034232424,21.0,1.0,1.0,0.0,0.0,0.0,0.0,1.0,0.0,0.0,0.0,0.0,1.0,7.5978199052132425,11.0,0.0,0.0,0.6,102.049,0,102.66226337369983
MAG,12.0,1.0,HARD,HAAS F1 TEAM,0.0,0.0,0.0,0.0,0.0,0.0,0.0,0.0,0.0,1.0,0.0,0.0,0.0,0.0,0.0,0.0,0.0,0.0,0.0,0.0,0.0,101.24950000000001,0.2610000000000099,-0.017909090909094982,0.8174090909090898,0.6611666666666641,0.1831238196776452,21.0,1.0,1.0,0.0,0.0,0.0,0.0,1.0,0.0,0.0,0.0,0.0,1.0,8.288530805687174,12.0,0.0,0.0,0.8999999999999999,101.345,0,102.0195897110698
MAG,13.0,1.0,HARD,HAAS F1 TEAM,0.0,0.0,0.0,0.0,0.0,0.0,0.0,0.0,0.0,1.0,0.0,0.0,0.0,0.0,0.0,0.0,0.0,0.0,0.0,0.0,0.0,101.134,-0.11550000000001148,-0.5558750000000003,0.7668749999999989,0.5803333333333285,0.32170729449816854,21.0,1.0,1.0,0.0,0.0,0.0,0.0,1.0,0.0,0.0,0.0,0.0,1.0,7.679241706161086,13.0,0.0,0.0,0.8,101.654,0,102.38991604843979
MAG,14.0,1.0,HARD,HAAS F1 TEAM,0.0,0.0,0.0,0.0,0.0,0.0,0.0,0.0,0.0,1.0,0.0,0.0,0.0,0.0,0.0,0.0,0.0,0.0,0.0,0.0,0.0,100.7305,-0.403499999999994,0.14457692307691494,0.778923076923075,0.6446666666666611,0.3806495544898616,21.0,1.0,1.0,0.0,0.0,0.0,0.0,1.0,0.0,0.0,0.0,0.0,1.0,8.269952606635016,14.0,0.0,0.0,0.8,101.739,0,102.53624238580977
MAG,15.0,1.0,HARD,HAAS F1 TEAM,0.0,0.0,0.0,0.0,0.0,0.0,0.0,0.0,0.0,1.0,0.0,0.0,0.0,0.0,0.0,0.0,0.0,0.0,0.0,0.0,0.0,98.859,-1.8715000000000117,1.9510000000000107,0.928999999999999,1.338166666666666,1.3819737997998927,21.0,1.0,1.0,0.0,0.0,0.0,0.0,1.0,0.0,0.0,0.0,0.0,1.0,8.860663507108946,15.0,0.0,0.0,0.6,103.98475,1,104.84331872317976
MAG,16.0,2.0,HARD,HAAS F1 TEAM,0.0,0.0,0.0,0.0,0.0,0.0,0.0,0.0,0.0,1.0,0.0,0.0,0.0,0.0,0.0,0.0,0.0,0.0,0.0,0.0,0.0,98.975,0.11599999999999966,3.8087000000000115,1.2010499999999997,2.9377500000000034,2.0437370335980214,21.0,1.0,2.0,0.0,0.0,0.0,0.0,1.0,0.0,0.0,0.0,0.0,1.0,0.4907109004739283,1.0,0.0,0.0,0.8,103.98475,0,104.90464506054974
MAG,17.0,2.0,HARD,HAAS F1 TEAM,0.0,0.0,0.0,0.0,0.0,0.0,0.0,0.0,0.0,1.0,0.0,0.0,0.0,0.0,0.0,0.0,0.0,0.0,0.0,0.0,0.0,98.945,-0.030000000000001137,3.5987812500000116,1.4409687500000006,4.309833333333344,1.23836283892619,21.0,1.0,2.0,0.0,0.0,0.0,0.0,1.0,0.0,0.0,0.0,0.0,1.0,0.7814218009478608,2.0,0.0,0.0,0.6,98.319,0,99.30022139791971
MAG,18.0,2.0,HARD,HAAS F1 TEAM,0.0,0.0,0.0,0.0,0.0,0.0,0.0,0.0,0.0,1.0,0.0,0.0,0.0,0.0,0.0,0.0,0.0,0.0,0.0,0.0,0.0,98.996,0.05100000000000193,-1.99338235294117,1.3163823529411776,3.1241666666666768,3.2919410718956295,21.0,1.0,2.0,0.0,0.0,0.0,0.0,1.0,0.0,0.0,0.0,0.0,1.0,1.1721327014217913,3.0,0.0,0.0,0.4,98.274,0,99.3165477352897
MAG,19.0,2.0,HARD,HAAS F1 TEAM,0.0,0.0,0.0,0.0,0.0,0.0,0.0,0.0,0.0,1.0,0.0,0.0,0.0,0.0,0.0,0.0,0.0,0.0,0.0,0.0,0.0,98.886,-0.10999999999999943,-1.821249999999996,1.2092500000000013,1.2502500000000083,3.2819641889423505,20.0,1.0,2.0,0.0,0.0,0.0,0.0,1.0,0.0,0.0,0.0,0.0,1.0,1.5628436018957217,4.0,0.0,0.0,0.6,98.803,0,99.90687407265968
MAG,20.0,2.0,HARD,HAAS F1 TEAM,0.0,0.0,0.0,0.0,0.0,0.0,0.0,0.0,0.0,1.0,0.0,0.0,0.0,0.0,0.0,0.0,0.0,0.0,0.0,0.0,0.0,98.794,-0.09199999999999875,-1.137078947368422,1.1460789473684223,-0.4266666666666623,0.37869556814588196,21.0,1.0,2.0,0.0,0.0,0.0,0.0,1.0,0.0,0.0,0.0,0.0,1.0,1.453554502369645,5.0,0.0,0.0,0.4,99.083,0,100.24820041002967
MAG,21.0,2.0,HARD,HAAS F1 TEAM,0.0,0.0,0.0,0.0,0.0,0.0,0.0,0.0,0.0,1.0,0.0,0.0,0.0,0.0,0.0,0.0,0.0,0.0,0.0,0.0,0.0,98.809,0.015000000000000568,-0.8284750000000003,1.1024750000000012,-0.10966666666666451,0.4547640413811676,21.0,1.0,2.0,0.0,0.0,0.0,0.0,1.0,0.0,0.0,0.0,0.0,1.0,1.1442654028435868,6.0,0.0,0.0,0.6,99.086,0,100.31252674739964
MAG,22.0,2.0,HARD,HAAS F1 TEAM,0.0,0.0,0.0,0.0,0.0,0.0,0.0,0.0,0.0,1.0,0.0,0.0,0.0,0.0,0.0,0.0,0.0,0.0,0.0,0.0,0.0,98.888,0.07900000000000773,-0.8614047619047693,1.0594047619047626,0.16033333333333152,0.13645634222466177,21.0,1.0,2.0,0.0,0.0,0.0,0.0,1.0,0.0,0.0,0.0,0.0,1.0,0.634976303317508,7.0,0.0,0.0,0.4,98.913,0,100.20085308476962
MAG,23.0,2.0,HARD,HAAS F1 TEAM,0.0,0.0,0.0,0.0,0.0,0.0,0.0,0.0,0.0,1.0,0.0,0.0,0.0,0.0,0.0,0.0,0.0,0.0,0.0,0.0,0.0,98.913,0.024999999999991473,-1.0112500000000006,1.0112500000000006,0.1573333333333314,0.14145435070486184,21.0,1.0,2.0,0.0,0.0,0.0,0.0,1.0,0.0,0.0,0.0,0.0,1.0,-0.07431279620857367,8.0,0.0,0.0,0.4,99.027,0,100.37617942213961
MAG,24.0,2.0,HARD,HAAS F1 TEAM,0.0,0.0,0.0,0.0,0.0,0.0,0.0,0.0,0.0,1.0,0.0,0.0,0.0,0.0,0.0,0.0,0.0,0.0,0.0,0.0,0.0,99.027,0.11400000000000432,-0.9672826086956529,0.9672826086956529,0.06599999999999777,0.11431535329954638,21.0,1.0,2.0,0.0,0.0,0.0,0.0,1.0,0.0,0.0,0.0,0.0,1.0,-0.08360189573464538,9.0,0.0,0.0,0.8,98.947,0,100.35750575950959
MAG,25.0,2.0,HARD,HAAS F1 TEAM,0.0,0.0,0.0,0.0,0.0,0.0,0.0,0.0,0.0,1.0,0.0,0.0,0.0,0.0,0.0,0.0,0.0,0.0,0.0,0.0,0.0,98.947,-0.0799999999999983,-0.9269791666666674,0.9269791666666674,0.0,0.0,21.0,1.0,2.0,0.0,0.0,0.0,0.0,1.0,0.0,0.0,0.0,0.0,1.0,-0.09289099526071709,10.0,0.0,0.0,0.6,99.476,0,100.94783209687958
MAG,26.0,2.0,HARD,HAAS F1 TEAM,0.0,0.0,0.0,0.0,0.0,0.0,0.0,0.0,0.0,1.0,0.0,0.0,0.0,0.0,0.0,0.0,0.0,0.0,0.0,0.0,0.0,99.066,0.11899999999999977,-0.49630000000000396,0.9063000000000005,0.13666666666666552,0.23671361036774652,21.0,1.0,2.0,0.0,0.0,0.0,0.0,1.0,0.0,0.0,0.0,0.0,1.0,-0.1021800947867888,11.0,0.0,0.0,0.6,99.601,0,101.13415843424956
MAG,27.0,2.0,HARD,HAAS F1 TEAM,0.0,0.0,0.0,0.0,0.0,0.0,0.0,0.0,0.0,1.0,0.0,0.0,0.0,0.0,0.0,0.0,0.0,0.0,0.0,0.0,0.0,99.5,0.4339999999999975,-0.7743269230769244,0.8753269230769235,0.1703333333333319,0.21361257765715352,21.0,1.0,2.0,0.0,0.0,0.0,0.0,1.0,0.0,0.0,0.0,0.0,1.0,-0.11146919431286051,12.0,0.0,0.0,0.6,99.298,0,100.89248477161954
MAG,28.0,2.0,HARD,HAAS F1 TEAM,0.0,0.0,0.0,0.0,0.0,0.0,0.0,0.0,0.0,1.0,0.0,0.0,0.0,0.0,0.0,0.0,0.0,0.0,0.0,0.0,0.0,99.235,-0.26500000000000057,-0.7822407407407389,0.8452407407407413,0.1913333333333327,0.19032165755198016,21.0,1.0,2.0,0.0,0.0,0.0,0.0,1.0,0.0,0.0,0.0,0.0,1.0,-0.12075829383893222,13.0,0.0,0.0,0.8,99.316,0,100.97181110898953
MAG,29.0,2.0,HARD,HAAS F1 TEAM,0.0,0.0,0.0,0.0,0.0,0.0,0.0,0.0,0.0,1.0,0.0,0.0,0.0,0.0,0.0,0.0,0.0,0.0,0.0,0.0,0.0,98.474,-0.7609999999999957,-0.0031250000000017097,0.8451250000000005,0.3353333333333334,0.43919737400550674,21.0,1.0,2.0,0.0,0.0,0.0,0.0,1.0,0.0,0.0,0.0,0.0,1.0,-2.930047393364994,14.0,0.0,0.0,0.6,101.979,1,103.6961374463595
MAG,30.0,3.0,SOFT,HAAS F1 TEAM,0.0,1.0,0.0,0.0,0.0,0.0,0.0,0.0,0.0,1.0,0.0,0.0,0.0,0.0,0.0,0.0,0.0,0.0,0.0,0.0,0.0,98.447,-0.027000000000001023,2.5942241379310307,0.9377758620689659,1.4789999999999992,1.820114556834264,21.0,1.0,3.0,0.0,0.0,0.0,0.0,1.0,0.0,0.0,0.0,0.0,1.0,-0.10928909952606958,1.0,0.0,1.0,0.6,103.98475,0,105.7632137837295
MAG,31.0,3.0,SOFT,HAAS F1 TEAM,0.0,1.0,0.0,0.0,0.0,0.0,0.0,0.0,0.0,1.0,0.0,0.0,0.0,0.0,0.0,0.0,0.0,0.0,0.0,0.0,0.0,98.39,-0.05700000000000216,4.501741666666671,1.0930083333333338,3.3229166666666665,2.383263523161747,21.0,1.0,3.0,0.0,0.0,0.0,0.0,1.0,0.0,0.0,0.0,0.0,1.0,-0.6185781990521377,2.0,0.0,2.0,0.6,98.593,0,100.43279012109947
MAG,32.0,3.0,SOFT,HAAS F1 TEAM,0.0,1.0,0.0,0.0,0.0,0.0,0.0,0.0,0.0,1.0,0.0,0.0,0.0,0.0,0.0,0.0,0.0,0.0,0.0,0.0,0.0,98.104,-0.28600000000000136,-0.5845241935483834,1.0735241935483877,3.2052500000000017,2.568510256452171,21.0,1.0,3.0,0.0,0.0,0.0,0.0,1.0,0.0,0.0,0.0,0.0,1.0,-0.9278672985782066,3.0,0.0,3.0,0.6,97.644,0,99.54511645846945
MAG,33.0,3.0,SOFT,HAAS F1 TEAM,0.0,1.0,0.0,0.0,0.0,0.0,0.0,0.0,0.0,1.0,0.0,0.0,0.0,0.0,0.0,0.0,0.0,0.0,0.0,0.0,0.0,97.902,-0.20199999999999818,-1.2899140624999963,1.0319140625000007,1.9419166666666712,3.1854192456933093,21.0,1.0,3.0,0.0,0.0,0.0,0.0,1.0,0.0,0.0,0.0,0.0,1.0,-1.2371563981042755,4.0,0.0,4.0,0.5,97.097,0,99.05944279583943
MAG,34.0,3.0,SOFT,HAAS F1 TEAM,0.0,1.0,0.0,0.0,0.0,0.0,0.0,0.0,0.0,1.0,0.0,0.0,0.0,0.0,0.0,0.0,0.0,0.0,0.0,0.0,0.0,97.775,-0.12699999999999534,-1.6580984848484968,0.9800984848484852,-0.1490000000000009,0.5910862881170615,21.0,1.0,3.0,0.0,0.0,0.0,0.0,1.0,0.0,0.0,0.0,0.0,1.0,-1.5464454976303443,5.0,0.0,5.0,0.5,97.528,0,99.55176913320942
MAG,35.0,3.0,SOFT,HAAS F1 TEAM,0.0,1.0,0.0,0.0,0.0,0.0,0.0,0.0,0.0,1.0,0.0,0.0,0.0,0.0,0.0,0.0,0.0,0.0,0.0,0.0,0.0,97.902,0.12699999999999534,-1.314272058823525,0.9402720588235299,-0.4366666666666674,0.21689936222436162,21.0,1.0,3.0,0.0,0.0,0.0,0.0,1.0,0.0,0.0,0.0,0.0,1.0,-1.8557345971564132,6.0,0.0,6.0,0.4,97.46,0,99.5450954705794
MAG,36.0,3.0,SOFT,HAAS F1 TEAM,0.0,1.0,0.0,0.0,0.0,0.0,0.0,0.0,0.0,1.0,0.0,0.0,0.0,0.0,0.0,0.0,0.0,0.0,0.0,0.0,0.0,97.87,-0.031999999999996476,-1.311692857142868,0.9016928571428573,-0.48733333333333917,0.16610037126187557,21.0,1.0,3.0,0.0,0.0,0.0,0.0,1.0,0.0,0.0,0.0,0.0,1.0,-2.165023696682482,7.0,0.0,7.0,0.4,97.754,0,99.90042180794939
MAG,37.0,3.0,SOFT,HAAS F1 TEAM,0.0,1.0,0.0,0.0,0.0,0.0,0.0,0.0,0.0,1.0,0.0,0.0,0.0,0.0,0.0,0.0,0.0,0.0,0.0,0.0,0.0,97.754,-0.11599999999999966,-0.8766458333333335,0.8766458333333335,-0.26133333333333536,0.22703597365468753,21.0,1.0,3.0,0.0,0.0,0.0,0.0,1.0,0.0,0.0,0.0,0.0,1.0,-3.2743127962085623,8.0,0.0,8.0,0.4,97.998,0,100.20574814531936
MAG,38.0,3.0,SOFT,HAAS F1 TEAM,0.0,1.0,0.0,0.0,0.0,0.0,0.0,0.0,0.0,1.0,0.0,0.0,0.0,0.0,0.0,0.0,0.0,0.0,0.0,0.0,0.0,97.831,0.07699999999999818,-0.6904662162162148,0.8574662162162164,-0.08100000000000307,0.2969057089380422,21.0,1.0,3.0,0.0,0.0,0.0,0.0,1.0,0.0,0.0,0.0,0.0,1.0,-3.6836018957346326,9.0,0.0,9.0,0.1,98.303,0,100.57207448268935
MAG,39.0,3.0,SOFT,HAAS F1 TEAM,0.0,1.0,0.0,0.0,0.0,0.0,0.0,0.0,0.0,1.0,0.0,0.0,0.0,0.0,0.0,0.0,0.0,0.0,0.0,0.0,0.0,98.015,0.1839999999999975,-0.5544802631578981,0.8424802631578948,0.1516666666666661,0.14461097238221687,21.0,1.0,3.0,0.0,0.0,0.0,0.0,1.0,0.0,0.0,0.0,0.0,1.0,-4.092890995260703,10.0,0.0,10.0,0.6,98.587,0,100.91740082005933
MAG,40.0,3.0,SOFT,HAAS F1 TEAM,0.0,1.0,0.0,0.0,0.0,0.0,0.0,0.0,0.0,1.0,0.0,0.0,0.0,0.0,0.0,0.0,0.0,0.0,0.0,0.0,0.0,97.784,-0.23099999999999454,-0.03846794871795145,0.8414679487179487,0.41933333333333184,0.3377281944601747,21.0,1.0,3.0,0.0,0.0,0.0,0.0,1.0,0.0,0.0,0.0,0.0,126.0,-4.502180094786773,11.0,0.0,11.0,0.4,103.98475,1,106.37647715742932
MAG,41.0,4.0,SOFT,HAAS F1 TEAM,0.0,1.0,0.0,0.0,0.0,0.0,0.0,0.0,0.0,1.0,0.0,0.0,0.0,0.0,0.0,0.0,0.0,0.0,0.0,0.0,0.0,103.98475,6.200749999999999,-0.8204312500000001,0.8204312500000001,0.36366666666666464,0.4068124055794386,21.0,1.0,4.0,0.0,0.0,0.0,0.0,1.0,0.0,0.0,0.0,0.0,671.0,-0.6092890995260696,1.0,0.0,1.0,0.1,103.98475,0,106.4378034947993
MAG,42.0,4.0,SOFT,HAAS F1 TEAM,0.0,1.0,0.0,0.0,0.0,0.0,0.0,0.0,0.0,1.0,0.0,0.0,0.0,0.0,0.0,0.0,0.0,0.0,0.0,0.0,0.0,103.98475,0.0,-0.8004207317073171,0.8004207317073171,0.2676666666666658,0.46361226615926504,21.0,1.0,4.0,0.0,0.0,0.0,0.0,1.0,0.0,0.0,0.0,0.0,1.0,-1.2185781990521392,2.0,0.0,2.0,0.1,96.471,0,98.98537983216927
MAG,43.0,4.0,SOFT,HAAS F1 TEAM,0.0,1.0,0.0,0.0,0.0,0.0,0.0,0.0,0.0,1.0,0.0,0.0,0.0,0.0,0.0,0.0,0.0,0.0,0.0,0.0,0.0,97.061,-6.923749999999998,-1.3573154761904795,0.7673154761904761,-0.1966666666666678,0.3406366588218776,21.0,1.0,4.0,0.0,0.0,0.0,0.0,1.0,0.0,0.0,0.0,0.0,1.0,-2.127867298578213,3.0,0.0,3.0,0.1,96.942,0,99.51770616953925
MAG,44.0,4.0,SOFT,HAAS F1 TEAM,0.0,1.0,0.0,0.0,0.0,0.0,0.0,0.0,0.0,1.0,0.0,0.0,0.0,0.0,0.0,0.0,0.0,0.0,0.0,0.0,0.0,97.028,-0.03300000000000125,-0.8334709302325706,0.7474709302325578,-0.22533333333333871,0.31872454146697016,21.0,1.0,4.0,0.0,0.0,0.0,0.0,1.0,0.0,0.0,0.0,0.0,1.0,-2.837156398104284,4.0,0.0,4.0,0.3,96.588,0,99.22503250690923
MAG,45.0,4.0,SOFT,HAAS F1 TEAM,0.0,1.0,0.0,0.0,0.0,0.0,0.0,0.0,0.0,1.0,0.0,0.0,0.0,0.0,0.0,0.0,0.0,0.0,0.0,0.0,0.0,97.219,0.1909999999999883,-1.3471420454545453,0.7161420454545451,-0.43566666666667214,0.3035133165667154,21.0,1.0,4.0,0.0,0.0,0.0,0.0,1.0,0.0,0.0,0.0,0.0,1.0,-4.046445497630344,5.0,0.0,5.0,0.6,97.126,0,99.82435884427923
MAG,46.0,4.0,SOFT,HAAS F1 TEAM,0.0,1.0,0.0,0.0,0.0,0.0,0.0,0.0,0.0,1.0,0.0,0.0,0.0,0.0,0.0,0.0,0.0,0.0,0.0,0.0,0.0,97.426,0.20700000000000784,-0.993561111111108,0.6935611111111109,-0.33900000000000335,0.2745851416227663,21.0,1.0,4.0,0.0,0.0,0.0,0.0,1.0,0.0,0.0,0.0,0.0,1.0,-5.455734597156422,6.0,0.0,6.0,0.3,97.589,0,100.3486851816492
MAG,47.0,4.0,SOFT,HAAS F1 TEAM,0.0,1.0,0.0,0.0,0.0,0.0,0.0,0.0,0.0,1.0,0.0,0.0,0.0,0.0,0.0,0.0,0.0,0.0,0.0,0.0,0.0,97.589,0.1629999999999967,-0.6784836956521737,0.6784836956521737,-0.31033333333333246,0.315626889433285,21.0,1.0,4.0,0.0,0.0,0.0,0.0,1.0,0.0,0.0,0.0,0.0,1.0,-6.365023696682492,7.0,0.0,7.0,0.1,97.629,0,100.45001151901918
MAG,48.0,4.0,SOFT,HAAS F1 TEAM,0.0,1.0,0.0,0.0,0.0,0.0,0.0,0.0,0.0,1.0,0.0,0.0,0.0,0.0,0.0,0.0,0.0,0.0,0.0,0.0,0.0,97.432,-0.15699999999999648,-0.47123936170212477,0.6682393617021275,-0.034333333333331474,0.2502725181343942,21.0,1.0,4.0,0.0,0.0,0.0,0.0,1.0,0.0,0.0,0.0,0.0,1.0,-7.274312796208562,8.0,0.0,8.0,0.1,97.607,0,100.48933785638917
MAG,49.0,4.0,SOFT,HAAS F1 TEAM,0.0,1.0,0.0,0.0,0.0,0.0,0.0,0.0,0.0,1.0,0.0,0.0,0.0,0.0,0.0,0.0,0.0,0.0,0.0,0.0,0.0,97.5,0.06799999999999784,-0.5495468750000004,0.6565468749999998,0.10133333333333401,0.0986221746532238,21.0,1.0,4.0,0.0,0.0,0.0,0.0,1.0,0.0,0.0,0.0,0.0,1.0,-8.183601895734633,9.0,0.0,9.0,0.6,97.739,0,100.68266419375915
MAG,50.0,4.0,SOFT,HAAS F1 TEAM,0.0,1.0,0.0,0.0,0.0,0.0,0.0,0.0,0.0,1.0,0.0,0.0,0.0,0.0,0.0,0.0,0.0,0.0,0.0,0.0,0.0,97.609,0.10899999999999466,-0.5158010204081536,0.6458010204081632,0.14466666666667058,0.04675824347995464,21.0,1.0,4.0,0.0,0.0,0.0,0.0,1.0,0.0,0.0,0.0,0.0,1.0,-9.092890995260703,10.0,0.0,10.0,0.1,98.315,0,101.31999053112914
MAG,51.0,4.0,SOFT,HAAS F1 TEAM,0.0,1.0,0.0,0.0,0.0,0.0,0.0,0.0,0.0,1.0,0.0,0.0,0.0,0.0,0.0,0.0,0.0,0.0,0.0,0.0,0.0,97.604,-0.0049999999999954525,0.06389499999999859,0.6471049999999999,0.3160000000000025,0.34227328262660967,21.0,1.0,4.0,0.0,0.0,0.0,0.0,1.0,0.0,0.0,0.0,0.0,1.0,-11.102180094786789,11.0,0.0,11.0,0.3,98.157,0,101.22331686849911
MAG,52.0,4.0,SOFT,HAAS F1 TEAM,0.0,1.0,0.0,0.0,0.0,0.0,0.0,0.0,0.0,1.0,0.0,0.0,0.0,0.0,0.0,0.0,0.0,0.0,0.0,0.0,0.0,97.706,0.10200000000000387,-0.19225980392157505,0.6432598039215685,0.4306666666666672,0.2910332168899747,21.0,1.0,4.0,0.0,0.0,0.0,0.0,1.0,0.0,0.0,0.0,0.0,1.0,-12.11146919431286,12.0,0.0,12.0,0.1,97.963,0,101.09064320586909
MAG,53.0,4.0,SOFT,HAAS F1 TEAM,0.0,1.0,0.0,0.0,0.0,0.0,0.0,0.0,0.0,1.0,0.0,0.0,0.0,0.0,0.0,0.0,0.0,0.0,0.0,0.0,0.0,97.589,-0.11700000000000443,-0.26408173076923525,0.6380817307692305,0.5119999999999957,0.176587088995764,21.0,1.0,4.0,0.0,0.0,0.0,0.0,1.0,0.0,0.0,0.0,0.0,1.0,-14.420758293838905,13.0,0.0,13.0,0.4,97.982,0,101.17096954323908
MAG,54.0,4.0,SOFT,HAAS F1 TEAM,0.0,1.0,0.0,0.0,0.0,0.0,0.0,0.0,0.0,1.0,0.0,0.0,0.0,0.0,0.0,0.0,0.0,0.0,0.0,0.0,0.0,97.778,0.18900000000000716,-0.42589150943396836,0.6298915094339619,0.34299999999999403,0.1263843344722646,21.0,1.0,4.0,0.0,0.0,0.0,0.0,1.0,0.0,0.0,0.0,0.0,1.0,-15.530047393364974,14.0,0.0,14.0,0.1,99.651,0,102.90129588060906
MAG,55.0,4.0,SOFT,HAAS F1 TEAM,0.0,1.0,0.0,0.0,0.0,0.0,0.0,0.0,0.0,1.0,0.0,0.0,0.0,0.0,0.0,0.0,0.0,0.0,0.0,0.0,0.0,97.78,0.001999999999995339,1.2181249999999957,0.6528749999999995,0.8163333333333279,0.9173147406061515,21.0,1.0,4.0,0.0,0.0,0.0,0.0,1.0,0.0,0.0,0.0,0.0,1.0,-16.639336492891044,15.0,0.0,15.0,0.5,98.446,0,101.75762221797905
MAG,56.0,4.0,SOFT,HAAS F1 TEAM,0.0,1.0,0.0,0.0,0.0,0.0,0.0,0.0,0.0,1.0,0.0,0.0,0.0,0.0,0.0,0.0,0.0,0.0,0.0,0.0,0.0,97.86,0.0799999999999983,-0.06565909090909194,0.6516590909090905,0.8869999999999957,0.8733115137223354,21.0,1.0,4.0,0.0,0.0,0.0,0.0,1.0,0.0,0.0,0.0,0.0,1.0,-19.348625592417136,16.0,0.0,16.0,0.6,98.779,0,102.15194855534902
NOR,4.0,1.0,SOFT,MCLAREN,0.0,1.0,0.0,0.0,0.0,0.0,0.0,0.0,0.0,0.0,1.0,0.0,0.0,0.0,0.0,0.0,0.0,0.0,0.0,0.0,0.0,99.8625,-0.556500000000014,-0.06166666666666269,-0.023833333333333446,-0.023833333333333446,0.053861705629630184,22.0,1.0,1.0,0.0,0.0,0.0,0.0,0.0,1.0,0.0,0.0,0.0,1.0,5.162843601895716,4.0,0.0,4.0,0.4,102.267,0,102.45097901210994
NOR,5.0,1.0,SOFT,MCLAREN,0.0,1.0,0.0,0.0,0.0,0.0,0.0,0.0,0.0,0.0,1.0,0.0,0.0,0.0,0.0,0.0,0.0,0.0,0.0,0.0,0.0,99.792,-0.07049999999999557,1.8741249999999958,0.6008749999999985,0.8011666666666647,1.4504356529447708,22.0,1.0,1.0,0.0,0.0,0.0,0.0,0.0,1.0,0.0,0.0,0.0,1.0,5.453554502369649,5.0,0.0,5.0,0.8999999999999999,100.664,0,100.90930534947994
NOR,6.0,1.0,SOFT,MCLAREN,0.0,1.0,0.0,0.0,0.0,0.0,0.0,0.0,0.0,0.0,1.0,0.0,0.0,0.0,0.0,0.0,0.0,0.0,0.0,0.0,0.0,100.618,0.8259999999999934,-0.44389999999999363,0.4899000000000001,0.8118333333333349,1.4418445073354182,22.0,1.0,1.0,0.0,0.0,0.0,0.0,0.0,1.0,0.0,0.0,0.0,1.0,6.544265402843578,6.0,0.0,6.0,0.6,100.814,0,101.1206316868499
NOR,7.0,1.0,SOFT,MCLAREN,0.0,1.0,0.0,0.0,0.0,0.0,0.0,0.0,0.0,0.0,1.0,0.0,0.0,0.0,0.0,0.0,0.0,0.0,0.0,0.0,0.0,100.5375,-0.08050000000000068,-0.17783333333333456,0.4543333333333332,0.9324999999999998,1.3408065669588534,21.0,1.0,1.0,0.0,0.0,0.0,0.0,0.0,1.0,0.0,0.0,0.0,1.0,6.934976303317498,7.0,0.0,7.0,0.6,100.726,0,101.09395802421989
NOR,8.0,1.0,SOFT,MCLAREN,0.0,1.0,0.0,0.0,0.0,0.0,0.0,0.0,0.0,0.0,1.0,0.0,0.0,0.0,0.0,0.0,0.0,0.0,0.0,0.0,0.0,100.60499999999999,0.06749999999999545,-0.2857142857142776,0.4067142857142869,0.14783333333333815,0.11756948300189256,21.0,1.0,1.0,0.0,0.0,0.0,0.0,0.0,1.0,0.0,0.0,0.0,1.0,7.925687203791426,8.0,0.0,8.0,0.8999999999999999,100.857,0,101.28628436158988
NOR,9.0,1.0,SOFT,MCLAREN,0.0,1.0,0.0,0.0,0.0,0.0,0.0,0.0,0.0,0.0,1.0,0.0,0.0,0.0,0.0,0.0,0.0,0.0,0.0,0.0,0.0,100.70400000000001,0.09900000000001796,-0.2220000000000084,0.375,0.18349999999999986,0.08211424967689587,21.0,1.0,1.0,0.0,0.0,0.0,0.0,0.0,1.0,0.0,0.0,0.0,1.0,8.016398104265374,9.0,0.0,9.0,0.6,100.783,0,101.27361069895986
NOR,10.0,1.0,SOFT,MCLAREN,0.0,1.0,0.0,0.0,0.0,0.0,0.0,0.0,0.0,0.0,1.0,0.0,0.0,0.0,0.0,0.0,0.0,0.0,0.0,0.0,0.0,100.8245,0.12049999999999272,-0.3702222222222215,0.3287222222222223,0.07750000000000057,0.1042916583433198,21.0,1.0,1.0,0.0,0.0,0.0,0.0,0.0,1.0,0.0,0.0,0.0,1.0,8.907109004739304,10.0,0.0,10.0,0.8,103.521,1,104.07293703632985
NOR,11.0,2.0,HARD,MCLAREN,0.0,0.0,0.0,0.0,0.0,0.0,0.0,0.0,0.0,0.0,1.0,0.0,0.0,0.0,0.0,0.0,0.0,0.0,0.0,0.0,0.0,100.9885,0.16400000000000148,1.983399999999999,0.5490999999999999,0.8813333333333304,1.4332554145487597,21.0,1.0,2.0,0.0,0.0,0.0,0.0,0.0,1.0,0.0,0.0,0.0,1.0,0.6907109004739311,1.0,0.0,0.0,0.6,103.98475,0,104.59801337369983
NOR,12.0,2.0,HARD,MCLAREN,0.0,0.0,0.0,0.0,0.0,0.0,0.0,0.0,0.0,0.0,1.0,0.0,0.0,0.0,0.0,0.0,0.0,0.0,0.0,0.0,0.0,101.24950000000001,0.2610000000000099,1.9874090909090851,0.7478409090909085,1.742083333333331,1.5479515563587007,21.0,1.0,2.0,0.0,0.0,0.0,0.0,0.0,1.0,0.0,0.0,0.0,1.0,1.3814218009478623,2.0,0.0,0.0,0.8999999999999999,99.314,0,99.98858971106979
NOR,13.0,2.0,HARD,MCLAREN,0.0,0.0,0.0,0.0,0.0,0.0,0.0,0.0,0.0,0.0,1.0,0.0,0.0,0.0,0.0,0.0,0.0,0.0,0.0,0.0,0.0,101.134,-0.11550000000001148,-2.353854166666673,0.5338541666666655,1.149249999999995,2.573443425160151,21.0,1.0,2.0,0.0,0.0,0.0,0.0,0.0,1.0,0.0,0.0,0.0,1.0,1.7721327014217891,3.0,0.0,0.0,0.8,99.51,0,100.2459160484398
NOR,14.0,2.0,HARD,MCLAREN,0.0,0.0,0.0,0.0,0.0,0.0,0.0,0.0,0.0,0.0,1.0,0.0,0.0,0.0,0.0,0.0,0.0,0.0,0.0,0.0,0.0,100.7305,-0.403499999999994,-1.6194038461538462,0.39890384615384494,-0.10175000000000504,2.475131675790198,21.0,1.0,2.0,0.0,0.0,0.0,0.0,0.0,1.0,0.0,0.0,0.0,1.0,2.362843601895719,4.0,0.0,0.0,0.8,99.243,0,100.04024238580976
NOR,15.0,2.0,HARD,MCLAREN,0.0,0.0,0.0,0.0,0.0,0.0,0.0,0.0,0.0,0.0,1.0,0.0,0.0,0.0,0.0,0.0,0.0,0.0,0.0,0.0,0.0,98.859,-1.8715000000000117,-0.013839285714284277,0.3978392857142846,-0.8855000000000027,1.1395493626868505,21.0,1.0,2.0,0.0,0.0,0.0,0.0,0.0,1.0,0.0,0.0,0.0,1.0,2.9535545023696486,5.0,0.0,0.0,0.6,98.87,0,99.72856872317976
NOR,16.0,2.0,HARD,MCLAREN,0.0,0.0,0.0,0.0,0.0,0.0,0.0,0.0,0.0,0.0,1.0,0.0,0.0,0.0,0.0,0.0,0.0,0.0,0.0,0.0,0.0,98.975,0.11599999999999966,-0.4693166666666561,0.36431666666666634,-0.31383333333333024,0.8223828690660672,21.0,1.0,2.0,0.0,0.0,0.0,0.0,0.0,1.0,0.0,0.0,0.0,1.0,2.9442654028435697,6.0,0.0,0.0,0.8,98.86,0,99.77989506054973
NOR,17.0,2.0,HARD,MCLAREN,0.0,0.0,0.0,0.0,0.0,0.0,0.0,0.0,0.0,0.0,1.0,0.0,0.0,0.0,0.0,0.0,0.0,0.0,0.0,0.0,0.0,98.945,-0.030000000000001137,-0.42123437499999383,0.3362343750000001,0.06466666666667227,0.2767315185036395,21.0,1.0,2.0,0.0,0.0,0.0,0.0,0.0,1.0,0.0,0.0,0.0,1.0,2.734976303317513,7.0,0.0,0.0,0.6,101.501,1,102.48222139791972
NOR,18.0,3.0,SOFT,MCLAREN,0.0,1.0,0.0,0.0,0.0,0.0,0.0,0.0,0.0,0.0,1.0,0.0,0.0,0.0,0.0,0.0,0.0,0.0,0.0,0.0,0.0,98.996,0.05100000000000193,2.0411911764705972,0.46380882352941244,0.7716666666666754,1.5011440081928633,21.0,0.0,3.0,0.0,0.0,0.0,0.0,0.0,1.0,0.0,0.0,0.0,1.0,1.5628436018957217,4.0,0.0,4.0,0.6,103.98475,0,105.02729773528971
NOR,19.0,3.0,SOFT,MCLAREN,0.0,1.0,0.0,0.0,0.0,0.0,0.0,0.0,0.0,0.0,1.0,0.0,0.0,0.0,0.0,0.0,0.0,0.0,0.0,0.0,0.0,98.886,-0.10999999999999943,4.377444444444453,0.7213055555555568,2.5062500000000085,2.591875226067028,21.0,0.0,3.0,0.0,0.0,0.0,0.0,0.0,1.0,0.0,0.0,0.0,1.0,1.453554502369645,5.0,0.0,5.0,0.6,97.966,0,99.06987407265967
NOR,20.0,3.0,SOFT,MCLAREN,0.0,1.0,0.0,0.0,0.0,0.0,0.0,0.0,0.0,0.0,1.0,0.0,0.0,0.0,0.0,0.0,0.0,0.0,0.0,0.0,0.0,98.794,-0.09199999999999875,-1.4677631578947408,0.6397631578947378,2.258583333333339,2.971049018584744,21.0,0.0,3.0,0.0,0.0,0.0,0.0,0.0,1.0,0.0,0.0,0.0,1.0,1.744265402843574,6.0,0.0,6.0,0.4,98.345,0,99.51020041002967
NOR,21.0,3.0,SOFT,MCLAREN,0.0,1.0,0.0,0.0,0.0,0.0,0.0,0.0,0.0,0.0,1.0,0.0,0.0,0.0,0.0,0.0,0.0,0.0,0.0,0.0,0.0,98.809,0.015000000000000568,-1.0485749999999996,0.584575000000001,1.2689166666666694,3.321722673679031,21.0,0.0,3.0,0.0,0.0,0.0,0.0,0.0,1.0,0.0,0.0,0.0,1.0,1.334976303317518,7.0,0.0,7.0,0.5,98.297,0,99.52352674739964
NOR,22.0,3.0,SOFT,MCLAREN,0.0,1.0,0.0,0.0,0.0,0.0,0.0,0.0,0.0,0.0,1.0,0.0,0.0,0.0,0.0,0.0,0.0,0.0,0.0,0.0,0.0,98.888,0.07900000000000773,-1.1195952380952467,0.5285952380952386,-0.6276666666666699,0.18474937979145828,21.0,0.0,3.0,0.0,0.0,0.0,0.0,0.0,1.0,0.0,0.0,0.0,1.0,0.7256872037914377,8.0,0.0,8.0,0.4,98.908,0,100.19585308476962
NOR,23.0,3.0,SOFT,MCLAREN,0.0,1.0,0.0,0.0,0.0,0.0,0.0,0.0,0.0,0.0,1.0,0.0,0.0,0.0,0.0,0.0,0.0,0.0,0.0,0.0,0.0,98.913,0.024999999999991473,-0.5093409090909052,0.5043409090909098,-0.3533333333333341,0.3082763911384258,21.0,0.0,3.0,0.0,0.0,0.0,0.0,0.0,1.0,0.0,0.0,0.0,1.0,-0.08360189573464538,9.0,0.0,9.0,0.4,98.291,0,99.64017942213961
NOR,24.0,3.0,SOFT,MCLAREN,0.0,1.0,0.0,0.0,0.0,0.0,0.0,0.0,0.0,0.0,1.0,0.0,0.0,0.0,0.0,0.0,0.0,0.0,0.0,0.0,0.0,99.027,0.11400000000000432,-1.1864130434782656,0.45041304347826133,-0.4440000000000026,0.38703617401994783,21.0,0.0,3.0,0.0,0.0,0.0,0.0,0.0,1.0,0.0,0.0,0.0,1.0,-0.09289099526071709,10.0,0.0,10.0,0.6,98.696,0,100.10650575950959
NOR,25.0,3.0,SOFT,MCLAREN,0.0,1.0,0.0,0.0,0.0,0.0,0.0,0.0,0.0,0.0,1.0,0.0,0.0,0.0,0.0,0.0,0.0,0.0,0.0,0.0,0.0,98.947,-0.0799999999999983,-0.672187500000005,0.42118750000000027,-0.33066666666666816,0.3719547463513958,21.0,0.0,3.0,0.0,0.0,0.0,0.0,0.0,1.0,0.0,0.0,0.0,1.0,-0.1021800947867888,11.0,0.0,11.0,0.6,98.447,0,99.91883209687958
NOR,26.0,3.0,SOFT,MCLAREN,0.0,1.0,0.0,0.0,0.0,0.0,0.0,0.0,0.0,0.0,1.0,0.0,0.0,0.0,0.0,0.0,0.0,0.0,0.0,0.0,0.0,99.066,0.11899999999999977,-0.99858,0.37958000000000025,-0.5353333333333362,0.2530935268499129,21.0,0.0,3.0,0.0,0.0,0.0,0.0,0.0,1.0,0.0,0.0,0.0,1.0,-0.11146919431286051,12.0,0.0,12.0,0.6,98.44,0,99.97315843424956
NOR,27.0,3.0,SOFT,MCLAREN,0.0,1.0,0.0,0.0,0.0,0.0,0.0,0.0,0.0,0.0,1.0,0.0,0.0,0.0,0.0,0.0,0.0,0.0,0.0,0.0,0.0,99.5,0.4339999999999975,-1.3842115384615408,0.3242115384615386,-0.6433333333333356,0.40504855675996065,21.0,0.0,3.0,0.0,0.0,0.0,0.0,0.0,1.0,0.0,0.0,0.0,1.0,-0.12075829383893222,13.0,0.0,13.0,0.5,100.973,1,102.56748477161953
NOR,28.0,4.0,MEDIUM,MCLAREN,1.0,0.0,0.0,0.0,0.0,0.0,0.0,0.0,0.0,0.0,1.0,0.0,0.0,0.0,0.0,0.0,0.0,0.0,0.0,0.0,0.0,99.235,-0.26500000000000057,1.3614259259259254,0.3765740740740742,0.019666666666665833,1.5043677520251924,21.0,1.0,4.0,0.0,0.0,0.0,0.0,0.0,1.0,0.0,0.0,0.0,1.0,-0.009289099526071709,1.0,1.0,0.0,0.8,103.98475,0,105.64056110898953
NOR,29.0,4.0,MEDIUM,MCLAREN,1.0,0.0,0.0,0.0,0.0,0.0,0.0,0.0,0.0,0.0,1.0,0.0,0.0,0.0,0.0,0.0,0.0,0.0,0.0,0.0,0.0,98.474,-0.7609999999999957,4.950812500000001,0.5599375000000002,2.0629166666666663,3.2974030722423584,21.0,1.0,4.0,0.0,0.0,0.0,0.0,0.0,1.0,0.0,0.0,0.0,1.0,-0.418578199052142,2.0,2.0,0.0,0.6,97.26,0,98.9771374463595
NOR,30.0,4.0,MEDIUM,MCLAREN,1.0,0.0,0.0,0.0,0.0,0.0,0.0,0.0,0.0,0.0,1.0,0.0,0.0,0.0,0.0,0.0,0.0,0.0,0.0,0.0,0.0,98.447,-0.027000000000001023,-1.6866982758620668,0.4996982758620692,2.0205833333333345,3.3578049036287574,21.0,1.0,4.0,0.0,0.0,0.0,0.0,0.0,1.0,0.0,0.0,0.0,1.0,-0.627867298578213,3.0,3.0,0.0,0.6,97.605,0,99.3834637837295
NOR,31.0,4.0,MEDIUM,MCLAREN,1.0,0.0,0.0,0.0,0.0,0.0,0.0,0.0,0.0,0.0,1.0,0.0,0.0,0.0,0.0,0.0,0.0,0.0,0.0,0.0,0.0,98.39,-0.05700000000000216,-1.241874999999997,0.45687500000000036,1.1795833333333359,3.756282007628464,21.0,1.0,4.0,0.0,0.0,0.0,0.0,0.0,1.0,0.0,0.0,0.0,1.0,-1.2371563981042755,4.0,4.0,0.0,0.6,97.768,0,99.60779012109947
NOR,32.0,4.0,MEDIUM,MCLAREN,1.0,0.0,0.0,0.0,0.0,0.0,0.0,0.0,0.0,0.0,1.0,0.0,0.0,0.0,0.0,0.0,0.0,0.0,0.0,0.0,0.0,98.104,-0.28600000000000136,-0.7672983870967731,0.4312983870967746,-0.7693333333333309,0.4257162591836537,21.0,1.0,4.0,0.0,0.0,0.0,0.0,0.0,1.0,0.0,0.0,0.0,1.0,-1.5464454976303443,5.0,5.0,0.0,0.6,98.111,0,100.01211645846945
NOR,33.0,4.0,MEDIUM,MCLAREN,1.0,0.0,0.0,0.0,0.0,0.0,0.0,0.0,0.0,0.0,1.0,0.0,0.0,0.0,0.0,0.0,0.0,0.0,0.0,0.0,0.0,97.902,-0.20199999999999818,-0.21535156249999732,0.4243515625000005,-0.30399999999999733,0.49777203617719634,21.0,1.0,4.0,0.0,0.0,0.0,0.0,0.0,1.0,0.0,0.0,0.0,1.0,-1.8557345971564132,6.0,6.0,0.0,0.5,97.52,0,99.48244279583943
NOR,34.0,4.0,MEDIUM,MCLAREN,1.0,0.0,0.0,0.0,0.0,0.0,0.0,0.0,0.0,0.0,1.0,0.0,0.0,0.0,0.0,0.0,0.0,0.0,0.0,0.0,0.0,97.775,-0.12699999999999534,-0.6587651515151614,0.4037651515151517,-0.127333333333335,0.29407538716004084,21.0,1.0,4.0,0.0,0.0,0.0,0.0,0.0,1.0,0.0,0.0,0.0,1.0,-2.165023696682482,7.0,7.0,0.0,0.4,97.987,0,100.01076913320941
NOR,35.0,4.0,MEDIUM,MCLAREN,1.0,0.0,0.0,0.0,0.0,0.0,0.0,0.0,0.0,0.0,1.0,0.0,0.0,0.0,0.0,0.0,0.0,0.0,0.0,0.0,0.0,97.902,0.12699999999999534,-0.3093897058823592,0.39438970588235295,0.012999999999995756,0.24023322001753988,21.0,1.0,4.0,0.0,0.0,0.0,0.0,0.0,1.0,0.0,0.0,0.0,1.0,-2.474312796208551,8.0,8.0,0.0,0.4,97.87,0,99.95509547057941
NOR,36.0,4.0,MEDIUM,MCLAREN,1.0,0.0,0.0,0.0,0.0,0.0,0.0,0.0,0.0,0.0,1.0,0.0,0.0,0.0,0.0,0.0,0.0,0.0,0.0,0.0,0.0,97.87,-0.031999999999996476,-0.38312142857142856,0.38312142857142856,-0.05666666666667197,0.17694160995460378,21.0,1.0,4.0,0.0,0.0,0.0,0.0,0.0,1.0,0.0,0.0,0.0,1.0,-2.78360189573462,9.0,9.0,0.0,0.4,99.886,0,102.03242180794938
NOR,37.0,4.0,MEDIUM,MCLAREN,1.0,0.0,0.0,0.0,0.0,0.0,0.0,0.0,0.0,0.0,1.0,0.0,0.0,0.0,0.0,0.0,0.0,0.0,0.0,0.0,0.0,97.754,-0.11599999999999966,1.7002986111111023,0.43170138888888865,0.7389999999999949,1.2071217834170611,21.0,1.0,4.0,0.0,0.0,0.0,0.0,0.0,1.0,0.0,0.0,0.0,1.0,-4.092890995260703,10.0,10.0,0.0,0.6,100.197,1,102.40474814531936
NOR,38.0,4.5,HARD,MCLAREN,0.0,0.0,0.0,0.0,0.0,0.0,0.0,0.0,0.0,0.0,1.0,0.0,0.0,0.0,0.0,0.0,0.0,0.0,0.0,0.0,0.0,97.831,0.07699999999999818,1.8820202702702702,0.48397972972972947,1.49933333333333,1.3037213403689165,21.0,1.0,4.5,0.0,0.0,0.0,0.0,0.0,1.0,0.0,0.0,0.0,1.0,-0.4092890995260703,1.0,0.0,0.0,0.1,103.98475,0,106.25382448268935
NOR,39.0,4.5,HARD,MCLAREN,0.0,0.0,0.0,0.0,0.0,0.0,0.0,0.0,0.0,0.0,1.0,0.0,0.0,0.0,0.0,0.0,0.0,0.0,0.0,0.0,0.0,98.015,0.1839999999999975,5.341407894736847,0.6283421052631578,3.4892499999999984,2.1513598461205943,21.0,1.0,4.5,0.0,0.0,0.0,0.0,0.0,1.0,0.0,0.0,0.0,12.0,-0.8185781990521406,2.0,0.0,0.0,0.4,98.347,0,100.67740082005932
NOR,40.0,4.5,HARD,MCLAREN,0.0,0.0,0.0,0.0,0.0,0.0,0.0,0.0,0.0,0.0,1.0,0.0,0.0,0.0,0.0,0.0,0.0,0.0,0.0,0.0,0.0,97.784,-0.23099999999999454,-0.06366666666667808,0.6266666666666663,2.9662499999999974,2.75290054987463,21.0,1.0,4.5,0.0,0.0,0.0,0.0,0.0,1.0,0.0,0.0,0.0,2671.0,-1.5278672985782151,3.0,0.0,0.0,0.1,103.98475,0,106.37647715742932
NOR,41.0,4.5,HARD,MCLAREN,0.0,0.0,0.0,0.0,0.0,0.0,0.0,0.0,0.0,0.0,1.0,0.0,0.0,0.0,0.0,0.0,0.0,0.0,0.0,0.0,0.0,103.98475,6.200749999999999,-0.6109999999999995,0.6109999999999995,2.177583333333331,3.296155073844883,21.0,1.0,4.5,0.0,0.0,0.0,0.0,0.0,1.0,0.0,0.0,0.0,1.0,-2.037156398104287,4.0,0.0,0.0,0.1,96.705,0,99.15805349479929
NOR,42.0,4.5,HARD,MCLAREN,0.0,0.0,0.0,0.0,0.0,0.0,0.0,0.0,0.0,0.0,1.0,0.0,0.0,0.0,0.0,0.0,0.0,0.0,0.0,0.0,0.0,103.98475,0.0,-7.698292682926835,0.41854268292682867,-2.238916666666673,4.374556294166679,21.0,1.0,4.5,0.0,0.0,0.0,0.0,0.0,1.0,0.0,0.0,0.0,1.0,-3.046445497630348,5.0,0.0,0.0,0.8,96.668,0,99.18237983216927
NOR,43.0,4.5,HARD,MCLAREN,0.0,0.0,0.0,0.0,0.0,0.0,0.0,0.0,0.0,0.0,1.0,0.0,0.0,0.0,0.0,0.0,0.0,0.0,0.0,0.0,0.0,97.061,-6.923749999999998,-0.7922202380952382,0.39922023809523755,-2.5575833333333358,4.094234454795345,21.0,1.0,4.5,0.0,0.0,0.0,0.0,0.0,1.0,0.0,0.0,0.0,1.0,-4.255734597156426,6.0,0.0,0.0,0.1,96.687,0,99.26270616953926
NOR,44.0,4.5,HARD,MCLAREN,0.0,0.0,0.0,0.0,0.0,0.0,0.0,0.0,0.0,0.0,1.0,0.0,0.0,0.0,0.0,0.0,0.0,0.0,0.0,0.0,0.0,97.028,-0.03300000000000125,-0.7230058139534958,0.3820058139534876,-2.6712500000000055,3.991162761339104,21.0,1.0,4.5,0.0,0.0,0.0,0.0,0.0,1.0,0.0,0.0,0.0,1.0,-5.665023696682482,7.0,0.0,0.0,0.5,97.219,0,99.85603250690923
NOR,45.0,4.5,HARD,MCLAREN,0.0,0.0,0.0,0.0,0.0,0.0,0.0,0.0,0.0,0.0,1.0,0.0,0.0,0.0,0.0,0.0,0.0,0.0,0.0,0.0,0.0,97.219,0.1909999999999883,-0.3733238636363629,0.3733238636363629,-0.2446666666666696,0.21347677469298548,21.0,1.0,4.5,0.0,0.0,0.0,0.0,0.0,1.0,0.0,0.0,0.0,1.0,-6.474312796208551,8.0,0.0,0.0,0.1,97.426,0,100.12435884427923
NOR,46.0,4.5,HARD,MCLAREN,0.0,0.0,0.0,0.0,0.0,0.0,0.0,0.0,0.0,0.0,1.0,0.0,0.0,0.0,0.0,0.0,0.0,0.0,0.0,0.0,0.0,97.426,0.20700000000000784,-0.36502777777777706,0.36502777777777706,-0.1136666666666694,0.19687644179363256,21.0,1.0,4.5,0.0,0.0,0.0,0.0,0.0,1.0,0.0,0.0,0.0,1.0,-8.183601895734633,9.0,0.0,0.0,0.3,97.656,0,100.41568518164921
NOR,47.0,4.5,HARD,MCLAREN,0.0,0.0,0.0,0.0,0.0,0.0,0.0,0.0,0.0,0.0,1.0,0.0,0.0,0.0,0.0,0.0,0.0,0.0,0.0,0.0,0.0,97.589,0.1629999999999967,-0.2915489130434704,0.3585489130434777,0.02233333333333576,0.03868246803554567,21.0,1.0,4.5,0.0,0.0,0.0,0.0,0.0,1.0,0.0,0.0,0.0,1.0,-9.092890995260703,10.0,0.0,0.0,0.3,100.433,0,103.25401151901919
NOR,48.0,4.5,SOFT,MCLAREN,0.0,1.0,0.0,0.0,0.0,0.0,0.0,0.0,0.0,0.0,1.0,0.0,0.0,0.0,0.0,0.0,0.0,0.0,0.0,0.0,0.0,97.432,-0.15699999999999648,2.5862287234042607,0.41477127659574425,1.0226666666666706,1.7136144062575251,21.0,0.0,4.5,0.0,0.0,0.0,0.0,0.0,1.0,0.0,0.0,0.0,1.0,-4.546445497630351,5.0,0.0,5.0,0.1,103.98475,0,106.86708785638918
NOR,49.0,4.5,SOFT,MCLAREN,0.0,1.0,0.0,0.0,0.0,0.0,0.0,0.0,0.0,0.0,1.0,0.0,0.0,0.0,0.0,0.0,0.0,0.0,0.0,0.0,0.0,97.5,0.06799999999999784,5.943520833333339,0.5412291666666663,3.184250000000006,3.2127969415292967,21.0,0.0,4.5,0.0,0.0,0.0,0.0,0.0,1.0,0.0,0.0,0.0,1.0,-5.455734597156422,6.0,0.0,6.0,0.1,99.08,0,102.02366419375915
NOR,50.0,4.5,SOFT,MCLAREN,0.0,1.0,0.0,0.0,0.0,0.0,0.0,0.0,0.0,0.0,1.0,0.0,0.0,0.0,0.0,0.0,0.0,0.0,0.0,0.0,0.0,97.609,0.10899999999999466,0.9107959183673509,0.5602040816326528,3.6522500000000044,2.569536375983033,21.0,0.0,4.5,0.0,0.0,0.0,0.0,0.0,1.0,0.0,0.0,0.0,1.0,-7.065023696682502,7.0,0.0,7.0,0.1,95.257,0,98.26199053112914
NOR,51.0,4.5,SOFT,MCLAREN,0.0,1.0,0.0,0.0,0.0,0.0,0.0,0.0,0.0,0.0,1.0,0.0,0.0,0.0,0.0,0.0,0.0,0.0,0.0,0.0,0.0,97.604,-0.0049999999999954525,-2.849059999999994,0.5020599999999998,1.8695833333333383,4.429345721529686,21.0,0.0,4.5,0.0,0.0,0.0,0.0,0.0,1.0,0.0,0.0,0.0,1.0,-8.074312796208574,8.0,0.0,8.0,0.1,95.822,0,98.88831686849912
NOR,52.0,4.5,SOFT,MCLAREN,0.0,1.0,0.0,0.0,0.0,0.0,0.0,0.0,0.0,0.0,1.0,0.0,0.0,0.0,0.0,0.0,0.0,0.0,0.0,0.0,0.0,97.706,0.10200000000000387,-2.339274509803922,0.4552745098039215,-0.9199999999999969,2.083567373520709,21.0,0.0,4.5,0.0,0.0,0.0,0.0,0.0,1.0,0.0,0.0,0.0,1.0,-9.983601895734626,9.0,0.0,9.0,0.1,96.152,0,99.27964320586909
NOR,53.0,4.5,SOFT,MCLAREN,0.0,1.0,0.0,0.0,0.0,0.0,0.0,0.0,0.0,0.0,1.0,0.0,0.0,0.0,0.0,0.0,0.0,0.0,0.0,0.0,0.0,97.589,-0.11700000000000443,-1.855884615384613,0.4188846153846153,-1.8893333333333306,0.45502344261951033,21.0,0.0,4.5,0.0,0.0,0.0,0.0,0.0,1.0,0.0,0.0,0.0,1.0,-11.092890995260696,10.0,0.0,10.0,0.3,96.5,0,99.68896954323908
NOR,54.0,4.5,SOFT,MCLAREN,0.0,1.0,0.0,0.0,0.0,0.0,0.0,0.0,0.0,0.0,1.0,0.0,0.0,0.0,0.0,0.0,0.0,0.0,0.0,0.0,0.0,97.778,0.18900000000000716,-1.6648679245283076,0.3868679245283017,-1.5330000000000013,0.3141989815387379,21.0,0.0,4.5,0.0,0.0,0.0,0.0,0.0,1.0,0.0,0.0,0.0,1.0,-12.202180094786765,11.0,0.0,11.0,0.5,99.789,0,103.03929588060906
NOR,55.0,4.5,SOFT,MCLAREN,0.0,1.0,0.0,0.0,0.0,0.0,0.0,0.0,0.0,0.0,1.0,0.0,0.0,0.0,0.0,0.0,0.0,0.0,0.0,0.0,0.0,97.78,0.001999999999995339,1.592092592592593,0.4169074074074072,-0.23533333333333437,1.9452748734647571,21.0,0.0,4.5,0.0,0.0,0.0,0.0,0.0,1.0,0.0,0.0,0.0,1.0,-8.465023696682497,7.0,0.0,7.0,0.4,103.98475,0,107.29637221797904
OCO,4.0,1.0,SOFT,ALPINE,0.0,1.0,0.0,0.0,0.0,0.0,0.0,0.0,0.0,0.0,0.0,1.0,0.0,0.0,0.0,0.0,0.0,0.0,0.0,0.0,0.0,99.8625,-0.556500000000014,0.06066666666666738,0.02483333333332875,0.02483333333332875,0.0528259721475474,22.0,0.0,1.0,0.0,1.0,0.0,0.0,0.0,0.0,0.0,0.0,0.0,1.0,9.034976303317503,7.0,0.0,7.0,0.4,99.543,0,99.72697901210995
OCO,5.0,1.0,SOFT,ALPINE,0.0,1.0,0.0,0.0,0.0,0.0,0.0,0.0,0.0,0.0,0.0,1.0,0.0,0.0,0.0,0.0,0.0,0.0,0.0,0.0,0.0,99.792,-0.07049999999999557,-0.20537499999999298,-0.043625000000002245,-0.05816666666666966,0.17216585995292855,22.0,0.0,1.0,0.0,1.0,0.0,0.0,0.0,0.0,0.0,0.0,0.0,1.0,8.725687203791438,8.0,0.0,8.0,0.8999999999999999,100.281,0,100.52630534947994
OCO,6.0,1.0,SOFT,ALPINE,0.0,1.0,0.0,0.0,0.0,0.0,0.0,0.0,0.0,0.0,0.0,1.0,0.0,0.0,0.0,0.0,0.0,0.0,0.0,0.0,0.0,100.618,0.8259999999999934,-0.23469999999998947,-0.10229999999999961,-0.1668333333333294,0.22291272582185637,22.0,0.0,1.0,0.0,1.0,0.0,0.0,0.0,0.0,0.0,0.0,0.0,1.0,9.816398104265367,9.0,0.0,9.0,0.6,100.331,0,100.63763168684991
OCO,7.0,1.0,SOFT,ALPINE,0.0,1.0,0.0,0.0,0.0,0.0,0.0,0.0,0.0,0.0,0.0,1.0,0.0,0.0,0.0,0.0,0.0,0.0,0.0,0.0,0.0,100.5375,-0.08050000000000068,-0.08683333333332637,-0.11966666666666488,-0.2641666666666585,0.06655887118433662,22.0,0.0,1.0,0.0,1.0,0.0,0.0,0.0,0.0,0.0,0.0,0.0,1.0,9.907109004739283,10.0,0.0,10.0,0.6,100.488,0,100.85595802421989
OCO,8.0,1.0,SOFT,ALPINE,0.0,1.0,0.0,0.0,0.0,0.0,0.0,0.0,0.0,0.0,0.0,1.0,0.0,0.0,0.0,0.0,0.0,0.0,0.0,0.0,0.0,100.60499999999999,0.06749999999999545,0.0022857142857211354,-0.11928571428571136,-0.22016666666665685,0.11063491010225111,21.0,0.0,1.0,0.0,1.0,0.0,0.0,0.0,0.0,0.0,0.0,0.0,1.0,10.897819905213211,11.0,0.0,11.0,0.8999999999999999,100.562,0,100.99128436158988
OCO,9.0,1.0,SOFT,ALPINE,0.0,1.0,0.0,0.0,0.0,0.0,0.0,0.0,0.0,0.0,0.0,1.0,0.0,0.0,0.0,0.0,0.0,0.0,0.0,0.0,0.0,100.70400000000001,0.09900000000001796,-0.01987500000001141,-0.1221249999999987,-0.15516666666666387,0.046179901833298904,21.0,0.0,1.0,0.0,1.0,0.0,0.0,0.0,0.0,0.0,0.0,0.0,1.0,10.688530805687165,12.0,0.0,12.0,0.6,100.866,0,101.35661069895986
OCO,10.0,1.0,SOFT,ALPINE,0.0,1.0,0.0,0.0,0.0,0.0,0.0,0.0,0.0,0.0,0.0,1.0,0.0,0.0,0.0,0.0,0.0,0.0,0.0,0.0,0.0,100.8245,0.12049999999999272,0.1454444444444426,-0.10394444444444338,-0.07250000000000038,0.09951507423501314,21.0,0.0,1.0,0.0,1.0,0.0,0.0,0.0,0.0,0.0,0.0,0.0,1.0,11.579241706161095,13.0,0.0,13.0,0.8,100.858,0,101.40993703632985
OCO,11.0,1.0,SOFT,ALPINE,0.0,1.0,0.0,0.0,0.0,0.0,0.0,0.0,0.0,0.0,0.0,1.0,0.0,0.0,0.0,0.0,0.0,0.0,0.0,0.0,0.0,100.9885,0.16400000000000148,-0.023899999999999005,-0.10659999999999883,-0.07700000000000291,0.10278496971834183,21.0,0.0,1.0,0.0,1.0,0.0,0.0,0.0,0.0,0.0,0.0,0.0,1.0,9.669952606635036,14.0,0.0,14.0,0.6,101.035,0,101.64826337369982
OCO,12.0,1.0,SOFT,ALPINE,0.0,1.0,0.0,0.0,0.0,0.0,0.0,0.0,0.0,0.0,0.0,1.0,0.0,0.0,0.0,0.0,0.0,0.0,0.0,0.0,0.0,101.24950000000001,0.2610000000000099,-0.09809090909092401,-0.11640909090909123,-0.10116666666667129,0.13049648781992138,21.0,0.0,1.0,0.0,1.0,0.0,0.0,0.0,0.0,0.0,0.0,0.0,1.0,10.360663507108967,15.0,0.0,15.0,0.8999999999999999,103.787,1,104.4615897110698
OCO,13.0,2.0,HARD,ALPINE,0.0,0.0,0.0,0.0,0.0,0.0,0.0,0.0,0.0,0.0,0.0,1.0,0.0,0.0,0.0,0.0,0.0,0.0,0.0,0.0,0.0,101.134,-0.11550000000001148,2.5386250000000055,0.11437500000000018,0.7693333333333309,1.631843768052983,21.0,1.0,2.0,0.0,1.0,0.0,0.0,0.0,0.0,0.0,0.0,0.0,1.0,0.5907109004739297,1.0,0.0,0.0,0.8,103.98475,0,104.7206660484398
OCO,14.0,2.0,HARD,ALPINE,0.0,0.0,0.0,0.0,0.0,0.0,0.0,0.0,0.0,0.0,0.0,1.0,0.0,0.0,0.0,0.0,0.0,0.0,0.0,0.0,0.0,100.7305,-0.403499999999994,2.898346153846153,0.35590384615384624,1.8975833333333298,1.853657842168659,21.0,1.0,2.0,0.0,1.0,0.0,0.0,0.0,0.0,0.0,0.0,0.0,1.0,1.1814218009478594,2.0,0.0,0.0,0.8,98.649,0,99.44624238580977
OCO,15.0,2.0,HARD,ALPINE,0.0,0.0,0.0,0.0,0.0,0.0,0.0,0.0,0.0,0.0,0.0,1.0,0.0,0.0,0.0,0.0,0.0,0.0,0.0,0.0,0.0,98.859,-1.8715000000000117,-0.5254821428571371,0.3154821428571434,1.899083333333337,1.851094209064823,21.0,1.0,2.0,0.0,1.0,0.0,0.0,0.0,0.0,0.0,0.0,0.0,1.0,1.7721327014217891,3.0,0.0,0.0,0.6,101.863,1,102.72156872317976
OCO,16.0,3.0,HARD,ALPINE,0.0,0.0,0.0,0.0,0.0,0.0,0.0,0.0,0.0,0.0,0.0,1.0,0.0,0.0,0.0,0.0,0.0,0.0,0.0,0.0,0.0,98.975,0.11599999999999966,2.401016666666671,0.48698333333333416,1.9774166666666702,1.9031890396997675,21.0,0.0,3.0,0.0,1.0,0.0,0.0,0.0,0.0,0.0,0.0,0.0,1.0,1.9628436018957132,4.0,0.0,0.0,0.8,103.98475,0,104.90464506054974
OCO,17.0,3.0,HARD,ALPINE,0.0,0.0,0.0,0.0,0.0,0.0,0.0,0.0,0.0,0.0,0.0,1.0,0.0,0.0,0.0,0.0,0.0,0.0,0.0,0.0,0.0,98.945,-0.030000000000001137,4.268218750000011,0.7715312500000016,2.572583333333341,2.6390499276886272,21.0,0.0,3.0,0.0,1.0,0.0,0.0,0.0,0.0,0.0,0.0,0.0,1.0,1.9535545023696521,5.0,0.0,0.0,0.6,98.78,0,99.76122139791971
OCO,18.0,3.0,HARD,ALPINE,0.0,0.0,0.0,0.0,0.0,0.0,0.0,0.0,0.0,0.0,0.0,1.0,0.0,0.0,0.0,0.0,0.0,0.0,0.0,0.0,0.0,98.996,0.05100000000000193,-0.929441176470584,0.71344117647059,2.570583333333341,2.642213469959108,21.0,0.0,3.0,0.0,1.0,0.0,0.0,0.0,0.0,0.0,0.0,0.0,1.0,2.3442654028435825,6.0,0.0,0.0,0.4,98.886,0,99.9285477352897
OCO,19.0,3.0,HARD,ALPINE,0.0,0.0,0.0,0.0,0.0,0.0,0.0,0.0,0.0,0.0,0.0,1.0,0.0,0.0,0.0,0.0,0.0,0.0,0.0,0.0,0.0,98.886,-0.10999999999999943,-0.6738055555555573,0.6738055555555573,1.6079166666666727,2.974016479583354,20.0,0.0,3.0,0.0,1.0,0.0,0.0,0.0,0.0,0.0,0.0,0.0,1.0,2.734976303317513,7.0,0.0,0.0,0.6,98.817,0,99.92087407265967
OCO,20.0,3.0,HARD,ALPINE,0.0,0.0,0.0,0.0,0.0,0.0,0.0,0.0,0.0,0.0,0.0,1.0,0.0,0.0,0.0,0.0,0.0,0.0,0.0,0.0,0.0,98.794,-0.09199999999999875,-0.6165526315789527,0.6395526315789488,-0.06433333333333262,0.13184966186279976,21.0,0.0,3.0,0.0,1.0,0.0,0.0,0.0,0.0,0.0,0.0,0.0,1.0,2.325687203791432,8.0,0.0,0.0,0.4,98.809,0,99.97420041002967
OCO,21.0,3.0,HARD,ALPINE,0.0,0.0,0.0,0.0,0.0,0.0,0.0,0.0,0.0,0.0,0.0,1.0,0.0,0.0,0.0,0.0,0.0,0.0,0.0,0.0,0.0,98.809,0.015000000000000568,-0.6075750000000013,0.6075750000000013,0.007666666666665378,0.013279056191453998,21.0,0.0,3.0,0.0,1.0,0.0,0.0,0.0,0.0,0.0,0.0,0.0,1.0,1.7163981042653802,9.0,0.0,0.0,0.5,98.976,0,100.20252674739965
OCO,22.0,3.0,HARD,ALPINE,0.0,0.0,0.0,0.0,0.0,0.0,0.0,0.0,0.0,0.0,0.0,1.0,0.0,0.0,0.0,0.0,0.0,0.0,0.0,0.0,0.0,98.888,0.07900000000000773,-0.49483333333334045,0.5828333333333343,0.03699999999999667,0.04563989482900072,21.0,0.0,3.0,0.0,1.0,0.0,0.0,0.0,0.0,0.0,0.0,0.0,1.0,0.9071090047392971,10.0,0.0,0.0,0.4,99.028,0,100.31585308476963
OCO,23.0,3.0,HARD,ALPINE,0.0,0.0,0.0,0.0,0.0,0.0,0.0,0.0,0.0,0.0,0.0,1.0,0.0,0.0,0.0,0.0,0.0,0.0,0.0,0.0,0.0,98.913,0.024999999999991473,-0.44656818181817404,0.5615681818181831,0.06766666666666765,0.060135957075082215,21.0,0.0,3.0,0.0,1.0,0.0,0.0,0.0,0.0,0.0,0.0,0.0,1.0,-0.1021800947867888,11.0,0.0,0.0,0.4,100.052,0,101.40117942213962
OCO,24.0,3.0,HARD,ALPINE,0.0,0.0,0.0,0.0,0.0,0.0,0.0,0.0,0.0,0.0,0.0,1.0,0.0,0.0,0.0,0.0,0.0,0.0,0.0,0.0,0.0,99.027,0.11400000000000432,0.4432826086956563,0.5817173913043494,0.4093333333333362,0.533353853771901,21.0,0.0,3.0,0.0,1.0,0.0,0.0,0.0,0.0,0.0,0.0,0.0,1.0,-0.11146919431286051,12.0,0.0,0.0,0.6,99.382,0,100.7925057595096
OCO,25.0,3.0,HARD,ALPINE,0.0,0.0,0.0,0.0,0.0,0.0,0.0,0.0,0.0,0.0,0.0,1.0,0.0,0.0,0.0,0.0,0.0,0.0,0.0,0.0,0.0,98.947,-0.0799999999999983,-0.14060416666666598,0.5756041666666682,0.5250000000000057,0.4616275555033529,21.0,0.0,3.0,0.0,1.0,0.0,0.0,0.0,0.0,0.0,0.0,0.0,1.0,-0.12075829383893222,13.0,0.0,0.0,0.6,99.435,0,100.90683209687958
OCO,26.0,3.0,HARD,ALPINE,0.0,0.0,0.0,0.0,0.0,0.0,0.0,0.0,0.0,0.0,0.0,1.0,0.0,0.0,0.0,0.0,0.0,0.0,0.0,0.0,0.0,99.066,0.11899999999999977,-0.19834000000000174,0.5673400000000015,0.6096666666666692,0.3611998523440141,21.0,0.0,3.0,0.0,1.0,0.0,0.0,0.0,0.0,0.0,0.0,0.0,1.0,-0.13004739336500393,14.0,0.0,0.0,0.6,99.521,0,101.05415843424956
OCO,27.0,3.0,HARD,ALPINE,0.0,0.0,0.0,0.0,0.0,0.0,0.0,0.0,0.0,0.0,0.0,1.0,0.0,0.0,0.0,0.0,0.0,0.0,0.0,0.0,0.0,99.5,0.4339999999999975,-0.5253269230769237,0.5463269230769245,0.27500000000000097,0.2224320120845974,21.0,0.0,3.0,0.0,1.0,0.0,0.0,0.0,0.0,0.0,0.0,0.0,1.0,-0.13933649289107564,15.0,0.0,0.0,0.5,99.594,0,101.18848477161953
OCO,28.0,3.0,HARD,ALPINE,0.0,0.0,0.0,0.0,0.0,0.0,0.0,0.0,0.0,0.0,0.0,1.0,0.0,0.0,0.0,0.0,0.0,0.0,0.0,0.0,0.0,99.235,-0.26500000000000057,-0.18038888888889548,0.5393888888888901,0.24966666666666507,0.1980942536605615,21.0,0.0,3.0,0.0,1.0,0.0,0.0,0.0,0.0,0.0,0.0,0.0,1.0,-0.14862559241714735,16.0,0.0,0.0,0.8,100.026,0,101.68181110898952
OCO,29.0,3.0,HARD,ALPINE,0.0,0.0,0.0,0.0,0.0,0.0,0.0,0.0,0.0,0.0,0.0,1.0,0.0,0.0,0.0,0.0,0.0,0.0,0.0,0.0,0.0,98.474,-0.7609999999999957,0.9764464285714202,0.5755535714285723,0.643999999999996,0.8043065336051899,21.0,0.0,3.0,0.0,1.0,0.0,0.0,0.0,0.0,0.0,0.0,0.0,1.0,-3.557914691943207,17.0,0.0,0.0,0.6,101.181,0,102.8981374463595
OCO,30.0,3.0,HARD,ALPINE,0.0,0.0,0.0,0.0,0.0,0.0,0.0,0.0,0.0,0.0,0.0,1.0,0.0,0.0,0.0,0.0,0.0,0.0,0.0,0.0,0.0,98.447,-0.027000000000001023,2.0840172413793043,0.6499827586206903,1.5483333333333273,1.1875042456064464,21.0,0.0,3.0,0.0,1.0,0.0,0.0,0.0,0.0,0.0,0.0,0.0,1.0,-3.767203791469278,18.0,0.0,0.0,0.6,99.757,0,101.5354637837295
OCO,31.0,3.0,HARD,ALPINE,0.0,0.0,0.0,0.0,0.0,0.0,0.0,0.0,0.0,0.0,0.0,1.0,0.0,0.0,0.0,0.0,0.0,0.0,0.0,0.0,0.0,98.39,-0.05700000000000216,0.6931166666666703,0.6738833333333342,1.8843333333333305,0.7416241186297344,21.0,0.0,3.0,0.0,1.0,0.0,0.0,0.0,0.0,0.0,0.0,0.0,1.0,-5.8764928909953085,19.0,0.0,0.0,0.6,99.748,0,101.58779012109947
OCO,32.0,3.0,HARD,ALPINE,0.0,0.0,0.0,0.0,0.0,0.0,0.0,0.0,0.0,0.0,0.0,1.0,0.0,0.0,0.0,0.0,0.0,0.0,0.0,0.0,0.0,98.104,-0.28600000000000136,0.9388225806451658,0.7051774193548397,1.9150000000000016,0.7226707410709203,21.0,0.0,3.0,0.0,1.0,0.0,0.0,0.0,0.0,0.0,0.0,0.0,1.0,-6.185781990521377,20.0,0.0,0.0,0.6,103.98475,1,105.88586645846945
OCO,33.0,4.0,HARD,ALPINE,0.0,0.0,0.0,0.0,0.0,0.0,0.0,0.0,0.0,0.0,0.0,1.0,0.0,0.0,0.0,0.0,0.0,0.0,0.0,0.0,0.0,97.902,-0.20199999999999818,5.209523437500003,0.8732265625000011,3.031250000000005,2.6463033532647007,21.0,1.0,4.0,0.0,1.0,0.0,0.0,0.0,0.0,0.0,0.0,0.0,1.0,-0.30928909952606887,1.0,0.0,0.0,0.5,103.98475,0,105.94719279583944
OCO,34.0,4.0,HARD,ALPINE,0.0,0.0,0.0,0.0,0.0,0.0,0.0,0.0,0.0,0.0,0.0,1.0,0.0,0.0,0.0,0.0,0.0,0.0,0.0,0.0,0.0,97.775,-0.12699999999999534,5.174810606060605,1.034939393939395,4.645500000000003,2.6001507528410706,21.0,1.0,4.0,0.0,1.0,0.0,0.0,0.0,0.0,0.0,0.0,0.0,1.0,-0.6185781990521377,2.0,0.0,0.0,0.4,96.797,0,98.82076913320941
OCO,35.0,4.0,HARD,ALPINE,0.0,0.0,0.0,0.0,0.0,0.0,0.0,0.0,0.0,0.0,0.0,1.0,0.0,0.0,0.0,0.0,0.0,0.0,0.0,0.0,0.0,97.902,0.12699999999999534,-2.077000000000005,0.9720000000000009,3.7291666666666665,4.186992688175293,21.0,1.0,4.0,0.0,1.0,0.0,0.0,0.0,0.0,0.0,0.0,0.0,1.0,-0.9278672985782066,3.0,0.0,0.0,0.5,96.964,0,99.0490954705794
OCO,36.0,4.0,HARD,ALPINE,0.0,0.0,0.0,0.0,0.0,0.0,0.0,0.0,0.0,0.0,0.0,1.0,0.0,0.0,0.0,0.0,0.0,0.0,0.0,0.0,0.0,97.87,-0.031999999999996476,-1.8243428571428637,0.9183428571428578,1.3995833333333298,4.166914658453345,21.0,1.0,4.0,0.0,1.0,0.0,0.0,0.0,0.0,0.0,0.0,0.0,1.0,-1.2371563981042755,4.0,0.0,0.0,0.4,97.364,0,99.51042180794938
OCO,37.0,4.0,HARD,ALPINE,0.0,0.0,0.0,0.0,0.0,0.0,0.0,0.0,0.0,0.0,0.0,1.0,0.0,0.0,0.0,0.0,0.0,0.0,0.0,0.0,0.0,97.754,-0.11599999999999966,-1.2720000000000011,0.8820000000000007,-0.8003333333333368,0.36902619599879855,21.0,1.0,4.0,0.0,1.0,0.0,0.0,0.0,0.0,0.0,0.0,0.0,1.0,-2.0464454976303514,5.0,0.0,0.0,0.6,97.338,0,99.54574814531935
OCO,38.0,4.0,HARD,ALPINE,0.0,0.0,0.0,0.0,0.0,0.0,0.0,0.0,0.0,0.0,0.0,1.0,0.0,0.0,0.0,0.0,0.0,0.0,0.0,0.0,0.0,97.831,0.07699999999999818,-1.3378378378378475,0.8448378378378383,-0.5963333333333386,0.27307935354644164,21.0,1.0,4.0,0.0,1.0,0.0,0.0,0.0,0.0,0.0,0.0,0.0,1.0,-2.4557345971564217,6.0,0.0,0.0,0.6,97.216,0,99.48507448268934
OCO,39.0,4.0,HARD,ALPINE,0.0,0.0,0.0,0.0,0.0,0.0,0.0,0.0,0.0,0.0,0.0,1.0,0.0,0.0,0.0,0.0,0.0,0.0,0.0,0.0,0.0,98.015,0.1839999999999975,-1.6005789473684278,0.8015789473684213,-0.5606666666666721,0.2127306591287266,21.0,1.0,4.0,0.0,1.0,0.0,0.0,0.0,0.0,0.0,0.0,0.0,12.0,-2.865023696682492,7.0,0.0,0.0,0.4,97.523,0,99.85340082005932
OCO,40.0,4.0,HARD,ALPINE,0.0,0.0,0.0,0.0,0.0,0.0,0.0,0.0,0.0,0.0,0.0,1.0,0.0,0.0,0.0,0.0,0.0,0.0,0.0,0.0,0.0,97.784,-0.23099999999999454,-1.0353333333333432,0.7743333333333333,-0.5176666666666753,0.2698468701566513,21.0,1.0,4.0,0.0,1.0,0.0,0.0,0.0,0.0,0.0,0.0,0.0,2671.0,-4.074312796208574,8.0,0.0,0.0,0.1,103.98475,0,106.37647715742932
OCO,41.0,4.0,HARD,ALPINE,0.0,0.0,0.0,0.0,0.0,0.0,0.0,0.0,0.0,0.0,0.0,1.0,0.0,0.0,0.0,0.0,0.0,0.0,0.0,0.0,0.0,103.98475,6.200749999999999,-0.754975,0.754975,-0.35333333333333883,0.4074240215467705,21.0,1.0,4.0,0.0,1.0,0.0,0.0,0.0,0.0,0.0,0.0,0.0,1.0,-4.583601895734645,9.0,0.0,0.0,0.1,102.684,0,105.13705349479929
PER,4.0,1.0,SOFT,RED BULL RACING,0.0,1.0,0.0,0.0,0.0,0.0,0.0,0.0,0.0,0.0,0.0,0.0,1.0,0.0,0.0,0.0,0.0,0.0,0.0,0.0,0.0,99.8625,-0.556500000000014,0.8045833333333405,-1.8370833333333394,-1.8370833333333394,0.9752699092217153,22.0,0.0,1.0,0.0,0.0,0.0,0.0,0.0,0.0,0.0,1.0,0.0,1.0,9.034976303317503,7.0,0.0,7.0,0.4,98.758,0,98.94197901210994
PER,5.0,1.0,SOFT,RED BULL RACING,0.0,1.0,0.0,0.0,0.0,0.0,0.0,0.0,0.0,0.0,0.0,0.0,1.0,0.0,0.0,0.0,0.0,0.0,0.0,0.0,0.0,99.792,-0.07049999999999557,0.6023125,-1.636312500000006,-1.2078333333333404,0.30238813358552646,22.0,0.0,1.0,0.0,0.0,0.0,0.0,0.0,0.0,0.0,1.0,0.0,1.0,8.725687203791438,8.0,0.0,8.0,0.8999999999999999,98.404,0,98.64930534947993
PER,6.0,1.0,SOFT,RED BULL RACING,0.0,1.0,0.0,0.0,0.0,0.0,0.0,0.0,0.0,0.0,0.0,0.0,1.0,0.0,0.0,0.0,0.0,0.0,0.0,0.0,0.0,100.618,0.8259999999999934,-0.46214999999999407,-1.7518500000000046,-1.4268333333333345,0.6817067429132048,22.0,0.0,1.0,0.0,0.0,0.0,0.0,0.0,0.0,0.0,1.0,0.0,1.0,9.816398104265367,9.0,0.0,9.0,0.6,98.718,0,99.02463168684992
PER,7.0,1.0,SOFT,RED BULL RACING,0.0,1.0,0.0,0.0,0.0,0.0,0.0,0.0,0.0,0.0,0.0,0.0,1.0,0.0,0.0,0.0,0.0,0.0,0.0,0.0,0.0,100.5375,-0.08050000000000068,-0.05637499999998852,-1.7631250000000023,-1.6891666666666652,0.6006996615059205,22.0,0.0,1.0,0.0,0.0,0.0,0.0,0.0,0.0,0.0,1.0,0.0,1.0,9.907109004739283,10.0,0.0,10.0,0.6,98.804,0,99.17195802421989
PER,8.0,1.0,SOFT,RED BULL RACING,0.0,1.0,0.0,0.0,0.0,0.0,0.0,0.0,0.0,0.0,0.0,0.0,1.0,0.0,0.0,0.0,0.0,0.0,0.0,0.0,0.0,100.60499999999999,0.06749999999999545,-0.03246428571427318,-1.7685357142857145,-1.9448333333333256,0.23328862666948824,21.0,0.0,1.0,0.0,0.0,0.0,0.0,0.0,0.0,0.0,1.0,0.0,1.0,10.897819905213211,11.0,0.0,11.0,0.8999999999999999,99.172,0,99.60128436158988
PER,9.0,1.0,SOFT,RED BULL RACING,0.0,1.0,0.0,0.0,0.0,0.0,0.0,0.0,0.0,0.0,0.0,0.0,1.0,0.0,0.0,0.0,0.0,0.0,0.0,0.0,0.0,100.70400000000001,0.09900000000001796,0.20696874999999082,-1.7389687500000015,-1.7174999999999965,0.16091379679814913,21.0,0.0,1.0,0.0,0.0,0.0,0.0,0.0,0.0,0.0,1.0,0.0,1.0,10.688530805687165,12.0,0.0,12.0,0.6,98.914,0,99.40461069895986
PER,10.0,1.0,SOFT,RED BULL RACING,0.0,1.0,0.0,0.0,0.0,0.0,0.0,0.0,0.0,0.0,0.0,0.0,1.0,0.0,0.0,0.0,0.0,0.0,0.0,0.0,0.0,100.8245,0.12049999999999272,-0.1524722222222199,-1.758027777777779,-1.7478333333333325,0.19477059155152296,21.0,0.0,1.0,0.0,0.0,0.0,0.0,0.0,0.0,0.0,1.0,0.0,1.0,11.579241706161095,13.0,0.0,13.0,0.8,99.085,0,99.63693703632984
PER,11.0,1.0,SOFT,RED BULL RACING,0.0,1.0,0.0,0.0,0.0,0.0,0.0,0.0,0.0,0.0,0.0,0.0,1.0,0.0,0.0,0.0,0.0,0.0,0.0,0.0,0.0,100.9885,0.16400000000000148,-0.13092500000000618,-1.772575000000002,-1.782000000000006,0.21653463926124653,21.0,0.0,1.0,0.0,0.0,0.0,0.0,0.0,0.0,0.0,1.0,0.0,1.0,9.669952606635036,14.0,0.0,14.0,0.6,99.249,0,99.86226337369982
PER,12.0,1.0,SOFT,RED BULL RACING,0.0,1.0,0.0,0.0,0.0,0.0,0.0,0.0,0.0,0.0,0.0,0.0,1.0,0.0,0.0,0.0,0.0,0.0,0.0,0.0,0.0,101.24950000000001,0.2610000000000099,-0.2072045454545588,-1.7932954545454578,-1.9381666666666746,0.05409559439856509,21.0,0.0,1.0,0.0,0.0,0.0,0.0,0.0,0.0,0.0,1.0,0.0,1.0,10.360663507108967,15.0,0.0,15.0,0.8999999999999999,99.197,0,99.8715897110698
PER,13.0,1.0,SOFT,RED BULL RACING,0.0,1.0,0.0,0.0,0.0,0.0,0.0,0.0,0.0,0.0,0.0,0.0,1.0,0.0,0.0,0.0,0.0,0.0,0.0,0.0,0.0,101.134,-0.11550000000001148,-0.13172916666666157,-1.805270833333336,-1.9470000000000074,0.04926712900099325,21.0,0.0,1.0,0.0,0.0,0.0,0.0,0.0,0.0,0.0,1.0,0.0,1.0,9.451374407582875,16.0,0.0,16.0,0.8999999999999999,99.336,0,100.07191604843979
PER,14.0,1.0,SOFT,RED BULL RACING,0.0,1.0,0.0,0.0,0.0,0.0,0.0,0.0,0.0,0.0,0.0,0.0,1.0,0.0,0.0,0.0,0.0,0.0,0.0,0.0,0.0,100.7305,-0.403499999999994,0.37917307692307234,-1.7736730769230802,-1.7773333333333408,0.3330601797473448,21.0,0.0,1.0,0.0,0.0,0.0,0.0,0.0,0.0,0.0,1.0,0.0,1.0,10.042085308056805,17.0,0.0,17.0,0.8,98.739,0,99.53624238580977
PER,15.0,1.0,SOFT,RED BULL RACING,0.0,1.0,0.0,0.0,0.0,0.0,0.0,0.0,0.0,0.0,0.0,0.0,1.0,0.0,0.0,0.0,0.0,0.0,0.0,0.0,0.0,98.859,-1.8715000000000117,1.5355535714285833,-1.6555535714285736,-1.1504999999999985,0.9327509045827884,21.0,0.0,1.0,0.0,0.0,0.0,0.0,0.0,0.0,0.0,1.0,0.0,1.0,10.632796208530735,18.0,0.0,18.0,0.8,98.608,0,99.46656872317976
PER,16.0,1.0,SOFT,RED BULL RACING,0.0,1.0,0.0,0.0,0.0,0.0,0.0,0.0,0.0,0.0,0.0,0.0,1.0,0.0,0.0,0.0,0.0,0.0,0.0,0.0,0.0,98.975,0.11599999999999966,1.2026500000000113,-1.5696500000000015,-0.6271666666666628,0.6759087093190523,21.0,0.0,1.0,0.0,0.0,0.0,0.0,0.0,0.0,0.0,1.0,0.0,1.0,11.223507109004665,19.0,0.0,19.0,0.6,98.77,0,99.68989506054973
PER,17.0,1.0,SOFT,RED BULL RACING,0.0,1.0,0.0,0.0,0.0,0.0,0.0,0.0,0.0,0.0,0.0,0.0,1.0,0.0,0.0,0.0,0.0,0.0,0.0,0.0,0.0,98.945,-0.030000000000001137,1.307484375000004,-1.4824843750000012,-0.22066666666665924,0.12967780586258248,20.0,0.0,1.0,0.0,0.0,0.0,0.0,0.0,0.0,0.0,1.0,0.0,1.0,7.8142180094786085,20.0,0.0,20.0,0.6,101.36,1,102.34122139791971
PER,18.0,2.0,SOFT,RED BULL RACING,0.0,1.0,0.0,0.0,0.0,0.0,0.0,0.0,0.0,0.0,0.0,0.0,1.0,0.0,0.0,0.0,0.0,0.0,0.0,0.0,0.0,98.996,0.05100000000000193,3.6202205882352994,-1.256220588235295,0.6073333333333389,1.524343902580166,21.0,0.0,2.0,0.0,0.0,0.0,0.0,0.0,0.0,0.0,1.0,0.0,1.0,1.1721327014217913,3.0,0.0,3.0,0.6,103.98475,0,105.02729773528971
PER,19.0,2.0,SOFT,RED BULL RACING,0.0,1.0,0.0,0.0,0.0,0.0,0.0,0.0,0.0,0.0,0.0,0.0,1.0,0.0,0.0,0.0,0.0,0.0,0.0,0.0,0.0,98.886,-0.10999999999999943,6.001916666666677,-0.9031666666666669,2.4292500000000055,2.6374804146192288,21.0,0.0,2.0,0.0,0.0,0.0,0.0,0.0,0.0,0.0,1.0,0.0,1.0,1.5628436018957217,4.0,0.0,4.0,0.4,97.659,0,98.76287407265968
PER,20.0,2.0,SOFT,RED BULL RACING,0.0,1.0,0.0,0.0,0.0,0.0,0.0,0.0,0.0,0.0,0.0,0.0,1.0,0.0,0.0,0.0,0.0,0.0,0.0,0.0,0.0,98.794,-0.09199999999999875,-0.21963157894735952,-0.9153684210526314,2.109250000000008,3.1246732529178156,21.0,0.0,2.0,0.0,0.0,0.0,0.0,0.0,0.0,0.0,1.0,0.0,1.0,1.453554502369645,5.0,0.0,5.0,0.6,97.448,0,98.61320041002966
PER,21.0,2.0,SOFT,RED BULL RACING,0.0,1.0,0.0,0.0,0.0,0.0,0.0,0.0,0.0,0.0,0.0,0.0,1.0,0.0,0.0,0.0,0.0,0.0,0.0,0.0,0.0,98.809,0.015000000000000568,-0.4233500000000042,-0.93765,0.8675833333333381,3.666039759854408,21.0,0.0,2.0,0.0,0.0,0.0,0.0,0.0,0.0,0.0,1.0,0.0,1.0,1.1442654028435868,6.0,0.0,6.0,0.6,97.24,0,98.46652674739964
PER,22.0,2.0,SOFT,RED BULL RACING,0.0,1.0,0.0,0.0,0.0,0.0,0.0,0.0,0.0,0.0,0.0,0.0,1.0,0.0,0.0,0.0,0.0,0.0,0.0,0.0,0.0,98.888,0.07900000000000773,-0.6765238095238194,-0.9714761904761909,-1.381333333333335,0.25710374041101586,21.0,0.0,2.0,0.0,0.0,0.0,0.0,0.0,0.0,0.0,1.0,0.0,1.0,1.334976303317518,7.0,0.0,7.0,0.5,97.169,0,98.45685308476962
PER,23.0,2.0,SOFT,RED BULL RACING,0.0,1.0,0.0,0.0,0.0,0.0,0.0,0.0,0.0,0.0,0.0,0.0,1.0,0.0,0.0,0.0,0.0,0.0,0.0,0.0,0.0,98.913,0.024999999999991473,-0.7374090909090902,-1.0065909090909095,-1.584333333333338,0.19927953566116519,21.0,0.0,2.0,0.0,0.0,0.0,0.0,0.0,0.0,0.0,1.0,0.0,1.0,0.7256872037914377,8.0,0.0,8.0,0.5,97.304,0,98.65317942213962
PER,24.0,2.0,SOFT,RED BULL RACING,0.0,1.0,0.0,0.0,0.0,0.0,0.0,0.0,0.0,0.0,0.0,0.0,1.0,0.0,0.0,0.0,0.0,0.0,0.0,0.0,0.0,99.027,0.11400000000000432,-0.685260869565216,-1.037739130434783,-1.705000000000003,0.05046781152374104,21.0,0.0,2.0,0.0,0.0,0.0,0.0,0.0,0.0,0.0,1.0,0.0,1.0,-0.08360189573464538,9.0,0.0,9.0,0.8,97.352,0,98.7625057595096
PER,25.0,2.0,SOFT,RED BULL RACING,0.0,1.0,0.0,0.0,0.0,0.0,0.0,0.0,0.0,0.0,0.0,0.0,1.0,0.0,0.0,0.0,0.0,0.0,0.0,0.0,0.0,98.947,-0.0799999999999983,-0.5340416666666652,-1.0609583333333337,-1.6873333333333325,0.08064944719791868,21.0,0.0,2.0,0.0,0.0,0.0,0.0,0.0,0.0,0.0,1.0,0.0,1.0,-0.09289099526071709,10.0,0.0,10.0,0.6,98.418,0,99.88983209687959
PER,26.0,2.0,SOFT,RED BULL RACING,0.0,1.0,0.0,0.0,0.0,0.0,0.0,0.0,0.0,0.0,0.0,0.0,1.0,0.0,0.0,0.0,0.0,0.0,0.0,0.0,0.0,99.066,0.11899999999999977,0.3964400000000041,-1.0444400000000003,-1.321999999999998,0.5871992847407077,21.0,0.0,2.0,0.0,0.0,0.0,0.0,0.0,0.0,0.0,1.0,0.0,1.0,-0.1021800947867888,11.0,0.0,11.0,0.5,97.454,0,98.98715843424955
PER,27.0,2.0,SOFT,RED BULL RACING,0.0,1.0,0.0,0.0,0.0,0.0,0.0,0.0,0.0,0.0,0.0,0.0,1.0,0.0,0.0,0.0,0.0,0.0,0.0,0.0,0.0,99.5,0.4339999999999975,-0.9630384615384675,-1.082961538461539,-1.429666666666667,0.7135140736757313,21.0,0.0,2.0,0.0,0.0,0.0,0.0,0.0,0.0,0.0,1.0,0.0,1.0,-0.11146919431286051,12.0,0.0,12.0,0.6,97.387,0,98.98148477161953
PER,28.0,2.0,SOFT,RED BULL RACING,0.0,1.0,0.0,0.0,0.0,0.0,0.0,0.0,0.0,0.0,0.0,0.0,1.0,0.0,0.0,0.0,0.0,0.0,0.0,0.0,0.0,99.235,-0.26500000000000057,-0.7367037037037023,-1.1112962962962967,-1.5140000000000005,0.7564839720707922,21.0,0.0,2.0,0.0,0.0,0.0,0.0,0.0,0.0,0.0,1.0,0.0,1.0,-0.12075829383893222,13.0,0.0,13.0,0.5,97.211,0,98.86681110898952
PER,29.0,2.0,SOFT,RED BULL RACING,0.0,1.0,0.0,0.0,0.0,0.0,0.0,0.0,0.0,0.0,0.0,0.0,1.0,0.0,0.0,0.0,0.0,0.0,0.0,0.0,0.0,98.474,-0.7609999999999957,-0.14628571428571902,-1.1167142857142862,-1.7190000000000036,0.4071277440804004,21.0,0.0,2.0,0.0,0.0,0.0,0.0,0.0,0.0,0.0,1.0,0.0,1.0,-0.13004739336500393,14.0,0.0,14.0,0.6,97.733,0,99.4501374463595
PER,30.0,2.0,SOFT,RED BULL RACING,0.0,1.0,0.0,0.0,0.0,0.0,0.0,0.0,0.0,0.0,0.0,0.0,1.0,0.0,0.0,0.0,0.0,0.0,0.0,0.0,0.0,98.447,-0.027000000000001023,0.3888275862068984,-1.102827586206897,-1.275000000000001,0.5670952300980823,21.0,0.0,2.0,0.0,0.0,0.0,0.0,0.0,0.0,0.0,1.0,0.0,1.0,-3.139336492891065,15.0,0.0,15.0,0.6,97.4,0,99.1784637837295
PER,31.0,2.0,SOFT,RED BULL RACING,0.0,1.0,0.0,0.0,0.0,0.0,0.0,0.0,0.0,0.0,0.0,0.0,1.0,0.0,0.0,0.0,0.0,0.0,0.0,0.0,0.0,98.39,-0.05700000000000216,0.10906666666667197,-1.0990666666666669,-0.9889999999999995,0.2745013661168171,21.0,0.0,2.0,0.0,0.0,0.0,0.0,0.0,0.0,0.0,1.0,0.0,1.0,-3.348625592417136,16.0,0.0,16.0,0.6,97.919,0,99.75879012109947
PER,32.0,2.0,SOFT,RED BULL RACING,0.0,1.0,0.0,0.0,0.0,0.0,0.0,0.0,0.0,0.0,0.0,0.0,1.0,0.0,0.0,0.0,0.0,0.0,0.0,0.0,0.0,98.104,-0.28600000000000136,0.8845806451612883,-1.0695806451612906,-0.6296666666666653,0.4090725282065856,21.0,0.0,2.0,0.0,0.0,0.0,0.0,0.0,0.0,0.0,1.0,0.0,1.0,-5.257914691943171,17.0,0.0,17.0,0.6,97.722,0,99.62311645846944
PER,33.0,2.0,SOFT,RED BULL RACING,0.0,1.0,0.0,0.0,0.0,0.0,0.0,0.0,0.0,0.0,0.0,0.0,1.0,0.0,0.0,0.0,0.0,0.0,0.0,0.0,0.0,97.902,-0.20199999999999818,0.8617812499999937,-1.0417812500000005,-0.451666666666668,0.4662170453054303,21.0,0.0,2.0,0.0,0.0,0.0,0.0,0.0,0.0,0.0,1.0,0.0,1.0,-5.56720379146924,18.0,0.0,18.0,0.6,97.869,0,99.83144279583944
PER,34.0,2.0,SOFT,RED BULL RACING,0.0,1.0,0.0,0.0,0.0,0.0,0.0,0.0,0.0,0.0,0.0,0.0,1.0,0.0,0.0,0.0,0.0,0.0,0.0,0.0,0.0,97.775,-0.12699999999999534,1.1013636363636312,-1.0073636363636371,-0.09033333333333833,0.15965692385027014,21.0,0.0,2.0,0.0,0.0,0.0,0.0,0.0,0.0,0.0,1.0,0.0,1.0,-5.8764928909953085,19.0,0.0,19.0,0.5,100.686,1,102.70976913320942
PER,35.0,3.0,HARD,RED BULL RACING,0.0,0.0,0.0,0.0,0.0,0.0,0.0,0.0,0.0,0.0,0.0,0.0,1.0,0.0,0.0,0.0,0.0,0.0,0.0,0.0,0.0,97.902,0.12699999999999534,3.679852941176477,-0.8958529411764711,0.8993333333333311,1.6379088293715727,21.0,1.0,3.0,0.0,0.0,0.0,0.0,0.0,0.0,0.0,1.0,0.0,1.0,-0.30928909952606887,1.0,0.0,0.0,0.5,103.98475,0,106.06984547057941
PER,36.0,3.0,HARD,RED BULL RACING,0.0,0.0,0.0,0.0,0.0,0.0,0.0,0.0,0.0,0.0,0.0,0.0,1.0,0.0,0.0,0.0,0.0,0.0,0.0,0.0,0.0,97.87,-0.031999999999996476,6.810300000000002,-0.6955500000000004,2.9975833333333335,3.0160522244870616,21.0,1.0,3.0,0.0,0.0,0.0,0.0,0.0,0.0,0.0,1.0,0.0,1.0,-0.6185781990521377,2.0,0.0,0.0,0.4,96.82,0,98.96642180794937
PER,37.0,3.0,HARD,RED BULL RACING,0.0,0.0,0.0,0.0,0.0,0.0,0.0,0.0,0.0,0.0,0.0,0.0,1.0,0.0,0.0,0.0,0.0,0.0,0.0,0.0,0.0,97.754,-0.11599999999999966,-0.23182638888889984,-0.7021736111111119,2.654916666666665,3.5261474757635107,21.0,1.0,3.0,0.0,0.0,0.0,0.0,0.0,0.0,0.0,1.0,0.0,1.0,-0.9278672985782066,3.0,0.0,0.0,0.4,96.344,0,98.55174814531935
PER,38.0,3.0,HARD,RED BULL RACING,0.0,0.0,0.0,0.0,0.0,0.0,0.0,0.0,0.0,0.0,0.0,0.0,1.0,0.0,0.0,0.0,0.0,0.0,0.0,0.0,0.0,97.831,0.07699999999999818,-0.7636148648648728,-0.7233851351351361,1.2312499999999933,4.238263965056925,21.0,1.0,3.0,0.0,0.0,0.0,0.0,0.0,0.0,0.0,1.0,0.0,1.0,-1.6371563981042812,4.0,0.0,0.0,0.6,96.431,0,98.70007448268935
PER,39.0,3.0,HARD,RED BULL RACING,0.0,0.0,0.0,0.0,0.0,0.0,0.0,0.0,0.0,0.0,0.0,0.0,1.0,0.0,0.0,0.0,0.0,0.0,0.0,0.0,0.0,98.015,0.1839999999999975,-0.83796710526316,-0.7460328947368432,-1.335000000000008,0.35064654568380216,21.0,1.0,3.0,0.0,0.0,0.0,0.0,0.0,0.0,0.0,1.0,0.0,1.0,-2.0464454976303514,5.0,0.0,0.0,0.1,96.429,0,98.75940082005933
PER,40.0,3.0,HARD,RED BULL RACING,0.0,0.0,0.0,0.0,0.0,0.0,0.0,0.0,0.0,0.0,0.0,0.0,1.0,0.0,0.0,0.0,0.0,0.0,0.0,0.0,0.0,97.784,-0.23099999999999454,-0.593352564102567,-0.761647435897437,-1.4753333333333387,0.11494491434299357,21.0,1.0,3.0,0.0,0.0,0.0,0.0,0.0,0.0,0.0,1.0,0.0,1.0,-2.4557345971564217,6.0,0.0,0.0,0.4,97.114,0,99.50572715742932
PER,41.0,3.0,HARD,RED BULL RACING,0.0,0.0,0.0,0.0,0.0,0.0,0.0,0.0,0.0,0.0,0.0,0.0,1.0,0.0,0.0,0.0,0.0,0.0,0.0,0.0,0.0,103.98475,6.200749999999999,-5.9563749999999995,-0.9143750000000012,-3.2699166666666692,3.1205145041856963,21.0,1.0,3.0,0.0,0.0,0.0,0.0,0.0,0.0,0.0,1.0,0.0,126.0,-3.565023696682502,7.0,0.0,0.0,0.1,103.98475,0,106.4378034947993
PER,42.0,3.0,HARD,RED BULL RACING,0.0,0.0,0.0,0.0,0.0,0.0,0.0,0.0,0.0,0.0,0.0,0.0,1.0,0.0,0.0,0.0,0.0,0.0,0.0,0.0,0.0,103.98475,0.0,0.8920731707317084,-0.8920731707317084,-2.7419166666666683,3.639293169124097,21.0,1.0,3.0,0.0,0.0,0.0,0.0,0.0,0.0,0.0,1.0,0.0,671.0,-4.074312796208574,8.0,0.0,0.0,0.1,99.657,0,102.17137983216927
PER,43.0,3.0,HARD,RED BULL RACING,0.0,0.0,0.0,0.0,0.0,0.0,0.0,0.0,0.0,0.0,0.0,0.0,1.0,0.0,0.0,0.0,0.0,0.0,0.0,0.0,0.0,97.061,-6.923749999999998,3.4050238095238003,-0.8090238095238108,-1.4249166666666706,4.891587627839583,21.0,1.0,3.0,0.0,0.0,0.0,0.0,0.0,0.0,0.0,1.0,0.0,1.0,-5.483601895734626,9.0,0.0,0.0,0.1,96.554,0,99.12970616953926
PER,44.0,3.0,HARD,RED BULL RACING,0.0,0.0,0.0,0.0,0.0,0.0,0.0,0.0,0.0,0.0,0.0,0.0,1.0,0.0,0.0,0.0,0.0,0.0,0.0,0.0,0.0,97.028,-0.03300000000000125,0.32723255813953256,-0.8012325581395363,0.7073333333333286,1.6527145347377177,21.0,1.0,3.0,0.0,0.0,0.0,0.0,0.0,0.0,0.0,1.0,0.0,1.0,-7.09289099526071,10.0,0.0,0.0,0.1,96.978,0,99.61503250690923
PER,45.0,3.0,HARD,RED BULL RACING,0.0,0.0,0.0,0.0,0.0,0.0,0.0,0.0,0.0,0.0,0.0,0.0,1.0,0.0,0.0,0.0,0.0,0.0,0.0,0.0,0.0,97.219,0.1909999999999883,0.5475000000000017,-0.7885000000000013,0.6269999999999953,1.709179042698563,21.0,1.0,3.0,0.0,0.0,0.0,0.0,0.0,0.0,0.0,1.0,0.0,1.0,-7.802180094786781,11.0,0.0,0.0,0.3,96.928,0,99.62635884427922
PER,46.0,3.0,HARD,RED BULL RACING,0.0,0.0,0.0,0.0,0.0,0.0,0.0,0.0,0.0,0.0,0.0,0.0,1.0,0.0,0.0,0.0,0.0,0.0,0.0,0.0,0.0,97.426,0.20700000000000784,0.2840444444444412,-0.7820444444444459,-0.40433333333333604,0.14195891424395815,21.0,1.0,3.0,0.0,0.0,0.0,0.0,0.0,0.0,0.0,1.0,0.0,1.0,-9.711469194312826,12.0,0.0,0.0,0.6,97.257,0,100.01668518164921
PER,47.0,3.0,HARD,RED BULL RACING,0.0,0.0,0.0,0.0,0.0,0.0,0.0,0.0,0.0,0.0,0.0,0.0,1.0,0.0,0.0,0.0,0.0,0.0,0.0,0.0,0.0,97.589,0.1629999999999967,0.44026086956522503,-0.7722608695652187,-0.3569999999999993,0.13031116606028198,21.0,1.0,3.0,0.0,0.0,0.0,0.0,0.0,0.0,0.0,1.0,0.0,1.0,-11.820758293838914,13.0,0.0,0.0,0.3,96.661,0,99.48201151901918
PER,48.0,3.0,HARD,RED BULL RACING,0.0,0.0,0.0,0.0,0.0,0.0,0.0,0.0,0.0,0.0,0.0,0.0,1.0,0.0,0.0,0.0,0.0,0.0,0.0,0.0,0.0,97.432,-0.15699999999999648,0.0012340425531919275,-0.7722340425531927,-0.5336666666666664,0.22166265660530998,21.0,1.0,3.0,0.0,0.0,0.0,0.0,0.0,0.0,0.0,1.0,0.0,1.0,-12.730047393364984,14.0,0.0,0.0,0.1,96.859,0,99.74133785638917
PER,49.0,3.0,HARD,RED BULL RACING,0.0,0.0,0.0,0.0,0.0,0.0,0.0,0.0,0.0,0.0,0.0,0.0,1.0,0.0,0.0,0.0,0.0,0.0,0.0,0.0,0.0,97.5,0.06799999999999784,0.12849999999999595,-0.7695000000000013,-0.5813333333333333,0.22550018477447895,21.0,1.0,3.0,0.0,0.0,0.0,0.0,0.0,0.0,0.0,1.0,0.0,1.0,-13.639336492891054,15.0,0.0,0.0,0.1,97.049,0,99.99266419375915
PER,50.0,3.0,HARD,RED BULL RACING,0.0,0.0,0.0,0.0,0.0,0.0,0.0,0.0,0.0,0.0,0.0,0.0,1.0,0.0,0.0,0.0,0.0,0.0,0.0,0.0,0.0,97.609,0.10899999999999466,0.20522448979593133,-0.7652244897959194,-0.6573333333333314,0.10644403850532437,21.0,1.0,3.0,0.0,0.0,0.0,0.0,0.0,0.0,0.0,1.0,0.0,1.0,-14.548625592417125,16.0,0.0,0.0,0.1,97.731,0,100.73599053112913
PER,51.0,3.0,HARD,RED BULL RACING,0.0,0.0,0.0,0.0,0.0,0.0,0.0,0.0,0.0,0.0,0.0,0.0,1.0,0.0,0.0,0.0,0.0,0.0,0.0,0.0,0.0,97.604,-0.0049999999999954525,0.8743799999999965,-0.7473800000000012,-0.3579999999999994,0.42197037810726284,21.0,1.0,3.0,0.0,0.0,0.0,0.0,0.0,0.0,0.0,1.0,0.0,1.0,-15.457914691943195,17.0,0.0,0.0,0.1,97.049,0,100.11531686849912
PER,52.0,3.0,HARD,RED BULL RACING,0.0,0.0,0.0,0.0,0.0,0.0,0.0,0.0,0.0,0.0,0.0,0.0,1.0,0.0,0.0,0.0,0.0,0.0,0.0,0.0,0.0,97.706,0.10200000000000387,0.08860784313725945,-0.7456078431372559,-0.36333333333332973,0.42740184058250985,21.0,1.0,3.0,0.0,0.0,0.0,0.0,0.0,0.0,0.0,1.0,0.0,1.0,-18.16720379146929,18.0,0.0,0.0,0.3,97.062,0,100.18964320586909
PER,53.0,3.0,HARD,RED BULL RACING,0.0,0.0,0.0,0.0,0.0,0.0,0.0,0.0,0.0,0.0,0.0,0.0,1.0,0.0,0.0,0.0,0.0,0.0,0.0,0.0,0.0,97.589,-0.11700000000000443,0.21440384615384622,-0.7414038461538472,-0.35233333333333405,0.42017298025137184,21.0,1.0,3.0,0.0,0.0,0.0,0.0,0.0,0.0,0.0,1.0,0.0,1.0,-19.176492890995362,19.0,0.0,0.0,0.1,97.345,0,100.53396954323908
PER,54.0,3.0,HARD,RED BULL RACING,0.0,0.0,0.0,0.0,0.0,0.0,0.0,0.0,0.0,0.0,0.0,0.0,1.0,0.0,0.0,0.0,0.0,0.0,0.0,0.0,0.0,97.778,0.18900000000000716,0.30258490566037155,-0.7355849056603785,-0.5390000000000015,0.1124811095250562,21.0,1.0,3.0,0.0,0.0,0.0,0.0,0.0,0.0,0.0,1.0,0.0,1.0,-22.18578199052139,20.0,0.0,0.0,0.4,97.296,0,100.54629588060907
PER,55.0,3.0,HARD,RED BULL RACING,0.0,0.0,0.0,0.0,0.0,0.0,0.0,0.0,0.0,0.0,0.0,0.0,1.0,0.0,0.0,0.0,0.0,0.0,0.0,0.0,0.0,97.78,0.001999999999995339,0.24692592592593232,-0.730925925925927,-0.4813333333333342,0.04705670338349357,21.0,1.0,3.0,0.0,0.0,0.0,0.0,0.0,0.0,0.0,1.0,0.0,1.0,-23.29507109004746,21.0,0.0,0.0,0.1,97.092,0,100.40362221797903
PER,56.0,3.0,HARD,RED BULL RACING,0.0,0.0,0.0,0.0,0.0,0.0,0.0,0.0,0.0,0.0,0.0,0.0,1.0,0.0,0.0,0.0,0.0,0.0,0.0,0.0,0.0,97.86,0.0799999999999983,-0.036399999999999655,-0.731600000000001,-0.5616666666666674,0.18050023084007888,21.0,1.0,3.0,0.0,0.0,0.0,0.0,0.0,0.0,0.0,1.0,0.0,1.0,-24.40436018957353,22.0,0.0,0.0,0.5,96.565,0,99.93794855534902
PER,57.0,3.0,HARD,RED BULL RACING,0.0,0.0,0.0,0.0,0.0,0.0,0.0,0.0,0.0,0.0,0.0,0.0,1.0,0.0,0.0,0.0,0.0,0.0,0.0,0.0,0.0,98.1105,0.2505000000000024,-0.7993660714285744,-0.7461339285714297,-0.9324999999999998,0.5495368504477132,21.0,1.0,3.0,0.0,0.0,0.0,0.0,0.0,0.0,0.0,1.0,0.0,1.0,-27.813649289099633,23.0,0.0,0.0,0.6,96.558,0,99.99227489271901
PIA,4.0,1.0,SOFT,MCLAREN,0.0,1.0,0.0,0.0,0.0,0.0,0.0,0.0,0.0,0.0,0.0,0.0,0.0,1.0,0.0,0.0,0.0,0.0,0.0,0.0,0.0,99.8625,-0.556500000000014,0.41533333333334116,0.4131666666666642,0.4131666666666642,0.41425424962616325,22.0,1.0,1.0,0.0,0.0,0.0,0.0,0.0,1.0,0.0,0.0,0.0,1.0,4.7628436018957245,4.0,0.0,4.0,0.8,100.718,0,100.90197901210995
PIA,5.0,1.0,SOFT,MCLAREN,0.0,1.0,0.0,0.0,0.0,0.0,0.0,0.0,0.0,0.0,0.0,0.0,0.0,1.0,0.0,0.0,0.0,0.0,0.0,0.0,0.0,99.792,-0.07049999999999557,0.3846250000000033,0.5413749999999986,0.7218333333333314,0.2735682425526368,22.0,1.0,1.0,0.0,0.0,0.0,0.0,0.0,1.0,0.0,0.0,0.0,1.0,5.453554502369649,5.0,0.0,5.0,0.8999999999999999,100.862,0,101.10730534947993
PIA,6.0,1.0,SOFT,MCLAREN,0.0,1.0,0.0,0.0,0.0,0.0,0.0,0.0,0.0,0.0,0.0,0.0,0.0,1.0,0.0,0.0,0.0,0.0,0.0,0.0,0.0,100.618,0.8259999999999934,-0.23789999999999906,0.48189999999999883,0.666166666666669,0.36884289790279934,22.0,1.0,1.0,0.0,0.0,0.0,0.0,0.0,1.0,0.0,0.0,0.0,1.0,6.544265402843578,6.0,0.0,6.0,0.6,101.111,0,101.41763168684992
PIA,7.0,1.0,SOFT,MCLAREN,0.0,1.0,0.0,0.0,0.0,0.0,0.0,0.0,0.0,0.0,0.0,0.0,0.0,1.0,0.0,0.0,0.0,0.0,0.0,0.0,0.0,100.5375,-0.08050000000000068,0.07633333333334252,0.49716666666666737,0.5811666666666705,0.34106463219356836,21.0,1.0,1.0,0.0,0.0,0.0,0.0,0.0,1.0,0.0,0.0,0.0,1.0,6.934976303317498,7.0,0.0,7.0,0.6,101.167,0,101.53495802421989
PIA,8.0,1.0,SOFT,MCLAREN,0.0,1.0,0.0,0.0,0.0,0.0,0.0,0.0,0.0,0.0,0.0,0.0,0.0,1.0,0.0,0.0,0.0,0.0,0.0,0.0,0.0,100.60499999999999,0.06749999999999545,0.05557142857143815,0.5064285714285737,0.4598333333333405,0.18700557032702464,21.0,1.0,1.0,0.0,0.0,0.0,0.0,0.0,1.0,0.0,0.0,0.0,1.0,7.925687203791426,8.0,0.0,8.0,0.8999999999999999,101.295,0,101.72428436158988
PIA,9.0,1.0,SOFT,MCLAREN,0.0,1.0,0.0,0.0,0.0,0.0,0.0,0.0,0.0,0.0,0.0,0.0,0.0,1.0,0.0,0.0,0.0,0.0,0.0,0.0,0.0,100.70400000000001,0.09900000000001796,0.07399999999999274,0.5170000000000012,0.5755000000000052,0.014603081866502611,21.0,1.0,1.0,0.0,0.0,0.0,0.0,0.0,1.0,0.0,0.0,0.0,1.0,8.016398104265374,9.0,0.0,9.0,0.6,101.534,0,102.02461069895986
PIA,10.0,1.0,SOFT,MCLAREN,0.0,1.0,0.0,0.0,0.0,0.0,0.0,0.0,0.0,0.0,0.0,0.0,0.0,1.0,0.0,0.0,0.0,0.0,0.0,0.0,0.0,100.8245,0.12049999999999272,0.171111111111115,0.5383888888888906,0.6208333333333371,0.07814463086695951,21.0,1.0,1.0,0.0,0.0,0.0,0.0,0.0,1.0,0.0,0.0,0.0,1.0,8.907109004739304,10.0,0.0,10.0,0.8,101.584,0,102.13593703632985
PIA,11.0,1.0,SOFT,MCLAREN,0.0,1.0,0.0,0.0,0.0,0.0,0.0,0.0,0.0,0.0,0.0,0.0,0.0,1.0,0.0,0.0,0.0,0.0,0.0,0.0,0.0,100.9885,0.16400000000000148,0.05139999999999956,0.5441000000000017,0.6320000000000002,0.06715467221274096,21.0,1.0,1.0,0.0,0.0,0.0,0.0,0.0,1.0,0.0,0.0,0.0,1.0,7.5978199052132425,11.0,0.0,11.0,0.6,101.352,0,101.96526337369983
PIA,12.0,1.0,SOFT,MCLAREN,0.0,1.0,0.0,0.0,0.0,0.0,0.0,0.0,0.0,0.0,0.0,0.0,0.0,1.0,0.0,0.0,0.0,0.0,0.0,0.0,0.0,101.24950000000001,0.2610000000000099,-0.40145454545455417,0.5039545454545462,0.4691666666666663,0.32261793709175224,21.0,1.0,1.0,0.0,0.0,0.0,0.0,0.0,1.0,0.0,0.0,0.0,1.0,8.288530805687174,12.0,0.0,12.0,0.8999999999999999,101.156,0,101.8305897110698
PIA,13.0,1.0,SOFT,MCLAREN,0.0,1.0,0.0,0.0,0.0,0.0,0.0,0.0,0.0,0.0,0.0,0.0,0.0,1.0,0.0,0.0,0.0,0.0,0.0,0.0,0.0,101.134,-0.11550000000001148,-0.4417916666666623,0.4637916666666679,0.23999999999999963,0.31049194836581573,21.0,1.0,1.0,0.0,0.0,0.0,0.0,0.0,1.0,0.0,0.0,0.0,1.0,7.679241706161086,13.0,0.0,13.0,0.8,103.98475,0,104.7206660484398
RUS,4.0,1.0,SOFT,MERCEDES,0.0,1.0,0.0,0.0,0.0,0.0,0.0,0.0,0.0,0.0,0.0,0.0,0.0,0.0,1.0,0.0,0.0,0.0,0.0,0.0,0.0,99.8625,-0.556500000000014,0.2042500000000066,-0.9737500000000002,-0.9737500000000002,0.30370349438226735,22.0,0.0,1.0,0.0,0.0,0.0,0.0,0.0,0.0,1.0,0.0,0.0,1.0,9.034976303317503,7.0,0.0,7.0,0.4,99.261,0,99.44497901210994
RUS,5.0,1.0,SOFT,MERCEDES,0.0,1.0,0.0,0.0,0.0,0.0,0.0,0.0,0.0,0.0,0.0,0.0,0.0,0.0,1.0,0.0,0.0,0.0,0.0,0.0,0.0,99.792,-0.07049999999999557,0.3320624999999957,-0.8630625000000016,-0.7098333333333358,0.15770568579899974,22.0,0.0,1.0,0.0,0.0,0.0,0.0,0.0,0.0,1.0,0.0,0.0,1.0,8.725687203791438,8.0,0.0,8.0,0.8999999999999999,99.549,0,99.79430534947994
RUS,6.0,1.0,SOFT,MERCEDES,0.0,1.0,0.0,0.0,0.0,0.0,0.0,0.0,0.0,0.0,0.0,0.0,0.0,0.0,1.0,0.0,0.0,0.0,0.0,0.0,0.0,100.618,0.8259999999999934,-0.1647499999999894,-0.904249999999999,-0.7898333333333293,0.2695757469308556,22.0,0.0,1.0,0.0,0.0,0.0,0.0,0.0,0.0,1.0,0.0,0.0,1.0,9.816398104265367,9.0,0.0,9.0,0.6,99.493,0,99.7996316868499
RUS,7.0,1.0,SOFT,MERCEDES,0.0,1.0,0.0,0.0,0.0,0.0,0.0,0.0,0.0,0.0,0.0,0.0,0.0,0.0,1.0,0.0,0.0,0.0,0.0,0.0,0.0,100.5375,-0.08050000000000068,-0.11687500000000028,-0.927624999999999,-0.8814999999999978,0.3037889892672143,22.0,0.0,1.0,0.0,0.0,0.0,0.0,0.0,0.0,1.0,0.0,0.0,1.0,9.907109004739283,10.0,0.0,10.0,0.6,100.056,0,100.42395802421989
RUS,8.0,1.0,SOFT,MERCEDES,0.0,1.0,0.0,0.0,0.0,0.0,0.0,0.0,0.0,0.0,0.0,0.0,0.0,0.0,1.0,0.0,0.0,0.0,0.0,0.0,0.0,100.60499999999999,0.06749999999999545,0.32453571428572003,-0.8735357142857124,-0.8874999999999934,0.293405436214124,21.0,0.0,1.0,0.0,0.0,0.0,0.0,0.0,0.0,1.0,0.0,0.0,1.0,10.897819905213211,11.0,0.0,11.0,0.8999999999999999,100.31,0,100.73928436158988
RUS,9.0,1.0,SOFT,MERCEDES,0.0,1.0,0.0,0.0,0.0,0.0,0.0,0.0,0.0,0.0,0.0,0.0,0.0,0.0,1.0,0.0,0.0,0.0,0.0,0.0,0.0,100.70400000000001,0.09900000000001796,0.41959374999999355,-0.813593749999999,-0.6624999999999991,0.3397782365013969,21.0,0.0,1.0,0.0,0.0,0.0,0.0,0.0,0.0,1.0,0.0,0.0,1.0,10.688530805687165,12.0,0.0,12.0,0.6,100.42,0,100.91061069895986
RUS,10.0,1.0,SOFT,MERCEDES,0.0,1.0,0.0,0.0,0.0,0.0,0.0,0.0,0.0,0.0,0.0,0.0,0.0,0.0,1.0,0.0,0.0,0.0,0.0,0.0,0.0,100.8245,0.12049999999999272,0.36363888888888907,-0.7681388888888878,-0.44916666666666555,0.08661745397627654,21.0,0.0,1.0,0.0,0.0,0.0,0.0,0.0,0.0,1.0,0.0,0.0,1.0,11.579241706161095,13.0,0.0,13.0,0.8,100.532,0,101.08393703632984
RUS,11.0,1.0,SOFT,MERCEDES,0.0,1.0,0.0,0.0,0.0,0.0,0.0,0.0,0.0,0.0,0.0,0.0,0.0,0.0,1.0,0.0,0.0,0.0,0.0,0.0,0.0,100.9885,0.16400000000000148,0.28047499999999415,-0.7369749999999996,-0.41833333333333655,0.033467646068008505,21.0,0.0,1.0,0.0,0.0,0.0,0.0,0.0,0.0,1.0,0.0,0.0,1.0,9.669952606635036,14.0,0.0,14.0,0.6,101.085,0,101.69826337369982
RUS,12.0,1.0,SOFT,MERCEDES,0.0,1.0,0.0,0.0,0.0,0.0,0.0,0.0,0.0,0.0,0.0,0.0,0.0,0.0,1.0,0.0,0.0,0.0,0.0,0.0,0.0,101.24950000000001,0.2610000000000099,0.5204318181818014,-0.6849318181818195,-0.34183333333334076,0.15576049991358765,21.0,0.0,1.0,0.0,0.0,0.0,0.0,0.0,0.0,1.0,0.0,0.0,1.0,10.360663507108967,15.0,0.0,15.0,0.8999999999999999,101.112,0,101.7865897110698
RUS,13.0,1.0,SOFT,MERCEDES,0.0,1.0,0.0,0.0,0.0,0.0,0.0,0.0,0.0,0.0,0.0,0.0,0.0,0.0,1.0,0.0,0.0,0.0,0.0,0.0,0.0,101.134,-0.11550000000001148,0.607687499999996,-0.6296875000000016,-0.21433333333334303,0.22149510905058997,21.0,0.0,1.0,0.0,0.0,0.0,0.0,0.0,0.0,1.0,0.0,0.0,1.0,9.451374407582875,16.0,0.0,16.0,0.8999999999999999,103.98475,1,104.7206660484398
RUS,14.0,2.0,HARD,MERCEDES,0.0,0.0,0.0,0.0,0.0,0.0,0.0,0.0,0.0,0.0,0.0,0.0,0.0,0.0,1.0,0.0,0.0,0.0,0.0,0.0,0.0,100.7305,-0.403499999999994,3.5851730769230774,-0.33092307692307854,1.0225833333333252,1.9339929280722197,21.0,1.0,2.0,0.0,0.0,0.0,0.0,0.0,0.0,1.0,0.0,0.0,1.0,0.5907109004739297,1.0,0.0,0.0,0.8,103.98475,0,104.78199238580977
RUS,15.0,2.0,HARD,MERCEDES,0.0,0.0,0.0,0.0,0.0,0.0,0.0,0.0,0.0,0.0,0.0,0.0,0.0,0.0,1.0,0.0,0.0,0.0,0.0,0.0,0.0,98.859,-1.8715000000000117,5.066910714285726,0.05883928571428498,2.7860000000000014,2.6056239295992123,21.0,1.0,2.0,0.0,0.0,0.0,0.0,0.0,0.0,1.0,0.0,0.0,1.0,1.1814218009478594,2.0,0.0,0.0,0.6,97.46,0,98.31856872317975
RUS,16.0,2.0,HARD,MERCEDES,0.0,0.0,0.0,0.0,0.0,0.0,0.0,0.0,0.0,0.0,0.0,0.0,0.0,0.0,1.0,0.0,0.0,0.0,0.0,0.0,0.0,98.975,0.11599999999999966,-1.4689166666666664,-0.04608333333333405,2.288333333333336,3.4241256396098207,21.0,1.0,2.0,0.0,0.0,0.0,0.0,0.0,0.0,1.0,0.0,0.0,1.0,1.4721327014217849,3.0,0.0,0.0,0.8,97.833,0,98.75289506054973
RUS,17.0,2.0,HARD,MERCEDES,0.0,0.0,0.0,0.0,0.0,0.0,0.0,0.0,0.0,0.0,0.0,0.0,0.0,0.0,1.0,0.0,0.0,0.0,0.0,0.0,0.0,98.945,-0.030000000000001137,-0.9992968749999944,-0.11270312500000035,0.8329166666666717,3.723159380262061,20.0,1.0,2.0,0.0,0.0,0.0,0.0,0.0,0.0,1.0,0.0,0.0,1.0,1.5628436018957217,4.0,0.0,0.0,0.6,98.604,0,99.58522139791971
RUS,18.0,2.0,HARD,MERCEDES,0.0,0.0,0.0,0.0,0.0,0.0,0.0,0.0,0.0,0.0,0.0,0.0,0.0,0.0,1.0,0.0,0.0,0.0,0.0,0.0,0.0,98.996,0.05100000000000193,-0.2628676470588194,-0.12913235294117656,-1.0063333333333304,0.5689080183415751,21.0,1.0,2.0,0.0,0.0,0.0,0.0,0.0,0.0,1.0,0.0,0.0,1.0,1.9535545023696521,5.0,0.0,0.0,0.6,98.427,0,99.46954773528971
RUS,19.0,2.0,HARD,MERCEDES,0.0,0.0,0.0,0.0,0.0,0.0,0.0,0.0,0.0,0.0,0.0,0.0,0.0,0.0,1.0,0.0,0.0,0.0,0.0,0.0,0.0,98.886,-0.10999999999999943,-0.31154166666665617,-0.1474583333333328,-0.6543333333333266,0.397764167985675,20.0,1.0,2.0,0.0,0.0,0.0,0.0,0.0,0.0,1.0,0.0,0.0,1.0,2.3442654028435825,6.0,0.0,0.0,0.6,98.512,0,99.61587407265968
RUS,20.0,2.0,HARD,MERCEDES,0.0,0.0,0.0,0.0,0.0,0.0,0.0,0.0,0.0,0.0,0.0,0.0,0.0,0.0,1.0,0.0,0.0,0.0,0.0,0.0,0.0,98.794,-0.09199999999999875,-0.12746052631578664,-0.15453947368420984,-0.37766666666666043,0.08936628745413257,21.0,1.0,2.0,0.0,0.0,0.0,0.0,0.0,0.0,1.0,0.0,0.0,1.0,2.034976303317503,7.0,0.0,0.0,0.6,98.578,0,99.74320041002967
RUS,21.0,2.0,HARD,MERCEDES,0.0,0.0,0.0,0.0,0.0,0.0,0.0,0.0,0.0,0.0,0.0,0.0,0.0,0.0,1.0,0.0,0.0,0.0,0.0,0.0,0.0,98.809,0.015000000000000568,-0.07263749999999547,-0.15836249999999907,-0.32399999999999335,0.11966202405107924,21.0,1.0,2.0,0.0,0.0,0.0,0.0,0.0,0.0,1.0,0.0,0.0,1.0,1.525687203791449,8.0,0.0,0.0,0.6,98.555,0,99.78152674739965
RUS,22.0,2.0,HARD,MERCEDES,0.0,0.0,0.0,0.0,0.0,0.0,0.0,0.0,0.0,0.0,0.0,0.0,0.0,0.0,1.0,0.0,0.0,0.0,0.0,0.0,0.0,98.888,0.07900000000000773,-0.16632142857142793,-0.16667857142857048,-0.2819999999999965,0.05100000000002032,21.0,1.0,2.0,0.0,0.0,0.0,0.0,0.0,0.0,1.0,0.0,0.0,1.0,0.8163981042653674,9.0,0.0,0.0,0.4,98.438,0,99.72585308476962
RUS,23.0,2.0,HARD,MERCEDES,0.0,0.0,0.0,0.0,0.0,0.0,0.0,0.0,0.0,0.0,0.0,0.0,0.0,0.0,1.0,0.0,0.0,0.0,0.0,0.0,0.0,98.913,0.024999999999991473,-0.2943068181818137,-0.18069318181818064,-0.3463333333333291,0.12254522974532778,21.0,1.0,2.0,0.0,0.0,0.0,0.0,0.0,0.0,1.0,0.0,0.0,1.0,0.9071090047392971,10.0,0.0,0.0,0.5,98.773,0,100.12217942213961
RUS,24.0,2.0,HARD,MERCEDES,0.0,0.0,0.0,0.0,0.0,0.0,0.0,0.0,0.0,0.0,0.0,0.0,0.0,0.0,1.0,0.0,0.0,0.0,0.0,0.0,0.0,99.027,0.11400000000000432,-0.0701195652173971,-0.1838804347826078,-0.3539999999999992,0.11198660634201206,21.0,1.0,2.0,0.0,0.0,0.0,0.0,0.0,0.0,1.0,0.0,0.0,1.0,-0.1021800947867888,11.0,0.0,0.0,0.8,98.643,0,100.05350575950959
RUS,25.0,2.0,HARD,MERCEDES,0.0,0.0,0.0,0.0,0.0,0.0,0.0,0.0,0.0,0.0,0.0,0.0,0.0,0.0,1.0,0.0,0.0,0.0,0.0,0.0,0.0,98.947,-0.0799999999999983,-0.11511458333333616,-0.1888854166666659,-0.34433333333333377,0.11588931500933976,21.0,1.0,2.0,0.0,0.0,0.0,0.0,0.0,0.0,1.0,0.0,0.0,1.0,-0.11146919431286051,12.0,0.0,0.0,0.6,98.487,0,99.95883209687958
RUS,26.0,2.0,HARD,MERCEDES,0.0,0.0,0.0,0.0,0.0,0.0,0.0,0.0,0.0,0.0,0.0,0.0,0.0,0.0,1.0,0.0,0.0,0.0,0.0,0.0,0.0,99.066,0.11899999999999977,-0.37451000000000817,-0.20448999999999956,-0.3790000000000049,0.17500000000000776,21.0,1.0,2.0,0.0,0.0,0.0,0.0,0.0,0.0,1.0,0.0,0.0,1.0,-0.12075829383893222,13.0,0.0,0.0,0.5,98.462,0,99.99515843424956
RUS,27.0,2.0,HARD,MERCEDES,0.0,0.0,0.0,0.0,0.0,0.0,0.0,0.0,0.0,0.0,0.0,0.0,0.0,0.0,1.0,0.0,0.0,0.0,0.0,0.0,0.0,99.5,0.4339999999999975,-0.8014519230769204,-0.23654807692307636,-0.6403333333333355,0.3708238575568365,21.0,1.0,2.0,0.0,0.0,0.0,0.0,0.0,0.0,1.0,0.0,0.0,1.0,-0.13004739336500393,14.0,0.0,0.0,0.6,98.625,0,100.21948477161953
RUS,28.0,2.0,HARD,MERCEDES,0.0,0.0,0.0,0.0,0.0,0.0,0.0,0.0,0.0,0.0,0.0,0.0,0.0,0.0,1.0,0.0,0.0,0.0,0.0,0.0,0.0,99.235,-0.26500000000000057,-0.35962037037037037,-0.25037962962962906,-0.7423333333333346,0.2565235531746224,21.0,1.0,2.0,0.0,0.0,0.0,0.0,0.0,0.0,1.0,0.0,0.0,1.0,-0.13933649289107564,15.0,0.0,0.0,0.5,98.448,0,100.10381110898952
RUS,29.0,2.0,HARD,MERCEDES,0.0,0.0,0.0,0.0,0.0,0.0,0.0,0.0,0.0,0.0,0.0,0.0,0.0,0.0,1.0,0.0,0.0,0.0,0.0,0.0,0.0,98.474,-0.7609999999999957,0.21636607142856082,-0.24236607142857128,-0.5580000000000022,0.507999999999995,21.0,1.0,2.0,0.0,0.0,0.0,0.0,0.0,0.0,1.0,0.0,0.0,1.0,-0.14862559241714735,16.0,0.0,0.0,0.6,98.792,0,100.5091374463595
RUS,30.0,2.0,HARD,MERCEDES,0.0,0.0,0.0,0.0,0.0,0.0,0.0,0.0,0.0,0.0,0.0,0.0,0.0,0.0,1.0,0.0,0.0,0.0,0.0,0.0,0.0,98.447,-0.027000000000001023,0.567112068965516,-0.22211206896551713,-0.09700000000000368,0.4814426237881315,21.0,1.0,2.0,0.0,0.0,0.0,0.0,0.0,0.0,1.0,0.0,0.0,1.0,-1.8579146919431828,17.0,0.0,0.0,0.6,98.541,0,100.31946378372949
RUS,31.0,2.0,HARD,MERCEDES,0.0,0.0,0.0,0.0,0.0,0.0,0.0,0.0,0.0,0.0,0.0,0.0,0.0,0.0,1.0,0.0,0.0,0.0,0.0,0.0,0.0,98.39,-0.05700000000000216,0.36067499999999625,-0.209675,0.15666666666666154,0.1855649032908347,21.0,1.0,2.0,0.0,0.0,0.0,0.0,0.0,0.0,1.0,0.0,0.0,1.0,-3.767203791469278,18.0,0.0,0.0,0.6,101.035,1,102.87479012109947
RUS,32.0,3.0,HARD,MERCEDES,0.0,0.0,0.0,0.0,0.0,0.0,0.0,0.0,0.0,0.0,0.0,0.0,0.0,0.0,1.0,0.0,0.0,0.0,0.0,0.0,0.0,98.104,-0.28600000000000136,3.039362903225804,-0.10836290322580655,1.1423333333333308,1.5520648611876164,21.0,1.0,3.0,0.0,0.0,0.0,0.0,0.0,0.0,1.0,0.0,0.0,1.0,-0.30928909952606887,1.0,0.0,0.0,0.6,103.98475,0,105.88586645846945
RUS,33.0,3.0,HARD,MERCEDES,0.0,0.0,0.0,0.0,0.0,0.0,0.0,0.0,0.0,0.0,0.0,0.0,0.0,0.0,1.0,0.0,0.0,0.0,0.0,0.0,0.0,97.902,-0.20199999999999818,5.997640625000004,0.08510937500000004,3.054916666666666,2.967815867070152,21.0,1.0,3.0,0.0,0.0,0.0,0.0,0.0,0.0,1.0,0.0,0.0,1.0,-0.6185781990521377,2.0,0.0,0.0,0.6,97.221,0,99.18344279583944
RUS,34.0,3.0,HARD,MERCEDES,0.0,0.0,0.0,0.0,0.0,0.0,0.0,0.0,0.0,0.0,0.0,0.0,0.0,0.0,1.0,0.0,0.0,0.0,0.0,0.0,0.0,97.775,-0.12699999999999534,-0.6197424242424263,0.06574242424242423,2.8199166666666664,3.3197691592689624,21.0,1.0,3.0,0.0,0.0,0.0,0.0,0.0,0.0,1.0,0.0,0.0,1.0,-0.9278672985782066,3.0,0.0,0.0,0.5,97.311,0,99.33476913320942
RUS,35.0,3.0,HARD,MERCEDES,0.0,0.0,0.0,0.0,0.0,0.0,0.0,0.0,0.0,0.0,0.0,0.0,0.0,0.0,1.0,0.0,0.0,0.0,0.0,0.0,0.0,97.902,0.12699999999999534,-0.6374264705882294,0.04642647058823545,1.6459166666666694,3.842454914612967,21.0,1.0,3.0,0.0,0.0,0.0,0.0,0.0,0.0,1.0,0.0,0.0,1.0,-1.2371563981042755,4.0,0.0,0.0,0.4,97.592,0,99.6770954705794
RUS,36.0,3.0,HARD,MERCEDES,0.0,0.0,0.0,0.0,0.0,0.0,0.0,0.0,0.0,0.0,0.0,0.0,0.0,0.0,1.0,0.0,0.0,0.0,0.0,0.0,0.0,97.87,-0.031999999999996476,-0.31515714285714863,0.03715714285714285,-0.47433333333333394,0.17103313519121954,21.0,1.0,3.0,0.0,0.0,0.0,0.0,0.0,0.0,1.0,0.0,0.0,1.0,-1.5464454976303443,5.0,0.0,0.0,0.5,97.607,0,99.75342180794938
RUS,37.0,3.0,HARD,MERCEDES,0.0,0.0,0.0,0.0,0.0,0.0,0.0,0.0,0.0,0.0,0.0,0.0,0.0,0.0,1.0,0.0,0.0,0.0,0.0,0.0,0.0,97.754,-0.11599999999999966,-0.17904166666667207,0.032041666666666496,-0.33866666666666845,0.2281322715736126,21.0,1.0,3.0,0.0,0.0,0.0,0.0,0.0,0.0,1.0,0.0,0.0,1.0,-2.4557345971564217,6.0,0.0,0.0,0.4,97.822,0,100.02974814531936
RUS,38.0,3.0,HARD,MERCEDES,0.0,0.0,0.0,0.0,0.0,0.0,0.0,0.0,0.0,0.0,0.0,0.0,0.0,0.0,1.0,0.0,0.0,0.0,0.0,0.0,0.0,97.831,0.07699999999999818,-0.0399324324324326,0.03093243243243226,-0.14466666666667058,0.1345151788213507,21.0,1.0,3.0,0.0,0.0,0.0,0.0,0.0,0.0,1.0,0.0,0.0,1.0,-2.865023696682492,7.0,0.0,0.0,0.6,97.66,0,99.92907448268934
RUS,39.0,3.0,HARD,MERCEDES,0.0,0.0,0.0,0.0,0.0,0.0,0.0,0.0,0.0,0.0,0.0,0.0,0.0,0.0,1.0,0.0,0.0,0.0,0.0,0.0,0.0,98.015,0.1839999999999975,-0.3757763157894774,0.02077631578947341,-0.17033333333333664,0.1741761560413474,21.0,1.0,3.0,0.0,0.0,0.0,0.0,0.0,0.0,1.0,0.0,0.0,1.0,-3.2743127962085623,8.0,0.0,0.0,0.6,97.495,0,99.82540082005933
RUS,40.0,3.0,HARD,MERCEDES,0.0,0.0,0.0,0.0,0.0,0.0,0.0,0.0,0.0,0.0,0.0,0.0,0.0,0.0,1.0,0.0,0.0,0.0,0.0,0.0,0.0,97.784,-0.23099999999999454,-0.3018333333333345,0.01283333333333303,-0.2176666666666686,0.1836990292117514,21.0,1.0,3.0,0.0,0.0,0.0,0.0,0.0,0.0,1.0,0.0,0.0,126.0,-3.6836018957346326,9.0,0.0,0.0,0.4,98.085,0,100.47672715742931
RUS,41.0,3.0,HARD,MERCEDES,0.0,0.0,0.0,0.0,0.0,0.0,0.0,0.0,0.0,0.0,0.0,0.0,0.0,0.0,1.0,0.0,0.0,0.0,0.0,0.0,0.0,103.98475,6.200749999999999,-5.764768750000011,-0.13498125000000058,-2.1812500000000057,3.2204845423476325,21.0,1.0,3.0,0.0,0.0,0.0,0.0,0.0,0.0,1.0,0.0,0.0,671.0,-5.092890995260717,10.0,0.0,0.0,0.1,103.98475,0,106.4378034947993
RUS,42.0,3.0,HARD,MERCEDES,0.0,0.0,0.0,0.0,0.0,0.0,0.0,0.0,0.0,0.0,0.0,0.0,0.0,0.0,1.0,0.0,0.0,0.0,0.0,0.0,0.0,103.98475,0.0,0.13168902439024446,-0.13168902439024446,-2.062916666666671,3.3259356233747797,21.0,1.0,3.0,0.0,0.0,0.0,0.0,0.0,0.0,1.0,0.0,0.0,1.0,-5.602180094786789,11.0,0.0,0.0,0.1,97.035,0,99.54937983216927
RUS,43.0,3.0,HARD,MERCEDES,0.0,0.0,0.0,0.0,0.0,0.0,0.0,0.0,0.0,0.0,0.0,0.0,0.0,0.0,1.0,0.0,0.0,0.0,0.0,0.0,0.0,97.061,-6.923749999999998,0.10317261904760938,-0.12917261904761984,-1.9752500000000073,3.398741559386361,21.0,1.0,3.0,0.0,0.0,0.0,0.0,0.0,0.0,1.0,0.0,0.0,1.0,-7.311469194312835,12.0,0.0,0.0,0.8,97.48,0,100.05570616953926
RUS,44.0,3.0,HARD,MERCEDES,0.0,0.0,0.0,0.0,0.0,0.0,0.0,0.0,0.0,0.0,0.0,0.0,0.0,0.0,1.0,0.0,0.0,0.0,0.0,0.0,0.0,97.028,-0.03300000000000125,0.567656976744185,-0.11565697674418687,0.1419999999999959,0.2687824399026253,21.0,1.0,3.0,0.0,0.0,0.0,0.0,0.0,0.0,1.0,0.0,0.0,1.0,-9.220758293838923,13.0,0.0,0.0,0.1,97.597,0,100.23403250690923
RUS,45.0,3.0,HARD,MERCEDES,0.0,0.0,0.0,0.0,0.0,0.0,0.0,0.0,0.0,0.0,0.0,0.0,0.0,0.0,1.0,0.0,0.0,0.0,0.0,0.0,0.0,97.219,0.1909999999999883,0.4824375000000009,-0.10443750000000081,0.26799999999999596,0.25728583326722404,21.0,1.0,3.0,0.0,0.0,0.0,0.0,0.0,0.0,1.0,0.0,0.0,1.0,-11.330047393364964,14.0,0.0,0.0,0.5,97.316,0,100.01435884427923
RUS,46.0,3.0,HARD,MERCEDES,0.0,0.0,0.0,0.0,0.0,0.0,0.0,0.0,0.0,0.0,0.0,0.0,0.0,0.0,1.0,0.0,0.0,0.0,0.0,0.0,0.0,97.426,0.20700000000000784,-0.005438888888887536,-0.1045611111111119,0.23999999999999963,0.3053588053421851,21.0,1.0,3.0,0.0,0.0,0.0,0.0,0.0,0.0,1.0,0.0,0.0,1.0,-12.139336492891033,15.0,0.0,0.0,0.1,97.571,0,100.3306851816492
RUS,47.0,3.0,HARD,MERCEDES,0.0,0.0,0.0,0.0,0.0,0.0,0.0,0.0,0.0,0.0,0.0,0.0,0.0,0.0,1.0,0.0,0.0,0.0,0.0,0.0,0.0,97.589,0.1629999999999967,0.08467934782608705,-0.10267934782608773,0.08333333333333333,0.2593016261679447,21.0,1.0,3.0,0.0,0.0,0.0,0.0,0.0,0.0,1.0,0.0,0.0,1.0,-14.548625592417125,16.0,0.0,0.0,0.3,97.432,0,100.25301151901918
RUS,48.0,3.0,HARD,MERCEDES,0.0,0.0,0.0,0.0,0.0,0.0,0.0,0.0,0.0,0.0,0.0,0.0,0.0,0.0,1.0,0.0,0.0,0.0,0.0,0.0,0.0,97.432,-0.15699999999999648,0.10049468085106458,-0.10049468085106458,-0.04266666666666671,0.05900282479119625,21.0,1.0,3.0,0.0,0.0,0.0,0.0,0.0,0.0,1.0,0.0,0.0,1.0,-15.457914691943195,17.0,0.0,0.0,0.3,97.52,0,100.40233785638917
RUS,49.0,3.0,HARD,MERCEDES,0.0,0.0,0.0,0.0,0.0,0.0,0.0,0.0,0.0,0.0,0.0,0.0,0.0,0.0,1.0,0.0,0.0,0.0,0.0,0.0,0.0,97.5,0.06799999999999784,0.11798437499999685,-0.09798437500000083,0.000666666666665113,0.01900876990603436,21.0,1.0,3.0,0.0,0.0,0.0,0.0,0.0,0.0,1.0,0.0,0.0,1.0,-16.367203791469265,18.0,0.0,0.0,0.6,97.718,0,100.66166419375915
RUS,50.0,3.0,HARD,MERCEDES,0.0,0.0,0.0,0.0,0.0,0.0,0.0,0.0,0.0,0.0,0.0,0.0,0.0,0.0,1.0,0.0,0.0,0.0,0.0,0.0,0.0,97.609,0.10899999999999466,0.20276020408164214,-0.09376020408163328,0.04300000000000163,0.05802585630568436,21.0,1.0,3.0,0.0,0.0,0.0,0.0,0.0,0.0,1.0,0.0,0.0,1.0,-17.276492890995335,19.0,0.0,0.0,0.1,97.383,0,100.38799053112913
RUS,51.0,3.0,HARD,MERCEDES,0.0,0.0,0.0,0.0,0.0,0.0,0.0,0.0,0.0,0.0,0.0,0.0,0.0,0.0,1.0,0.0,0.0,0.0,0.0,0.0,0.0,97.604,-0.0049999999999954525,-0.12469500000000294,-0.0963050000000007,-0.03066666666666625,0.17073468696589564,21.0,1.0,3.0,0.0,0.0,0.0,0.0,0.0,0.0,1.0,0.0,0.0,1.0,-20.185781990521434,20.0,0.0,0.0,0.1,97.825,0,100.89131686849912
RUS,52.0,3.0,HARD,MERCEDES,0.0,0.0,0.0,0.0,0.0,0.0,0.0,0.0,0.0,0.0,0.0,0.0,0.0,0.0,1.0,0.0,0.0,0.0,0.0,0.0,0.0,97.706,0.10200000000000387,0.2110833333333338,-0.09208333333333402,0.0023333333333350006,0.19347695814577598,21.0,1.0,3.0,0.0,0.0,0.0,0.0,0.0,0.0,1.0,0.0,0.0,1.0,-21.195071090047506,21.0,0.0,0.0,0.3,97.589,0,100.71664320586909
RUS,53.0,3.0,HARD,MERCEDES,0.0,0.0,0.0,0.0,0.0,0.0,0.0,0.0,0.0,0.0,0.0,0.0,0.0,0.0,1.0,0.0,0.0,0.0,0.0,0.0,0.0,97.589,-0.11700000000000443,0.09031250000000067,-0.09031250000000067,-0.034000000000001286,0.17253115660659082,21.0,1.0,3.0,0.0,0.0,0.0,0.0,0.0,0.0,1.0,0.0,0.0,1.0,-24.40436018957353,22.0,0.0,0.0,0.1,97.841,0,101.02996954323908
RUS,54.0,3.0,HARD,MERCEDES,0.0,0.0,0.0,0.0,0.0,0.0,0.0,0.0,0.0,0.0,0.0,0.0,0.0,0.0,1.0,0.0,0.0,0.0,0.0,0.0,0.0,97.778,0.18900000000000716,0.15041981132074378,-0.08741981132075559,0.06066666666666265,0.05953430383686818,21.0,1.0,3.0,0.0,0.0,0.0,0.0,0.0,0.0,1.0,0.0,0.0,1.0,-25.5136492890996,23.0,0.0,0.0,0.3,97.923,0,101.17329588060906
RUS,55.0,3.0,HARD,MERCEDES,0.0,0.0,0.0,0.0,0.0,0.0,0.0,0.0,0.0,0.0,0.0,0.0,0.0,0.0,1.0,0.0,0.0,0.0,0.0,0.0,0.0,97.78,0.001999999999995339,0.2261527777777793,-0.08315277777777863,0.06866666666666295,0.07166821703754524,21.0,1.0,3.0,0.0,0.0,0.0,0.0,0.0,0.0,1.0,0.0,0.0,1.0,-26.62293838862567,24.0,0.0,0.0,0.1,97.86,0,101.17162221797903
RUS,56.0,3.0,HARD,MERCEDES,0.0,0.0,0.0,0.0,0.0,0.0,0.0,0.0,0.0,0.0,0.0,0.0,0.0,0.0,1.0,0.0,0.0,0.0,0.0,0.0,0.0,97.86,0.0799999999999983,0.08164090909090993,-0.08164090909090993,0.06866666666666295,0.07166821703754524,21.0,1.0,3.0,0.0,0.0,0.0,0.0,0.0,0.0,1.0,0.0,0.0,1.0,-30.232227488151775,25.0,0.0,0.0,0.4,97.636,0,101.00894855534902
RUS,57.0,3.0,HARD,MERCEDES,0.0,0.0,0.0,0.0,0.0,0.0,0.0,0.0,0.0,0.0,0.0,0.0,0.0,0.0,1.0,0.0,0.0,0.0,0.0,0.0,0.0,98.1105,0.2505000000000024,-0.3858437500000052,-0.08865625000000092,-0.11050000000000182,0.3232402357380804,21.0,1.0,3.0,0.0,0.0,0.0,0.0,0.0,0.0,1.0,0.0,0.0,1.0,-31.441516587677846,26.0,0.0,0.0,0.6,97.767,0,101.201274892719
SAI,4.0,1.0,SOFT,FERRARI,0.0,1.0,0.0,0.0,0.0,0.0,0.0,0.0,0.0,0.0,0.0,0.0,0.0,0.0,0.0,1.0,0.0,0.0,0.0,0.0,0.0,99.8625,-0.556500000000014,0.7235833333333375,-1.544083333333333,-1.544083333333333,0.754304080483021,22.0,0.0,1.0,0.0,0.0,0.0,1.0,0.0,0.0,0.0,0.0,0.0,1.0,9.034976303317503,7.0,0.0,7.0,0.4,98.985,0,99.16897901210994
SAI,5.0,1.0,SOFT,FERRARI,0.0,1.0,0.0,0.0,0.0,0.0,0.0,0.0,0.0,0.0,0.0,0.0,0.0,0.0,0.0,1.0,0.0,0.0,0.0,0.0,0.0,99.792,-0.07049999999999557,0.5528124999999982,-1.3598125000000003,-1.037833333333334,0.38818240987110136,22.0,0.0,1.0,0.0,0.0,0.0,1.0,0.0,0.0,0.0,0.0,0.0,1.0,8.725687203791438,8.0,0.0,8.0,0.8999999999999999,99.128,0,99.37330534947993
SAI,6.0,1.0,SOFT,FERRARI,0.0,1.0,0.0,0.0,0.0,0.0,0.0,0.0,0.0,0.0,0.0,0.0,0.0,0.0,0.0,1.0,0.0,0.0,0.0,0.0,0.0,100.618,0.8259999999999934,-0.10414999999999575,-1.3858499999999991,-1.0391666666666641,0.39049146384182526,22.0,0.0,1.0,0.0,0.0,0.0,1.0,0.0,0.0,0.0,0.0,0.0,1.0,9.816398104265367,9.0,0.0,9.0,0.6,99.474,0,99.78063168684992
SAI,7.0,1.0,SOFT,FERRARI,0.0,1.0,0.0,0.0,0.0,0.0,0.0,0.0,0.0,0.0,0.0,0.0,0.0,0.0,0.0,1.0,0.0,0.0,0.0,0.0,0.0,100.5375,-0.08050000000000068,0.2686250000000072,-1.3321249999999978,-1.1201666666666625,0.34500809169254465,22.0,0.0,1.0,0.0,0.0,0.0,1.0,0.0,0.0,0.0,0.0,0.0,1.0,9.907109004739283,10.0,0.0,10.0,0.6,99.502,0,99.86995802421988
SAI,8.0,1.0,SOFT,FERRARI,0.0,1.0,0.0,0.0,0.0,0.0,0.0,0.0,0.0,0.0,0.0,0.0,0.0,0.0,0.0,1.0,0.0,0.0,0.0,0.0,0.0,100.60499999999999,0.06749999999999545,0.19639285714285992,-1.2993928571428544,-1.2188333333333266,0.23566625412505282,21.0,0.0,1.0,0.0,0.0,0.0,1.0,0.0,0.0,0.0,0.0,0.0,1.0,10.897819905213211,11.0,0.0,11.0,0.8999999999999999,99.779,0,100.20828436158988
SAI,9.0,1.0,SOFT,FERRARI,0.0,1.0,0.0,0.0,0.0,0.0,0.0,0.0,0.0,0.0,0.0,0.0,0.0,0.0,0.0,1.0,0.0,0.0,0.0,0.0,0.0,100.70400000000001,0.09900000000001796,0.3275937499999877,-1.252593749999999,-1.0304999999999989,0.09347593273136241,21.0,0.0,1.0,0.0,0.0,0.0,1.0,0.0,0.0,0.0,0.0,0.0,1.0,10.688530805687165,12.0,0.0,12.0,0.6,99.744,0,100.23461069895986
SAI,10.0,1.0,SOFT,FERRARI,0.0,1.0,0.0,0.0,0.0,0.0,0.0,0.0,0.0,0.0,0.0,0.0,0.0,0.0,0.0,1.0,0.0,0.0,0.0,0.0,0.0,100.8245,0.12049999999999272,0.15297222222222073,-1.2334722222222214,-1.036166666666669,0.09692823805956564,21.0,0.0,1.0,0.0,0.0,0.0,1.0,0.0,0.0,0.0,0.0,0.0,1.0,11.579241706161095,13.0,0.0,13.0,0.8,100.102,0,100.65393703632985
SAI,11.0,1.0,SOFT,FERRARI,0.0,1.0,0.0,0.0,0.0,0.0,0.0,0.0,0.0,0.0,0.0,0.0,0.0,0.0,0.0,1.0,0.0,0.0,0.0,0.0,0.0,100.9885,0.16400000000000148,0.31227500000000097,-1.198774999999999,-0.9640000000000034,0.10271197593270198,21.0,0.0,1.0,0.0,0.0,0.0,1.0,0.0,0.0,0.0,0.0,0.0,1.0,9.669952606635036,14.0,0.0,14.0,0.6,100.507,0,101.12026337369983
SAI,12.0,1.0,SOFT,FERRARI,0.0,1.0,0.0,0.0,0.0,0.0,0.0,0.0,0.0,0.0,0.0,0.0,0.0,0.0,0.0,1.0,0.0,0.0,0.0,0.0,0.0,101.24950000000001,0.2610000000000099,0.41479545454544753,-1.1572954545454543,-0.9031666666666686,0.1696152508866246,21.0,0.0,1.0,0.0,0.0,0.0,1.0,0.0,0.0,0.0,0.0,0.0,1.0,10.360663507108967,15.0,0.0,15.0,0.8999999999999999,100.52,0,101.1945897110698
SAI,13.0,1.0,SOFT,FERRARI,0.0,1.0,0.0,0.0,0.0,0.0,0.0,0.0,0.0,0.0,0.0,0.0,0.0,0.0,0.0,1.0,0.0,0.0,0.0,0.0,0.0,101.134,-0.11550000000001148,0.49802083333332914,-1.1120208333333335,-0.7476666666666697,0.13632345114958322,21.0,0.0,1.0,0.0,0.0,0.0,1.0,0.0,0.0,0.0,0.0,0.0,1.0,9.451374407582875,16.0,0.0,16.0,0.8999999999999999,103.31,1,104.04591604843979
SAI,14.0,2.0,HARD,FERRARI,0.0,0.0,0.0,0.0,0.0,0.0,0.0,0.0,0.0,0.0,0.0,0.0,0.0,0.0,0.0,1.0,0.0,0.0,0.0,0.0,0.0,100.7305,-0.403499999999994,3.4075576923076887,-0.8280576923076928,0.40766666666666157,1.8819599048155458,21.0,1.0,2.0,0.0,0.0,0.0,1.0,0.0,0.0,0.0,0.0,0.0,1.0,0.5907109004739297,1.0,0.0,0.0,0.8,103.98475,0,104.78199238580977
SAI,15.0,2.0,HARD,FERRARI,0.0,0.0,0.0,0.0,0.0,0.0,0.0,0.0,0.0,0.0,0.0,0.0,0.0,0.0,0.0,1.0,0.0,0.0,0.0,0.0,0.0,98.859,-1.8715000000000117,5.5285357142857245,-0.40278571428571397,2.363750000000001,2.8759508970947407,21.0,1.0,2.0,0.0,0.0,0.0,1.0,0.0,0.0,0.0,0.0,0.0,1.0,1.1814218009478594,2.0,0.0,0.0,0.6,97.985,0,98.84356872317976
SAI,16.0,2.0,HARD,FERRARI,0.0,0.0,0.0,0.0,0.0,0.0,0.0,0.0,0.0,0.0,0.0,0.0,0.0,0.0,0.0,1.0,0.0,0.0,0.0,0.0,0.0,98.975,0.11599999999999966,-0.5480666666666622,-0.44193333333333273,2.2384166666666707,3.0721088678354724,21.0,1.0,2.0,0.0,0.0,0.0,1.0,0.0,0.0,0.0,0.0,0.0,1.0,1.4721327014217849,3.0,0.0,0.0,0.8,98.433,0,99.35289506054974
SAI,17.0,2.0,HARD,FERRARI,0.0,0.0,0.0,0.0,0.0,0.0,0.0,0.0,0.0,0.0,0.0,0.0,0.0,0.0,0.0,1.0,0.0,0.0,0.0,0.0,0.0,98.945,-0.030000000000001137,-0.06568749999998769,-0.44631249999999856,1.2079166666666765,3.4013503966562078,20.0,1.0,2.0,0.0,0.0,0.0,1.0,0.0,0.0,0.0,0.0,0.0,1.0,1.5628436018957217,4.0,0.0,0.0,0.6,98.161,0,99.14222139791971
SAI,18.0,2.0,HARD,FERRARI,0.0,0.0,0.0,0.0,0.0,0.0,0.0,0.0,0.0,0.0,0.0,0.0,0.0,0.0,0.0,1.0,0.0,0.0,0.0,0.0,0.0,98.996,0.05100000000000193,-0.36582352941176016,-0.4691764705882336,-0.7789999999999916,0.24387086746884,21.0,1.0,2.0,0.0,0.0,0.0,1.0,0.0,0.0,0.0,0.0,0.0,1.0,1.9535545023696521,5.0,0.0,0.0,0.6,98.287,0,99.32954773528971
SAI,19.0,2.0,HARD,FERRARI,0.0,0.0,0.0,0.0,0.0,0.0,0.0,0.0,0.0,0.0,0.0,0.0,0.0,0.0,0.0,1.0,0.0,0.0,0.0,0.0,0.0,98.886,-0.10999999999999943,-0.12261111111110284,-0.4763888888888867,-0.6486666666666565,0.1671296901610748,20.0,1.0,2.0,0.0,0.0,0.0,1.0,0.0,0.0,0.0,0.0,0.0,1.0,2.3442654028435825,6.0,0.0,0.0,0.6,98.21,0,99.31387407265967
SAI,20.0,2.0,HARD,FERRARI,0.0,0.0,0.0,0.0,0.0,0.0,0.0,0.0,0.0,0.0,0.0,0.0,0.0,0.0,0.0,1.0,0.0,0.0,0.0,0.0,0.0,98.794,-0.09199999999999875,-0.10194736842105773,-0.48205263157894546,-0.6726666666666622,0.14078470560872405,21.0,1.0,2.0,0.0,0.0,0.0,1.0,0.0,0.0,0.0,0.0,0.0,1.0,2.034976303317503,7.0,0.0,0.0,0.6,98.096,0,99.26120041002967
SAI,21.0,2.0,HARD,FERRARI,0.0,0.0,0.0,0.0,0.0,0.0,0.0,0.0,0.0,0.0,0.0,0.0,0.0,0.0,0.0,1.0,0.0,0.0,0.0,0.0,0.0,98.809,0.015000000000000568,-0.219399999999996,-0.4935999999999979,-0.6319999999999956,0.07054785609784316,21.0,1.0,2.0,0.0,0.0,0.0,1.0,0.0,0.0,0.0,0.0,0.0,1.0,1.525687203791449,8.0,0.0,0.0,0.6,98.24,0,99.46652674739964
SAI,22.0,2.0,HARD,FERRARI,0.0,0.0,0.0,0.0,0.0,0.0,0.0,0.0,0.0,0.0,0.0,0.0,0.0,0.0,0.0,1.0,0.0,0.0,0.0,0.0,0.0,98.888,0.07900000000000773,-0.14704761904763097,-0.5009523809523794,-0.6483333333333358,0.06450064599161016,21.0,1.0,2.0,0.0,0.0,0.0,1.0,0.0,0.0,0.0,0.0,0.0,1.0,1.7163981042653802,9.0,0.0,0.0,0.5,98.453,0,99.74085308476963
SAI,23.0,2.0,HARD,FERRARI,0.0,0.0,0.0,0.0,0.0,0.0,0.0,0.0,0.0,0.0,0.0,0.0,0.0,0.0,0.0,1.0,0.0,0.0,0.0,0.0,0.0,98.913,0.024999999999991473,0.03909090909091356,-0.4990909090909073,-0.6069999999999993,0.13138873619912395,21.0,1.0,2.0,0.0,0.0,0.0,1.0,0.0,0.0,0.0,0.0,0.0,1.0,0.9071090047392971,10.0,0.0,0.0,0.5,98.597,0,99.94617942213961
SAI,24.0,2.0,HARD,FERRARI,0.0,0.0,0.0,0.0,0.0,0.0,0.0,0.0,0.0,0.0,0.0,0.0,0.0,0.0,0.0,1.0,0.0,0.0,0.0,0.0,0.0,99.027,0.11400000000000432,0.06608695652173091,-0.49608695652173773,-0.5126666666666703,0.11815808619530357,21.0,1.0,2.0,0.0,0.0,0.0,1.0,0.0,0.0,0.0,0.0,0.0,1.0,-0.1021800947867888,11.0,0.0,0.0,0.8,98.314,0,99.72450575950958
SAI,25.0,2.0,HARD,FERRARI,0.0,0.0,0.0,0.0,0.0,0.0,0.0,0.0,0.0,0.0,0.0,0.0,0.0,0.0,0.0,1.0,0.0,0.0,0.0,0.0,0.0,98.947,-0.0799999999999983,-0.13120833333334403,-0.5017916666666657,-0.5076666666666702,0.10957341526728379,21.0,1.0,2.0,0.0,0.0,0.0,1.0,0.0,0.0,0.0,0.0,0.0,1.0,-0.11146919431286051,12.0,0.0,0.0,0.6,98.571,0,100.04283209687958
SAI,26.0,2.0,HARD,FERRARI,0.0,0.0,0.0,0.0,0.0,0.0,0.0,0.0,0.0,0.0,0.0,0.0,0.0,0.0,0.0,1.0,0.0,0.0,0.0,0.0,0.0,99.066,0.11899999999999977,0.006519999999994752,-0.5015199999999993,-0.5193333333333404,0.10366452302179381,21.0,1.0,2.0,0.0,0.0,0.0,1.0,0.0,0.0,0.0,0.0,0.0,1.0,-0.12075829383893222,13.0,0.0,0.0,0.5,98.331,0,99.86415843424956
SAI,27.0,2.0,HARD,FERRARI,0.0,0.0,0.0,0.0,0.0,0.0,0.0,0.0,0.0,0.0,0.0,0.0,0.0,0.0,0.0,1.0,0.0,0.0,0.0,0.0,0.0,99.5,0.4339999999999975,-0.6418076923076901,-0.5271923076923068,-0.7656666666666704,0.35604681340145694,21.0,1.0,2.0,0.0,0.0,0.0,1.0,0.0,0.0,0.0,0.0,0.0,1.0,-0.13004739336500393,14.0,0.0,0.0,0.6,98.423,0,100.01748477161954
SAI,28.0,2.0,HARD,FERRARI,0.0,0.0,0.0,0.0,0.0,0.0,0.0,0.0,0.0,0.0,0.0,0.0,0.0,0.0,0.0,1.0,0.0,0.0,0.0,0.0,0.0,99.235,-0.26500000000000057,-0.27425925925925776,-0.5377407407407399,-0.825333333333333,0.3371977659079804,21.0,1.0,2.0,0.0,0.0,0.0,1.0,0.0,0.0,0.0,0.0,0.0,1.0,-0.13933649289107564,15.0,0.0,0.0,0.5,98.474,0,100.12981110898953
SAI,29.0,2.0,HARD,FERRARI,0.0,0.0,0.0,0.0,0.0,0.0,0.0,0.0,0.0,0.0,0.0,0.0,0.0,0.0,0.0,1.0,0.0,0.0,0.0,0.0,0.0,98.474,-0.7609999999999957,0.5185357142857134,-0.5185357142857134,-0.6603333333333316,0.599076233323718,21.0,1.0,2.0,0.0,0.0,0.0,1.0,0.0,0.0,0.0,0.0,0.0,1.0,-0.14862559241714735,16.0,0.0,0.0,0.6,98.55,0,100.2671374463595
SAI,30.0,2.0,HARD,FERRARI,0.0,0.0,0.0,0.0,0.0,0.0,0.0,0.0,0.0,0.0,0.0,0.0,0.0,0.0,0.0,1.0,0.0,0.0,0.0,0.0,0.0,98.447,-0.027000000000001023,0.6001034482758558,-0.49710344827586145,-0.2363333333333344,0.5011949055340968,21.0,1.0,2.0,0.0,0.0,0.0,1.0,0.0,0.0,0.0,0.0,0.0,1.0,-1.8579146919431828,17.0,0.0,0.0,0.6,98.601,0,100.37946378372949
SAI,31.0,2.0,HARD,FERRARI,0.0,0.0,0.0,0.0,0.0,0.0,0.0,0.0,0.0,0.0,0.0,0.0,0.0,0.0,0.0,1.0,0.0,0.0,0.0,0.0,0.0,98.39,-0.05700000000000216,0.684499999999998,-0.4734999999999995,0.10466666666666431,0.10550987315571594,21.0,1.0,2.0,0.0,0.0,0.0,1.0,0.0,0.0,0.0,0.0,0.0,1.0,-3.767203791469278,18.0,0.0,0.0,0.6,101.274,1,103.11379012109947
SAI,32.0,3.0,HARD,FERRARI,0.0,0.0,0.0,0.0,0.0,0.0,0.0,0.0,0.0,0.0,0.0,0.0,0.0,0.0,0.0,1.0,0.0,0.0,0.0,0.0,0.0,98.104,-0.28600000000000136,3.525967741935485,-0.3559677419354833,1.1613333333333316,1.7403943039821024,21.0,1.0,3.0,0.0,0.0,0.0,1.0,0.0,0.0,0.0,0.0,0.0,1.0,-0.30928909952606887,1.0,0.0,0.0,0.6,103.98475,0,105.88586645846945
SAI,33.0,3.0,HARD,FERRARI,0.0,0.0,0.0,0.0,0.0,0.0,0.0,0.0,0.0,0.0,0.0,0.0,0.0,0.0,0.0,1.0,0.0,0.0,0.0,0.0,0.0,97.902,-0.20199999999999818,6.237507812500004,-0.15475781249999931,3.154583333333335,2.93590535794895,21.0,1.0,3.0,0.0,0.0,0.0,1.0,0.0,0.0,0.0,0.0,0.0,1.0,-0.6185781990521377,2.0,0.0,0.0,0.6,97.548,0,99.51044279583944
SAI,34.0,3.0,HARD,FERRARI,0.0,0.0,0.0,0.0,0.0,0.0,0.0,0.0,0.0,0.0,0.0,0.0,0.0,0.0,0.0,1.0,0.0,0.0,0.0,0.0,0.0,97.775,-0.12699999999999534,-0.07005303030303472,-0.15694696969696914,3.008583333333334,3.1579705145604766,21.0,1.0,3.0,0.0,0.0,0.0,1.0,0.0,0.0,0.0,0.0,0.0,1.0,-0.9278672985782066,3.0,0.0,0.0,0.5,97.475,0,99.49876913320941
SAI,35.0,3.0,HARD,FERRARI,0.0,0.0,0.0,0.0,0.0,0.0,0.0,0.0,0.0,0.0,0.0,0.0,0.0,0.0,0.0,1.0,0.0,0.0,0.0,0.0,0.0,97.902,0.12699999999999534,-0.2621102941176541,-0.1648897058823526,1.8095833333333313,3.7020217477526223,21.0,1.0,3.0,0.0,0.0,0.0,1.0,0.0,0.0,0.0,0.0,0.0,1.0,-1.2371563981042755,4.0,0.0,0.0,0.4,97.441,0,99.5260954705794
SAI,36.0,3.0,HARD,FERRARI,0.0,0.0,0.0,0.0,0.0,0.0,0.0,0.0,0.0,0.0,0.0,0.0,0.0,0.0,0.0,1.0,0.0,0.0,0.0,0.0,0.0,97.87,-0.031999999999996476,-0.256564285714288,-0.17243571428571403,-0.3610000000000042,0.11605171261129218,21.0,1.0,3.0,0.0,0.0,0.0,1.0,0.0,0.0,0.0,0.0,0.0,1.0,-1.5464454976303443,5.0,0.0,0.0,0.5,97.706,0,99.85242180794938
SAI,37.0,3.0,HARD,FERRARI,0.0,0.0,0.0,0.0,0.0,0.0,0.0,0.0,0.0,0.0,0.0,0.0,0.0,0.0,0.0,1.0,0.0,0.0,0.0,0.0,0.0,97.754,-0.11599999999999966,0.12097916666666464,-0.16897916666666646,-0.30133333333333684,0.2193953812944741,21.0,1.0,3.0,0.0,0.0,0.0,1.0,0.0,0.0,0.0,0.0,0.0,1.0,-1.8557345971564132,6.0,0.0,0.0,0.4,97.13,0,99.33774814531935
SAI,38.0,3.0,HARD,FERRARI,0.0,0.0,0.0,0.0,0.0,0.0,0.0,0.0,0.0,0.0,0.0,0.0,0.0,0.0,0.0,1.0,0.0,0.0,0.0,0.0,0.0,97.831,0.07699999999999818,-0.5176418918918995,-0.1833581081081081,-0.3926666666666705,0.3280127030060713,21.0,1.0,3.0,0.0,0.0,0.0,1.0,0.0,0.0,0.0,0.0,0.0,1.0,-2.865023696682492,7.0,0.0,0.0,0.6,97.444,0,99.71307448268935
SAI,39.0,3.0,HARD,FERRARI,0.0,0.0,0.0,0.0,0.0,0.0,0.0,0.0,0.0,0.0,0.0,0.0,0.0,0.0,0.0,1.0,0.0,0.0,0.0,0.0,0.0,98.015,0.1839999999999975,-0.3774407894736822,-0.19355921052631575,-0.44000000000000244,0.34564866555509105,21.0,1.0,3.0,0.0,0.0,0.0,1.0,0.0,0.0,0.0,0.0,0.0,1.0,-3.2743127962085623,8.0,0.0,0.0,0.6,97.403,0,99.73340082005933
SAI,40.0,3.0,HARD,FERRARI,0.0,0.0,0.0,0.0,0.0,0.0,0.0,0.0,0.0,0.0,0.0,0.0,0.0,0.0,0.0,1.0,0.0,0.0,0.0,0.0,0.0,97.784,-0.23099999999999454,-0.18263461538461565,-0.19836538461538458,-0.5510000000000019,0.1609347693943593,21.0,1.0,3.0,0.0,0.0,0.0,1.0,0.0,0.0,0.0,0.0,0.0,12.0,-3.6836018957346326,9.0,0.0,0.0,0.4,97.587,0,99.97872715742932
SAI,41.0,3.0,HARD,FERRARI,0.0,0.0,0.0,0.0,0.0,0.0,0.0,0.0,0.0,0.0,0.0,0.0,0.0,0.0,0.0,1.0,0.0,0.0,0.0,0.0,0.0,103.98475,6.200749999999999,-6.044400000000002,-0.35335,-2.4499166666666667,3.4202435616244298,21.0,1.0,3.0,0.0,0.0,0.0,1.0,0.0,0.0,0.0,0.0,0.0,2671.0,-5.092890995260717,10.0,0.0,0.0,0.1,103.98475,0,106.4378034947993
SAI,42.0,3.0,HARD,FERRARI,0.0,0.0,0.0,0.0,0.0,0.0,0.0,0.0,0.0,0.0,0.0,0.0,0.0,0.0,0.0,1.0,0.0,0.0,0.0,0.0,0.0,103.98475,0.0,0.3447317073170732,-0.3447317073170732,-2.259583333333334,3.588817043377018,21.0,1.0,3.0,0.0,0.0,0.0,1.0,0.0,0.0,0.0,0.0,0.0,1.0,-5.602180094786789,11.0,0.0,0.0,0.1,97.375,0,99.88937983216927
SAI,43.0,3.0,HARD,FERRARI,0.0,0.0,0.0,0.0,0.0,0.0,0.0,0.0,0.0,0.0,0.0,0.0,0.0,0.0,0.0,1.0,0.0,0.0,0.0,0.0,0.0,97.061,-6.923749999999998,0.6430476190476122,-0.3290476190476192,-2.0279166666666697,3.7876419472850578,21.0,1.0,3.0,0.0,0.0,0.0,1.0,0.0,0.0,0.0,0.0,0.0,1.0,-7.311469194312835,12.0,0.0,0.0,0.8,97.294,0,99.86970616953926
SAI,44.0,3.0,HARD,FERRARI,0.0,0.0,0.0,0.0,0.0,0.0,0.0,0.0,0.0,0.0,0.0,0.0,0.0,0.0,0.0,1.0,0.0,0.0,0.0,0.0,0.0,97.028,-0.03300000000000125,0.5812093023255729,-0.31520930232558175,0.19333333333332803,0.16914293758044746,21.0,1.0,3.0,0.0,0.0,0.0,1.0,0.0,0.0,0.0,0.0,0.0,1.0,-9.220758293838923,13.0,0.0,0.0,0.1,97.389,0,100.02603250690923
SAI,45.0,3.0,HARD,FERRARI,0.0,0.0,0.0,0.0,0.0,0.0,0.0,0.0,0.0,0.0,0.0,0.0,0.0,0.0,0.0,1.0,0.0,0.0,0.0,0.0,0.0,97.219,0.1909999999999883,0.4741818181818202,-0.3041818181818185,0.24999999999999525,0.07332121111936454,21.0,1.0,3.0,0.0,0.0,0.0,1.0,0.0,0.0,0.0,0.0,0.0,1.0,-11.330047393364964,14.0,0.0,0.0,0.5,99.561,0,102.25935884427923
SAI,46.0,3.0,HARD,FERRARI,0.0,0.0,0.0,0.0,0.0,0.0,0.0,0.0,0.0,0.0,0.0,0.0,0.0,0.0,0.0,1.0,0.0,0.0,0.0,0.0,0.0,97.426,0.20700000000000784,2.384977777777783,-0.249977777777778,0.8569999999999993,1.1078208338896773,21.0,1.0,3.0,0.0,0.0,0.0,1.0,0.0,0.0,0.0,0.0,0.0,1.0,-12.139336492891033,15.0,0.0,0.0,0.1,97.844,0,100.6036851816492
SAI,47.0,3.0,HARD,FERRARI,0.0,0.0,0.0,0.0,0.0,0.0,0.0,0.0,0.0,0.0,0.0,0.0,0.0,0.0,0.0,1.0,0.0,0.0,0.0,0.0,0.0,97.589,0.1629999999999967,0.4939999999999958,-0.2390000000000003,0.853333333333334,1.1107692529654172,21.0,1.0,3.0,0.0,0.0,0.0,1.0,0.0,0.0,0.0,0.0,0.0,1.0,-14.548625592417125,16.0,0.0,0.0,0.3,98.222,0,101.04301151901917
SAI,48.0,3.0,HARD,FERRARI,0.0,0.0,0.0,0.0,0.0,0.0,0.0,0.0,0.0,0.0,0.0,0.0,0.0,0.0,0.0,1.0,0.0,0.0,0.0,0.0,0.0,97.432,-0.15699999999999648,1.007106382978716,-0.21710638297872387,1.0599999999999976,0.9686459621554308,21.0,1.0,3.0,0.0,0.0,0.0,1.0,0.0,0.0,0.0,0.0,0.0,1.0,-15.457914691943195,17.0,0.0,0.0,0.3,97.897,0,100.77933785638918
SAI,49.0,3.0,HARD,FERRARI,0.0,0.0,0.0,0.0,0.0,0.0,0.0,0.0,0.0,0.0,0.0,0.0,0.0,0.0,0.0,1.0,0.0,0.0,0.0,0.0,0.0,97.5,0.06799999999999784,0.6013125000000059,-0.20431250000000034,0.48066666666666436,0.2771395556995463,21.0,1.0,3.0,0.0,0.0,0.0,1.0,0.0,0.0,0.0,0.0,0.0,1.0,-16.367203791469265,18.0,0.0,0.0,0.1,97.765,0,100.70866419375915
SAI,50.0,3.0,HARD,FERRARI,0.0,0.0,0.0,0.0,0.0,0.0,0.0,0.0,0.0,0.0,0.0,0.0,0.0,0.0,0.0,1.0,0.0,0.0,0.0,0.0,0.0,97.609,0.10899999999999466,0.3529591836734755,-0.1969591836734696,0.4476666666666678,0.32002239504968893,21.0,1.0,3.0,0.0,0.0,0.0,1.0,0.0,0.0,0.0,0.0,0.0,1.0,-17.276492890995335,19.0,0.0,0.0,0.1,97.604,0,100.60899053112914
SAI,51.0,3.0,HARD,FERRARI,0.0,0.0,0.0,0.0,0.0,0.0,0.0,0.0,0.0,0.0,0.0,0.0,0.0,0.0,0.0,1.0,0.0,0.0,0.0,0.0,0.0,97.604,-0.0049999999999954525,0.19302000000000022,-0.19302000000000022,0.18433333333333715,0.20001083303997721,21.0,1.0,3.0,0.0,0.0,0.0,1.0,0.0,0.0,0.0,0.0,0.0,1.0,-20.185781990521434,20.0,0.0,0.0,0.1,97.672,0,100.73831686849911
SAI,52.0,3.0,HARD,FERRARI,0.0,0.0,0.0,0.0,0.0,0.0,0.0,0.0,0.0,0.0,0.0,0.0,0.0,0.0,0.0,1.0,0.0,0.0,0.0,0.0,0.0,97.706,0.10200000000000387,0.155901960784308,-0.18990196078431404,0.04066666666666663,0.10131798129328348,21.0,1.0,3.0,0.0,0.0,0.0,1.0,0.0,0.0,0.0,0.0,0.0,1.0,-21.195071090047506,21.0,0.0,0.0,0.3,97.49,0,100.61764320586909
SAI,53.0,3.0,HARD,FERRARI,0.0,0.0,0.0,0.0,0.0,0.0,0.0,0.0,0.0,0.0,0.0,0.0,0.0,0.0,0.0,1.0,0.0,0.0,0.0,0.0,0.0,97.589,-0.11700000000000443,0.08915384615384278,-0.18815384615384653,-0.04433333333333659,0.050302418762375484,21.0,1.0,3.0,0.0,0.0,0.0,1.0,0.0,0.0,0.0,0.0,0.0,1.0,-24.40436018957353,22.0,0.0,0.0,0.1,97.66,0,100.84896954323908
SAI,54.0,3.0,HARD,FERRARI,0.0,0.0,0.0,0.0,0.0,0.0,0.0,0.0,0.0,0.0,0.0,0.0,0.0,0.0,0.0,1.0,0.0,0.0,0.0,0.0,0.0,97.778,0.18900000000000716,0.06883018867923663,-0.18683018867924583,-0.083666666666673,0.04404921490044316,21.0,1.0,3.0,0.0,0.0,0.0,1.0,0.0,0.0,0.0,0.0,0.0,1.0,-25.5136492890996,23.0,0.0,0.0,0.3,97.694,0,100.94429588060906
SAI,55.0,3.0,HARD,FERRARI,0.0,0.0,0.0,0.0,0.0,0.0,0.0,0.0,0.0,0.0,0.0,0.0,0.0,0.0,0.0,1.0,0.0,0.0,0.0,0.0,0.0,97.78,0.001999999999995339,0.09896296296296495,-0.18496296296296347,-0.10100000000000382,0.01609347693981118,21.0,1.0,3.0,0.0,0.0,0.0,1.0,0.0,0.0,0.0,0.0,0.0,1.0,-26.62293838862567,24.0,0.0,0.0,0.1,97.821,0,101.13262221797905
SAI,56.0,3.0,HARD,FERRARI,0.0,0.0,0.0,0.0,0.0,0.0,0.0,0.0,0.0,0.0,0.0,0.0,0.0,0.0,0.0,1.0,0.0,0.0,0.0,0.0,0.0,97.86,0.0799999999999983,0.14330909090908997,-0.18230909090909145,-0.08100000000000307,0.03973663297276557,21.0,1.0,3.0,0.0,0.0,0.0,1.0,0.0,0.0,0.0,0.0,0.0,1.0,-30.232227488151775,25.0,0.0,0.0,0.4,98.126,0,101.49894855534903
SAI,57.0,3.0,HARD,FERRARI,0.0,0.0,0.0,0.0,0.0,0.0,0.0,0.0,0.0,0.0,0.0,0.0,0.0,0.0,0.0,1.0,0.0,0.0,0.0,0.0,0.0,98.1105,0.2505000000000024,0.19427678571428914,-0.17877678571428618,-0.03649999999999901,0.05079616127240298,21.0,1.0,3.0,0.0,0.0,0.0,1.0,0.0,0.0,0.0,0.0,0.0,1.0,-31.441516587677846,26.0,0.0,0.0,0.6,98.021,0,101.455274892719
SAR,4.0,1.0,SOFT,WILLIAMS,0.0,1.0,0.0,0.0,0.0,0.0,0.0,0.0,0.0,0.0,0.0,0.0,0.0,0.0,0.0,0.0,1.0,0.0,0.0,0.0,0.0,99.8625,-0.556500000000014,0.3083333333333419,0.17816666666666472,0.17816666666666472,0.2681008827537444,22.0,1.0,1.0,0.0,0.0,0.0,0.0,0.0,0.0,0.0,0.0,1.0,1.0,5.162843601895716,4.0,0.0,4.0,0.4,100.644,0,100.82797901210995
SAR,5.0,1.0,SOFT,WILLIAMS,0.0,1.0,0.0,0.0,0.0,0.0,0.0,0.0,0.0,0.0,0.0,0.0,0.0,0.0,0.0,0.0,1.0,0.0,0.0,0.0,0.0,99.792,-0.07049999999999557,0.5053750000000043,0.3466249999999995,0.462166666666666,0.40255196351941963,22.0,1.0,1.0,0.0,0.0,0.0,0.0,0.0,0.0,0.0,0.0,1.0,1.0,5.453554502369649,5.0,0.0,5.0,0.8999999999999999,100.902,0,101.14730534947994
SAR,6.0,1.0,SOFT,WILLIAMS,0.0,1.0,0.0,0.0,0.0,0.0,0.0,0.0,0.0,0.0,0.0,0.0,0.0,0.0,0.0,0.0,1.0,0.0,0.0,0.0,0.0,100.618,0.8259999999999934,-0.050099999999994815,0.33410000000000084,0.5408333333333388,0.28787164385074926,22.0,1.0,1.0,0.0,0.0,0.0,0.0,0.0,0.0,0.0,0.0,1.0,1.0,6.544265402843578,6.0,0.0,6.0,0.6,100.791,0,101.09763168684991
SAR,7.0,1.0,SOFT,WILLIAMS,0.0,1.0,0.0,0.0,0.0,0.0,0.0,0.0,0.0,0.0,0.0,0.0,0.0,0.0,0.0,0.0,1.0,0.0,0.0,0.0,0.0,100.5375,-0.08050000000000068,-0.06716666666666526,0.32066666666666777,0.4631666666666708,0.3370846827331868,21.0,1.0,1.0,0.0,0.0,0.0,0.0,0.0,0.0,0.0,0.0,1.0,1.0,6.934976303317498,7.0,0.0,7.0,0.6,100.892,0,101.25995802421988
SAR,8.0,1.0,SOFT,WILLIAMS,0.0,1.0,0.0,0.0,0.0,0.0,0.0,0.0,0.0,0.0,0.0,0.0,0.0,0.0,0.0,0.0,1.0,0.0,0.0,0.0,0.0,100.60499999999999,0.06749999999999545,-0.02885714285713853,0.31585714285714467,0.2748333333333382,0.01853600100705104,21.0,1.0,1.0,0.0,0.0,0.0,0.0,0.0,0.0,0.0,0.0,1.0,1.0,7.925687203791426,8.0,0.0,8.0,0.8999999999999999,100.868,0,101.29728436158987
SAR,9.0,1.0,SOFT,WILLIAMS,0.0,1.0,0.0,0.0,0.0,0.0,0.0,0.0,0.0,0.0,0.0,0.0,0.0,0.0,0.0,0.0,1.0,0.0,0.0,0.0,0.0,100.70400000000001,0.09900000000001796,-0.13287500000001273,0.296875,0.23483333333333198,0.06358917622783448,21.0,1.0,1.0,0.0,0.0,0.0,0.0,0.0,0.0,0.0,0.0,1.0,1.0,8.016398104265374,9.0,0.0,9.0,0.6,100.908,0,101.39861069895986
SAR,10.0,1.0,SOFT,WILLIAMS,0.0,1.0,0.0,0.0,0.0,0.0,0.0,0.0,0.0,0.0,0.0,0.0,0.0,0.0,0.0,0.0,1.0,0.0,0.0,0.0,0.0,100.8245,0.12049999999999272,-0.18966666666666598,0.2731666666666668,0.17816666666666472,0.10248699104439594,21.0,1.0,1.0,0.0,0.0,0.0,0.0,0.0,0.0,0.0,0.0,1.0,1.0,8.907109004739304,10.0,0.0,10.0,0.8,101.133,0,101.68493703632984
SAR,11.0,1.0,SOFT,WILLIAMS,0.0,1.0,0.0,0.0,0.0,0.0,0.0,0.0,0.0,0.0,0.0,0.0,0.0,0.0,0.0,0.0,1.0,0.0,0.0,0.0,0.0,100.9885,0.16400000000000148,-0.11580000000000579,0.2602999999999994,0.13066666666666057,0.04199503938958469,21.0,1.0,1.0,0.0,0.0,0.0,0.0,0.0,0.0,0.0,0.0,1.0,1.0,7.5978199052132425,11.0,0.0,11.0,0.6,101.532,0,102.14526337369982
SAR,12.0,1.0,SOFT,WILLIAMS,0.0,1.0,0.0,0.0,0.0,0.0,0.0,0.0,0.0,0.0,0.0,0.0,0.0,0.0,0.0,0.0,1.0,0.0,0.0,0.0,0.0,101.24950000000001,0.2610000000000099,0.020181818181804756,0.2623181818181799,0.1701666666666597,0.10195260336711218,21.0,1.0,1.0,0.0,0.0,0.0,0.0,0.0,0.0,0.0,0.0,1.0,1.0,8.288530805687174,12.0,0.0,12.0,0.8999999999999999,103.88,1,104.5545897110698
SAR,13.0,2.0,SOFT,WILLIAMS,0.0,1.0,0.0,0.0,0.0,0.0,0.0,0.0,0.0,0.0,0.0,0.0,0.0,0.0,0.0,0.0,1.0,0.0,0.0,0.0,0.0,101.134,-0.11550000000001148,2.2767083333333304,0.4692916666666645,1.0576666666666579,1.4637667448515637,21.0,1.0,2.0,0.0,0.0,0.0,0.0,0.0,0.0,0.0,0.0,1.0,1.0,0.5907109004739297,1.0,0.0,1.0,0.8,103.98475,0,104.7206660484398
SAR,14.0,2.0,SOFT,WILLIAMS,0.0,1.0,0.0,0.0,0.0,0.0,0.0,0.0,0.0,0.0,0.0,0.0,0.0,0.0,0.0,0.0,1.0,0.0,0.0,0.0,0.0,100.7305,-0.403499999999994,2.5707307692307704,0.6835192307692287,2.094249999999993,1.5894678551326615,21.0,1.0,2.0,0.0,0.0,0.0,0.0,0.0,0.0,0.0,0.0,1.0,1.0,1.1814218009478594,2.0,0.0,2.0,0.8,98.413,0,99.21024238580976
SAR,15.0,2.0,SOFT,WILLIAMS,0.0,1.0,0.0,0.0,0.0,0.0,0.0,0.0,0.0,0.0,0.0,0.0,0.0,0.0,0.0,0.0,1.0,0.0,0.0,0.0,0.0,98.859,-1.8715000000000117,-1.0488392857142819,0.6028392857142839,1.8514166666666654,2.005784639694233,21.0,1.0,2.0,0.0,0.0,0.0,0.0,0.0,0.0,0.0,0.0,1.0,1.0,1.7721327014217891,3.0,0.0,3.0,0.6,99.033,0,99.89156872317976
SAR,16.0,2.0,SOFT,WILLIAMS,0.0,1.0,0.0,0.0,0.0,0.0,0.0,0.0,0.0,0.0,0.0,0.0,0.0,0.0,0.0,0.0,1.0,0.0,0.0,0.0,0.0,98.975,0.11599999999999966,-0.5085166666666585,0.5665166666666654,0.9554166666666694,2.0067336696316533,21.0,1.0,2.0,0.0,0.0,0.0,0.0,0.0,0.0,0.0,0.0,1.0,1.0,1.9628436018957132,4.0,0.0,4.0,0.8,98.988,0,99.90789506054973
SAR,17.0,2.0,SOFT,WILLIAMS,0.0,1.0,0.0,0.0,0.0,0.0,0.0,0.0,0.0,0.0,0.0,0.0,0.0,0.0,0.0,0.0,1.0,0.0,0.0,0.0,0.0,98.945,-0.030000000000001137,-0.4907968749999929,0.5337968749999993,-0.11499999999999488,0.2867525065278426,21.0,1.0,2.0,0.0,0.0,0.0,0.0,0.0,0.0,0.0,0.0,1.0,1.0,1.9535545023696521,5.0,0.0,5.0,0.6,99.439,0,100.4202213979197
SAR,18.0,2.0,SOFT,WILLIAMS,0.0,1.0,0.0,0.0,0.0,0.0,0.0,0.0,0.0,0.0,0.0,0.0,0.0,0.0,0.0,0.0,1.0,0.0,0.0,0.0,0.0,98.996,0.05100000000000193,-0.08545588235294255,0.5284558823529404,0.18133333333333704,0.22673405860904572,21.0,1.0,2.0,0.0,0.0,0.0,0.0,0.0,0.0,0.0,0.0,1.0,1.0,2.3442654028435825,6.0,0.0,6.0,0.6,99.399,0,100.4415477352897
SAR,19.0,2.0,SOFT,WILLIAMS,0.0,1.0,0.0,0.0,0.0,0.0,0.0,0.0,0.0,0.0,0.0,0.0,0.0,0.0,0.0,0.0,1.0,0.0,0.0,0.0,0.0,98.886,-0.10999999999999943,-0.014597222222216488,0.5275972222222217,0.3330000000000031,0.25357444666211565,20.0,1.0,2.0,0.0,0.0,0.0,0.0,0.0,0.0,0.0,0.0,1.0,1.0,2.734976303317513,7.0,0.0,7.0,0.6,99.22,0,100.32387407265968
SAR,20.0,2.0,SOFT,WILLIAMS,0.0,1.0,0.0,0.0,0.0,0.0,0.0,0.0,0.0,0.0,0.0,0.0,0.0,0.0,0.0,0.0,1.0,0.0,0.0,0.0,0.0,98.794,-0.09199999999999875,-0.09624999999999773,0.5222499999999997,0.46066666666666833,0.046112182049138944,21.0,1.0,2.0,0.0,0.0,0.0,0.0,0.0,0.0,0.0,0.0,1.0,1.0,2.325687203791432,8.0,0.0,8.0,0.4,99.186,0,100.35120041002968
SAR,21.0,2.0,SOFT,WILLIAMS,0.0,1.0,0.0,0.0,0.0,0.0,0.0,0.0,0.0,0.0,0.0,0.0,0.0,0.0,0.0,0.0,1.0,0.0,0.0,0.0,0.0,98.809,0.015000000000000568,-0.1379874999999906,0.5149875000000002,0.43866666666667226,0.06887912117131322,21.0,1.0,2.0,0.0,0.0,0.0,0.0,0.0,0.0,0.0,0.0,1.0,1.0,1.7163981042653802,9.0,0.0,9.0,0.6,99.612,0,100.83852674739964
SAR,22.0,2.0,SOFT,WILLIAMS,0.0,1.0,0.0,0.0,0.0,0.0,0.0,0.0,0.0,0.0,0.0,0.0,0.0,0.0,0.0,0.0,1.0,0.0,0.0,0.0,0.0,98.888,0.07900000000000773,0.19905952380951375,0.5249404761904758,0.5090000000000003,0.187800425984596,21.0,1.0,2.0,0.0,0.0,0.0,0.0,0.0,0.0,0.0,0.0,1.0,1.0,0.9071090047392971,10.0,0.0,10.0,0.4,99.362,0,100.64985308476962
SAR,23.0,2.0,SOFT,WILLIAMS,0.0,1.0,0.0,0.0,0.0,0.0,0.0,0.0,0.0,0.0,0.0,0.0,0.0,0.0,0.0,0.0,1.0,0.0,0.0,0.0,0.0,98.913,0.024999999999991473,-0.07248863636363789,0.521488636363636,0.5166666666666657,0.18312928038227355,21.0,1.0,2.0,0.0,0.0,0.0,0.0,0.0,0.0,0.0,0.0,1.0,1.0,-0.1021800947867888,11.0,0.0,11.0,0.4,99.692,0,101.0411794221396
SAR,24.0,2.0,SOFT,WILLIAMS,0.0,1.0,0.0,0.0,0.0,0.0,0.0,0.0,0.0,0.0,0.0,0.0,0.0,0.0,0.0,0.0,1.0,0.0,0.0,0.0,0.0,99.027,0.11400000000000432,0.13727173913042756,0.5277282608695645,0.6126666666666599,0.14477683976842268,21.0,1.0,2.0,0.0,0.0,0.0,0.0,0.0,0.0,0.0,0.0,1.0,1.0,-0.11146919431286051,12.0,0.0,12.0,0.8,99.872,0,101.28250575950959
SAR,25.0,2.0,SOFT,WILLIAMS,0.0,1.0,0.0,0.0,0.0,0.0,0.0,0.0,0.0,0.0,0.0,0.0,0.0,0.0,0.0,0.0,1.0,0.0,0.0,0.0,0.0,98.947,-0.0799999999999983,0.380718749999998,0.5442812499999992,0.6796666666666624,0.23833869457839338,21.0,1.0,2.0,0.0,0.0,0.0,0.0,0.0,0.0,0.0,0.0,1.0,1.0,-0.12075829383893222,13.0,0.0,13.0,0.6,99.834,0,101.30583209687958
SAR,26.0,2.0,SOFT,WILLIAMS,0.0,1.0,0.0,0.0,0.0,0.0,0.0,0.0,0.0,0.0,0.0,0.0,0.0,0.0,0.0,0.0,1.0,0.0,0.0,0.0,0.0,99.066,0.11899999999999977,0.21477000000000146,0.5532299999999992,0.7859999999999966,0.13093127968518478,21.0,1.0,2.0,0.0,0.0,0.0,0.0,0.0,0.0,0.0,0.0,1.0,1.0,-0.13004739336500393,14.0,0.0,14.0,0.6,100.006,0,101.53915843424956
SAR,27.0,2.0,SOFT,WILLIAMS,0.0,1.0,0.0,0.0,0.0,0.0,0.0,0.0,0.0,0.0,0.0,0.0,0.0,0.0,0.0,0.0,1.0,0.0,0.0,0.0,0.0,99.5,0.4339999999999975,-0.0454134615384606,0.5514134615384608,0.7329999999999993,0.211681364319108,21.0,1.0,2.0,0.0,0.0,0.0,0.0,0.0,0.0,0.0,0.0,1.0,1.0,-0.13933649289107564,15.0,0.0,15.0,0.6,99.602,0,101.19648477161954
SAR,28.0,2.0,SOFT,WILLIAMS,0.0,1.0,0.0,0.0,0.0,0.0,0.0,0.0,0.0,0.0,0.0,0.0,0.0,0.0,0.0,0.0,1.0,0.0,0.0,0.0,0.0,99.235,-0.26500000000000057,-0.17758333333332832,0.5445833333333328,0.5470000000000018,0.2036197436399495,21.0,1.0,2.0,0.0,0.0,0.0,0.0,0.0,0.0,0.0,0.0,1.0,1.0,-0.14862559241714735,16.0,0.0,16.0,0.8,99.62,0,101.27581110898953
SAR,29.0,2.0,SOFT,WILLIAMS,0.0,1.0,0.0,0.0,0.0,0.0,0.0,0.0,0.0,0.0,0.0,0.0,0.0,0.0,0.0,0.0,1.0,0.0,0.0,0.0,0.0,98.474,-0.7609999999999957,0.5799375000000013,0.5660624999999995,0.6730000000000018,0.41548405504904573,21.0,1.0,2.0,0.0,0.0,0.0,0.0,0.0,0.0,0.0,0.0,1.0,1.0,-3.557914691943207,17.0,0.0,17.0,0.6,99.673,0,101.3901374463595
SAR,30.0,2.0,SOFT,WILLIAMS,0.0,1.0,0.0,0.0,0.0,0.0,0.0,0.0,0.0,0.0,0.0,0.0,0.0,0.0,0.0,0.0,1.0,0.0,0.0,0.0,0.0,98.447,-0.027000000000001023,0.6371810344827582,0.5888189655172409,0.9130000000000015,0.47453872339356784,21.0,1.0,2.0,0.0,0.0,0.0,0.0,0.0,0.0,0.0,0.0,1.0,1.0,-1.9672037914692524,18.0,0.0,18.0,0.6,102.409,1,104.1874637837295
SAR,31.0,3.0,HARD,WILLIAMS,0.0,0.0,0.0,0.0,0.0,0.0,0.0,0.0,0.0,0.0,0.0,0.0,0.0,0.0,0.0,0.0,1.0,0.0,0.0,0.0,0.0,98.39,-0.05700000000000216,3.3158416666666723,0.703158333333333,2.130333333333335,1.6361223466884571,21.0,1.0,3.0,0.0,0.0,0.0,0.0,0.0,0.0,0.0,0.0,1.0,1.0,-0.30928909952606887,1.0,0.0,0.0,0.6,103.98475,0,105.82454012109947
SAR,32.0,3.0,HARD,WILLIAMS,0.0,0.0,0.0,0.0,0.0,0.0,0.0,0.0,0.0,0.0,0.0,0.0,0.0,0.0,0.0,0.0,1.0,0.0,0.0,0.0,0.0,98.104,-0.28600000000000136,5.010572580645167,0.8701774193548386,3.708583333333337,2.3428493914106707,21.0,1.0,3.0,0.0,0.0,0.0,0.0,0.0,0.0,0.0,0.0,1.0,1.0,-0.6185781990521377,2.0,0.0,0.0,0.6,97.613,0,99.51411645846945
SAR,33.0,3.0,HARD,WILLIAMS,0.0,0.0,0.0,0.0,0.0,0.0,0.0,0.0,0.0,0.0,0.0,0.0,0.0,0.0,0.0,0.0,1.0,0.0,0.0,0.0,0.0,97.902,-0.20199999999999818,-1.1229531250000013,0.8339531249999999,3.2035833333333366,3.164669338309037,21.0,1.0,3.0,0.0,0.0,0.0,0.0,0.0,0.0,0.0,0.0,1.0,1.0,-0.9278672985782066,3.0,0.0,0.0,0.5,97.862,0,99.82444279583943
SAR,34.0,3.0,HARD,WILLIAMS,0.0,0.0,0.0,0.0,0.0,0.0,0.0,0.0,0.0,0.0,0.0,0.0,0.0,0.0,0.0,0.0,1.0,0.0,0.0,0.0,0.0,97.775,-0.12699999999999534,-0.7243181818181923,0.8113181818181814,1.8929166666666646,3.4586782187467775,21.0,1.0,3.0,0.0,0.0,0.0,0.0,0.0,0.0,0.0,0.0,1.0,1.0,-1.2371563981042755,4.0,0.0,0.0,0.5,97.902,0,99.92576913320941
SAR,35.0,3.0,HARD,WILLIAMS,0.0,0.0,0.0,0.0,0.0,0.0,0.0,0.0,0.0,0.0,0.0,0.0,0.0,0.0,0.0,0.0,1.0,0.0,0.0,0.0,0.0,97.902,0.12699999999999534,-0.7874558823529407,0.7874558823529407,-0.06733333333333746,0.196835802976328,21.0,1.0,3.0,0.0,0.0,0.0,0.0,0.0,0.0,0.0,0.0,1.0,1.0,-1.5464454976303443,5.0,0.0,0.0,0.4,98.029,0,100.1140954705794
SAR,36.0,3.0,HARD,WILLIAMS,0.0,0.0,0.0,0.0,0.0,0.0,0.0,0.0,0.0,0.0,0.0,0.0,0.0,0.0,0.0,0.0,1.0,0.0,0.0,0.0,0.0,97.87,-0.031999999999996476,-0.6105000000000075,0.7694999999999993,0.08199999999999363,0.0796178371974707,21.0,1.0,3.0,0.0,0.0,0.0,0.0,0.0,0.0,0.0,0.0,1.0,1.0,-1.8557345971564132,6.0,0.0,0.0,0.5,97.717,0,99.86342180794938
SAR,37.0,3.0,HARD,WILLIAMS,0.0,0.0,0.0,0.0,0.0,0.0,0.0,0.0,0.0,0.0,0.0,0.0,0.0,0.0,0.0,0.0,1.0,0.0,0.0,0.0,0.0,97.754,-0.11599999999999966,-0.7840972222222276,0.7470972222222214,0.04066666666666189,0.10413612885707116,21.0,1.0,3.0,0.0,0.0,0.0,0.0,0.0,0.0,0.0,0.0,1.0,1.0,-2.865023696682492,7.0,0.0,0.0,0.4,97.831,0,100.03874814531936
SAR,38.0,3.0,HARD,WILLIAMS,0.0,0.0,0.0,0.0,0.0,0.0,0.0,0.0,0.0,0.0,0.0,0.0,0.0,0.0,0.0,0.0,1.0,0.0,0.0,0.0,0.0,97.831,0.07699999999999818,-0.7269054054054046,0.7269054054054046,0.04066666666666189,0.10413612885707116,21.0,1.0,3.0,0.0,0.0,0.0,0.0,0.0,0.0,0.0,0.0,1.0,1.0,-3.2743127962085623,8.0,0.0,0.0,0.1,98.015,0,100.28407448268935
SAR,39.0,3.0,HARD,WILLIAMS,0.0,0.0,0.0,0.0,0.0,0.0,0.0,0.0,0.0,0.0,0.0,0.0,0.0,0.0,0.0,0.0,1.0,0.0,0.0,0.0,0.0,98.015,0.1839999999999975,-0.7077763157894729,0.7077763157894729,-0.01233333333333538,0.021361959960107684,21.0,1.0,3.0,0.0,0.0,0.0,0.0,0.0,0.0,0.0,0.0,1.0,1.0,-3.6836018957346326,9.0,0.0,0.0,0.6,97.971,0,100.30140082005933
SAR,40.0,3.0,HARD,WILLIAMS,0.0,0.0,0.0,0.0,0.0,0.0,0.0,0.0,0.0,0.0,0.0,0.0,0.0,0.0,0.0,0.0,1.0,0.0,0.0,0.0,0.0,97.784,-0.23099999999999454,-0.5074230769230785,0.6944230769230761,0.06233333333333254,0.10796450033847559,21.0,1.0,3.0,0.0,0.0,0.0,0.0,0.0,0.0,0.0,0.0,1.0,126.0,-4.092890995260703,10.0,0.0,0.0,0.4,103.98475,1,106.37647715742932
SAR,41.0,4.0,SOFT,WILLIAMS,0.0,1.0,0.0,0.0,0.0,0.0,0.0,0.0,0.0,0.0,0.0,0.0,0.0,0.0,0.0,0.0,1.0,0.0,0.0,0.0,0.0,103.98475,6.200749999999999,-0.6770624999999992,0.6770624999999992,0.06233333333333254,0.10796450033847559,21.0,1.0,4.0,0.0,0.0,0.0,0.0,0.0,0.0,0.0,0.0,1.0,671.0,-0.6092890995260696,1.0,0.0,1.0,0.1,103.98475,0,106.4378034947993
SAR,42.0,4.0,SOFT,WILLIAMS,0.0,1.0,0.0,0.0,0.0,0.0,0.0,0.0,0.0,0.0,0.0,0.0,0.0,0.0,0.0,0.0,1.0,0.0,0.0,0.0,0.0,103.98475,0.0,-0.6605487804878041,0.6605487804878041,0.06233333333333254,0.10796450033847559,21.0,1.0,4.0,0.0,0.0,0.0,0.0,0.0,0.0,0.0,0.0,1.0,1.0,-1.2185781990521392,2.0,0.0,2.0,0.1,96.037,0,98.55137983216927
SAR,43.0,4.0,SOFT,WILLIAMS,0.0,1.0,0.0,0.0,0.0,0.0,0.0,0.0,0.0,0.0,0.0,0.0,0.0,0.0,0.0,0.0,1.0,0.0,0.0,0.0,0.0,97.061,-6.923749999999998,-1.6444404761904763,0.6204404761904754,-0.34133333333333366,0.5912066756501808,21.0,1.0,4.0,0.0,0.0,0.0,0.0,0.0,0.0,0.0,0.0,1.0,1.0,-2.127867298578213,3.0,0.0,3.0,0.1,96.801,0,99.37670616953926
SAR,44.0,4.0,SOFT,WILLIAMS,0.0,1.0,0.0,0.0,0.0,0.0,0.0,0.0,0.0,0.0,0.0,0.0,0.0,0.0,0.0,0.0,1.0,0.0,0.0,0.0,0.0,97.028,-0.03300000000000125,-0.8277325581395378,0.600732558139534,-0.4170000000000016,0.5377908515398938,21.0,1.0,4.0,0.0,0.0,0.0,0.0,0.0,0.0,0.0,0.0,1.0,1.0,-2.837156398104284,4.0,0.0,4.0,0.3,97.407,0,100.04403250690923
SAR,45.0,4.0,SOFT,WILLIAMS,0.0,1.0,0.0,0.0,0.0,0.0,0.0,0.0,0.0,0.0,0.0,0.0,0.0,0.0,0.0,0.0,1.0,0.0,0.0,0.0,0.0,97.219,0.1909999999999883,-0.4033522727272696,0.591352272727272,-0.3543333333333341,0.6159515673600798,21.0,1.0,4.0,0.0,0.0,0.0,0.0,0.0,0.0,0.0,0.0,1.0,1.0,-4.046445497630344,5.0,0.0,5.0,0.6,97.462,0,100.16035884427923
SAR,46.0,4.0,SOFT,WILLIAMS,0.0,1.0,0.0,0.0,0.0,0.0,0.0,0.0,0.0,0.0,0.0,0.0,0.0,0.0,0.0,0.0,1.0,0.0,0.0,0.0,0.0,97.426,0.20700000000000784,-0.543011111111109,0.5790111111111104,-0.001000000000000038,0.20995951990801717,21.0,1.0,4.0,0.0,0.0,0.0,0.0,0.0,0.0,0.0,0.0,1.0,1.0,-4.855734597156413,6.0,0.0,6.0,0.1,98.441,0,101.2006851816492
SAR,47.0,4.0,SOFT,WILLIAMS,0.0,1.0,0.0,0.0,0.0,0.0,0.0,0.0,0.0,0.0,0.0,0.0,0.0,0.0,0.0,0.0,1.0,0.0,0.0,0.0,0.0,97.589,0.1629999999999967,0.2670543478260915,0.5849456521739124,0.3586666666666692,0.4339462332286542,21.0,1.0,4.0,0.0,0.0,0.0,0.0,0.0,0.0,0.0,0.0,1.0,1.0,-6.365023696682492,7.0,0.0,7.0,0.1,97.227,0,100.04801151901918
SAR,48.0,4.0,SOFT,WILLIAMS,0.0,1.0,0.0,0.0,0.0,0.0,0.0,0.0,0.0,0.0,0.0,0.0,0.0,0.0,0.0,0.0,1.0,0.0,0.0,0.0,0.0,97.432,-0.15699999999999648,-0.7731382978723381,0.5681382978723398,0.227666666666669,0.5539533674717919,21.0,1.0,4.0,0.0,0.0,0.0,0.0,0.0,0.0,0.0,0.0,1.0,1.0,-7.274312796208562,8.0,0.0,8.0,0.1,97.068,0,99.95033785638917
SAR,49.0,4.0,SOFT,WILLIAMS,0.0,1.0,0.0,0.0,0.0,0.0,0.0,0.0,0.0,0.0,0.0,0.0,0.0,0.0,0.0,0.0,1.0,0.0,0.0,0.0,0.0,97.5,0.06799999999999784,-0.9793020833333349,0.5473020833333327,0.07166666666666781,0.68525348108079,21.0,1.0,4.0,0.0,0.0,0.0,0.0,0.0,0.0,0.0,0.0,1.0,1.0,-8.183601895734633,9.0,0.0,9.0,0.6,97.225,0,100.16866419375914
SAR,50.0,4.0,SOFT,WILLIAMS,0.0,1.0,0.0,0.0,0.0,0.0,0.0,0.0,0.0,0.0,0.0,0.0,0.0,0.0,0.0,0.0,1.0,0.0,0.0,0.0,0.0,97.609,0.10899999999999466,-0.9122959183673467,0.5282959183673464,-0.3403333333333336,0.11963416457407951,21.0,1.0,4.0,0.0,0.0,0.0,0.0,0.0,0.0,0.0,0.0,1.0,1.0,-9.092890995260703,10.0,0.0,10.0,0.1,97.29,0,100.29499053112914
SAR,51.0,4.0,SOFT,WILLIAMS,0.0,1.0,0.0,0.0,0.0,0.0,0.0,0.0,0.0,0.0,0.0,0.0,0.0,0.0,0.0,0.0,1.0,0.0,0.0,0.0,0.0,97.604,-0.0049999999999954525,-0.8254499999999925,0.5114499999999995,-0.37666666666666515,0.059340823497303394,21.0,1.0,4.0,0.0,0.0,0.0,0.0,0.0,0.0,0.0,0.0,1.0,1.0,-11.102180094786789,11.0,0.0,11.0,0.3,97.472,0,100.53831686849911
SAR,52.0,4.0,SOFT,WILLIAMS,0.0,1.0,0.0,0.0,0.0,0.0,0.0,0.0,0.0,0.0,0.0,0.0,0.0,0.0,0.0,0.0,1.0,0.0,0.0,0.0,0.0,97.706,0.10200000000000387,-0.7308333333333416,0.4968333333333327,-0.31066666666666737,0.07505553499467425,21.0,1.0,4.0,0.0,0.0,0.0,0.0,0.0,0.0,0.0,0.0,1.0,1.0,-12.11146919431286,12.0,0.0,12.0,0.1,97.456,0,100.5836432058691
SAR,53.0,4.0,SOFT,WILLIAMS,0.0,1.0,0.0,0.0,0.0,0.0,0.0,0.0,0.0,0.0,0.0,0.0,0.0,0.0,0.0,0.0,1.0,0.0,0.0,0.0,0.0,97.589,-0.11700000000000443,-0.6177211538461489,0.48472115384615333,-0.22699999999999912,0.09070281142282113,21.0,1.0,4.0,0.0,0.0,0.0,0.0,0.0,0.0,0.0,0.0,1.0,1.0,-14.420758293838905,13.0,0.0,13.0,0.4,97.662,0,100.85096954323909
SAR,54.0,4.0,SOFT,WILLIAMS,0.0,1.0,0.0,0.0,0.0,0.0,0.0,0.0,0.0,0.0,0.0,0.0,0.0,0.0,0.0,0.0,1.0,0.0,0.0,0.0,0.0,97.778,0.18900000000000716,-0.5893867924528293,0.47338679245282966,-0.16100000000000136,0.06378871373530486,21.0,1.0,4.0,0.0,0.0,0.0,0.0,0.0,0.0,0.0,0.0,1.0,1.0,-15.530047393364974,14.0,0.0,14.0,0.3,97.936,0,101.18629588060907
SAR,55.0,4.0,SOFT,WILLIAMS,0.0,1.0,0.0,0.0,0.0,0.0,0.0,0.0,0.0,0.0,0.0,0.0,0.0,0.0,0.0,0.0,1.0,0.0,0.0,0.0,0.0,97.78,0.001999999999995339,-0.31150925925925294,0.46750925925925885,-0.030999999999996437,0.16216966424089405,21.0,1.0,4.0,0.0,0.0,0.0,0.0,0.0,0.0,0.0,0.0,1.0,1.0,-16.639336492891044,15.0,0.0,15.0,0.5,98.316,0,101.62762221797905
SAR,56.0,4.0,SOFT,WILLIAMS,0.0,1.0,0.0,0.0,0.0,0.0,0.0,0.0,0.0,0.0,0.0,0.0,0.0,0.0,0.0,0.0,1.0,0.0,0.0,0.0,0.0,97.86,0.0799999999999983,-0.01129999999999659,0.46729999999999966,0.16533333333333644,0.2861141963156275,21.0,1.0,4.0,0.0,0.0,0.0,0.0,0.0,0.0,0.0,0.0,1.0,1.0,-19.348625592417136,16.0,0.0,16.0,0.6,99.626,0,102.99894855534903
STR,4.0,1.0,SOFT,ASTON MARTIN,0.0,1.0,0.0,0.0,0.0,0.0,0.0,0.0,0.0,0.0,0.0,0.0,0.0,0.0,0.0,0.0,0.0,1.0,0.0,0.0,0.0,99.8625,-0.556500000000014,0.017333333333340306,-0.25483333333333746,-0.25483333333333746,0.26392723113263156,22.0,0.0,1.0,0.0,0.0,1.0,0.0,0.0,0.0,0.0,0.0,0.0,1.0,9.034976303317503,7.0,0.0,7.0,0.4,99.745,0,99.92897901210995
STR,5.0,1.0,SOFT,ASTON MARTIN,0.0,1.0,0.0,0.0,0.0,0.0,0.0,0.0,0.0,0.0,0.0,0.0,0.0,0.0,0.0,0.0,0.0,1.0,0.0,0.0,0.0,99.792,-0.07049999999999557,0.15587500000000531,-0.20287500000000236,-0.2705000000000031,0.24169557298387706,22.0,0.0,1.0,0.0,0.0,1.0,0.0,0.0,0.0,0.0,0.0,0.0,1.0,8.725687203791438,8.0,0.0,8.0,0.8999999999999999,99.144,0,99.38930534947994
STR,6.0,1.0,SOFT,ASTON MARTIN,0.0,1.0,0.0,0.0,0.0,0.0,0.0,0.0,0.0,0.0,0.0,0.0,0.0,0.0,0.0,0.0,0.0,1.0,0.0,0.0,0.0,100.618,0.8259999999999934,-1.0168999999999897,-0.4570999999999998,-0.5861666666666613,0.7747635660853747,22.0,0.0,1.0,0.0,0.0,1.0,0.0,0.0,0.0,0.0,0.0,0.0,1.0,9.816398104265367,9.0,0.0,9.0,0.6,99.714,0,100.02063168684991
STR,7.0,1.0,SOFT,ASTON MARTIN,0.0,1.0,0.0,0.0,0.0,0.0,0.0,0.0,0.0,0.0,0.0,0.0,0.0,0.0,0.0,0.0,0.0,1.0,0.0,0.0,0.0,100.5375,-0.08050000000000068,-0.3053333333333299,-0.5181666666666658,-0.7814999999999941,0.7144265182648212,22.0,0.0,1.0,0.0,0.0,1.0,0.0,0.0,0.0,0.0,0.0,0.0,1.0,9.907109004739283,10.0,0.0,10.0,0.6,99.945,0,100.31295802421988
STR,8.0,1.0,SOFT,ASTON MARTIN,0.0,1.0,0.0,0.0,0.0,0.0,0.0,0.0,0.0,0.0,0.0,0.0,0.0,0.0,0.0,0.0,0.0,1.0,0.0,0.0,0.0,100.60499999999999,0.06749999999999545,-0.12157142857142644,-0.5384285714285701,-0.9858333333333272,0.43059619521464676,21.0,0.0,1.0,0.0,0.0,1.0,0.0,0.0,0.0,0.0,0.0,0.0,1.0,10.897819905213211,11.0,0.0,11.0,0.8999999999999999,99.801,0,100.23028436158988
STR,9.0,1.0,SOFT,ASTON MARTIN,0.0,1.0,0.0,0.0,0.0,0.0,0.0,0.0,0.0,0.0,0.0,0.0,0.0,0.0,0.0,0.0,0.0,1.0,0.0,0.0,0.0,100.70400000000001,0.09900000000001796,-0.31900000000000617,-0.5839999999999996,-0.7954999999999993,0.12389612584742517,21.0,0.0,1.0,0.0,0.0,1.0,0.0,0.0,0.0,0.0,0.0,0.0,1.0,10.688530805687165,12.0,0.0,12.0,0.6,100.106,0,100.59661069895985
STR,10.0,1.0,SOFT,ASTON MARTIN,0.0,1.0,0.0,0.0,0.0,0.0,0.0,0.0,0.0,0.0,0.0,0.0,0.0,0.0,0.0,0.0,0.0,1.0,0.0,0.0,0.0,100.8245,0.12049999999999272,-0.11955555555556119,-0.5989444444444447,-0.7605000000000027,0.12682763894357157,21.0,0.0,1.0,0.0,0.0,1.0,0.0,0.0,0.0,0.0,0.0,0.0,1.0,11.579241706161095,13.0,0.0,13.0,0.8,100.192,0,100.74393703632984
STR,11.0,1.0,SOFT,ASTON MARTIN,0.0,1.0,0.0,0.0,0.0,0.0,0.0,0.0,0.0,0.0,0.0,0.0,0.0,0.0,0.0,0.0,0.0,1.0,0.0,0.0,0.0,100.9885,0.16400000000000148,-0.17780000000000773,-0.6187000000000011,-0.8060000000000068,0.09261614330126262,21.0,0.0,1.0,0.0,0.0,1.0,0.0,0.0,0.0,0.0,0.0,0.0,1.0,9.669952606635036,14.0,0.0,14.0,0.6,100.923,0,101.53626337369982
STR,12.0,1.0,SOFT,ASTON MARTIN,0.0,1.0,0.0,0.0,0.0,0.0,0.0,0.0,0.0,0.0,0.0,0.0,0.0,0.0,0.0,0.0,0.0,1.0,0.0,0.0,0.0,101.24950000000001,0.2610000000000099,0.26563636363635557,-0.5921363636363656,-0.6138333333333416,0.2518756306857269,21.0,0.0,1.0,0.0,0.0,1.0,0.0,0.0,0.0,0.0,0.0,0.0,1.0,10.360663507108967,15.0,0.0,15.0,0.8999999999999999,101.039,0,101.7135897110698
STR,13.0,1.0,SOFT,ASTON MARTIN,0.0,1.0,0.0,0.0,0.0,0.0,0.0,0.0,0.0,0.0,0.0,0.0,0.0,0.0,0.0,0.0,0.0,1.0,0.0,0.0,0.0,101.134,-0.11550000000001148,0.45570833333333616,-0.550708333333335,-0.4060000000000059,0.35744335215527917,21.0,0.0,1.0,0.0,0.0,1.0,0.0,0.0,0.0,0.0,0.0,0.0,1.0,9.451374407582875,16.0,0.0,16.0,0.8999999999999999,101.12,0,101.8559160484398
STR,14.0,1.0,SOFT,ASTON MARTIN,0.0,1.0,0.0,0.0,0.0,0.0,0.0,0.0,0.0,0.0,0.0,0.0,0.0,0.0,0.0,0.0,0.0,1.0,0.0,0.0,0.0,100.7305,-0.403499999999994,0.8678846153846154,-0.47838461538461713,-0.01066666666667023,0.3653738952543482,21.0,0.0,1.0,0.0,0.0,1.0,0.0,0.0,0.0,0.0,0.0,0.0,1.0,10.042085308056805,17.0,0.0,17.0,0.8,100.002,0,100.79924238580976
STR,15.0,1.0,SOFT,ASTON MARTIN,0.0,1.0,0.0,0.0,0.0,0.0,0.0,0.0,0.0,0.0,0.0,0.0,0.0,0.0,0.0,0.0,0.0,1.0,0.0,0.0,0.0,98.859,-1.8715000000000117,1.5055714285714308,-0.36257142857143015,0.4791666666666667,0.6238518119981162,21.0,0.0,1.0,0.0,0.0,1.0,0.0,0.0,0.0,0.0,0.0,0.0,1.0,10.632796208530735,18.0,0.0,18.0,0.6,102.841,1,103.69956872317975
STR,16.0,2.0,HARD,ASTON MARTIN,0.0,0.0,0.0,0.0,0.0,0.0,0.0,0.0,0.0,0.0,0.0,0.0,0.0,0.0,0.0,0.0,0.0,1.0,0.0,0.0,0.0,98.975,0.11599999999999966,3.9466666666666677,-0.08066666666666815,1.7994999999999994,1.8288677508228965,21.0,1.0,2.0,0.0,0.0,1.0,0.0,0.0,0.0,0.0,0.0,0.0,1.0,0.5907109004739297,1.0,0.0,0.0,0.6,103.98475,0,104.90464506054974
STR,17.0,2.0,HARD,ASTON MARTIN,0.0,0.0,0.0,0.0,0.0,0.0,0.0,0.0,0.0,0.0,0.0,0.0,0.0,0.0,0.0,0.0,0.0,1.0,0.0,0.0,0.0,98.945,-0.030000000000001137,4.800390625000013,0.23935937499999937,3.3495833333333374,1.9990447145657726,20.0,1.0,2.0,0.0,0.0,1.0,0.0,0.0,0.0,0.0,0.0,0.0,1.0,0.7814218009478608,2.0,0.0,0.0,0.6,97.507,0,98.48822139791972
STR,18.0,2.0,HARD,ASTON MARTIN,0.0,0.0,0.0,0.0,0.0,0.0,0.0,0.0,0.0,0.0,0.0,0.0,0.0,0.0,0.0,0.0,0.0,1.0,0.0,0.0,0.0,98.996,0.05100000000000193,-1.6266911764705783,0.13769117647058823,2.4722500000000074,3.4803805018273493,21.0,1.0,2.0,0.0,0.0,1.0,0.0,0.0,0.0,0.0,0.0,0.0,1.0,1.1721327014217913,3.0,0.0,0.0,0.6,98.127,0,99.1695477352897
STR,19.0,2.0,HARD,ASTON MARTIN,0.0,0.0,0.0,0.0,0.0,0.0,0.0,0.0,0.0,0.0,0.0,0.0,0.0,0.0,0.0,0.0,0.0,1.0,0.0,0.0,0.0,98.886,-0.10999999999999943,-0.8468750000000003,0.08787499999999998,0.9305833333333405,3.577312262136667,20.0,1.0,2.0,0.0,0.0,1.0,0.0,0.0,0.0,0.0,0.0,0.0,1.0,1.5628436018957217,4.0,0.0,0.0,0.6,98.587,0,99.69087407265968
STR,20.0,2.0,HARD,ASTON MARTIN,0.0,0.0,0.0,0.0,0.0,0.0,0.0,0.0,0.0,0.0,0.0,0.0,0.0,0.0,0.0,0.0,0.0,1.0,0.0,0.0,0.0,98.794,-0.09199999999999875,-0.27935526315788867,0.07235526315789505,-0.818333333333328,0.6430562443000819,21.0,1.0,2.0,0.0,0.0,1.0,0.0,0.0,0.0,0.0,0.0,0.0,1.0,1.453554502369645,5.0,0.0,0.0,0.6,98.038,0,99.20320041002967
STR,21.0,2.0,HARD,ASTON MARTIN,0.0,0.0,0.0,0.0,0.0,0.0,0.0,0.0,0.0,0.0,0.0,0.0,0.0,0.0,0.0,0.0,0.0,1.0,0.0,0.0,0.0,98.809,0.015000000000000568,-0.801187500000001,0.030187500000000256,-0.5789999999999983,0.32221731797033937,21.0,1.0,2.0,0.0,0.0,1.0,0.0,0.0,0.0,0.0,0.0,0.0,1.0,1.1442654028435868,6.0,0.0,0.0,0.6,98.273,0,99.49952674739964
STR,22.0,2.0,HARD,ASTON MARTIN,0.0,0.0,0.0,0.0,0.0,0.0,0.0,0.0,0.0,0.0,0.0,0.0,0.0,0.0,0.0,0.0,0.0,1.0,0.0,0.0,0.0,98.888,0.07900000000000773,-0.6144642857142946,-0.0005357142857144752,-0.5310000000000011,0.291231866388277,21.0,1.0,2.0,0.0,0.0,1.0,0.0,0.0,0.0,0.0,0.0,0.0,1.0,0.634976303317508,7.0,0.0,0.0,0.4,98.73,0,100.01785308476963
STR,23.0,2.0,HARD,ASTON MARTIN,0.0,0.0,0.0,0.0,0.0,0.0,0.0,0.0,0.0,0.0,0.0,0.0,0.0,0.0,0.0,0.0,0.0,1.0,0.0,0.0,0.0,98.913,0.024999999999991473,-0.1741704545454474,-0.008829545454545305,-0.5230000000000009,0.3046046618159344,21.0,1.0,2.0,0.0,0.0,1.0,0.0,0.0,0.0,0.0,0.0,0.0,1.0,0.7256872037914377,8.0,0.0,0.0,0.5,98.295,0,99.64417942213962
STR,24.0,2.0,HARD,ASTON MARTIN,0.0,0.0,0.0,0.0,0.0,0.0,0.0,0.0,0.0,0.0,0.0,0.0,0.0,0.0,0.0,0.0,0.0,1.0,0.0,0.0,0.0,99.027,0.11400000000000432,-0.6917282608695647,-0.04027173913043461,-0.5100000000000003,0.2891695004664209,21.0,1.0,2.0,0.0,0.0,1.0,0.0,0.0,0.0,0.0,0.0,0.0,1.0,-0.08360189573464538,9.0,0.0,0.0,0.8,98.478,0,99.88850575950958
STR,25.0,2.0,HARD,ASTON MARTIN,0.0,0.0,0.0,0.0,0.0,0.0,0.0,0.0,0.0,0.0,0.0,0.0,0.0,0.0,0.0,0.0,0.0,1.0,0.0,0.0,0.0,98.947,-0.0799999999999983,-0.41086458333334147,-0.05813541666666685,-0.46133333333333343,0.27458028576962973,21.0,1.0,2.0,0.0,0.0,1.0,0.0,0.0,0.0,0.0,0.0,0.0,1.0,-0.09289099526071709,10.0,0.0,0.0,0.6,98.25,0,99.72183209687958
STR,26.0,2.0,HARD,ASTON MARTIN,0.0,0.0,0.0,0.0,0.0,0.0,0.0,0.0,0.0,0.0,0.0,0.0,0.0,0.0,0.0,0.0,0.0,1.0,0.0,0.0,0.0,99.066,0.11899999999999977,-0.7275500000000023,-0.08845000000000028,-0.6723333333333367,0.18103130484346638,21.0,1.0,2.0,0.0,0.0,1.0,0.0,0.0,0.0,0.0,0.0,0.0,1.0,-0.1021800947867888,11.0,0.0,0.0,0.5,98.482,0,100.01515843424956
STR,27.0,2.0,HARD,ASTON MARTIN,0.0,0.0,0.0,0.0,0.0,0.0,0.0,0.0,0.0,0.0,0.0,0.0,0.0,0.0,0.0,0.0,0.0,1.0,0.0,0.0,0.0,99.5,0.4339999999999975,-0.8937980769230773,-0.12420192307692336,-0.7676666666666705,0.2776730691538651,21.0,1.0,2.0,0.0,0.0,1.0,0.0,0.0,0.0,0.0,0.0,0.0,1.0,-0.11146919431286051,12.0,0.0,0.0,0.6,99.021,0,100.61548477161953
STR,28.0,2.0,HARD,ASTON MARTIN,0.0,0.0,0.0,0.0,0.0,0.0,0.0,0.0,0.0,0.0,0.0,0.0,0.0,0.0,0.0,0.0,0.0,1.0,0.0,0.0,0.0,99.235,-0.26500000000000057,-0.08647222222222062,-0.12752777777777802,-0.6826666666666673,0.4182551055675598,21.0,1.0,2.0,0.0,0.0,1.0,0.0,0.0,0.0,0.0,0.0,0.0,1.0,-0.12075829383893222,13.0,0.0,0.0,0.8,98.723,0,100.37881110898952
STR,29.0,2.0,HARD,ASTON MARTIN,0.0,0.0,0.0,0.0,0.0,0.0,0.0,0.0,0.0,0.0,0.0,0.0,0.0,0.0,0.0,0.0,0.0,1.0,0.0,0.0,0.0,98.474,-0.7609999999999957,0.36308035714285275,-0.11408035714285754,-0.32766666666666805,0.6411024359128014,21.0,1.0,2.0,0.0,0.0,1.0,0.0,0.0,0.0,0.0,0.0,0.0,1.0,-0.13004739336500393,14.0,0.0,0.0,0.6,98.71,0,100.4271374463595
STR,30.0,2.0,HARD,ASTON MARTIN,0.0,0.0,0.0,0.0,0.0,0.0,0.0,0.0,0.0,0.0,0.0,0.0,0.0,0.0,0.0,0.0,0.0,1.0,0.0,0.0,0.0,98.447,-0.027000000000001023,0.36407758620688824,-0.10107758620689723,0.09933333333332921,0.27144489925826093,21.0,1.0,2.0,0.0,0.0,1.0,0.0,0.0,0.0,0.0,0.0,0.0,1.0,-1.6393364928910437,15.0,0.0,0.0,0.6,101.467,1,103.24546378372949
STR,31.0,3.0,HARD,ASTON MARTIN,0.0,0.0,0.0,0.0,0.0,0.0,0.0,0.0,0.0,0.0,0.0,0.0,0.0,0.0,0.0,0.0,0.0,1.0,0.0,0.0,0.0,98.39,-0.05700000000000216,3.0721416666666657,0.004858333333332609,1.1963333333333281,1.6287201519393504,21.0,1.0,3.0,0.0,0.0,1.0,0.0,0.0,0.0,0.0,0.0,0.0,1.0,-0.30928909952606887,1.0,0.0,0.0,0.6,103.98475,0,105.82454012109947
STR,32.0,3.0,HARD,ASTON MARTIN,0.0,0.0,0.0,0.0,0.0,0.0,0.0,0.0,0.0,0.0,0.0,0.0,0.0,0.0,0.0,0.0,0.0,1.0,0.0,0.0,0.0,98.104,-0.28600000000000136,5.686346774193555,0.1944032258064511,3.073583333333332,2.8088765584897777,21.0,1.0,3.0,0.0,0.0,1.0,0.0,0.0,0.0,0.0,0.0,0.0,1.0,-0.6185781990521377,2.0,0.0,0.0,0.6,96.546,0,98.44711645846945
STR,33.0,3.0,HARD,ASTON MARTIN,0.0,0.0,0.0,0.0,0.0,0.0,0.0,0.0,0.0,0.0,0.0,0.0,0.0,0.0,0.0,0.0,0.0,1.0,0.0,0.0,0.0,97.902,-0.20199999999999818,-1.5019531249999942,0.14595312499999968,2.53391666666667,3.6488138169593323,21.0,1.0,3.0,0.0,0.0,1.0,0.0,0.0,0.0,0.0,0.0,0.0,1.0,-0.9278672985782066,3.0,0.0,0.0,0.6,97.21,0,99.17244279583943
STR,34.0,3.0,HARD,ASTON MARTIN,0.0,0.0,0.0,0.0,0.0,0.0,0.0,0.0,0.0,0.0,0.0,0.0,0.0,0.0,0.0,0.0,0.0,1.0,0.0,0.0,0.0,97.775,-0.12699999999999534,-0.6894090909091022,0.12440909090909025,1.3199166666666666,3.969549189874508,21.0,1.0,3.0,0.0,0.0,1.0,0.0,0.0,0.0,0.0,0.0,0.0,1.0,-1.2371563981042755,4.0,0.0,0.0,0.5,97.168,0,99.19176913320942
STR,35.0,3.0,HARD,ASTON MARTIN,0.0,0.0,0.0,0.0,0.0,0.0,0.0,0.0,0.0,0.0,0.0,0.0,0.0,0.0,0.0,0.0,0.0,1.0,0.0,0.0,0.0,97.902,0.12699999999999534,-0.8331617647058766,0.09916176470588187,-0.8850000000000003,0.4165585192982886,21.0,1.0,3.0,0.0,0.0,1.0,0.0,0.0,0.0,0.0,0.0,0.0,1.0,-1.5464454976303443,5.0,0.0,0.0,0.4,97.521,0,99.6060954705794
STR,36.0,3.0,HARD,ASTON MARTIN,0.0,0.0,0.0,0.0,0.0,0.0,0.0,0.0,0.0,0.0,0.0,0.0,0.0,0.0,0.0,0.0,0.0,1.0,0.0,0.0,0.0,97.87,-0.031999999999996476,-0.435357142857146,0.08635714285714227,-0.5493333333333368,0.19297754618950078,21.0,1.0,3.0,0.0,0.0,1.0,0.0,0.0,0.0,0.0,0.0,0.0,1.0,-1.8557345971564132,6.0,0.0,0.0,0.5,97.72,0,99.86642180794938
STR,37.0,3.0,HARD,ASTON MARTIN,0.0,0.0,0.0,0.0,0.0,0.0,0.0,0.0,0.0,0.0,0.0,0.0,0.0,0.0,0.0,0.0,0.0,1.0,0.0,0.0,0.0,97.754,-0.11599999999999966,-0.11701388888889418,0.08301388888888815,-0.3723333333333348,0.35058284803070283,21.0,1.0,3.0,0.0,0.0,1.0,0.0,0.0,0.0,0.0,0.0,0.0,1.0,-2.865023696682492,7.0,0.0,0.0,0.4,97.68,0,99.88774814531936
STR,38.0,3.0,HARD,ASTON MARTIN,0.0,0.0,0.0,0.0,0.0,0.0,0.0,0.0,0.0,0.0,0.0,0.0,0.0,0.0,0.0,0.0,0.0,1.0,0.0,0.0,0.0,97.831,0.07699999999999818,-0.22768918918918482,0.07668918918918857,-0.17800000000000202,0.1592262541165558,21.0,1.0,3.0,0.0,0.0,1.0,0.0,0.0,0.0,0.0,0.0,0.0,1.0,-3.2743127962085623,8.0,0.0,0.0,0.6,97.274,0,99.54307448268935
STR,39.0,3.0,HARD,ASTON MARTIN,0.0,0.0,0.0,0.0,0.0,0.0,0.0,0.0,0.0,0.0,0.0,0.0,0.0,0.0,0.0,0.0,0.0,1.0,0.0,0.0,0.0,98.015,0.1839999999999975,-0.7961710526315781,0.05517105263157836,-0.3086666666666673,0.3789542628514976,21.0,1.0,3.0,0.0,0.0,1.0,0.0,0.0,0.0,0.0,0.0,0.0,1.0,-3.6836018957346326,9.0,0.0,0.0,0.6,97.456,0,99.78640082005933
STR,40.0,3.0,HARD,ASTON MARTIN,0.0,0.0,0.0,0.0,0.0,0.0,0.0,0.0,0.0,0.0,0.0,0.0,0.0,0.0,0.0,0.0,0.0,1.0,0.0,0.0,0.0,97.784,-0.23099999999999454,-0.37334615384615616,0.045346153846153196,-0.4066666666666663,0.3027644849273498,21.0,1.0,3.0,0.0,0.0,1.0,0.0,0.0,0.0,0.0,0.0,0.0,126.0,-4.092890995260703,10.0,0.0,0.0,0.4,97.916,0,100.30772715742931
STR,41.0,3.0,HARD,ASTON MARTIN,0.0,0.0,0.0,0.0,0.0,0.0,0.0,0.0,0.0,0.0,0.0,0.0,0.0,0.0,0.0,0.0,0.0,1.0,0.0,0.0,0.0,103.98475,6.200749999999999,-5.9612437500000075,-0.10750625000000084,-2.379250000000004,3.20186663330939,21.0,1.0,3.0,0.0,0.0,1.0,0.0,0.0,0.0,0.0,0.0,0.0,671.0,-5.602180094786789,11.0,0.0,0.0,0.1,103.98475,0,106.4378034947993
STR,42.0,3.0,HARD,ASTON MARTIN,0.0,0.0,0.0,0.0,0.0,0.0,0.0,0.0,0.0,0.0,0.0,0.0,0.0,0.0,0.0,0.0,0.0,1.0,0.0,0.0,0.0,103.98475,0.0,0.10488414634146424,-0.10488414634146424,-2.132250000000004,3.413051448117947,21.0,1.0,3.0,0.0,0.0,1.0,0.0,0.0,0.0,0.0,0.0,0.0,1.0,-6.1114691943128605,12.0,0.0,0.0,0.1,97.298,0,99.81237983216927
STR,43.0,3.0,HARD,ASTON MARTIN,0.0,0.0,0.0,0.0,0.0,0.0,0.0,0.0,0.0,0.0,0.0,0.0,0.0,0.0,0.0,0.0,0.0,1.0,0.0,0.0,0.0,97.061,-6.923749999999998,0.3337440476190433,-0.09674404761904855,-1.9439166666666712,3.574175397323604,21.0,1.0,3.0,0.0,0.0,1.0,0.0,0.0,0.0,0.0,0.0,0.0,1.0,-7.9207582938389045,13.0,0.0,0.0,0.8,97.304,0,99.87970616953926
STR,44.0,3.0,HARD,ASTON MARTIN,0.0,0.0,0.0,0.0,0.0,0.0,0.0,0.0,0.0,0.0,0.0,0.0,0.0,0.0,0.0,0.0,0.0,1.0,0.0,0.0,0.0,97.028,-0.03300000000000125,0.36407558139534607,-0.08807558139534984,0.17099999999999702,0.14936867141403298,21.0,1.0,3.0,0.0,0.0,1.0,0.0,0.0,0.0,0.0,0.0,0.0,1.0,-9.930047393364994,14.0,0.0,0.0,0.1,97.299,0,99.93603250690924
STR,45.0,3.0,HARD,ASTON MARTIN,0.0,0.0,0.0,0.0,0.0,0.0,0.0,0.0,0.0,0.0,0.0,0.0,0.0,0.0,0.0,0.0,0.0,1.0,0.0,0.0,0.0,97.219,0.1909999999999883,0.164255681818195,-0.0842556818181825,0.19766666666666785,0.10375130521263609,21.0,1.0,3.0,0.0,0.0,1.0,0.0,0.0,0.0,0.0,0.0,0.0,1.0,-12.139336492891033,15.0,0.0,0.0,0.5,97.222,0,99.92035884427922
STR,46.0,3.0,HARD,ASTON MARTIN,0.0,0.0,0.0,0.0,0.0,0.0,0.0,0.0,0.0,0.0,0.0,0.0,0.0,0.0,0.0,0.0,0.0,1.0,0.0,0.0,0.0,97.426,0.20700000000000784,-0.11708333333334021,-0.08691666666666752,0.050666666666667005,0.24134069970340347,21.0,1.0,3.0,0.0,0.0,1.0,0.0,0.0,0.0,0.0,0.0,0.0,1.0,-12.948625592417102,16.0,0.0,0.0,0.1,97.562,0,100.3216851816492
STR,47.0,3.0,HARD,ASTON MARTIN,0.0,0.0,0.0,0.0,0.0,0.0,0.0,0.0,0.0,0.0,0.0,0.0,0.0,0.0,0.0,0.0,0.0,1.0,0.0,0.0,0.0,97.589,0.1629999999999967,0.05861413043478243,-0.08561413043478346,-0.050333333333332085,0.14343058716093032,21.0,1.0,3.0,0.0,0.0,1.0,0.0,0.0,0.0,0.0,0.0,0.0,1.0,-15.457914691943195,17.0,0.0,0.0,0.3,97.257,0,100.07801151901919
STR,48.0,3.0,HARD,ASTON MARTIN,0.0,0.0,0.0,0.0,0.0,0.0,0.0,0.0,0.0,0.0,0.0,0.0,0.0,0.0,0.0,0.0,0.0,1.0,0.0,0.0,0.0,97.432,-0.15699999999999648,-0.08748404255318788,-0.08751595744680928,-0.1353333333333353,0.09493330992505405,21.0,1.0,3.0,0.0,0.0,1.0,0.0,0.0,0.0,0.0,0.0,0.0,1.0,-16.367203791469265,18.0,0.0,0.0,0.3,97.448,0,100.33033785638916
STR,49.0,3.0,HARD,ASTON MARTIN,0.0,0.0,0.0,0.0,0.0,0.0,0.0,0.0,0.0,0.0,0.0,0.0,0.0,0.0,0.0,0.0,0.0,1.0,0.0,0.0,0.0,97.5,0.06799999999999784,0.03477604166666086,-0.08677604166666757,-0.08466666666666829,0.07922331306708744,21.0,1.0,3.0,0.0,0.0,1.0,0.0,0.0,0.0,0.0,0.0,0.0,1.0,-17.276492890995335,19.0,0.0,0.0,0.6,97.551,0,100.49466419375915
STR,50.0,3.0,HARD,ASTON MARTIN,0.0,0.0,0.0,0.0,0.0,0.0,0.0,0.0,0.0,0.0,0.0,0.0,0.0,0.0,0.0,0.0,0.0,1.0,0.0,0.0,0.0,97.609,0.10899999999999466,0.02818877551021208,-0.0861887755102048,-0.09499999999999886,0.06934695379029028,21.0,1.0,3.0,0.0,0.0,1.0,0.0,0.0,0.0,0.0,0.0,0.0,1.0,-18.185781990521406,20.0,0.0,0.0,0.1,97.388,0,100.39299053112914
STR,51.0,3.0,HARD,ASTON MARTIN,0.0,0.0,0.0,0.0,0.0,0.0,0.0,0.0,0.0,0.0,0.0,0.0,0.0,0.0,0.0,0.0,0.0,1.0,0.0,0.0,0.0,97.604,-0.0049999999999954525,-0.12721499999999336,-0.0887850000000006,-0.10866666666666447,0.09300179209738658,21.0,1.0,3.0,0.0,0.0,1.0,0.0,0.0,0.0,0.0,0.0,0.0,1.0,-21.195071090047506,21.0,0.0,0.0,0.1,97.866,0,100.93231686849911
STR,52.0,3.0,HARD,ASTON MARTIN,0.0,0.0,0.0,0.0,0.0,0.0,0.0,0.0,0.0,0.0,0.0,0.0,0.0,0.0,0.0,0.0,0.0,1.0,0.0,0.0,0.0,97.706,0.10200000000000387,0.24390686274509527,-0.08390686274509869,-0.0379999999999967,0.1887961864021391,21.0,1.0,3.0,0.0,0.0,1.0,0.0,0.0,0.0,0.0,0.0,0.0,1.0,-22.204360189573578,22.0,0.0,0.0,0.3,97.579,0,100.70664320586909
STR,53.0,3.0,HARD,ASTON MARTIN,0.0,0.0,0.0,0.0,0.0,0.0,0.0,0.0,0.0,0.0,0.0,0.0,0.0,0.0,0.0,0.0,0.0,1.0,0.0,0.0,0.0,97.589,-0.11700000000000443,0.07248557692307254,-0.08248557692307766,-0.022000000000000835,0.1882870149532128,21.0,1.0,3.0,0.0,0.0,1.0,0.0,0.0,0.0,0.0,0.0,0.0,1.0,-25.5136492890996,23.0,0.0,0.0,0.1,98.379,0,101.56796954323909
STR,54.0,3.0,HARD,ASTON MARTIN,0.0,0.0,0.0,0.0,0.0,0.0,0.0,0.0,0.0,0.0,0.0,0.0,0.0,0.0,0.0,0.0,0.0,1.0,0.0,0.0,0.0,97.778,0.18900000000000716,0.6705896226415092,-0.06958962264151017,0.2503333333333302,0.31535746912564017,21.0,1.0,3.0,0.0,0.0,1.0,0.0,0.0,0.0,0.0,0.0,0.0,1.0,-26.62293838862567,24.0,0.0,0.0,0.3,97.597,0,100.84729588060905
STR,55.0,3.0,HARD,ASTON MARTIN,0.0,0.0,0.0,0.0,0.0,0.0,0.0,0.0,0.0,0.0,0.0,0.0,0.0,0.0,0.0,0.0,0.0,1.0,0.0,0.0,0.0,97.78,0.001999999999995339,-0.11131018518519127,-0.07168981481481566,0.13599999999999568,0.41188712045898745,21.0,1.0,3.0,0.0,0.0,1.0,0.0,0.0,0.0,0.0,0.0,0.0,1.0,-27.73222748815174,25.0,0.0,0.0,0.1,97.701,0,101.01262221797904
STR,56.0,3.0,HARD,ASTON MARTIN,0.0,0.0,0.0,0.0,0.0,0.0,0.0,0.0,0.0,0.0,0.0,0.0,0.0,0.0,0.0,0.0,0.0,1.0,0.0,0.0,0.0,97.86,0.0799999999999983,-0.08572272727273235,-0.07327727272727368,0.08633333333332871,0.44587591696942985,21.0,1.0,3.0,0.0,0.0,1.0,0.0,0.0,0.0,0.0,0.0,0.0,1.0,-31.441516587677846,26.0,0.0,0.0,0.4,98.11,0,101.48294855534903
STR,57.0,3.0,HARD,ASTON MARTIN,0.0,0.0,0.0,0.0,0.0,0.0,0.0,0.0,0.0,0.0,0.0,0.0,0.0,0.0,0.0,0.0,0.0,1.0,0.0,0.0,0.0,98.1105,0.2505000000000024,0.07147767857142716,-0.07197767857142955,-0.11416666666667179,0.09916694677828197,21.0,1.0,3.0,0.0,0.0,1.0,0.0,0.0,0.0,0.0,0.0,0.0,1.0,-32.65080568720391,27.0,0.0,0.0,0.6,97.991,0,101.425274892719
TSU,4.0,1.0,SOFT,ALPHATAURI,0.0,1.0,0.0,0.0,0.0,0.0,0.0,0.0,0.0,0.0,0.0,0.0,0.0,0.0,0.0,0.0,0.0,0.0,1.0,0.0,0.0,99.8625,-0.556500000000014,0.11433333333333451,0.26616666666666333,0.26616666666666333,0.23126842268959222,22.0,1.0,1.0,1.0,0.0,0.0,0.0,0.0,0.0,0.0,0.0,0.0,1.0,5.162843601895716,4.0,0.0,4.0,0.4,99.95,0,100.13397901210995
TSU,5.0,1.0,SOFT,ALPHATAURI,0.0,1.0,0.0,0.0,0.0,0.0,0.0,0.0,0.0,0.0,0.0,0.0,0.0,0.0,0.0,0.0,0.0,0.0,1.0,0.0,0.0,99.792,-0.07049999999999557,-0.08112499999999656,0.2391249999999978,0.3188333333333304,0.14054210519745397,22.0,1.0,1.0,1.0,0.0,0.0,0.0,0.0,0.0,0.0,0.0,0.0,1.0,5.453554502369649,5.0,0.0,5.0,0.8999999999999999,101.131,0,101.37630534947994
TSU,6.0,1.0,SOFT,ALPHATAURI,0.0,1.0,0.0,0.0,0.0,0.0,0.0,0.0,0.0,0.0,0.0,0.0,0.0,0.0,0.0,0.0,0.0,0.0,1.0,0.0,0.0,100.618,0.8259999999999934,0.21910000000000596,0.2938999999999993,0.3505000000000014,0.1793913320091039,22.0,1.0,1.0,1.0,0.0,0.0,0.0,0.0,0.0,0.0,0.0,0.0,1.0,6.544265402843578,6.0,0.0,6.0,0.6,100.886,0,101.19263168684991
TSU,7.0,1.0,SOFT,ALPHATAURI,0.0,1.0,0.0,0.0,0.0,0.0,0.0,0.0,0.0,0.0,0.0,0.0,0.0,0.0,0.0,0.0,0.0,0.0,1.0,0.0,0.0,100.5375,-0.08050000000000068,0.045500000000001706,0.30299999999999966,0.33983333333333593,0.17765861457676074,21.0,1.0,1.0,1.0,0.0,0.0,0.0,0.0,0.0,0.0,0.0,0.0,1.0,6.934976303317498,7.0,0.0,7.0,0.6,100.952,0,101.31995802421989
TSU,8.0,1.0,SOFT,ALPHATAURI,0.0,1.0,0.0,0.0,0.0,0.0,0.0,0.0,0.0,0.0,0.0,0.0,0.0,0.0,0.0,0.0,0.0,0.0,1.0,0.0,0.0,100.60499999999999,0.06749999999999545,0.03771428571429325,0.30928571428571516,0.4028333333333383,0.095410079830872,21.0,1.0,1.0,1.0,0.0,0.0,0.0,0.0,0.0,0.0,0.0,0.0,1.0,7.925687203791426,8.0,0.0,8.0,0.8999999999999999,100.846,0,101.27528436158988
TSU,9.0,1.0,SOFT,ALPHATAURI,0.0,1.0,0.0,0.0,0.0,0.0,0.0,0.0,0.0,0.0,0.0,0.0,0.0,0.0,0.0,0.0,0.0,0.0,1.0,0.0,0.0,100.70400000000001,0.09900000000001796,-0.14637500000000436,0.28837500000000027,0.27916666666666856,0.11879218548934337,21.0,1.0,1.0,1.0,0.0,0.0,0.0,0.0,0.0,0.0,0.0,0.0,1.0,8.016398104265374,9.0,0.0,9.0,0.6,101.01,0,101.50061069895986
TSU,10.0,1.0,SOFT,ALPHATAURI,0.0,1.0,0.0,0.0,0.0,0.0,0.0,0.0,0.0,0.0,0.0,0.0,0.0,0.0,0.0,0.0,0.0,0.0,1.0,0.0,0.0,100.8245,0.12049999999999272,-0.09144444444444055,0.2769444444444452,0.22483333333333633,0.10801195921440607,21.0,1.0,1.0,1.0,0.0,0.0,0.0,0.0,0.0,0.0,0.0,0.0,1.0,8.907109004739304,10.0,0.0,10.0,0.8,103.749,1,104.30093703632984
TSU,11.0,2.0,HARD,ALPHATAURI,0.0,0.0,0.0,0.0,0.0,0.0,0.0,0.0,0.0,0.0,0.0,0.0,0.0,0.0,0.0,0.0,0.0,0.0,1.0,0.0,0.0,100.9885,0.16400000000000148,2.235199999999993,0.5253,1.0293333333333312,1.4993920712519861,21.0,1.0,2.0,1.0,0.0,0.0,0.0,0.0,0.0,0.0,0.0,0.0,1.0,0.6907109004739311,1.0,0.0,0.0,0.6,103.98475,0,104.59801337369983
TSU,12.0,2.0,HARD,ALPHATAURI,0.0,0.0,0.0,0.0,0.0,0.0,0.0,0.0,0.0,0.0,0.0,0.0,0.0,0.0,0.0,0.0,0.0,0.0,1.0,0.0,0.0,101.24950000000001,0.2610000000000099,2.009045454545449,0.7262045454545448,1.8937499999999972,1.4794417654980476,21.0,1.0,2.0,1.0,0.0,0.0,0.0,0.0,0.0,0.0,0.0,0.0,1.0,1.3814218009478623,2.0,0.0,0.0,0.8999999999999999,99.143,0,99.8175897110698
TSU,13.0,2.0,HARD,ALPHATAURI,0.0,0.0,0.0,0.0,0.0,0.0,0.0,0.0,0.0,0.0,0.0,0.0,0.0,0.0,0.0,0.0,0.0,0.0,1.0,0.0,0.0,101.134,-0.11550000000001148,-2.4907708333333325,0.49977083333333283,1.1682499999999958,2.7360198852530253,21.0,1.0,2.0,1.0,0.0,0.0,0.0,0.0,0.0,0.0,0.0,0.0,1.0,1.7721327014217891,3.0,0.0,0.0,0.8,99.471,0,100.2069160484398
TSU,14.0,2.0,HARD,ALPHATAURI,0.0,0.0,0.0,0.0,0.0,0.0,0.0,0.0,0.0,0.0,0.0,0.0,0.0,0.0,0.0,0.0,0.0,0.0,1.0,0.0,0.0,100.7305,-0.403499999999994,-1.6239423076923098,0.364442307692307,-0.17175000000000296,2.543965371717938,21.0,1.0,2.0,1.0,0.0,0.0,0.0,0.0,0.0,0.0,0.0,0.0,1.0,2.362843601895719,4.0,0.0,0.0,0.8,98.742,0,99.53924238580977
TSU,15.0,2.0,HARD,ALPHATAURI,0.0,0.0,0.0,0.0,0.0,0.0,0.0,0.0,0.0,0.0,0.0,0.0,0.0,0.0,0.0,0.0,0.0,0.0,1.0,0.0,0.0,98.859,-1.8715000000000117,-0.4470535714285617,0.3300535714285715,-1.1224999999999976,0.9444817361918716,21.0,1.0,2.0,1.0,0.0,0.0,0.0,0.0,0.0,0.0,0.0,0.0,1.0,2.9535545023696486,5.0,0.0,0.0,0.6,98.975,0,99.83356872317975
TSU,16.0,2.0,HARD,ALPHATAURI,0.0,0.0,0.0,0.0,0.0,0.0,0.0,0.0,0.0,0.0,0.0,0.0,0.0,0.0,0.0,0.0,0.0,0.0,1.0,0.0,0.0,98.975,0.11599999999999966,-0.30805000000000005,0.30805000000000005,-0.458833333333331,0.6958610373726503,21.0,1.0,2.0,1.0,0.0,0.0,0.0,0.0,0.0,0.0,0.0,0.0,1.0,2.9442654028435697,6.0,0.0,0.0,0.8,99.061,0,99.98089506054974
TSU,17.0,2.0,HARD,ALPHATAURI,0.0,0.0,0.0,0.0,0.0,0.0,0.0,0.0,0.0,0.0,0.0,0.0,0.0,0.0,0.0,0.0,0.0,0.0,1.0,0.0,0.0,98.945,-0.030000000000001137,-0.18004687499998706,0.29604687500000093,-0.00033333333332545106,0.11650035765325215,21.0,1.0,2.0,1.0,0.0,0.0,0.0,0.0,0.0,0.0,0.0,0.0,1.0,2.734976303317513,7.0,0.0,0.0,0.6,99.021,0,100.00222139791971
TSU,18.0,2.0,HARD,ALPHATAURI,0.0,0.0,0.0,0.0,0.0,0.0,0.0,0.0,0.0,0.0,0.0,0.0,0.0,0.0,0.0,0.0,0.0,0.0,1.0,0.0,0.0,98.996,0.05100000000000193,-0.2551029411764661,0.2801029411764718,0.047000000000006516,0.06104916051841069,21.0,1.0,2.0,1.0,0.0,0.0,0.0,0.0,0.0,0.0,0.0,0.0,1.0,3.1256872037914434,8.0,0.0,0.0,0.6,99.302,0,100.34454773528971
TSU,19.0,2.0,HARD,ALPHATAURI,0.0,0.0,0.0,0.0,0.0,0.0,0.0,0.0,0.0,0.0,0.0,0.0,0.0,0.0,0.0,0.0,0.0,0.0,1.0,0.0,0.0,98.886,-0.10999999999999943,0.1283472222222315,0.28765277777777953,0.18566666666667686,0.20459797978801206,20.0,1.0,2.0,1.0,0.0,0.0,0.0,0.0,0.0,0.0,0.0,0.0,1.0,3.516398104265374,9.0,0.0,0.0,0.6,99.17,0,100.27387407265968
TSU,20.0,2.0,HARD,ALPHATAURI,0.0,0.0,0.0,0.0,0.0,0.0,0.0,0.0,0.0,0.0,0.0,0.0,0.0,0.0,0.0,0.0,0.0,0.0,1.0,0.0,0.0,98.794,-0.09199999999999875,0.08369736842105552,0.29230263157894926,0.2723333333333405,0.21512864368404264,21.0,1.0,2.0,1.0,0.0,0.0,0.0,0.0,0.0,0.0,0.0,0.0,1.0,2.90710900473929,10.0,0.0,0.0,0.4,99.282,0,100.44720041002967
TSU,21.0,2.0,HARD,ALPHATAURI,0.0,0.0,0.0,0.0,0.0,0.0,0.0,0.0,0.0,0.0,0.0,0.0,0.0,0.0,0.0,0.0,0.0,0.0,1.0,0.0,0.0,98.809,0.015000000000000568,0.17166249999999722,0.30133750000000176,0.4216666666666716,0.04874764951599956,21.0,1.0,2.0,1.0,0.0,0.0,0.0,0.0,0.0,0.0,0.0,0.0,1.0,2.0978199052132425,11.0,0.0,0.0,0.6,99.325,0,100.55152674739965
TSU,22.0,2.0,HARD,ALPHATAURI,0.0,0.0,0.0,0.0,0.0,0.0,0.0,0.0,0.0,0.0,0.0,0.0,0.0,0.0,0.0,0.0,0.0,0.0,1.0,0.0,0.0,98.888,0.07900000000000773,0.12920238095237702,0.3077976190476206,0.42866666666666714,0.04903400180828347,21.0,1.0,2.0,1.0,0.0,0.0,0.0,0.0,0.0,0.0,0.0,0.0,1.0,1.0885308056871565,12.0,0.0,0.0,0.4,99.439,0,100.72685308476962
TSU,23.0,2.0,HARD,ALPHATAURI,0.0,0.0,0.0,0.0,0.0,0.0,0.0,0.0,0.0,0.0,0.0,0.0,0.0,0.0,0.0,0.0,0.0,0.0,1.0,0.0,0.0,98.913,0.024999999999991473,0.20828409090908584,0.3177159090909104,0.4786666666666643,0.044769781475175636,21.0,1.0,2.0,1.0,0.0,0.0,0.0,0.0,0.0,0.0,0.0,0.0,1.0,1.1792417061610863,13.0,0.0,0.0,0.5,99.632,0,100.98117942213962
TSU,24.0,2.0,HARD,ALPHATAURI,0.0,0.0,0.0,0.0,0.0,0.0,0.0,0.0,0.0,0.0,0.0,0.0,0.0,0.0,0.0,0.0,0.0,0.0,1.0,0.0,0.0,99.027,0.11400000000000432,0.2747934782608721,0.3302065217391319,0.522666666666666,0.08404958853757441,21.0,1.0,2.0,1.0,0.0,0.0,0.0,0.0,0.0,0.0,0.0,0.0,1.0,-0.13004739336500393,14.0,0.0,0.0,0.8,100.109,0,101.51950575950958
TSU,25.0,2.0,HARD,ALPHATAURI,0.0,0.0,0.0,0.0,0.0,0.0,0.0,0.0,0.0,0.0,0.0,0.0,0.0,0.0,0.0,0.0,0.0,0.0,1.0,0.0,0.0,98.947,-0.0799999999999983,0.7971354166666575,0.3648645833333344,0.7643333333333308,0.34664727509866855,21.0,1.0,2.0,1.0,0.0,0.0,0.0,0.0,0.0,0.0,0.0,0.0,1.0,-0.13933649289107564,15.0,0.0,0.0,0.6,99.746,0,101.21783209687958
TSU,26.0,2.0,HARD,ALPHATAURI,0.0,0.0,0.0,0.0,0.0,0.0,0.0,0.0,0.0,0.0,0.0,0.0,0.0,0.0,0.0,0.0,0.0,0.0,1.0,0.0,0.0,99.066,0.11899999999999977,0.3025299999999919,0.3774700000000007,0.8156666666666629,0.3022686443105409,21.0,1.0,2.0,1.0,0.0,0.0,0.0,0.0,0.0,0.0,0.0,0.0,1.0,-0.14862559241714735,16.0,0.0,0.0,0.5,102.227,1,103.76015843424956
TSU,27.0,3.0,HARD,ALPHATAURI,0.0,0.0,0.0,0.0,0.0,0.0,0.0,0.0,0.0,0.0,0.0,0.0,0.0,0.0,0.0,0.0,0.0,0.0,1.0,0.0,0.0,99.5,0.4339999999999975,2.2591634615384644,0.4678365384615393,1.5229999999999961,1.0701836291029756,21.0,1.0,3.0,1.0,0.0,0.0,0.0,0.0,0.0,0.0,0.0,0.0,1.0,-0.009289099526071709,1.0,0.0,0.0,0.6,103.98475,0,105.57923477161954
TSU,28.0,3.0,HARD,ALPHATAURI,0.0,0.0,0.0,0.0,0.0,0.0,0.0,0.0,0.0,0.0,0.0,0.0,0.0,0.0,0.0,0.0,0.0,0.0,1.0,0.0,0.0,99.235,-0.26500000000000057,4.123324074074079,0.6264259259259269,2.7189166666666673,2.0348870412957476,21.0,1.0,3.0,1.0,0.0,0.0,0.0,0.0,0.0,0.0,0.0,0.0,1.0,-0.018578199052143418,2.0,0.0,0.0,0.8,97.824,0,99.47981110898952
TSU,29.0,3.0,HARD,ALPHATAURI,0.0,0.0,0.0,0.0,0.0,0.0,0.0,0.0,0.0,0.0,0.0,0.0,0.0,0.0,0.0,0.0,0.0,0.0,1.0,0.0,0.0,98.474,-0.7609999999999957,-1.2308392857142922,0.5808392857142864,2.275583333333335,2.7280318493069995,21.0,1.0,3.0,1.0,0.0,0.0,0.0,0.0,0.0,0.0,0.0,0.0,1.0,-0.627867298578213,3.0,0.0,0.0,0.6,97.779,0,99.4961374463595
TSU,30.0,3.0,HARD,ALPHATAURI,0.0,0.0,0.0,0.0,0.0,0.0,0.0,0.0,0.0,0.0,0.0,0.0,0.0,0.0,0.0,0.0,0.0,0.0,1.0,0.0,0.0,98.447,-0.027000000000001023,-1.2057758620689725,0.5377758620689661,1.1439166666666647,3.122756237818344,21.0,1.0,3.0,1.0,0.0,0.0,0.0,0.0,0.0,0.0,0.0,0.0,1.0,-0.4371563981042783,4.0,0.0,0.0,0.6,98.147,0,99.9254637837295
TSU,31.0,3.0,HARD,ALPHATAURI,0.0,0.0,0.0,0.0,0.0,0.0,0.0,0.0,0.0,0.0,0.0,0.0,0.0,0.0,0.0,0.0,0.0,0.0,1.0,0.0,0.0,98.39,-0.05700000000000216,-0.7547499999999957,0.5117500000000007,-0.5203333333333356,0.24034627796855845,21.0,1.0,3.0,1.0,0.0,0.0,0.0,0.0,0.0,0.0,0.0,0.0,1.0,-1.5464454976303443,5.0,0.0,0.0,0.6,97.813,0,99.65279012109947
TSU,32.0,3.0,HARD,ALPHATAURI,0.0,0.0,0.0,0.0,0.0,0.0,0.0,0.0,0.0,0.0,0.0,0.0,0.0,0.0,0.0,0.0,0.0,0.0,1.0,0.0,0.0,98.104,-0.28600000000000136,-0.776854838709675,0.48585483870967816,-0.40066666666666606,0.23275810046771572,21.0,1.0,3.0,1.0,0.0,0.0,0.0,0.0,0.0,0.0,0.0,0.0,1.0,-1.8557345971564132,6.0,0.0,0.0,0.6,98.017,0,99.91811645846944
TSU,33.0,3.0,HARD,ALPHATAURI,0.0,0.0,0.0,0.0,0.0,0.0,0.0,0.0,0.0,0.0,0.0,0.0,0.0,0.0,0.0,0.0,0.0,0.0,1.0,0.0,0.0,97.902,-0.20199999999999818,-0.3592656250000057,0.4742656250000006,-0.13966666666666563,0.22184979903829952,21.0,1.0,3.0,1.0,0.0,0.0,0.0,0.0,0.0,0.0,0.0,0.0,1.0,-2.165023696682482,7.0,0.0,0.0,0.6,98.094,0,100.05644279583943
TSU,34.0,3.0,HARD,ALPHATAURI,0.0,0.0,0.0,0.0,0.0,0.0,0.0,0.0,0.0,0.0,0.0,0.0,0.0,0.0,0.0,0.0,0.0,0.0,1.0,0.0,0.0,97.775,-0.12699999999999534,-0.15056060606061789,0.4695606060606063,0.04766666666666216,0.3105242878316147,21.0,1.0,3.0,1.0,0.0,0.0,0.0,0.0,0.0,0.0,0.0,0.0,1.0,-2.474312796208551,8.0,0.0,0.0,0.5,98.13,0,100.15376913320941
TSU,35.0,3.0,HARD,ALPHATAURI,0.0,0.0,0.0,0.0,0.0,0.0,0.0,0.0,0.0,0.0,0.0,0.0,0.0,0.0,0.0,0.0,0.0,0.0,1.0,0.0,0.0,97.902,0.12699999999999534,-0.2344558823529468,0.4624558823529412,0.22066666666665924,0.10219752117020865,21.0,1.0,3.0,1.0,0.0,0.0,0.0,0.0,0.0,0.0,0.0,0.0,1.0,-2.78360189573462,9.0,0.0,0.0,0.4,98.163,0,100.2480954705794
TSU,36.0,3.0,HARD,ALPHATAURI,0.0,0.0,0.0,0.0,0.0,0.0,0.0,0.0,0.0,0.0,0.0,0.0,0.0,0.0,0.0,0.0,0.0,0.0,1.0,0.0,0.0,97.87,-0.031999999999996476,-0.16461428571429337,0.45761428571428553,0.27999999999999164,0.04687216658105578,21.0,1.0,3.0,1.0,0.0,0.0,0.0,0.0,0.0,0.0,0.0,0.0,1.0,-3.0928909952606887,10.0,0.0,0.0,0.5,98.059,0,100.20542180794938
TSU,37.0,3.0,HARD,ALPHATAURI,0.0,0.0,0.0,0.0,0.0,0.0,0.0,0.0,0.0,0.0,0.0,0.0,0.0,0.0,0.0,0.0,0.0,0.0,1.0,0.0,0.0,97.754,-0.11599999999999966,-0.14837500000000703,0.45337499999999964,0.2753333333333264,0.04142865353032548,21.0,1.0,3.0,1.0,0.0,0.0,0.0,0.0,0.0,0.0,0.0,0.0,1.0,-4.502180094786773,11.0,0.0,0.0,0.4,98.075,0,100.28274814531936
TSU,38.0,3.0,HARD,ALPHATAURI,0.0,0.0,0.0,0.0,0.0,0.0,0.0,0.0,0.0,0.0,0.0,0.0,0.0,0.0,0.0,0.0,0.0,0.0,1.0,0.0,0.0,97.831,0.07699999999999818,-0.20371621621621605,0.4477162162162158,0.2806666666666615,0.03231614663501161,21.0,1.0,3.0,1.0,0.0,0.0,0.0,0.0,0.0,0.0,0.0,0.0,1.0,-4.9114691943128435,12.0,0.0,0.0,0.1,98.084,0,100.35307448268935
TSU,39.0,3.0,HARD,ALPHATAURI,0.0,0.0,0.0,0.0,0.0,0.0,0.0,0.0,0.0,0.0,0.0,0.0,0.0,0.0,0.0,0.0,0.0,0.0,1.0,0.0,0.0,98.015,0.1839999999999975,-0.3687499999999971,0.4377499999999997,0.20599999999999832,0.1225030611862474,21.0,1.0,3.0,1.0,0.0,0.0,0.0,0.0,0.0,0.0,0.0,0.0,1.0,-5.320758293838914,13.0,0.0,0.0,0.6,98.419,0,100.74940082005932
TSU,40.0,3.0,HARD,ALPHATAURI,0.0,0.0,0.0,0.0,0.0,0.0,0.0,0.0,0.0,0.0,0.0,0.0,0.0,0.0,0.0,0.0,0.0,0.0,1.0,0.0,0.0,97.784,-0.23099999999999454,0.1921923076922991,0.4428076923076918,0.3159999999999978,0.28978785343764657,21.0,1.0,3.0,1.0,0.0,0.0,0.0,0.0,0.0,0.0,0.0,0.0,126.0,-5.730047393364984,14.0,0.0,0.0,0.4,103.98475,1,106.37647715742932
TSU,41.0,4.0,SOFT,ALPHATAURI,0.0,1.0,0.0,0.0,0.0,0.0,0.0,0.0,0.0,0.0,0.0,0.0,0.0,0.0,0.0,0.0,0.0,0.0,1.0,0.0,0.0,103.98475,6.200749999999999,-0.4317374999999995,0.4317374999999995,0.2346666666666645,0.34841115558106317,21.0,0.0,4.0,1.0,0.0,0.0,0.0,0.0,0.0,0.0,0.0,0.0,671.0,-2.4371563981042783,4.0,0.0,4.0,0.1,103.98475,0,106.4378034947993
TSU,42.0,4.0,SOFT,ALPHATAURI,0.0,1.0,0.0,0.0,0.0,0.0,0.0,0.0,0.0,0.0,0.0,0.0,0.0,0.0,0.0,0.0,0.0,0.0,1.0,0.0,0.0,103.98475,0.0,-0.4212073170731702,0.4212073170731702,0.21166666666666364,0.3666174209354106,21.0,0.0,4.0,1.0,0.0,0.0,0.0,0.0,0.0,0.0,0.0,0.0,1.0,-3.046445497630348,5.0,0.0,5.0,0.1,96.637,0,99.15137983216927
TSU,43.0,4.0,SOFT,ALPHATAURI,0.0,1.0,0.0,0.0,0.0,0.0,0.0,0.0,0.0,0.0,0.0,0.0,0.0,0.0,0.0,0.0,0.0,0.0,1.0,0.0,0.0,97.061,-6.923749999999998,-0.8250833333333393,0.4010833333333327,-0.14133333333333553,0.24479651413641104,21.0,0.0,4.0,1.0,0.0,0.0,0.0,0.0,0.0,0.0,0.0,0.0,1.0,-3.6557345971564175,6.0,0.0,6.0,0.8,97.028,0,99.60370616953927
TSU,44.0,4.0,SOFT,ALPHATAURI,0.0,1.0,0.0,0.0,0.0,0.0,0.0,0.0,0.0,0.0,0.0,0.0,0.0,0.0,0.0,0.0,0.0,0.0,1.0,0.0,0.0,97.028,-0.03300000000000125,-0.39175581395348774,0.39175581395348774,-0.14133333333333553,0.24479651413641104,21.0,0.0,4.0,1.0,0.0,0.0,0.0,0.0,0.0,0.0,0.0,0.0,1.0,-4.965023696682497,7.0,0.0,7.0,0.3,97.01,0,99.64703250690924
TSU,45.0,4.0,SOFT,ALPHATAURI,0.0,1.0,0.0,0.0,0.0,0.0,0.0,0.0,0.0,0.0,0.0,0.0,0.0,0.0,0.0,0.0,0.0,0.0,1.0,0.0,0.0,97.219,0.1909999999999883,-0.5871022727272613,0.37810227272727237,-0.21099999999999852,0.21200707535364094,21.0,0.0,4.0,1.0,0.0,0.0,0.0,0.0,0.0,0.0,0.0,0.0,1.0,-6.474312796208551,8.0,0.0,8.0,0.6,97.021,0,99.71935884427923
TSU,46.0,4.0,SOFT,ALPHATAURI,0.0,1.0,0.0,0.0,0.0,0.0,0.0,0.0,0.0,0.0,0.0,0.0,0.0,0.0,0.0,0.0,0.0,0.0,1.0,0.0,0.0,97.426,0.20700000000000784,-0.7657000000000007,0.36069999999999963,-0.20466666666666336,0.202534770677374,21.0,0.0,4.0,1.0,0.0,0.0,0.0,0.0,0.0,0.0,0.0,0.0,1.0,-7.28360189573462,9.0,0.0,9.0,0.1,97.258,0,100.0176851816492
TSU,47.0,4.0,SOFT,ALPHATAURI,0.0,1.0,0.0,0.0,0.0,0.0,0.0,0.0,0.0,0.0,0.0,0.0,0.0,0.0,0.0,0.0,0.0,0.0,1.0,0.0,0.0,97.589,0.1629999999999967,-0.6766630434782634,0.34566304347826043,-0.3149999999999977,0.09897474425329109,21.0,0.0,4.0,1.0,0.0,0.0,0.0,0.0,0.0,0.0,0.0,0.0,1.0,-9.092890995260703,10.0,0.0,10.0,0.1,97.359,0,100.18001151901917
TSU,48.0,4.0,SOFT,ALPHATAURI,0.0,1.0,0.0,0.0,0.0,0.0,0.0,0.0,0.0,0.0,0.0,0.0,0.0,0.0,0.0,0.0,0.0,0.0,1.0,0.0,0.0,97.432,-0.15699999999999648,-0.4097553191489431,0.3367553191489356,-0.26966666666667055,0.17429094449607876,21.0,0.0,4.0,1.0,0.0,0.0,0.0,0.0,0.0,0.0,0.0,0.0,1.0,-10.002180094786773,11.0,0.0,11.0,0.1,97.238,0,100.12033785638917
TSU,49.0,4.0,SOFT,ALPHATAURI,0.0,1.0,0.0,0.0,0.0,0.0,0.0,0.0,0.0,0.0,0.0,0.0,0.0,0.0,0.0,0.0,0.0,0.0,1.0,0.0,0.0,97.5,0.06799999999999784,-0.5862812499999999,0.3242812499999994,-0.22200000000000367,0.13357020625873947,21.0,0.0,4.0,1.0,0.0,0.0,0.0,0.0,0.0,0.0,0.0,0.0,1.0,-10.911469194312843,12.0,0.0,12.0,0.6,97.528,0,100.47166419375915
TSU,50.0,4.0,SOFT,ALPHATAURI,0.0,1.0,0.0,0.0,0.0,0.0,0.0,0.0,0.0,0.0,0.0,0.0,0.0,0.0,0.0,0.0,0.0,0.0,1.0,0.0,0.0,97.609,0.10899999999999466,-0.3970102040816212,0.31601020408163233,-0.1386666666666656,0.10688467305154857,21.0,0.0,4.0,1.0,0.0,0.0,0.0,0.0,0.0,0.0,0.0,0.0,1.0,-11.820758293838914,13.0,0.0,13.0,0.1,97.624,0,100.62899053112913
TSU,51.0,4.0,SOFT,ALPHATAURI,0.0,1.0,0.0,0.0,0.0,0.0,0.0,0.0,0.0,0.0,0.0,0.0,0.0,0.0,0.0,0.0,0.0,0.0,1.0,0.0,0.0,97.604,-0.0049999999999954525,-0.29009000000000357,0.3100899999999996,-0.10766666666666443,0.14287873646325425,21.0,0.0,4.0,1.0,0.0,0.0,0.0,0.0,0.0,0.0,0.0,0.0,1.0,-14.130047393365004,14.0,0.0,14.0,0.1,97.706,0,100.77231686849912
TSU,52.0,4.0,SOFT,ALPHATAURI,0.0,1.0,0.0,0.0,0.0,0.0,0.0,0.0,0.0,0.0,0.0,0.0,0.0,0.0,0.0,0.0,0.0,0.0,1.0,0.0,0.0,97.706,0.10200000000000387,-0.30400980392156823,0.30400980392156823,-0.020333333333330945,0.05348208422766718,21.0,0.0,4.0,1.0,0.0,0.0,0.0,0.0,0.0,0.0,0.0,0.0,1.0,-15.139336492891076,15.0,0.0,15.0,0.1,97.59,0,100.7176432058691
TSU,53.0,4.0,SOFT,ALPHATAURI,0.0,1.0,0.0,0.0,0.0,0.0,0.0,0.0,0.0,0.0,0.0,0.0,0.0,0.0,0.0,0.0,0.0,0.0,1.0,0.0,0.0,97.589,-0.11700000000000443,-0.29718269230768724,0.298182692307692,0.0070000000000002656,0.011269427669703787,21.0,0.0,4.0,1.0,0.0,0.0,0.0,0.0,0.0,0.0,0.0,0.0,1.0,-17.748625592417113,16.0,0.0,16.0,0.4,97.675,0,100.86396954323908
TSU,54.0,4.0,SOFT,ALPHATAURI,0.0,1.0,0.0,0.0,0.0,0.0,0.0,0.0,0.0,0.0,0.0,0.0,0.0,0.0,0.0,0.0,0.0,0.0,1.0,0.0,0.0,97.778,0.18900000000000716,-0.393613207547178,0.29061320754716935,-0.034000000000001286,0.059757844673344475,21.0,0.0,4.0,1.0,0.0,0.0,0.0,0.0,0.0,0.0,0.0,0.0,1.0,-18.857914691943183,17.0,0.0,17.0,0.3,97.72,0,100.97029588060906
TSU,55.0,4.0,SOFT,ALPHATAURI,0.0,1.0,0.0,0.0,0.0,0.0,0.0,0.0,0.0,0.0,0.0,0.0,0.0,0.0,0.0,0.0,0.0,0.0,1.0,0.0,0.0,97.78,0.001999999999995339,-0.34412037037037213,0.28412037037036986,-0.054000000000002046,0.05225897052184935,21.0,0.0,4.0,1.0,0.0,0.0,0.0,0.0,0.0,0.0,0.0,0.0,1.0,-19.967203791469252,18.0,0.0,18.0,0.5,97.945,0,101.25662221797904
TSU,56.0,4.0,SOFT,ALPHATAURI,0.0,1.0,0.0,0.0,0.0,0.0,0.0,0.0,0.0,0.0,0.0,0.0,0.0,0.0,0.0,0.0,0.0,0.0,1.0,0.0,0.0,97.86,0.0799999999999983,-0.19550000000000567,0.2804999999999994,-0.026000000000005723,0.09850380703304236,21.0,0.0,4.0,1.0,0.0,0.0,0.0,0.0,0.0,0.0,0.0,0.0,1.0,-22.97649289099535,19.0,0.0,19.0,0.6,98.102,0,101.47494855534903
TSU,57.0,4.0,SOFT,ALPHATAURI,0.0,1.0,0.0,0.0,0.0,0.0,0.0,0.0,0.0,0.0,0.0,0.0,0.0,0.0,0.0,0.0,0.0,0.0,1.0,0.0,0.0,98.1105,0.2505000000000024,-0.28383928571428313,0.2753392857142852,0.00549999999999784,0.07350680240632422,21.0,0.0,4.0,1.0,0.0,0.0,0.0,0.0,0.0,0.0,0.0,0.0,1.0,-24.18578199052142,20.0,0.0,20.0,0.6,98.246,0,101.680274892719
VER,4.0,1.0,SOFT,RED BULL RACING,0.0,1.0,0.0,0.0,0.0,0.0,0.0,0.0,0.0,0.0,0.0,0.0,0.0,0.0,0.0,0.0,0.0,0.0,0.0,1.0,0.0,99.8625,-0.556500000000014,1.2325833333333378,-3.0890833333333347,-3.0890833333333347,1.651663221069396,22.0,0.0,1.0,0.0,0.0,0.0,0.0,0.0,0.0,0.0,1.0,0.0,1.0,9.034976303317503,7.0,0.0,7.0,0.4,97.976,0,98.15997901210994
VER,5.0,1.0,SOFT,RED BULL RACING,0.0,1.0,0.0,0.0,0.0,0.0,0.0,0.0,0.0,0.0,0.0,0.0,0.0,0.0,0.0,0.0,0.0,0.0,0.0,1.0,0.0,99.792,-0.07049999999999557,0.9548124999999992,-2.7708125000000017,-2.039166666666669,0.3520448598308692,22.0,0.0,1.0,0.0,0.0,0.0,0.0,0.0,0.0,0.0,1.0,0.0,1.0,8.725687203791438,8.0,0.0,8.0,0.8999999999999999,98.035,0,98.28030534947993
VER,6.0,1.0,SOFT,RED BULL RACING,0.0,1.0,0.0,0.0,0.0,0.0,0.0,0.0,0.0,0.0,0.0,0.0,0.0,0.0,0.0,0.0,0.0,0.0,0.0,1.0,0.0,100.618,0.8259999999999934,0.15025000000000244,-2.733250000000001,-2.085166666666666,0.4316116116757432,22.0,0.0,1.0,0.0,0.0,0.0,0.0,0.0,0.0,0.0,1.0,0.0,1.0,9.816398104265367,9.0,0.0,9.0,0.6,97.986,0,98.29263168684992
VER,7.0,1.0,SOFT,RED BULL RACING,0.0,1.0,0.0,0.0,0.0,0.0,0.0,0.0,0.0,0.0,0.0,0.0,0.0,0.0,0.0,0.0,0.0,0.0,0.0,1.0,0.0,100.5375,-0.08050000000000068,0.15145833333334258,-2.7029583333333327,-2.31683333333333,0.4340202568237217,22.0,0.0,1.0,0.0,0.0,0.0,0.0,0.0,0.0,0.0,1.0,0.0,1.0,9.907109004739283,10.0,0.0,10.0,0.6,98.021,0,98.38895802421989
VER,8.0,1.0,SOFT,RED BULL RACING,0.0,1.0,0.0,0.0,0.0,0.0,0.0,0.0,0.0,0.0,0.0,0.0,0.0,0.0,0.0,0.0,0.0,0.0,0.0,1.0,0.0,100.60499999999999,0.06749999999999545,0.10196428571429461,-2.6859642857142836,-2.572833333333326,0.018481973199133007,21.0,0.0,1.0,0.0,0.0,0.0,0.0,0.0,0.0,0.0,1.0,0.0,1.0,10.897819905213211,11.0,0.0,11.0,0.8999999999999999,98.154,0,98.58328436158988
VER,9.0,1.0,SOFT,RED BULL RACING,0.0,1.0,0.0,0.0,0.0,0.0,0.0,0.0,0.0,0.0,0.0,0.0,0.0,0.0,0.0,0.0,0.0,0.0,0.0,1.0,0.0,100.70400000000001,0.09900000000001796,0.11896874999998808,-2.6689687499999994,-2.5618333333333303,0.019211541669869308,21.0,0.0,1.0,0.0,0.0,0.0,0.0,0.0,0.0,0.0,1.0,0.0,1.0,11.88853080568714,12.0,0.0,12.0,0.6,98.278,0,98.76861069895986
VER,10.0,1.0,SOFT,RED BULL RACING,0.0,1.0,0.0,0.0,0.0,0.0,0.0,0.0,0.0,0.0,0.0,0.0,0.0,0.0,0.0,0.0,0.0,0.0,0.0,1.0,0.0,100.8245,0.12049999999999272,0.10886111111111552,-2.65536111111111,-2.560166666666665,0.02071432676514244,21.0,0.0,1.0,0.0,0.0,0.0,0.0,0.0,0.0,0.0,1.0,0.0,1.0,11.579241706161095,13.0,0.0,13.0,0.8,98.369,0,98.92093703632985
VER,11.0,1.0,SOFT,RED BULL RACING,0.0,1.0,0.0,0.0,0.0,0.0,0.0,0.0,0.0,0.0,0.0,0.0,0.0,0.0,0.0,0.0,0.0,0.0,0.0,1.0,0.0,100.9885,0.16400000000000148,0.03227499999999717,-2.6517749999999993,-2.5720000000000027,0.041173413752081084,21.0,0.0,1.0,0.0,0.0,0.0,0.0,0.0,0.0,0.0,1.0,0.0,1.0,9.669952606635036,14.0,0.0,14.0,0.6,98.483,0,99.09626337369983
VER,12.0,1.0,SOFT,RED BULL RACING,0.0,1.0,0.0,0.0,0.0,0.0,0.0,0.0,0.0,0.0,0.0,0.0,0.0,0.0,0.0,0.0,0.0,0.0,0.0,1.0,0.0,101.24950000000001,0.2610000000000099,-0.10429545454546219,-2.6622045454545455,-2.6441666666666683,0.11205504599675467,21.0,0.0,1.0,0.0,0.0,0.0,0.0,0.0,0.0,0.0,1.0,0.0,1.0,10.360663507108967,15.0,0.0,15.0,0.8,98.591,0,99.2655897110698
VER,13.0,1.0,SOFT,RED BULL RACING,0.0,1.0,0.0,0.0,0.0,0.0,0.0,0.0,0.0,0.0,0.0,0.0,0.0,0.0,0.0,0.0,0.0,0.0,0.0,1.0,0.0,101.134,-0.11550000000001148,0.10927083333332765,-2.652270833333334,-2.6430000000000056,0.1135880715568335,21.0,0.0,1.0,0.0,0.0,0.0,0.0,0.0,0.0,0.0,1.0,0.0,1.0,9.451374407582875,16.0,0.0,16.0,0.8999999999999999,98.482,0,99.21791604843979
VER,14.0,1.0,SOFT,RED BULL RACING,0.0,1.0,0.0,0.0,0.0,0.0,0.0,0.0,0.0,0.0,0.0,0.0,0.0,0.0,0.0,0.0,0.0,0.0,0.0,1.0,0.0,100.7305,-0.403499999999994,0.3727115384615325,-2.6212115384615395,-2.5193333333333405,0.25980970600293896,21.0,0.0,1.0,0.0,0.0,0.0,0.0,0.0,0.0,0.0,1.0,0.0,1.0,10.042085308056805,17.0,0.0,17.0,0.8,101.295,1,102.09224238580977
VER,15.0,2.0,SOFT,RED BULL RACING,0.0,1.0,0.0,0.0,0.0,0.0,0.0,0.0,0.0,0.0,0.0,0.0,0.0,0.0,0.0,0.0,0.0,0.0,0.0,1.0,0.0,98.859,-1.8715000000000117,4.695982142857151,-2.2599821428571434,-0.7851666666666688,2.7934957639726927,21.0,0.0,2.0,0.0,0.0,0.0,0.0,0.0,0.0,0.0,1.0,0.0,1.0,0.5907109004739297,1.0,0.0,1.0,0.8,103.98475,0,104.84331872317976
VER,16.0,2.0,SOFT,RED BULL RACING,0.0,1.0,0.0,0.0,0.0,0.0,0.0,0.0,0.0,0.0,0.0,0.0,0.0,0.0,0.0,0.0,0.0,0.0,0.0,1.0,0.0,98.975,0.11599999999999966,6.785083333333344,-1.775333333333333,1.7324166666666703,3.6799212485912527,21.0,0.0,2.0,0.0,0.0,0.0,0.0,0.0,0.0,0.0,1.0,0.0,1.0,1.1814218009478594,2.0,0.0,2.0,0.6,97.801,0,98.72089506054974
VER,17.0,2.0,SOFT,RED BULL RACING,0.0,1.0,0.0,0.0,0.0,0.0,0.0,0.0,0.0,0.0,0.0,0.0,0.0,0.0,0.0,0.0,0.0,0.0,0.0,1.0,0.0,98.945,-0.030000000000001137,0.5918750000000079,-1.7358749999999992,2.100583333333342,3.090556263981185,20.0,0.0,2.0,0.0,0.0,0.0,0.0,0.0,0.0,0.0,1.0,0.0,1.0,1.1721327014217913,3.0,0.0,3.0,0.6,97.648,0,98.62922139791971
VER,18.0,2.0,SOFT,RED BULL RACING,0.0,1.0,0.0,0.0,0.0,0.0,0.0,0.0,0.0,0.0,0.0,0.0,0.0,0.0,0.0,0.0,0.0,0.0,0.0,1.0,0.0,98.996,0.05100000000000193,0.3650588235294119,-1.7130588235294109,0.8392500000000069,3.6131989548736487,21.0,0.0,2.0,0.0,0.0,0.0,0.0,0.0,0.0,0.0,1.0,0.0,1.0,1.5628436018957217,4.0,0.0,4.0,0.6,97.614,0,98.6565477352897
VER,19.0,2.0,SOFT,RED BULL RACING,0.0,1.0,0.0,0.0,0.0,0.0,0.0,0.0,0.0,0.0,0.0,0.0,0.0,0.0,0.0,0.0,0.0,0.0,0.0,1.0,0.0,98.886,-0.10999999999999943,0.4165555555555629,-1.6885555555555543,-1.2546666666666606,0.10309865825187163,21.0,0.0,2.0,0.0,0.0,0.0,0.0,0.0,0.0,0.0,1.0,0.0,1.0,1.9535545023696521,5.0,0.0,5.0,0.4,97.712,0,98.81587407265968
VER,20.0,2.0,SOFT,RED BULL RACING,0.0,1.0,0.0,0.0,0.0,0.0,0.0,0.0,0.0,0.0,0.0,0.0,0.0,0.0,0.0,0.0,0.0,0.0,0.0,1.0,0.0,98.794,-0.09199999999999875,0.5746315789473733,-1.656631578947367,-1.2339999999999947,0.13701094846764134,21.0,0.0,2.0,0.0,0.0,0.0,0.0,0.0,0.0,0.0,1.0,0.0,1.0,1.744265402843574,6.0,0.0,6.0,0.6,97.788,0,98.95320041002967
VER,21.0,2.0,SOFT,RED BULL RACING,0.0,1.0,0.0,0.0,0.0,0.0,0.0,0.0,0.0,0.0,0.0,0.0,0.0,0.0,0.0,0.0,0.0,0.0,0.0,1.0,0.0,98.809,0.015000000000000568,0.6038499999999978,-1.6248499999999986,-1.1249999999999953,0.1309083648969804,21.0,0.0,2.0,0.0,0.0,0.0,0.0,0.0,0.0,0.0,1.0,0.0,1.0,2.034976303317503,7.0,0.0,7.0,0.4,97.582,0,98.80852674739964
VER,22.0,2.0,SOFT,RED BULL RACING,0.0,1.0,0.0,0.0,0.0,0.0,0.0,0.0,0.0,0.0,0.0,0.0,0.0,0.0,0.0,0.0,0.0,0.0,0.0,1.0,0.0,98.888,0.07900000000000773,0.3036666666666543,-1.609666666666666,-1.1363333333333354,0.15006776247195006,21.0,0.0,2.0,0.0,0.0,0.0,0.0,0.0,0.0,0.0,1.0,0.0,1.0,1.525687203791449,8.0,0.0,8.0,0.5,97.651,0,98.93885308476962
VER,23.0,2.0,SOFT,RED BULL RACING,0.0,1.0,0.0,0.0,0.0,0.0,0.0,0.0,0.0,0.0,0.0,0.0,0.0,0.0,0.0,0.0,0.0,0.0,0.0,1.0,0.0,98.913,0.024999999999991473,0.33186363636363514,-1.5938636363636356,-1.1963333333333377,0.1534285935975971,21.0,0.0,2.0,0.0,0.0,0.0,0.0,0.0,0.0,0.0,1.0,0.0,1.0,0.8163981042653674,9.0,0.0,9.0,0.5,97.552,0,98.90117942213962
VER,24.0,2.0,SOFT,RED BULL RACING,0.0,1.0,0.0,0.0,0.0,0.0,0.0,0.0,0.0,0.0,0.0,0.0,0.0,0.0,0.0,0.0,0.0,0.0,0.0,1.0,0.0,99.027,0.11400000000000432,0.11369565217391786,-1.5886956521739122,-1.3476666666666688,0.11244702456416687,21.0,0.0,2.0,0.0,0.0,0.0,0.0,0.0,0.0,0.0,1.0,0.0,1.0,-0.09289099526071709,10.0,0.0,10.0,0.4,97.387,0,98.79750575950959
VER,25.0,2.0,SOFT,RED BULL RACING,0.0,1.0,0.0,0.0,0.0,0.0,0.0,0.0,0.0,0.0,0.0,0.0,0.0,0.0,0.0,0.0,0.0,0.0,0.0,1.0,0.0,98.947,-0.0799999999999983,0.02749999999999697,-1.5874999999999992,-1.4323333333333323,0.15351330018384607,21.0,0.0,2.0,0.0,0.0,0.0,0.0,0.0,0.0,0.0,1.0,0.0,1.0,-0.1021800947867888,11.0,0.0,11.0,0.6,97.372,0,98.84383209687958
VER,26.0,2.0,SOFT,RED BULL RACING,0.0,1.0,0.0,0.0,0.0,0.0,0.0,0.0,0.0,0.0,0.0,0.0,0.0,0.0,0.0,0.0,0.0,0.0,0.0,1.0,0.0,99.066,0.11899999999999977,-0.10224000000000322,-1.5917599999999994,-1.5763333333333331,0.1104098425564344,21.0,0.0,2.0,0.0,0.0,0.0,0.0,0.0,0.0,0.0,1.0,0.0,1.0,-0.11146919431286051,12.0,0.0,12.0,0.5,97.682,0,99.21515843424956
VER,27.0,2.0,SOFT,RED BULL RACING,0.0,1.0,0.0,0.0,0.0,0.0,0.0,0.0,0.0,0.0,0.0,0.0,0.0,0.0,0.0,0.0,0.0,0.0,0.0,1.0,0.0,99.5,0.4339999999999975,-0.21753846153846013,-1.6004615384615377,-1.6906666666666677,0.12903229569892702,21.0,0.0,2.0,0.0,0.0,0.0,0.0,0.0,0.0,0.0,1.0,0.0,1.0,-0.12075829383893222,13.0,0.0,13.0,0.6,97.379,0,98.97348477161954
VER,28.0,2.0,SOFT,RED BULL RACING,0.0,1.0,0.0,0.0,0.0,0.0,0.0,0.0,0.0,0.0,0.0,0.0,0.0,0.0,0.0,0.0,0.0,0.0,0.0,1.0,0.0,99.235,-0.26500000000000057,-0.24607407407406945,-1.609925925925925,-1.7893333333333317,0.08471914384208162,21.0,0.0,2.0,0.0,0.0,0.0,0.0,0.0,0.0,0.0,1.0,0.0,1.0,-0.13004739336500393,14.0,0.0,14.0,0.5,97.651,0,99.30681110898952
VER,29.0,2.0,SOFT,RED BULL RACING,0.0,1.0,0.0,0.0,0.0,0.0,0.0,0.0,0.0,0.0,0.0,0.0,0.0,0.0,0.0,0.0,0.0,0.0,0.0,1.0,0.0,98.474,-0.7609999999999957,0.7588214285714205,-1.581821428571428,-1.4989999999999999,0.5857414105217376,21.0,0.0,2.0,0.0,0.0,0.0,0.0,0.0,0.0,0.0,1.0,0.0,1.0,-0.13933649289107564,15.0,0.0,15.0,0.8,97.571,0,99.2881374463595
VER,30.0,2.0,SOFT,RED BULL RACING,0.0,1.0,0.0,0.0,0.0,0.0,0.0,0.0,0.0,0.0,0.0,0.0,0.0,0.0,0.0,0.0,0.0,0.0,0.0,1.0,0.0,98.447,-0.027000000000001023,0.6814827586206844,-1.5574827586206892,-1.1850000000000023,0.5817069709054502,21.0,0.0,2.0,0.0,0.0,0.0,0.0,0.0,0.0,0.0,1.0,0.0,1.0,-3.348625592417136,16.0,0.0,16.0,0.6,97.549,0,99.3274637837295
VER,31.0,2.0,SOFT,RED BULL RACING,0.0,1.0,0.0,0.0,0.0,0.0,0.0,0.0,0.0,0.0,0.0,0.0,0.0,0.0,0.0,0.0,0.0,0.0,0.0,1.0,0.0,98.39,-0.05700000000000216,0.6926000000000054,-1.5335999999999994,-0.8466666666666688,0.026950572040965067,21.0,0.0,2.0,0.0,0.0,0.0,0.0,0.0,0.0,0.0,1.0,0.0,1.0,-3.557914691943207,17.0,0.0,17.0,0.6,97.431,0,99.27079012109947
VER,32.0,2.0,SOFT,RED BULL RACING,0.0,1.0,0.0,0.0,0.0,0.0,0.0,0.0,0.0,0.0,0.0,0.0,0.0,0.0,0.0,0.0,0.0,0.0,0.0,1.0,0.0,98.104,-0.28600000000000136,0.832838709677417,-1.5058387096774188,-0.7966666666666669,0.10851881557285409,21.0,0.0,2.0,0.0,0.0,0.0,0.0,0.0,0.0,0.0,1.0,0.0,1.0,-5.56720379146924,18.0,0.0,18.0,0.6,97.691,0,99.59211645846945
VER,33.0,2.0,SOFT,RED BULL RACING,0.0,1.0,0.0,0.0,0.0,0.0,0.0,0.0,0.0,0.0,0.0,0.0,0.0,0.0,0.0,0.0,0.0,0.0,0.0,1.0,0.0,97.902,-0.20199999999999818,1.254375000000001,-1.4653749999999994,-0.5749999999999981,0.3262330455364706,21.0,0.0,2.0,0.0,0.0,0.0,0.0,0.0,0.0,0.0,1.0,0.0,1.0,-5.8764928909953085,19.0,0.0,19.0,0.6,97.686,0,99.64844279583944
VER,34.0,2.0,SOFT,RED BULL RACING,0.0,1.0,0.0,0.0,0.0,0.0,0.0,0.0,0.0,0.0,0.0,0.0,0.0,0.0,0.0,0.0,0.0,0.0,0.0,1.0,0.0,97.775,-0.12699999999999534,1.3346666666666673,-1.423666666666666,-0.324333333333333,0.3080541078014318,21.0,0.0,2.0,0.0,0.0,0.0,0.0,0.0,0.0,0.0,1.0,0.0,1.0,-6.185781990521377,20.0,0.0,20.0,0.5,97.839,0,99.86276913320941
VER,35.0,2.0,SOFT,RED BULL RACING,0.0,1.0,0.0,0.0,0.0,0.0,0.0,0.0,0.0,0.0,0.0,0.0,0.0,0.0,0.0,0.0,0.0,0.0,0.0,1.0,0.0,97.902,0.12699999999999534,1.3206470588235266,-1.383647058823529,-0.12099999999999984,0.0790189850605623,21.0,0.0,2.0,0.0,0.0,0.0,0.0,0.0,0.0,0.0,1.0,0.0,1.0,-6.495071090047446,21.0,0.0,21.0,0.5,97.85,0,99.9350954705794
VER,36.0,2.0,SOFT,RED BULL RACING,0.0,1.0,0.0,0.0,0.0,0.0,0.0,0.0,0.0,0.0,0.0,0.0,0.0,0.0,0.0,0.0,0.0,0.0,0.0,1.0,0.0,97.87,-0.031999999999996476,1.3246857142857038,-1.344685714285714,-0.05733333333333709,0.034847285881894646,21.0,0.0,2.0,0.0,0.0,0.0,0.0,0.0,0.0,0.0,1.0,0.0,1.0,-6.804360189573515,22.0,0.0,22.0,0.4,100.964,1,103.11042180794938
VER,37.0,3.0,HARD,RED BULL RACING,0.0,0.0,0.0,0.0,0.0,0.0,0.0,0.0,0.0,0.0,0.0,0.0,0.0,0.0,0.0,0.0,0.0,0.0,0.0,1.0,0.0,97.754,-0.11599999999999966,4.428166666666661,-1.2181666666666666,1.0423333333333271,1.8773775148683693,21.0,1.0,3.0,0.0,0.0,0.0,0.0,0.0,0.0,0.0,1.0,0.0,1.0,-0.30928909952606887,1.0,0.0,0.0,0.4,103.98475,0,106.19249814531936
VER,38.0,3.0,HARD,RED BULL RACING,0.0,0.0,0.0,0.0,0.0,0.0,0.0,0.0,0.0,0.0,0.0,0.0,0.0,0.0,0.0,0.0,0.0,0.0,0.0,1.0,0.0,97.831,0.07699999999999818,7.172675675675678,-1.0189256756756755,3.1145833333333286,3.087980816137524,21.0,1.0,3.0,0.0,0.0,0.0,0.0,0.0,0.0,0.0,1.0,0.0,1.0,-0.8185781990521406,2.0,0.0,0.0,0.4,96.297,0,98.56607448268934
VER,39.0,3.0,HARD,RED BULL RACING,0.0,0.0,0.0,0.0,0.0,0.0,0.0,0.0,0.0,0.0,0.0,0.0,0.0,0.0,0.0,0.0,0.0,0.0,0.0,1.0,0.0,98.015,0.1839999999999975,-0.6806776315789509,-1.0373223684210526,2.548583333333331,3.9773378057229882,21.0,1.0,3.0,0.0,0.0,0.0,0.0,0.0,0.0,0.0,1.0,0.0,1.0,-1.2278672985782109,3.0,0.0,0.0,0.1,96.446,0,98.77640082005932
VER,40.0,3.0,HARD,RED BULL RACING,0.0,0.0,0.0,0.0,0.0,0.0,0.0,0.0,0.0,0.0,0.0,0.0,0.0,0.0,0.0,0.0,0.0,0.0,0.0,1.0,0.0,97.784,-0.23099999999999454,-0.2929679487179566,-1.0450320512820515,1.0325833333333303,4.439128407788333,21.0,1.0,3.0,0.0,0.0,0.0,0.0,0.0,0.0,0.0,1.0,0.0,1.0,-1.6371563981042812,4.0,0.0,0.0,0.4,96.942,0,99.33372715742931
VER,41.0,3.0,HARD,RED BULL RACING,0.0,0.0,0.0,0.0,0.0,0.0,0.0,0.0,0.0,0.0,0.0,0.0,0.0,0.0,0.0,0.0,0.0,0.0,0.0,1.0,0.0,103.98475,6.200749999999999,-5.847775000000012,-1.1949750000000006,-3.366250000000008,3.1896064314426056,21.0,1.0,3.0,0.0,0.0,0.0,0.0,0.0,0.0,0.0,1.0,0.0,126.0,-2.0464454976303514,5.0,0.0,0.0,0.4,103.98475,0,106.4378034947993
VER,42.0,3.0,HARD,RED BULL RACING,0.0,0.0,0.0,0.0,0.0,0.0,0.0,0.0,0.0,0.0,0.0,0.0,0.0,0.0,0.0,0.0,0.0,0.0,0.0,1.0,0.0,103.98475,0.0,1.1658292682926834,-1.1658292682926834,-2.79358333333334,3.7402037405512263,21.0,1.0,3.0,0.0,0.0,0.0,0.0,0.0,0.0,0.0,1.0,0.0,671.0,-3.6557345971564175,6.0,0.0,0.0,0.1,103.98475,0,106.49912983216927
VER,43.0,3.0,HARD,RED BULL RACING,0.0,0.0,0.0,0.0,0.0,0.0,0.0,0.0,0.0,0.0,0.0,0.0,0.0,0.0,0.0,0.0,0.0,0.0,0.0,1.0,0.0,97.061,-6.923749999999998,7.896970238095237,-0.9732202380952386,-0.039666666666671326,6.98333449333722,21.0,1.0,3.0,0.0,0.0,0.0,0.0,0.0,0.0,0.0,1.0,0.0,1.0,-4.265023696682487,7.0,0.0,0.0,0.1,96.89,0,99.46570616953926
VER,44.0,3.0,HARD,RED BULL RACING,0.0,0.0,0.0,0.0,0.0,0.0,0.0,0.0,0.0,0.0,0.0,0.0,0.0,0.0,0.0,0.0,0.0,0.0,0.0,1.0,0.0,97.028,-0.03300000000000125,0.8157965116279023,-0.9537965116279076,2.2619166666666644,4.03785568350744,21.0,1.0,3.0,0.0,0.0,0.0,0.0,0.0,0.0,0.0,1.0,0.0,1.0,-5.674312796208568,8.0,0.0,0.0,0.1,96.236,0,98.87303250690924
VER,45.0,3.0,HARD,RED BULL RACING,0.0,0.0,0.0,0.0,0.0,0.0,0.0,0.0,0.0,0.0,0.0,0.0,0.0,0.0,0.0,0.0,0.0,0.0,0.0,1.0,0.0,97.219,0.1909999999999883,-0.028539772727262158,-0.9544602272727277,1.9342500000000011,4.341640120680199,21.0,1.0,3.0,0.0,0.0,0.0,0.0,0.0,0.0,0.0,1.0,0.0,1.0,-6.383601895734639,9.0,0.0,0.0,0.3,97.015,0,99.71335884427923
VER,46.0,3.0,HARD,RED BULL RACING,0.0,0.0,0.0,0.0,0.0,0.0,0.0,0.0,0.0,0.0,0.0,0.0,0.0,0.0,0.0,0.0,0.0,0.0,0.0,1.0,0.0,97.426,0.20700000000000784,0.5313833333333324,-0.9423833333333338,-0.5106666666666655,0.43122654525589793,21.0,1.0,3.0,0.0,0.0,0.0,0.0,0.0,0.0,0.0,1.0,0.0,1.0,-8.092890995260689,10.0,0.0,0.0,0.6,96.701,0,99.4606851816492
VER,47.0,3.0,HARD,RED BULL RACING,0.0,0.0,0.0,0.0,0.0,0.0,0.0,0.0,0.0,0.0,0.0,0.0,0.0,0.0,0.0,0.0,0.0,0.0,0.0,1.0,0.0,97.589,0.1629999999999967,0.05320108695651704,-0.9412010869565223,-0.7606666666666655,0.30652297358165925,21.0,1.0,3.0,0.0,0.0,0.0,0.0,0.0,0.0,0.0,1.0,0.0,1.0,-10.002180094786773,11.0,0.0,0.0,0.3,97.009,0,99.83001151901918
VER,48.0,3.0,HARD,RED BULL RACING,0.0,0.0,0.0,0.0,0.0,0.0,0.0,0.0,0.0,0.0,0.0,0.0,0.0,0.0,0.0,0.0,0.0,0.0,0.0,1.0,0.0,97.432,-0.15699999999999648,0.5071755319148924,-0.9301755319148942,-0.5740000000000028,0.27199816175851604,21.0,1.0,3.0,0.0,0.0,0.0,0.0,0.0,0.0,0.0,1.0,0.0,1.0,-10.911469194312843,12.0,0.0,0.0,0.1,96.918,0,99.80033785638918
VER,49.0,3.0,HARD,RED BULL RACING,0.0,0.0,0.0,0.0,0.0,0.0,0.0,0.0,0.0,0.0,0.0,0.0,0.0,0.0,0.0,0.0,0.0,0.0,0.0,1.0,0.0,97.5,0.06799999999999784,0.3409218750000068,-0.9229218750000004,-0.6310000000000002,0.2363408555455704,21.0,1.0,3.0,0.0,0.0,0.0,0.0,0.0,0.0,0.0,1.0,0.0,1.0,-11.820758293838914,13.0,0.0,0.0,0.1,96.962,0,99.90566419375915
VER,50.0,3.0,HARD,RED BULL RACING,0.0,0.0,0.0,0.0,0.0,0.0,0.0,0.0,0.0,0.0,0.0,0.0,0.0,0.0,0.0,0.0,0.0,0.0,0.0,1.0,0.0,97.609,0.10899999999999466,0.2702908163265395,-0.9172908163265309,-0.5506666666666623,0.11524032858918239,21.0,1.0,3.0,0.0,0.0,0.0,0.0,0.0,0.0,0.0,1.0,0.0,1.0,-12.730047393364984,14.0,0.0,0.0,0.6,97.25,0,100.25499053112914
VER,51.0,3.0,HARD,RED BULL RACING,0.0,0.0,0.0,0.0,0.0,0.0,0.0,0.0,0.0,0.0,0.0,0.0,0.0,0.0,0.0,0.0,0.0,0.0,0.0,1.0,0.0,97.604,-0.0049999999999954525,0.552025000000001,-0.9060250000000002,-0.5276666666666614,0.1538711582244791,21.0,1.0,3.0,0.0,0.0,0.0,0.0,0.0,0.0,0.0,1.0,0.0,1.0,-13.639336492891054,15.0,0.0,0.0,0.1,97.427,0,100.49331686849912
VER,52.0,3.0,HARD,RED BULL RACING,0.0,0.0,0.0,0.0,0.0,0.0,0.0,0.0,0.0,0.0,0.0,0.0,0.0,0.0,0.0,0.0,0.0,0.0,0.0,1.0,0.0,97.706,0.10200000000000387,0.6147303921568665,-0.8937303921568629,-0.4266666666666623,0.1944642212165063,21.0,1.0,3.0,0.0,0.0,0.0,0.0,0.0,0.0,0.0,1.0,0.0,1.0,-16.148625592417147,16.0,0.0,0.0,0.3,96.919,0,100.04664320586909
VER,53.0,3.0,HARD,RED BULL RACING,0.0,0.0,0.0,0.0,0.0,0.0,0.0,0.0,0.0,0.0,0.0,0.0,0.0,0.0,0.0,0.0,0.0,0.0,0.0,1.0,0.0,97.589,-0.11700000000000443,0.2194278846153831,-0.8894278846153848,-0.4343333333333324,0.20750983912418383,21.0,1.0,3.0,0.0,0.0,0.0,0.0,0.0,0.0,0.0,1.0,0.0,1.0,-17.15791469194322,17.0,0.0,0.0,0.1,96.89,0,100.07896954323908
VER,54.0,3.0,HARD,RED BULL RACING,0.0,0.0,0.0,0.0,0.0,0.0,0.0,0.0,0.0,0.0,0.0,0.0,0.0,0.0,0.0,0.0,0.0,0.0,0.0,1.0,0.0,97.778,0.18900000000000716,0.0014009433962214324,-0.8894009433962267,-0.6123333333333344,0.3085681988367352,21.0,1.0,3.0,0.0,0.0,0.0,0.0,0.0,0.0,0.0,1.0,0.0,1.0,-19.967203791469252,18.0,0.0,0.0,0.4,96.678,0,99.92829588060906
VER,55.0,3.0,HARD,RED BULL RACING,0.0,0.0,0.0,0.0,0.0,0.0,0.0,0.0,0.0,0.0,0.0,0.0,0.0,0.0,0.0,0.0,0.0,0.0,0.0,1.0,0.0,97.78,0.001999999999995339,-0.20866203703704056,-0.8933379629629633,-0.8866666666666703,0.21600308639773066,21.0,1.0,3.0,0.0,0.0,0.0,0.0,0.0,0.0,0.0,1.0,0.0,1.0,-21.076492890995322,19.0,0.0,0.0,0.3,96.322,0,99.63362221797905
VER,56.0,3.0,HARD,RED BULL RACING,0.0,0.0,0.0,0.0,0.0,0.0,0.0,0.0,0.0,0.0,0.0,0.0,0.0,0.0,0.0,0.0,0.0,0.0,0.0,1.0,0.0,97.86,0.0799999999999983,-0.6329409090909055,-0.9050590909090912,-1.176000000000002,0.3312582074455056,21.0,1.0,3.0,0.0,0.0,0.0,0.0,0.0,0.0,0.0,1.0,0.0,1.0,-22.18578199052139,20.0,0.0,0.0,0.5,97.205,0,100.57794855534902
VER,57.0,3.0,HARD,RED BULL RACING,0.0,0.0,0.0,0.0,0.0,0.0,0.0,0.0,0.0,0.0,0.0,0.0,0.0,0.0,0.0,0.0,0.0,0.0,0.0,1.0,0.0,98.1105,0.2505000000000024,-0.00043303571428887633,-0.9050669642857146,-1.1818333333333346,0.32371914267361995,21.0,1.0,3.0,0.0,0.0,0.0,0.0,0.0,0.0,0.0,1.0,0.0,1.0,-25.39507109004749,21.0,0.0,0.0,0.6,96.373,0,99.80727489271901
ZHO,4.0,1.0,SOFT,ALFA ROMEO,0.0,1.0,0.0,0.0,0.0,0.0,0.0,0.0,0.0,0.0,0.0,0.0,0.0,0.0,0.0,0.0,0.0,0.0,0.0,0.0,1.0,99.8625,-0.556500000000014,0.26500000000001006,0.4684999999999964,0.4684999999999964,0.40689648560782415,22.0,1.0,1.0,0.0,0.0,0.0,0.0,0.0,0.0,0.0,0.0,0.0,1.0,4.7628436018957245,4.0,0.0,4.0,0.8,100.853,0,101.03697901210994
ZHO,5.0,1.0,SOFT,ALFA ROMEO,0.0,1.0,0.0,0.0,0.0,0.0,0.0,0.0,0.0,0.0,0.0,0.0,0.0,0.0,0.0,0.0,0.0,0.0,0.0,0.0,1.0,99.792,-0.07049999999999557,0.4443749999999973,0.6166249999999955,0.8221666666666607,0.20910902260144976,22.0,1.0,1.0,0.0,0.0,0.0,0.0,0.0,0.0,0.0,0.0,0.0,1.0,5.453554502369649,5.0,0.0,5.0,0.8999999999999999,100.814,0,101.05930534947993
ZHO,6.0,1.0,SOFT,ALFA ROMEO,0.0,1.0,0.0,0.0,0.0,0.0,0.0,0.0,0.0,0.0,0.0,0.0,0.0,0.0,0.0,0.0,0.0,0.0,0.0,0.0,1.0,100.618,0.8259999999999934,-0.336499999999998,0.532499999999996,0.6634999999999991,0.43672789011007596,22.0,1.0,1.0,0.0,0.0,0.0,0.0,0.0,0.0,0.0,0.0,0.0,1.0,6.544265402843578,6.0,0.0,6.0,0.6,101.156,0,101.46263168684992
ZHO,7.0,1.0,SOFT,ALFA ROMEO,0.0,1.0,0.0,0.0,0.0,0.0,0.0,0.0,0.0,0.0,0.0,0.0,0.0,0.0,0.0,0.0,0.0,0.0,0.0,0.0,1.0,100.5375,-0.08050000000000068,0.07166666666667965,0.546833333333332,0.6251666666666674,0.432538533928864,21.0,1.0,1.0,0.0,0.0,0.0,0.0,0.0,0.0,0.0,0.0,0.0,1.0,6.934976303317498,7.0,0.0,7.0,0.6,101.197,0,101.56495802421989
ZHO,8.0,1.0,SOFT,ALFA ROMEO,0.0,1.0,0.0,0.0,0.0,0.0,0.0,0.0,0.0,0.0,0.0,0.0,0.0,0.0,0.0,0.0,0.0,0.0,0.0,0.0,1.0,100.60499999999999,0.06749999999999545,0.038714285714298025,0.5532857142857149,0.4688333333333408,0.23665181878307465,21.0,1.0,1.0,0.0,0.0,0.0,0.0,0.0,0.0,0.0,0.0,0.0,1.0,7.925687203791426,8.0,0.0,8.0,0.8999999999999999,101.184,0,101.61328436158988
ZHO,9.0,1.0,SOFT,ALFA ROMEO,0.0,1.0,0.0,0.0,0.0,0.0,0.0,0.0,0.0,0.0,0.0,0.0,0.0,0.0,0.0,0.0,0.0,0.0,0.0,0.0,1.0,100.70400000000001,0.09900000000001796,-0.06412500000000954,0.5441249999999993,0.5635000000000048,0.07351700483562867,21.0,1.0,1.0,0.0,0.0,0.0,0.0,0.0,0.0,0.0,0.0,0.0,1.0,8.016398104265374,9.0,0.0,9.0,0.6,101.526,0,102.01661069895985
ZHO,10.0,1.0,SOFT,ALFA ROMEO,0.0,1.0,0.0,0.0,0.0,0.0,0.0,0.0,0.0,0.0,0.0,0.0,0.0,0.0,0.0,0.0,0.0,0.0,0.0,0.0,1.0,100.8245,0.12049999999999272,0.13988888888888573,0.5616111111111101,0.5911666666666662,0.11075235136706582,21.0,1.0,1.0,0.0,0.0,0.0,0.0,0.0,0.0,0.0,0.0,0.0,1.0,8.907109004739304,10.0,0.0,10.0,0.8,101.743,0,102.29493703632984
ZHO,11.0,1.0,SOFT,ALFA ROMEO,0.0,1.0,0.0,0.0,0.0,0.0,0.0,0.0,0.0,0.0,0.0,0.0,0.0,0.0,0.0,0.0,0.0,0.0,0.0,0.0,1.0,100.9885,0.16400000000000148,0.17359999999999476,0.5808999999999983,0.6453333333333262,0.14561450248287092,21.0,1.0,1.0,0.0,0.0,0.0,0.0,0.0,0.0,0.0,0.0,0.0,1.0,7.5978199052132425,11.0,0.0,11.0,0.6,102.108,0,102.72126337369983
ZHO,12.0,1.0,SOFT,ALFA ROMEO,0.0,1.0,0.0,0.0,0.0,0.0,0.0,0.0,0.0,0.0,0.0,0.0,0.0,0.0,0.0,0.0,0.0,0.0,0.0,0.0,1.0,101.24950000000001,0.2610000000000099,0.2523636363636309,0.6061363636363614,0.7714999999999937,0.07986864215698,21.0,1.0,1.0,0.0,0.0,0.0,0.0,0.0,0.0,0.0,0.0,0.0,1.0,8.288530805687174,12.0,0.0,12.0,0.8999999999999999,103.87,1,104.5445897110698
ZHO,13.0,2.0,HARD,ALFA ROMEO,0.0,0.0,0.0,0.0,0.0,0.0,0.0,0.0,0.0,0.0,0.0,0.0,0.0,0.0,0.0,0.0,0.0,0.0,0.0,0.0,1.0,101.134,-0.11550000000001148,1.9523750000000057,0.7836249999999984,1.449666666666663,1.1152103314323034,21.0,1.0,2.0,0.0,0.0,0.0,0.0,0.0,0.0,0.0,0.0,0.0,1.0,0.5907109004739297,1.0,0.0,0.0,0.8,103.98475,0,104.7206660484398
ZHO,14.0,2.0,HARD,ALFA ROMEO,0.0,0.0,0.0,0.0,0.0,0.0,0.0,0.0,0.0,0.0,0.0,0.0,0.0,0.0,0.0,0.0,0.0,0.0,0.0,0.0,1.0,100.7305,-0.403499999999994,2.2805769230769237,0.9736730769230753,2.282916666666665,1.2605030328536877,21.0,1.0,2.0,0.0,0.0,0.0,0.0,0.0,0.0,0.0,0.0,0.0,1.0,1.1814218009478594,2.0,0.0,0.0,0.8,99.33,0,100.12724238580977
ZHO,15.0,2.0,HARD,ALFA ROMEO,0.0,0.0,0.0,0.0,0.0,0.0,0.0,0.0,0.0,0.0,0.0,0.0,0.0,0.0,0.0,0.0,0.0,0.0,0.0,0.0,1.0,98.859,-1.8715000000000117,-0.4667678571428523,0.9377678571428559,2.1537500000000023,1.4801626388677682,21.0,1.0,2.0,0.0,0.0,0.0,0.0,0.0,0.0,0.0,0.0,0.0,1.0,1.7721327014217891,3.0,0.0,0.0,0.6,99.229,0,100.08756872317976
ZHO,16.0,2.0,HARD,ALFA ROMEO,0.0,0.0,0.0,0.0,0.0,0.0,0.0,0.0,0.0,0.0,0.0,0.0,0.0,0.0,0.0,0.0,0.0,0.0,0.0,0.0,1.0,98.975,0.11599999999999966,-0.6381833333333276,0.8921833333333324,1.3264166666666692,1.6730744964983844,21.0,1.0,2.0,0.0,0.0,0.0,0.0,0.0,0.0,0.0,0.0,0.0,1.0,1.9628436018957132,4.0,0.0,0.0,0.8,98.998,0,99.91789506054974
ZHO,17.0,2.0,HARD,ALFA ROMEO,0.0,0.0,0.0,0.0,0.0,0.0,0.0,0.0,0.0,0.0,0.0,0.0,0.0,0.0,0.0,0.0,0.0,0.0,0.0,0.0,1.0,98.945,-0.030000000000001137,-0.7867343749999884,0.8397343749999999,0.25933333333334,0.20905103045268833,21.0,1.0,2.0,0.0,0.0,0.0,0.0,0.0,0.0,0.0,0.0,0.0,1.0,1.9535545023696521,5.0,0.0,0.0,0.6,99.143,0,100.12422139791971
ZHO,18.0,2.0,HARD,ALFA ROMEO,0.0,0.0,0.0,0.0,0.0,0.0,0.0,0.0,0.0,0.0,0.0,0.0,0.0,0.0,0.0,0.0,0.0,0.0,0.0,0.0,1.0,98.996,0.05100000000000193,-0.6519852941176417,0.7989852941176473,0.15133333333334065,0.10057004192766228,21.0,1.0,2.0,0.0,0.0,0.0,0.0,0.0,0.0,0.0,0.0,0.0,1.0,2.3442654028435825,6.0,0.0,0.0,0.6,98.873,0,99.9155477352897
ZHO,19.0,2.0,HARD,ALFA ROMEO,0.0,0.0,0.0,0.0,0.0,0.0,0.0,0.0,0.0,0.0,0.0,0.0,0.0,0.0,0.0,0.0,0.0,0.0,0.0,0.0,1.0,98.886,-0.10999999999999943,-0.7668749999999918,0.7538750000000007,0.06233333333334201,0.08040729651799051,20.0,1.0,2.0,0.0,0.0,0.0,0.0,0.0,0.0,0.0,0.0,0.0,1.0,2.734976303317513,7.0,0.0,0.0,0.6,98.794,0,99.89787407265968
ZHO,20.0,2.0,HARD,ALFA ROMEO,0.0,0.0,0.0,0.0,0.0,0.0,0.0,0.0,0.0,0.0,0.0,0.0,0.0,0.0,0.0,0.0,0.0,0.0,0.0,0.0,1.0,98.794,-0.09199999999999875,-0.7141973684210533,0.7141973684210533,0.04466666666667152,0.08886131516769492,21.0,1.0,2.0,0.0,0.0,0.0,0.0,0.0,0.0,0.0,0.0,0.0,1.0,2.325687203791432,8.0,0.0,0.0,0.4,98.896,0,100.06120041002967
ZHO,21.0,2.0,HARD,ALFA ROMEO,0.0,0.0,0.0,0.0,0.0,0.0,0.0,0.0,0.0,0.0,0.0,0.0,0.0,0.0,0.0,0.0,0.0,0.0,0.0,0.0,1.0,98.809,0.015000000000000568,-0.5958374999999976,0.6828375000000009,0.02466666666667076,0.0543721742560679,21.0,1.0,2.0,0.0,0.0,0.0,0.0,0.0,0.0,0.0,0.0,0.0,1.0,1.7163981042653802,9.0,0.0,0.0,0.6,98.888,0,100.11452674739965
ZHO,22.0,2.0,HARD,ALFA ROMEO,0.0,0.0,0.0,0.0,0.0,0.0,0.0,0.0,0.0,0.0,0.0,0.0,0.0,0.0,0.0,0.0,0.0,0.0,0.0,0.0,1.0,98.888,0.07900000000000773,-0.6503214285714294,0.6503214285714294,0.029000000000001098,0.05022947341948953,21.0,1.0,2.0,0.0,0.0,0.0,0.0,0.0,0.0,0.0,0.0,0.0,1.0,0.9071090047392971,10.0,0.0,0.0,0.4,99.115,0,100.40285308476962
ZHO,23.0,2.0,HARD,ALFA ROMEO,0.0,0.0,0.0,0.0,0.0,0.0,0.0,0.0,0.0,0.0,0.0,0.0,0.0,0.0,0.0,0.0,0.0,0.0,0.0,0.0,1.0,98.913,0.024999999999991473,-0.42794318181818436,0.6299431818181825,0.09633333333333383,0.1013229161312097,21.0,1.0,2.0,0.0,0.0,0.0,0.0,0.0,0.0,0.0,0.0,0.0,1.0,-0.1021800947867888,11.0,0.0,0.0,0.4,99.462,0,100.81117942213962
ZHO,24.0,2.0,HARD,ALFA ROMEO,0.0,0.0,0.0,0.0,0.0,0.0,0.0,0.0,0.0,0.0,0.0,0.0,0.0,0.0,0.0,0.0,0.0,0.0,0.0,0.0,1.0,99.027,0.11400000000000432,-0.1864673913043463,0.6214673913043486,0.21233333333333348,0.2176840217685555,21.0,1.0,2.0,0.0,0.0,0.0,0.0,0.0,0.0,0.0,0.0,0.0,1.0,-0.11146919431286051,12.0,0.0,0.0,0.8,99.503,0,100.91350575950959
ZHO,25.0,2.0,HARD,ALFA ROMEO,0.0,0.0,0.0,0.0,0.0,0.0,0.0,0.0,0.0,0.0,0.0,0.0,0.0,0.0,0.0,0.0,0.0,0.0,0.0,0.0,1.0,98.947,-0.0799999999999983,-0.06273958333333651,0.6187395833333339,0.39766666666666595,0.17992868957821187,21.0,1.0,2.0,0.0,0.0,0.0,0.0,0.0,0.0,0.0,0.0,0.0,1.0,-0.12075829383893222,13.0,0.0,0.0,0.6,99.066,0,100.53783209687958
ZHO,26.0,2.0,HARD,ALFA ROMEO,0.0,0.0,0.0,0.0,0.0,0.0,0.0,0.0,0.0,0.0,0.0,0.0,0.0,0.0,0.0,0.0,0.0,0.0,0.0,0.0,1.0,99.066,0.11899999999999977,-0.5939900000000006,0.5939900000000006,0.3303333333333332,0.2924044003316847,21.0,1.0,2.0,0.0,0.0,0.0,0.0,0.0,0.0,0.0,0.0,0.0,1.0,-0.13004739336500393,14.0,0.0,0.0,0.6,99.427,0,100.96015843424956
ZHO,27.0,2.0,HARD,ALFA ROMEO,0.0,0.0,0.0,0.0,0.0,0.0,0.0,0.0,0.0,0.0,0.0,0.0,0.0,0.0,0.0,0.0,0.0,0.0,0.0,0.0,1.0,99.5,0.4339999999999975,-0.6413365384615326,0.5683365384615393,0.16100000000000136,0.3440218016347168,21.0,1.0,2.0,0.0,0.0,0.0,0.0,0.0,0.0,0.0,0.0,0.0,1.0,-0.13933649289107564,15.0,0.0,0.0,0.6,99.235,0,100.82948477161953
ZHO,28.0,2.0,HARD,ALFA ROMEO,0.0,0.0,0.0,0.0,0.0,0.0,0.0,0.0,0.0,0.0,0.0,0.0,0.0,0.0,0.0,0.0,0.0,0.0,0.0,0.0,1.0,99.235,-0.26500000000000057,-0.5472870370370378,0.5472870370370378,-0.024333333333331097,0.04214656965082647,21.0,1.0,2.0,0.0,0.0,0.0,0.0,0.0,0.0,0.0,0.0,0.0,1.0,-0.14862559241714735,16.0,0.0,0.0,0.8,99.412,0,101.06781110898953
ZHO,29.0,2.0,HARD,ALFA ROMEO,0.0,0.0,0.0,0.0,0.0,0.0,0.0,0.0,0.0,0.0,0.0,0.0,0.0,0.0,0.0,0.0,0.0,0.0,0.0,0.0,1.0,98.474,-0.7609999999999957,0.3767589285714301,0.5612410714285723,0.2883333333333364,0.5638105473768041,21.0,1.0,2.0,0.0,0.0,0.0,0.0,0.0,0.0,0.0,0.0,0.0,1.0,-3.557914691943207,17.0,0.0,0.0,0.6,99.361,0,101.0781374463595
ZHO,30.0,2.0,HARD,ALFA ROMEO,0.0,0.0,0.0,0.0,0.0,0.0,0.0,0.0,0.0,0.0,0.0,0.0,0.0,0.0,0.0,0.0,0.0,0.0,0.0,0.0,1.0,98.447,-0.027000000000001023,0.3405948275862075,0.573405172413794,0.6173333333333346,0.5347610058085143,21.0,1.0,2.0,0.0,0.0,0.0,0.0,0.0,0.0,0.0,0.0,0.0,1.0,-1.9672037914692524,18.0,0.0,0.0,0.6,99.382,0,101.1604637837295
ZHO,31.0,2.0,HARD,ALFA ROMEO,0.0,0.0,0.0,0.0,0.0,0.0,0.0,0.0,0.0,0.0,0.0,0.0,0.0,0.0,0.0,0.0,0.0,0.0,0.0,0.0,1.0,98.39,-0.05700000000000216,0.4046416666666701,0.5873583333333343,0.9480000000000027,0.03994996871087023,21.0,1.0,2.0,0.0,0.0,0.0,0.0,0.0,0.0,0.0,0.0,0.0,1.0,-5.8764928909953085,19.0,0.0,0.0,0.6,99.67,0,101.50979012109947
ZHO,32.0,2.0,HARD,ALFA ROMEO,0.0,0.0,0.0,0.0,0.0,0.0,0.0,0.0,0.0,0.0,0.0,0.0,0.0,0.0,0.0,0.0,0.0,0.0,0.0,0.0,1.0,98.104,-0.28600000000000136,0.9470725806451628,0.6189274193548397,1.1573333333333362,0.35605804770196214,21.0,1.0,2.0,0.0,0.0,0.0,0.0,0.0,0.0,0.0,0.0,0.0,1.0,-6.185781990521377,20.0,0.0,0.0,0.6,102.096,1,103.99711645846945
ZHO,33.0,3.0,SOFT,ALFA ROMEO,0.0,1.0,0.0,0.0,0.0,0.0,0.0,0.0,0.0,0.0,0.0,0.0,0.0,0.0,0.0,0.0,0.0,0.0,0.0,0.0,1.0,97.902,-0.20199999999999818,3.4633515625000015,0.7306484375000011,2.2506666666666697,1.7072718978924624,21.0,0.0,3.0,0.0,0.0,0.0,0.0,0.0,0.0,0.0,0.0,0.0,1.0,-1.2371563981042755,4.0,0.0,4.0,0.6,103.98475,0,105.94719279583944
ZHO,34.0,3.0,SOFT,ALFA ROMEO,0.0,1.0,0.0,0.0,0.0,0.0,0.0,0.0,0.0,0.0,0.0,0.0,0.0,0.0,0.0,0.0,0.0,0.0,0.0,0.0,1.0,97.775,-0.12699999999999534,5.31306818181818,0.8966818181818192,3.989916666666668,2.3285920683609067,21.0,0.0,3.0,0.0,0.0,0.0,0.0,0.0,0.0,0.0,0.0,0.0,1.0,-1.5464454976303443,5.0,0.0,5.0,0.5,97.037,0,99.06076913320942
ZHO,35.0,3.0,SOFT,ALFA ROMEO,0.0,1.0,0.0,0.0,0.0,0.0,0.0,0.0,0.0,0.0,0.0,0.0,0.0,0.0,0.0,0.0,0.0,0.0,0.0,0.0,1.0,97.902,0.12699999999999534,-1.7098676470588194,0.8448676470588247,3.1795833333333356,3.6448323378220446,21.0,0.0,3.0,0.0,0.0,0.0,0.0,0.0,0.0,0.0,0.0,0.0,1.0,-1.8557345971564132,6.0,0.0,6.0,0.4,97.55,0,99.6350954705794
ZHO,36.0,3.0,SOFT,ALFA ROMEO,0.0,1.0,0.0,0.0,0.0,0.0,0.0,0.0,0.0,0.0,0.0,0.0,0.0,0.0,0.0,0.0,0.0,0.0,0.0,0.0,1.0,97.87,-0.031999999999996476,-1.1315857142857226,0.8115857142857152,1.6749166666666657,3.9367234181274826,21.0,0.0,3.0,0.0,0.0,0.0,0.0,0.0,0.0,0.0,0.0,0.0,1.0,-2.165023696682482,7.0,0.0,7.0,0.5,97.957,0,100.10342180794937
ZHO,37.0,3.0,SOFT,ALFA ROMEO,0.0,1.0,0.0,0.0,0.0,0.0,0.0,0.0,0.0,0.0,0.0,0.0,0.0,0.0,0.0,0.0,0.0,0.0,0.0,0.0,1.0,97.754,-0.11599999999999966,-0.5916805555555674,0.7946805555555562,-0.32733333333333786,0.5340377639580586,21.0,0.0,3.0,0.0,0.0,0.0,0.0,0.0,0.0,0.0,0.0,0.0,1.0,-3.2743127962085623,8.0,0.0,8.0,0.4,98.003,0,100.21074814531936
ZHO,38.0,3.0,SOFT,ALFA ROMEO,0.0,1.0,0.0,0.0,0.0,0.0,0.0,0.0,0.0,0.0,0.0,0.0,0.0,0.0,0.0,0.0,0.0,0.0,0.0,0.0,1.0,97.831,0.07699999999999818,-0.6058513513513548,0.7778513513513519,0.018333333333326134,0.2934149507665406,21.0,0.0,3.0,0.0,0.0,0.0,0.0,0.0,0.0,0.0,0.0,0.0,1.0,-3.6836018957346326,9.0,0.0,9.0,0.1,98.422,0,100.69107448268934
ZHO,39.0,3.0,SOFT,ALFA ROMEO,0.0,1.0,0.0,0.0,0.0,0.0,0.0,0.0,0.0,0.0,0.0,0.0,0.0,0.0,0.0,0.0,0.0,0.0,0.0,0.0,1.0,98.015,0.1839999999999975,-0.3610921052631618,0.7680921052631583,0.2606666666666608,0.1276727587754398,21.0,0.0,3.0,0.0,0.0,0.0,0.0,0.0,0.0,0.0,0.0,0.0,1.0,-4.092890995260703,10.0,0.0,10.0,0.6,98.368,0,100.69840082005932
ZHO,40.0,3.0,SOFT,ALFA ROMEO,0.0,1.0,0.0,0.0,0.0,0.0,0.0,0.0,0.0,0.0,0.0,0.0,0.0,0.0,0.0,0.0,0.0,0.0,0.0,0.0,1.0,97.784,-0.23099999999999454,-0.179371794871806,0.763371794871795,0.38766666666666083,0.20667930068908572,21.0,0.0,3.0,0.0,0.0,0.0,0.0,0.0,0.0,0.0,0.0,0.0,126.0,-4.502180094786773,11.0,0.0,11.0,0.4,103.98475,0,106.37647715742932
ZHO,41.0,3.0,SOFT,ALFA ROMEO,0.0,1.0,0.0,0.0,0.0,0.0,0.0,0.0,0.0,0.0,0.0,0.0,0.0,0.0,0.0,0.0,0.0,0.0,0.0,0.0,1.0,103.98475,6.200749999999999,-0.7442875000000001,0.7442875000000001,0.3303333333333285,0.2994533909197358,21.0,0.0,3.0,0.0,0.0,0.0,0.0,0.0,0.0,0.0,0.0,0.0,671.0,-7.311469194312835,12.0,0.0,12.0,0.1,103.98475,0,106.4378034947993
ZHO,42.0,3.0,SOFT,ALFA ROMEO,0.0,1.0,0.0,0.0,0.0,0.0,0.0,0.0,0.0,0.0,0.0,0.0,0.0,0.0,0.0,0.0,0.0,0.0,0.0,0.0,1.0,103.98475,0.0,-0.7261341463414634,0.7261341463414634,0.194666666666663,0.33717255720673206,21.0,0.0,3.0,0.0,0.0,0.0,0.0,0.0,0.0,0.0,0.0,0.0,1.0,-7.9207582938389045,13.0,0.0,13.0,0.1,99.904,0,102.41837983216926
ZHO,43.0,3.0,SOFT,ALFA ROMEO,0.0,1.0,0.0,0.0,0.0,0.0,0.0,0.0,0.0,0.0,0.0,0.0,0.0,0.0,0.0,0.0,0.0,0.0,0.0,0.0,1.0,97.061,-6.923749999999998,2.066464285714275,0.7765357142857141,0.9476666666666631,1.641406815306099,21.0,0.0,3.0,0.0,0.0,0.0,0.0,0.0,0.0,0.0,0.0,0.0,1.0,-8.530047393364974,14.0,0.0,14.0,0.8,98.311,0,100.88670616953927
ZHO,44.0,3.0,SOFT,ALFA ROMEO,0.0,1.0,0.0,0.0,0.0,0.0,0.0,0.0,0.0,0.0,0.0,0.0,0.0,0.0,0.0,0.0,0.0,0.0,0.0,0.0,1.0,97.028,-0.03300000000000125,0.4946860465116293,0.788313953488372,1.3753333333333302,1.423747285628076,21.0,0.0,3.0,0.0,0.0,0.0,0.0,0.0,0.0,0.0,0.0,0.0,1.0,-10.639336492891065,15.0,0.0,15.0,0.3,97.974,0,100.61103250690924
ZHO,45.0,3.0,SOFT,ALFA ROMEO,0.0,1.0,0.0,0.0,0.0,0.0,0.0,0.0,0.0,0.0,0.0,0.0,0.0,0.0,0.0,0.0,0.0,0.0,0.0,0.0,1.0,97.219,0.1909999999999883,-0.032556818181808556,0.7875568181818182,1.627,1.0856739842144023,21.0,0.0,3.0,0.0,0.0,0.0,0.0,0.0,0.0,0.0,0.0,0.0,1.0,-12.948625592417102,16.0,0.0,16.0,0.6,97.95,0,100.64835884427923
ZHO,46.0,3.0,SOFT,ALFA ROMEO,0.0,1.0,0.0,0.0,0.0,0.0,0.0,0.0,0.0,0.0,0.0,0.0,0.0,0.0,0.0,0.0,0.0,0.0,0.0,0.0,1.0,97.426,0.20700000000000784,-0.25769999999999915,0.7817000000000001,0.854000000000004,0.3890642620441987,21.0,0.0,3.0,0.0,0.0,0.0,0.0,0.0,0.0,0.0,0.0,0.0,1.0,-13.75791469194317,17.0,0.0,17.0,0.1,98.336,0,101.0956851816492
ZHO,47.0,3.0,SOFT,ALFA ROMEO,0.0,1.0,0.0,0.0,0.0,0.0,0.0,0.0,0.0,0.0,0.0,0.0,0.0,0.0,0.0,0.0,0.0,0.0,0.0,0.0,1.0,97.589,0.1629999999999967,-0.03394565217391321,0.7809456521739131,0.6753333333333368,0.13111953833556583,21.0,0.0,3.0,0.0,0.0,0.0,0.0,0.0,0.0,0.0,0.0,0.0,1.0,-16.367203791469265,18.0,0.0,18.0,0.1,99.553,0,102.37401151901918
ZHO,48.0,3.0,SOFT,ALFA ROMEO,0.0,1.0,0.0,0.0,0.0,0.0,0.0,0.0,0.0,0.0,0.0,0.0,0.0,0.0,0.0,0.0,0.0,0.0,0.0,0.0,1.0,97.432,-0.15699999999999648,1.3115425531914844,0.8094574468085106,1.1306666666666654,0.8648712813669588,21.0,0.0,3.0,0.0,0.0,0.0,0.0,0.0,0.0,0.0,0.0,0.0,1.0,-17.276492890995335,19.0,0.0,19.0,0.1,98.596,0,101.47833785638917
ZHO,49.0,3.0,SOFT,ALFA ROMEO,0.0,1.0,0.0,0.0,0.0,0.0,0.0,0.0,0.0,0.0,0.0,0.0,0.0,0.0,0.0,0.0,0.0,0.0,0.0,0.0,1.0,97.5,0.06799999999999784,0.2805729166666703,0.8154270833333334,1.3213333333333328,0.7141780823669441,21.0,0.0,3.0,0.0,0.0,0.0,0.0,0.0,0.0,0.0,0.0,0.0,1.0,-18.185781990521406,20.0,0.0,20.0,0.6,98.628,0,101.57166419375915
ZHO,50.0,3.0,SOFT,ALFA ROMEO,0.0,1.0,0.0,0.0,0.0,0.0,0.0,0.0,0.0,0.0,0.0,0.0,0.0,0.0,0.0,0.0,0.0,0.0,0.0,0.0,1.0,97.609,0.10899999999999466,0.19941836734694407,0.8195816326530614,1.4120000000000015,0.6152178475954595,21.0,0.0,3.0,0.0,0.0,0.0,0.0,0.0,0.0,0.0,0.0,0.0,1.0,-19.095071090047476,21.0,0.0,21.0,0.1,99.893,0,102.89799053112914
ZHO,51.0,3.0,SOFT,ALFA ROMEO,0.0,1.0,0.0,0.0,0.0,0.0,0.0,0.0,0.0,0.0,0.0,0.0,0.0,0.0,0.0,0.0,0.0,0.0,0.0,0.0,1.0,97.604,-0.0049999999999954525,1.4400300000000013,0.8489700000000002,1.4680000000000035,0.7120484534074868,21.0,0.0,3.0,0.0,0.0,0.0,0.0,0.0,0.0,0.0,0.0,0.0,1.0,-22.204360189573578,22.0,0.0,22.0,0.3,98.719,0,101.78531686849911
ZHO,52.0,3.0,SOFT,ALFA ROMEO,0.0,1.0,0.0,0.0,0.0,0.0,0.0,0.0,0.0,0.0,0.0,0.0,0.0,0.0,0.0,0.0,0.0,0.0,0.0,0.0,1.0,97.706,0.10200000000000387,0.16081372549018713,0.8521862745098039,1.4403333333333326,0.7349730153776618,21.0,0.0,3.0,0.0,0.0,0.0,0.0,0.0,0.0,0.0,0.0,0.0,1.0,-23.21364928909965,23.0,0.0,23.0,0.1,98.713,0,101.84064320586909
ZHO,53.0,3.0,SOFT,ALFA ROMEO,0.0,1.0,0.0,0.0,0.0,0.0,0.0,0.0,0.0,0.0,0.0,0.0,0.0,0.0,0.0,0.0,0.0,0.0,0.0,0.0,1.0,97.589,-0.11700000000000443,0.2665865384615338,0.8574134615384614,1.4753333333333292,0.7068382653290192,21.0,0.0,3.0,0.0,0.0,0.0,0.0,0.0,0.0,0.0,0.0,0.0,1.0,-26.62293838862567,24.0,0.0,24.0,0.4,98.634,0,101.82296954323908
ZHO,54.0,3.0,SOFT,ALFA ROMEO,0.0,1.0,0.0,0.0,0.0,0.0,0.0,0.0,0.0,0.0,0.0,0.0,0.0,0.0,0.0,0.0,0.0,0.0,0.0,0.0,1.0,97.778,0.18900000000000716,-0.0013867924528354614,0.85738679245283,0.9976666666666603,0.1346563527403395,21.0,0.0,3.0,0.0,0.0,0.0,0.0,0.0,0.0,0.0,0.0,0.0,1.0,-27.73222748815174,25.0,0.0,25.0,0.1,101.967,1,105.21729588060906
ZHO,55.0,4.0,SOFT,ALFA ROMEO,0.0,1.0,0.0,0.0,0.0,0.0,0.0,0.0,0.0,0.0,0.0,0.0,0.0,0.0,0.0,0.0,0.0,0.0,0.0,0.0,1.0,97.78,0.001999999999995339,3.2679537037037014,0.9190462962962961,2.0556666666666623,1.8506464636265174,21.0,0.0,4.0,0.0,0.0,0.0,0.0,0.0,0.0,0.0,0.0,0.0,1.0,-4.437156398104278,4.0,0.0,4.0,0.5,103.98475,0,107.29637221797904
ZHO,56.0,4.0,SOFT,ALFA ROMEO,0.0,1.0,0.0,0.0,0.0,0.0,0.0,0.0,0.0,0.0,0.0,0.0,0.0,0.0,0.0,0.0,0.0,0.0,0.0,0.0,1.0,97.86,0.0799999999999983,5.111054545454552,1.0136954545454544,3.7225833333333327,2.6649003303751075,21.0,0.0,4.0,0.0,0.0,0.0,0.0,0.0,0.0,0.0,0.0,0.0,1.0,-6.046445497630355,5.0,0.0,5.0,0.6,94.00275000000002,0,97.37569855534905
