raceId,driverId,lap,position,time,milliseconds
1,1,1,6,1:32.117,92117.0
1,1,2,4,1:32.305,92305.0
1,1,3,5,1:32.212,
1,1,4,9,1:32.252,570660.0
1,1,5,1,1:32.085,92085.0
1,1,6,6,1:32.065,92065.0
1,1,7,3,1:32.277,92277.0
1,1,8,7,1:32.141,92141.0
1,1,9,1,1:32.074,92074.0
1,1,10,10,1:32.129,92129.0
1,1,11,8,1:32.088,92088.0
1,1,12,2,1:32.196,92196.0
1,1,13,6,1:32.167,92167.0
1,1,14,2,1:32.167,92167.0
1,1,15,4,1:32.365,92365.0
1,1,16,10,1:32.038,92038.0
1,1,17,1,1:31.994,91994.0
1,1,18,5,1:32.219,92219.0
1,1,19,7,1:32.062,92062.0
1,1,20,5,1:31.729,91729.0
1,1,21,10,1:31.898,91898.0
1,1,22,5,1:31.877,91877.0
1,1,23,5,1:31.724,91724.0
1,1,24,9,1:31.810,91810.0
1,1,25,3,1:31.814,91814.0
1,1,26,7,1:31.806,91806.0
1,1,27,9,1:31.853,91853.0
1,1,28,1,1:31.798,91798.0
1,1,29,5,1:31.831,91831.0
1,1,30,8,1:31.709,91709.0
1,1,31,6,1:31.683,91683.0
1,1,32,6,1:31.699,91699.0
1,1,33,5,1:31.903,91903.0
1,1,34,7,1:31.832,91832.0
1,1,35,1,1:31.506,91506.0
1,1,36,8,1:31.719,91719.0
1,1,37,1,1:31.762,91762.0
1,1,38,6,1:31.779,91779.0
1,1,39,4,1:31.634,91634.0
1,1,40,5,1:31.531,91531.0
1,1,41,10,1:31.397,91397.0
1,1,42,9,1:31.276,91276.0
1,1,43,9,1:31.293,91293.0
1,1,44,3,1:31.413,91413.0
1,1,45,2,1:31.470,91470.0
1,1,46,6,1:31.399,91399.0
1,1,47,5,1:31.447,91447.0
1,1,48,5,1:31.418,91418.0
1,1,49,4,1:31.276,91276.0
1,1,50,1,1:31.302,91302.0
1,1,51,7,1:31.196,91196.0
1,2,1,4,1:31.978,91978.0
1,2,2,10,1:32.177,92177.0
1,2,3,5,1:32.012,92012.0
1,2,4,3,1:32.269,92269.0
1,2,5,3,1:32.062,92062.0
1,2,6,8,1:31.985,91985.0
1,2,7,1,1:32.064,92064.0
1,2,8,1,1:32.040,92040.0
1,2,9,8,1:32.173,92173.0
1,2,10,3,1:32.117,92117.0
1,2,11,6,1:32.085,92085.0
1,2,12,2,1:31.875,91875.0
1,2,13,5,1:32.049,92049.0
1,2,14,8,1:32.061,92061.0
1,2,15,2,1:32.027,92027.0
1,2,16,6,1:31.988,91988.0
1,2,17,8,1:31.886,91886.0
1,2,18,5,1:32.027,92027.0
1,2,19,2,1:32.156,92156.0
1,2,20,4,1:31.787,91787.0
1,2,21,2,1:31.912,91912.0
1,2,22,6,1:31.652,91652.0
1,2,23,10,1:31.609,91609.0
1,2,24,6,1:31.547,91547.0
1,2,25,3,1:31.781,91781.0
1,2,26,1,1:31.520,91520.0
1,2,27,5,1:31.567,91567.0
1,2,28,8,1:31.781,570660.0
1,2,29,7,1:31.912,91912.0
1,2,30,5,1:31.714,
1,2,31,6,1:31.538,570660.0
1,2,32,5,1:31.681,91681.0
1,2,33,6,1:31.543,91543.0
1,2,34,6,1:31.559,91559.0
1,2,35,4,1:31.608,91608.0
1,2,36,9,1:31.635,91635.0
1,2,37,4,1:31.590,
1,2,38,6,1:31.400,91400.0
1,2,39,2,1:31.534,91534.0
1,2,40,3,1:31.378,91378.0
1,2,41,10,1:31.549,91549.0
1,2,42,8,1:31.447,91447.0
1,2,43,10,1:31.261,91261.0
1,2,44,3,1:31.197,91197.0
1,2,45,6,1:31.218,91218.0
1,2,46,4,1:31.198,91198.0
1,2,47,10,1:31.389,91389.0
1,2,48,4,1:31.392,91392.0
1,2,49,7,1:31.319,91319.0
1,2,50,6,1:31.260,91260.0
1,2,51,2,1:31.178,91178.0
1,3,1,9,1:32.834,92834.0
1,3,2,1,1:32.949,92949.0
1,3,3,8,1:32.735,92735.0
1,3,4,9,1:32.909,92909.0
1,3,5,1,1:32.952,92952.0
1,3,6,1,1:32.782,92782.0
1,3,7,10,1:32.588,92588.0
1,3,8,1,1:32.942,92942.0
1,3,9,9,1:32.715,92715.0
1,3,10,4,1:32.682,92682.0
1,3,11,6,1:32.587,92587.0
1,3,12,10,1:32.605,92605.0
1,3,13,8,1:32.657,92657.0
1,3,14,5,1:32.696,92696.0
1,3,15,2,1:32.729,92729.0
1,3,16,3,1:32.849,92849.0
1,3,17,2,1:32.749,92749.0
1,3,18,3,1:32.418,92418.0
1,3,19,6,1:32.555,92555.0
1,3,20,5,1:32.262,92262.0
1,3,21,2,1:32.360,92360.0
1,3,22,1,1:32.502,92502.0
1,3,23,8,1:32.388,92388.0
1,3,24,10,1:32.318,92318.0
1,3,25,4,1:32.488,92488.0
1,3,26,4,1:32.425,92425.0
1,3,27,10,1:32.334,92334.0
1,3,28,5,1:32.261,92261.0
1,3,29,1,1:32.365,92365.0
1,3,30,9,1:32.349,92349.0
1,3,31,2,1:32.331,92331.0
1,3,32,1,1:32.340,92340.0
1,3,33,10,1:32.529,92529.0
1,3,34,8,1:32.194,92194.0
1,3,35,9,1:32.113,92113.0
1,3,36,9,1:32.209,92209.0
1,3,37,1,1:32.417,92417.0
1,3,38,3,1:32.177,92177.0
1,3,39,8,1:31.998,91998.0
1,3,40,8,1:31.989,91989.0
1,3,41,7,1:31.937,91937.0
1,3,42,2,1:31.887,91887.0
1,3,43,7,1:31.773,91773.0
1,3,44,6,1:31.800,91800.0
1,3,45,3,1:31.814,91814.0
1,3,46,9,1:31.829,91829.0
1,3,47,9,1:32.301,92301.0
1,3,48,5,1:31.804,91804.0
1,3,49,6,1:31.977,91977.0
1,3,50,4,1:32.136,92136.0
1,3,51,4,1:31.891,91891.0
1,4,1,8,1:32.231,92231.0
1,4,2,9,1:32.261,92261.0
1,4,3,3,1:32.203,92203.0
1,4,4,3,1:32.395,92395.0
1,4,5,3,1:32.245,92245.0
1,4,6,1,1:32.057,92057.0
1,4,7,2,1:32.326,92326.0
1,4,8,1,1:32.232,92232.0
1,4,9,9,1:31.957,91957.0
1,4,10,9,1:32.213,92213.0
1,4,11,4,1:32.017,92017.0
1,4,12,9,1:32.174,92174.0
1,4,13,7,1:32.141,92141.0
1,4,14,8,1:32.114,92114.0
1,4,15,4,1:32.088,92088.0
1,4,16,6,1:32.287,92287.0
1,4,17,8,1:31.795,91795.0
1,4,18,4,1:32.116,92116.0
1,4,19,1,1:32.122,92122.0
1,4,20,2,1:31.628,91628.0
1,4,21,7,1:31.870,91870.0
1,4,22,3,1:31.639,91639.0
1,4,23,8,1:31.918,91918.0
1,4,24,4,1:31.799,91799.0
1,4,25,3,1:31.672,91672.0
1,4,26,3,1:31.947,91947.0
1,4,27,9,1:31.853,91853.0
1,4,28,5,1:31.916,91916.0
1,4,29,10,1:31.819,91819.0
1,4,30,9,1:31.811,91811.0
1,4,31,6,1:31.850,91850.0
1,4,32,6,1:31.751,91751.0
1,4,33,2,1:31.651,91651.0
1,4,34,8,1:31.585,91585.0
1,4,35,6,1:31.813,91813.0
1,4,36,9,1:31.719,91719.0
1,4,37,7,1:31.843,91843.0
1,4,38,1,1:31.913,91913.0
1,4,39,6,1:31.774,91774.0
1,4,40,10,1:31.431,91431.0
1,4,41,2,1:31.290,91290.0
1,4,42,9,1:31.604,91604.0
1,4,43,10,1:31.491,91491.0
1,4,44,8,1:31.285,91285.0
1,4,45,8,1:31.403,91403.0
1,4,46,6,1:31.310,91310.0
1,4,47,2,1:31.420,91420.0
1,4,48,6,1:31.448,91448.0
1,4,49,7,1:31.092,91092.0
1,4,50,6,1:31.367,91367.0
1,4,51,6,1:31.400,91400.0
1,5,1,9,1:31.968,91968.0
1,5,2,8,1:31.965,91965.0
1,5,3,6,1:31.821,91821.0
1,5,4,4,1:31.898,91898.0
1,5,5,1,1:31.954,91954.0
1,5,6,10,1:31.773,91773.0
1,5,7,2,1:31.877,91877.0
1,5,8,8,1:31.795,91795.0
1,5,9,4,1:31.777,91777.0
1,5,10,8,1:31.969,91969.0
1,5,11,7,1:31.861,91861.0
1,5,12,10,1:31.955,91955.0
1,5,13,5,1:31.945,91945.0
1,5,14,2,1:32.115,92115.0
1,5,15,2,1:31.804,91804.0
1,5,16,2,1:32.013,92013.0
1,5,17,6,1:31.757,91757.0
1,5,18,1,1:31.961,91961.0
1,5,19,5,1:31.604,91604.0
1,5,20,3,1:31.356,
1,5,21,1,1:31.445,91445.0
1,5,22,4,1:31.595,91595.0
1,5,23,6,1:31.557,91557.0
1,5,24,2,1:31.239,91239.0
1,5,25,7,1:31.515,91515.0
1,5,26,3,1:31.555,91555.0
1,5,27,7,1:31.576,91576.0
1,5,28,10,1:31.405,91405.0
1,5,29,7,1:31.493,91493.0
1,5,30,1,1:31.496,91496.0
1,5,31,3,1:31.524,91524.0
1,5,32,3,1:31.431,91431.0
1,5,33,9,1:31.468,91468.0
1,5,34,2,1:31.389,91389.0
1,5,35,10,1:31.491,91491.0
1,5,36,1,1:31.406,91406.0
1,5,37,9,1:31.512,91512.0
1,5,38,7,1:31.249,91249.0
1,5,39,3,1:31.218,91218.0
1,5,40,9,1:31.067,91067.0
1,5,41,10,1:31.230,91230.0
1,5,42,10,1:31.156,91156.0
1,5,43,9,1:31.255,91255.0
1,5,44,9,1:31.108,91108.0
1,5,45,6,1:31.271,91271.0
1,5,46,7,1:31.000,91000.0
1,5,47,9,1:31.021,91021.0
1,5,48,8,1:30.978,90978.0
1,5,49,1,1:31.033,91033.0
1,5,50,8,1:31.275,91275.0
1,5,51,6,1:30.894,90894.0
1,6,1,6,1:32.411,92411.0
1,6,2,5,1:32.583,92583.0
1,6,3,9,1:32.501,92501.0
1,6,4,6,1:32.559,92559.0
1,6,5,6,1:32.666,92666.0
1,6,6,4,1:32.323,92323.0
1,6,7,3,1:32.620,92620.0
1,6,8,7,1:32.618,92618.0
1,6,9,5,1:32.522,92522.0
1,6,10,6,1:32.510,92510.0
1,6,11,2,1:32.694,92694.0
1,6,12,2,1:32.460,92460.0
1,6,13,1,1:32.463,92463.0
1,6,14,4,1:32.334,92334.0
1,6,15,5,1:32.468,92468.0
1,6,16,7,1:32.457,92457.0
1,6,17,9,1:32.312,92312.0
1,6,18,3,1:32.155,92155.0
1,6,19,10,1:32.262,92262.0
1,6,20,1,1:32.113,92113.0
1,6,21,2,1:32.372,92372.0
1,6,22,3,1:32.016,92016.0
1,6,23,6,1:32.166,92166.0
1,6,24,8,1:32.082,92082.0
1,6,25,7,1:32.130,92130.0
1,6,26,4,1:32.059,92059.0
1,6,27,2,1:32.219,92219.0
1,6,28,5,1:32.085,92085.0
1,6,29,10,1:32.388,92388.0
1,6,30,6,1:32.240,92240.0
1,6,31,2,1:32.071,92071.0
1,6,32,10,1:32.045,92045.0
1,6,33,3,1:32.023,92023.0
1,6,34,8,1:32.087,92087.0
1,6,35,4,1:31.926,91926.0
1,6,36,5,1:32.093,92093.0
1,6,37,9,1:32.092,92092.0
1,7,1,4,1:32.171,
1,7,2,5,1:31.925,91925.0
1,7,3,4,1:31.921,91921.0
1,7,4,8,1:31.669,91669.0
1,7,5,4,1:31.861,91861.0
1,7,6,7,1:31.830,91830.0
1,7,7,3,1:31.874,91874.0
1,7,8,8,1:31.905,91905.0
1,7,9,2,1:31.924,91924.0
1,7,10,10,1:32.004,92004.0
1,7,11,6,1:31.694,91694.0
1,7,12,7,1:31.953,91953.0
1,7,13,2,1:31.953,91953.0
1,7,14,4,1:31.724,91724.0
1,7,15,1,1:31.784,91784.0
1,7,16,5,1:31.792,91792.0
1,7,17,5,1:31.709,
1,7,18,3,1:31.632,91632.0
1,7,19,10,1:31.791,91791.0
1,7,20,2,1:31.301,91301.0
1,7,21,3,1:31.416,91416.0
1,7,22,8,1:31.610,
1,7,23,5,1:31.370,91370.0
1,7,24,9,1:31.254,570660.0
1,7,25,9,1:31.478,91478.0
1,7,26,5,1:31.419,91419.0
1,7,27,7,1:31.414,
1,7,28,8,1:31.449,91449.0
1,8,1,10,1:31.760,91760.0
1,8,2,10,1:31.851,91851.0
1,8,3,10,1:31.857,91857.0
1,8,4,1,1:31.751,91751.0
1,8,5,4,1:31.924,570660.0
1,8,6,7,1:31.808,91808.0
1,8,7,10,1:31.885,91885.0
1,8,8,2,1:31.834,91834.0
1,8,9,6,1:31.795,91795.0
1,8,10,2,1:31.827,91827.0
1,8,11,8,1:31.810,91810.0
1,8,12,9,1:31.605,91605.0
1,8,13,7,1:31.921,91921.0
1,8,14,7,1:31.733,91733.0
1,8,15,10,1:31.466,91466.0
1,8,16,7,1:31.608,91608.0
1,8,17,8,1:31.610,91610.0
1,8,18,6,1:31.817,91817.0
1,8,19,8,1:31.582,91582.0
1,8,20,10,1:31.375,91375.0
1,8,21,7,1:31.660,91660.0
1,8,22,2,1:31.312,91312.0
1,8,23,3,1:31.670,91670.0
1,8,24,3,1:31.245,91245.0
1,8,25,1,1:31.384,91384.0
1,8,26,9,1:31.365,91365.0
1,8,27,10,1:31.448,91448.0
1,8,28,3,1:31.198,91198.0
1,8,29,5,1:31.334,91334.0
1,8,30,3,1:31.548,91548.0
1,8,31,6,1:31.311,91311.0
1,8,32,5,1:31.444,91444.0
1,8,33,9,1:31.425,91425.0
1,8,34,10,1:31.161,91161.0
1,8,35,1,1:31.231,91231.0
1,8,36,8,1:31.375,91375.0
1,8,37,8,1:31.393,91393.0
1,8,38,8,1:31.234,91234.0
1,8,39,8,1:31.409,91409.0
1,8,40,10,1:31.104,91104.0
1,8,41,3,1:31.241,91241.0
1,8,42,5,1:31.006,91006.0
1,8,43,1,1:31.083,91083.0
1,8,44,6,1:30.969,90969.0
1,8,45,1,1:30.971,90971.0
1,8,46,7,1:30.978,90978.0
1,8,47,7,1:30.894,90894.0
1,8,48,6,1:30.722,90722.0
1,8,49,4,1:31.309,91309.0
1,8,50,8,1:30.946,90946.0
1,8,51,6,1:30.950,90950.0
1,9,1,7,1:32.625,92625.0
1,9,2,3,1:32.330,92330.0
1,9,3,2,1:32.345,92345.0
1,9,4,6,1:32.147,92147.0
1,9,5,5,1:32.366,92366.0
1,9,6,10,1:32.560,92560.0
1,9,7,2,1:32.309,92309.0
1,9,8,4,1:32.190,92190.0
1,9,9,6,1:32.385,92385.0
1,9,10,1,1:32.202,92202.0
1,9,11,9,1:32.320,92320.0
1,9,12,4,1:32.251,92251.0
1,9,13,10,1:32.079,92079.0
1,9,14,8,1:32.166,92166.0
1,9,15,4,1:32.225,92225.0
1,9,16,9,1:32.054,92054.0
1,9,17,9,1:32.056,92056.0
1,9,18,10,1:32.180,92180.0
1,9,19,3,1:31.927,91927.0
1,9,20,6,1:32.019,92019.0
1,9,21,9,1:31.893,91893.0
1,9,22,3,1:32.071,92071.0
1,9,23,4,1:32.004,92004.0
1,9,24,9,1:32.001,92001.0
1,9,25,3,1:31.997,91997.0
1,9,26,8,1:31.918,
1,9,27,9,1:32.028,92028.0
1,9,28,5,1:32.073,92073.0
1,9,29,3,1:31.852,91852.0
1,9,30,9,1:31.846,91846.0
1,9,31,5,1:31.846,91846.0
1,9,32,2,1:31.985,91985.0
1,9,33,5,1:32.062,92062.0
1,9,34,7,1:31.823,91823.0
1,9,35,10,1:31.904,91904.0
1,9,36,5,1:31.973,91973.0
1,9,37,8,1:31.580,91580.0
1,9,38,2,1:31.748,91748.0
1,9,39,6,1:31.556,570660.0
1,9,40,1,1:31.476,91476.0
1,9,41,8,1:31.554,91554.0
1,9,42,4,1:31.541,91541.0
1,9,43,7,1:31.439,91439.0
1,9,44,4,1:31.680,91680.0
1,9,45,5,1:31.429,91429.0
1,9,46,3,1:31.605,91605.0
1,9,47,3,1:31.504,91504.0
1,9,48,5,1:31.521,91521.0
1,9,49,5,1:31.599,91599.0
1,9,50,9,1:31.505,91505.0
1,9,51,3,1:31.473,91473.0
1,10,1,3,1:31.604,91604.0
1,10,2,10,1:31.425,91425.0
1,10,3,9,1:31.420,91420.0
1,10,4,8,1:31.553,91553.0
1,10,5,4,1:31.604,91604.0
1,10,6,2,1:31.563,91563.0
1,10,7,10,1:31.541,91541.0
1,10,8,2,1:31.611,91611.0
1,10,9,8,1:31.311,91311.0
1,10,10,7,1:31.618,91618.0
1,10,11,3,1:31.632,91632.0
1,10,12,6,1:31.259,91259.0
1,10,13,3,1:31.486,91486.0
1,10,14,9,1:31.682,91682.0
1,10,15,9,1:31.520,91520.0
1,10,16,8,1:31.343,91343.0
1,10,17,3,1:31.443,91443.0
1,10,18,10,1:31.312,91312.0
1,10,19,10,1:31.672,91672.0
1,10,20,10,1:31.314,91314.0
1,10,21,2,1:31.059,91059.0
1,10,22,4,1:31.239,91239.0
1,10,23,3,1:31.207,91207.0
1,10,24,3,1:31.222,91222.0
1,10,25,9,1:31.227,91227.0
1,10,26,1,1:31.171,91171.0
1,10,27,4,1:30.908,90908.0
1,10,28,1,1:31.047,91047.0
1,10,29,9,1:30.952,90952.0
1,10,30,8,1:31.305,91305.0
1,10,31,2,1:31.253,91253.0
1,10,32,9,1:31.244,91244.0
1,10,33,8,1:31.075,91075.0
1,10,34,2,1:30.935,90935.0
1,10,35,8,1:31.105,91105.0
1,10,36,6,1:30.894,90894.0
1,10,37,10,1:31.036,91036.0
1,10,38,1,1:31.250,91250.0
1,10,39,4,1:31.133,91133.0
1,10,40,2,1:30.808,90808.0
1,10,41,5,1:30.775,90775.0
1,10,42,6,1:30.632,90632.0
1,10,43,8,1:30.736,90736.0
1,10,44,1,1:30.596,90596.0
1,10,45,4,1:30.799,90799.0
1,10,46,7,1:30.515,90515.0
1,10,47,1,1:30.707,570660.0
1,10,48,6,1:30.841,90841.0
1,10,49,9,1:30.829,90829.0
1,10,50,3,1:30.596,90596.0
1,10,51,6,1:30.560,90560.0
2,1,1,9,1:19.305,79305.0
2,1,2,7,1:19.376,79376.0
2,1,3,2,1:19.286,79286.0
2,1,4,9,1:19.164,79164.0
2,1,5,8,1:19.413,79413.0
2,1,6,5,1:19.405,79405.0
2,1,7,6,1:19.539,79539.0
2,1,8,6,1:19.065,79065.0
2,1,9,8,1:19.565,79565.0
2,1,10,8,1:19.234,79234.0
2,1,11,10,1:19.271,79271.0
2,1,12,6,1:19.246,79246.0
2,1,13,1,1:19.517,79517.0
2,1,14,5,1:19.558,79558.0
2,1,15,1,1:19.558,79558.0
2,1,16,9,1:19.326,79326.0
2,1,17,8,1:19.303,79303.0
2,1,18,7,1:19.321,79321.0
2,1,19,4,1:19.679,79679.0
2,1,20,4,1:19.152,79152.0
2,1,21,5,1:19.158,79158.0
2,1,22,6,1:18.990,78990.0
2,1,23,5,1:19.135,79135.0
2,1,24,4,1:19.021,79021.0
2,1,25,4,1:19.011,79011.0
2,1,26,4,1:19.042,79042.0
2,1,27,7,1:18.761,78761.0
2,1,28,8,1:19.066,79066.0
2,1,29,3,1:18.805,78805.0
2,1,30,6,1:18.963,78963.0
2,1,31,9,1:18.878,78878.0
2,1,32,10,1:19.053,79053.0
2,1,33,2,1:18.897,78897.0
2,1,34,5,1:18.868,78868.0
2,1,35,3,1:18.963,78963.0
2,1,36,1,1:18.801,78801.0
2,1,37,10,1:18.921,78921.0
2,1,38,9,1:18.679,78679.0
2,1,39,2,1:18.896,78896.0
2,1,40,4,1:18.623,78623.0
2,1,41,8,1:18.638,78638.0
2,1,42,2,1:18.661,78661.0
2,1,43,10,1:18.492,78492.0
2,1,44,6,1:18.477,78477.0
2,1,45,1,1:18.644,78644.0
2,1,46,3,1:18.751,78751.0
2,1,47,6,1:18.293,78293.0
2,1,48,8,1:18.381,78381.0
2,1,49,7,1:18.511,78511.0
2,1,50,1,1:18.521,78521.0
2,1,51,3,1:18.524,78524.0
2,1,52,4,1:18.680,78680.0
2,1,53,6,1:18.442,
2,1,54,9,1:18.595,78595.0
2,1,55,4,1:18.576,78576.0
2,1,56,1,1:18.534,78534.0
2,1,57,8,1:18.704,78704.0
2,1,58,5,1:18.431,78431.0
2,1,59,2,1:18.471,78471.0
2,1,60,4,1:18.096,78096.0
2,1,61,3,1:18.113,78113.0
2,1,62,7,1:18.143,78143.0
2,1,63,5,1:18.292,78292.0
2,1,64,9,1:18.143,78143.0
2,1,65,8,1:18.349,78349.0
2,1,66,6,1:18.374,78374.0
2,1,67,6,1:18.357,78357.0
2,1,68,3,1:17.960,77960.0
2,1,69,2,1:18.074,78074.0
2,1,70,1,1:18.184,78184.0
2,2,1,2,1:19.951,79951.0
2,2,2,2,1:19.934,79934.0
2,2,3,10,1:19.929,79929.0
2,2,4,1,1:19.873,79873.0
2,2,5,5,1:19.841,79841.0
2,2,6,7,1:19.756,79756.0
2,2,7,2,1:19.439,79439.0
2,2,8,9,1:19.828,79828.0
2,2,9,8,1:19.568,79568.0
2,2,10,9,1:19.821,79821.0
2,2,11,10,1:19.619,79619.0
2,2,12,10,1:19.665,79665.0
2,2,13,4,1:19.684,79684.0
2,2,14,1,1:20.003,80003.0
2,2,15,8,1:19.775,79775.0
2,2,16,3,1:19.912,79912.0
2,2,17,10,1:19.590,79590.0
2,2,18,8,1:19.689,79689.0
2,2,19,1,1:19.531,79531.0
2,2,20,9,1:19.416,79416.0
2,2,21,1,1:19.549,79549.0
2,2,22,5,1:19.434,79434.0
2,2,23,2,1:19.410,79410.0
2,2,24,2,1:19.441,79441.0
2,2,25,10,1:19.286,79286.0
2,2,26,8,1:19.273,79273.0
2,2,27,5,1:19.341,79341.0
2,2,28,1,1:19.212,79212.0
2,2,29,5,1:19.430,79430.0
2,2,30,6,1:19.183,79183.0
2,2,31,2,1:19.447,79447.0
2,2,32,6,1:19.395,79395.0
2,2,33,1,1:19.174,79174.0
2,2,34,8,1:19.374,79374.0
2,2,35,8,1:19.399,79399.0
2,2,36,8,1:19.282,79282.0
2,2,37,7,1:19.415,79415.0
2,2,38,8,1:19.480,79480.0
2,2,39,4,1:19.452,79452.0
2,2,40,9,1:19.033,79033.0
2,2,41,6,1:19.130,79130.0
2,2,42,8,1:19.045,79045.0
2,2,43,10,1:19.121,
2,2,44,5,1:19.007,79007.0
2,2,45,4,1:18.957,78957.0
2,2,46,3,1:19.074,79074.0
2,2,47,2,1:19.031,79031.0
2,2,48,2,1:19.063,79063.0
2,2,49,7,1:19.065,79065.0
2,2,50,9,1:19.012,79012.0
2,2,51,4,1:19.131,79131.0
2,2,52,10,1:18.890,78890.0
2,2,53,9,1:18.817,78817.0
2,2,54,2,1:18.812,78812.0
2,2,55,2,1:18.893,78893.0
2,2,56,3,1:18.878,78878.0
2,2,57,3,1:18.951,78951.0
2,2,58,8,1:18.940,78940.0
2,2,59,3,1:18.968,78968.0
2,2,60,8,1:18.393,78393.0
2,2,61,10,1:18.377,78377.0
2,2,62,4,1:18.635,78635.0
2,2,63,7,1:18.748,78748.0
2,2,64,6,1:18.757,78757.0
2,2,65,4,1:18.546,78546.0
2,2,66,6,1:18.657,78657.0
2,2,67,5,1:18.590,78590.0
2,2,68,4,1:18.701,78701.0
2,2,69,5,1:18.671,78671.0
2,2,70,4,1:18.648,78648.0
2,3,1,4,1:19.144,79144.0
2,3,2,1,1:19.303,79303.0
2,3,3,8,1:19.218,79218.0
2,3,4,2,1:19.248,79248.0
2,3,5,5,1:19.062,79062.0
2,3,6,7,1:19.395,79395.0
2,3,7,7,1:19.260,79260.0
2,3,8,5,1:19.217,79217.0
2,3,9,6,1:19.176,79176.0
2,3,10,7,1:19.361,79361.0
2,3,11,9,1:19.315,79315.0
2,3,12,4,1:19.093,79093.0
2,3,13,1,1:19.034,79034.0
2,3,14,2,1:19.209,79209.0
2,3,15,9,1:19.138,79138.0
2,3,16,7,1:19.115,79115.0
2,3,17,2,1:19.103,79103.0
2,3,18,3,1:18.932,78932.0
2,3,19,2,1:19.142,79142.0
2,3,20,5,1:19.025,79025.0
2,3,21,7,1:18.788,78788.0
2,3,22,7,1:19.023,79023.0
2,3,23,1,1:18.825,78825.0
2,3,24,3,1:18.887,78887.0
2,3,25,3,1:18.840,78840.0
2,3,26,5,1:18.770,78770.0
2,3,27,2,1:18.626,78626.0
2,3,28,2,1:18.881,78881.0
2,3,29,5,1:18.723,78723.0
2,3,30,3,1:18.788,78788.0
2,3,31,7,1:18.800,78800.0
2,3,32,1,1:18.692,78692.0
2,3,33,10,1:18.755,78755.0
2,3,34,7,1:18.944,78944.0
2,3,35,8,1:18.864,78864.0
2,3,36,3,1:18.888,78888.0
2,3,37,5,1:18.805,78805.0
2,3,38,4,1:18.795,78795.0
2,3,39,7,1:18.583,78583.0
2,3,40,7,1:18.551,78551.0
2,3,41,9,1:18.363,78363.0
2,3,42,4,1:18.607,78607.0
2,3,43,4,1:18.621,78621.0
2,3,44,2,1:18.402,78402.0
2,3,45,5,1:18.398,78398.0
2,3,46,6,1:18.431,78431.0
2,3,47,9,1:18.547,78547.0
2,3,48,4,1:18.359,
2,3,49,6,1:18.276,78276.0
2,3,50,3,1:18.441,78441.0
2,3,51,1,1:18.289,78289.0
2,3,52,1,1:18.343,78343.0
2,3,53,1,1:18.330,78330.0
2,3,54,4,1:18.567,78567.0
2,3,55,2,1:18.318,78318.0
2,3,56,3,1:18.087,78087.0
2,3,57,9,1:18.299,78299.0
2,3,58,1,1:18.241,78241.0
2,3,59,1,1:18.295,78295.0
2,3,60,6,1:18.221,78221.0
2,3,61,3,1:18.063,78063.0
2,3,62,6,1:18.040,78040.0
2,3,63,8,1:18.249,78249.0
2,3,64,5,1:17.756,77756.0
2,3,65,3,1:17.962,77962.0
2,3,66,10,1:18.021,78021.0
2,3,67,2,1:18.068,78068.0
2,3,68,2,1:17.957,77957.0
2,3,69,2,1:18.118,78118.0
2,3,70,7,1:18.009,78009.0
2,4,1,3,1:19.294,79294.0
2,4,2,5,1:19.208,79208.0
2,4,3,1,1:18.940,78940.0
2,4,4,4,1:18.838,78838.0
2,4,5,5,1:18.954,78954.0
2,4,6,3,1:18.840,78840.0
2,4,7,8,1:18.760,78760.0
2,4,8,2,1:18.852,78852.0
2,4,9,4,1:18.980,78980.0
2,4,10,2,1:18.978,78978.0
2,4,11,4,1:19.022,79022.0
2,4,12,9,1:18.816,78816.0
2,4,13,1,1:18.902,
2,4,14,6,1:18.730,78730.0
2,4,15,9,1:18.931,78931.0
2,4,16,9,1:18.953,78953.0
2,4,17,9,1:19.055,79055.0
2,4,18,9,1:18.984,78984.0
2,4,19,10,1:18.946,78946.0
2,4,20,5,1:18.840,78840.0
2,4,21,6,1:18.452,78452.0
2,4,22,1,1:18.480,78480.0
2,4,23,3,1:18.457,78457.0
2,4,24,2,1:18.417,78417.0
2,4,25,5,1:18.618,78618.0
2,4,26,7,1:18.547,78547.0
2,4,27,9,1:18.471,78471.0
2,4,28,3,1:18.458,78458.0
2,4,29,1,1:18.809,78809.0
2,4,30,10,1:18.563,78563.0
2,4,31,7,1:18.461,78461.0
2,4,32,1,1:18.489,78489.0
2,4,33,10,1:18.185,78185.0
2,4,34,1,1:18.330,78330.0
2,4,35,2,1:18.218,78218.0
2,4,36,2,1:18.336,78336.0
2,4,37,9,1:18.466,78466.0
2,4,38,7,1:18.618,78618.0
2,4,39,6,1:18.549,78549.0
2,4,40,3,1:18.099,78099.0
2,4,41,5,1:18.287,78287.0
2,4,42,1,1:18.122,78122.0
2,4,43,6,1:18.252,78252.0
2,4,44,9,1:18.110,78110.0
2,4,45,10,1:18.025,78025.0
2,4,46,9,1:18.170,78170.0
2,4,47,4,1:18.056,78056.0
2,4,48,7,1:18.147,78147.0
2,4,49,4,1:18.210,78210.0
2,4,50,8,1:18.314,78314.0
2,4,51,9,1:17.999,77999.0
2,4,52,7,1:18.314,78314.0
2,4,53,5,1:18.229,78229.0
2,4,54,4,1:18.104,78104.0
2,4,55,10,1:17.871,77871.0
2,4,56,8,1:18.059,78059.0
2,4,57,4,1:18.188,78188.0
2,4,58,4,1:18.246,78246.0
2,4,59,5,1:18.092,78092.0
2,4,60,4,1:17.721,77721.0
2,4,61,4,1:17.893,77893.0
2,4,62,6,1:17.787,77787.0
2,4,63,1,1:17.726,77726.0
2,4,64,10,1:17.895,77895.0
2,4,65,4,1:17.863,77863.0
2,4,66,8,1:17.706,77706.0
2,4,67,8,1:17.738,77738.0
2,4,68,10,1:17.643,77643.0
2,4,69,10,1:17.814,
2,4,70,10,1:17.799,77799.0
2,5,1,1,1:19.655,79655.0
2,5,2,1,1:19.747,79747.0
2,5,3,3,1:19.335,79335.0
2,5,4,5,1:19.683,79683.0
2,5,5,6,1:19.587,79587.0
2,5,6,8,1:19.413,79413.0
2,5,7,10,1:19.561,79561.0
2,5,8,4,1:19.655,79655.0
2,5,9,7,1:19.568,79568.0
2,5,10,2,1:19.492,79492.0
2,5,11,3,1:19.276,79276.0
2,5,12,6,1:19.625,79625.0
2,5,13,8,1:19.327,79327.0
2,5,14,9,1:19.369,79369.0
2,5,15,10,1:19.384,79384.0
2,5,16,9,1:19.242,79242.0
2,5,17,6,1:19.558,79558.0
2,5,18,5,1:19.446,79446.0
2,5,19,8,1:19.170,79170.0
2,5,20,7,1:19.368,79368.0
2,5,21,2,1:18.878,78878.0
2,5,22,5,1:19.062,79062.0
2,5,23,3,1:19.292,79292.0
2,5,24,9,1:19.236,79236.0
2,5,25,8,1:19.248,79248.0
2,5,26,9,1:19.147,
2,5,27,6,1:19.209,
2,5,28,5,1:19.299,79299.0
2,5,29,7,1:19.057,79057.0
2,5,30,7,1:19.137,79137.0
2,5,31,2,1:18.944,78944.0
2,5,32,1,1:19.240,79240.0
2,5,33,10,1:19.151,79151.0
2,5,34,3,1:19.093,79093.0
2,5,35,5,1:19.189,79189.0
2,5,36,4,1:18.963,78963.0
2,5,37,2,1:19.189,79189.0
2,5,38,5,1:19.125,79125.0
2,5,39,3,1:19.291,79291.0
2,5,40,1,1:18.899,78899.0
2,5,41,9,1:19.137,79137.0
2,5,42,7,1:18.708,78708.0
2,6,1,10,1:19.720,79720.0
2,6,2,4,1:19.695,79695.0
2,6,3,10,1:19.562,79562.0
2,6,4,1,1:19.752,79752.0
2,6,5,9,1:19.757,79757.0
2,6,6,1,1:19.648,79648.0
2,6,7,10,1:19.636,79636.0
2,6,8,8,1:19.647,570660.0
2,6,9,5,1:19.779,79779.0
2,6,10,3,1:19.453,79453.0
2,6,11,4,1:19.608,79608.0
2,6,12,2,1:19.690,79690.0
2,6,13,10,1:19.797,79797.0
2,6,14,2,1:19.779,79779.0
2,6,15,8,1:19.439,79439.0
2,6,16,7,1:19.713,79713.0
2,6,17,9,1:19.413,79413.0
2,6,18,10,1:19.594,79594.0
2,6,19,8,1:19.656,79656.0
2,6,20,10,1:19.363,79363.0
2,6,21,9,1:19.510,79510.0
2,6,22,8,1:19.472,79472.0
2,6,23,5,1:19.279,79279.0
2,6,24,3,1:19.289,79289.0
2,6,25,4,1:19.313,
2,6,26,8,1:19.443,79443.0
2,6,27,1,1:19.326,79326.0
2,6,28,2,1:19.167,79167.0
2,6,29,10,1:19.447,79447.0
2,6,30,4,1:19.196,79196.0
2,6,31,2,1:19.029,79029.0
2,6,32,9,1:19.469,79469.0
2,6,33,3,1:19.215,79215.0
2,6,34,9,1:19.298,79298.0
2,6,35,10,1:19.363,79363.0
2,6,36,4,1:19.174,79174.0
2,6,37,2,1:19.146,79146.0
2,6,38,2,1:19.128,79128.0
2,6,39,6,1:19.220,79220.0
2,6,40,7,1:19.019,79019.0
2,6,41,7,1:18.995,78995.0
2,6,42,9,1:18.875,78875.0
2,6,43,7,1:18.729,78729.0
2,6,44,2,1:19.061,79061.0
2,6,45,4,1:18.799,78799.0
2,6,46,5,1:19.161,79161.0
2,6,47,5,1:19.002,79002.0
2,6,48,4,1:18.881,78881.0
2,6,49,8,1:18.844,78844.0
2,6,50,7,1:18.908,78908.0
2,6,51,4,1:18.875,78875.0
2,6,52,2,1:18.736,78736.0
2,6,53,5,1:18.948,78948.0
2,6,54,10,1:18.908,78908.0
2,6,55,2,1:18.789,78789.0
2,6,56,9,1:18.702,78702.0
2,6,57,2,1:18.609,78609.0
2,6,58,1,1:18.826,78826.0
2,6,59,6,1:18.736,78736.0
2,6,60,1,1:18.187,78187.0
2,6,61,5,1:18.668,78668.0
2,6,62,10,1:18.445,78445.0
2,6,63,1,1:18.350,78350.0
2,6,64,8,1:18.682,78682.0
2,6,65,7,1:18.536,78536.0
2,6,66,1,1:18.772,78772.0
2,6,67,5,1:18.448,78448.0
2,6,68,8,1:18.406,78406.0
2,6,69,1,1:18.530,
2,6,70,8,1:18.449,78449.0
2,7,1,9,1:19.447,79447.0
2,7,2,4,1:19.398,79398.0
2,7,3,2,1:19.738,79738.0
2,7,4,2,1:19.593,79593.0
2,7,5,8,1:19.564,79564.0
2,7,6,6,1:19.559,79559.0
2,7,7,2,1:19.396,79396.0
2,7,8,3,1:19.516,79516.0
2,7,9,2,1:19.609,79609.0
2,7,10,2,1:19.614,79614.0
2,7,11,9,1:19.578,79578.0
2,7,12,9,1:19.624,79624.0
2,7,13,2,1:19.628,79628.0
2,7,14,9,1:19.350,79350.0
2,7,15,2,1:19.528,79528.0
2,7,16,4,1:19.425,79425.0
2,7,17,2,1:19.416,79416.0
2,7,18,2,1:19.354,79354.0
2,7,19,1,1:19.342,79342.0
2,7,20,6,1:19.265,79265.0
2,7,21,8,1:19.304,79304.0
2,7,22,5,1:19.069,79069.0
2,7,23,9,1:19.128,79128.0
2,7,24,2,1:19.354,79354.0
2,7,25,2,1:19.161,79161.0
2,7,26,8,1:19.238,79238.0
2,7,27,3,1:19.165,79165.0
2,7,28,2,1:19.402,79402.0
2,7,29,3,1:19.163,79163.0
2,7,30,8,1:19.212,79212.0
2,7,31,4,1:18.899,78899.0
2,7,32,6,1:18.929,78929.0
2,7,33,8,1:19.037,79037.0
2,7,34,7,1:19.272,79272.0
2,7,35,7,1:18.874,78874.0
2,7,36,5,1:18.946,78946.0
2,7,37,7,1:19.063,79063.0
2,7,38,6,1:19.060,79060.0
2,7,39,8,1:19.204,79204.0
2,7,40,8,1:18.970,78970.0
2,7,41,1,1:18.562,78562.0
2,7,42,5,1:18.885,78885.0
2,7,43,5,1:18.840,78840.0
2,7,44,7,1:18.912,78912.0
2,7,45,9,1:19.028,79028.0
2,7,46,2,1:18.663,78663.0
2,7,47,8,1:18.568,78568.0
2,7,48,7,1:18.651,78651.0
2,7,49,9,1:18.723,78723.0
2,7,50,2,1:18.847,78847.0
2,7,51,5,1:18.726,78726.0
2,7,52,7,1:18.894,78894.0
2,7,53,10,1:18.509,78509.0
2,7,54,7,1:18.618,78618.0
2,7,55,3,1:18.754,78754.0
2,7,56,8,1:18.511,78511.0
2,7,57,1,1:18.621,78621.0
2,7,58,1,1:18.639,78639.0
2,7,59,9,1:18.599,78599.0
2,7,60,8,1:18.339,78339.0
2,7,61,2,1:18.516,78516.0
2,7,62,10,1:18.393,78393.0
2,7,63,10,1:18.419,78419.0
2,7,64,10,1:18.297,78297.0
2,7,65,9,1:18.274,78274.0
2,7,66,4,1:18.302,78302.0
2,7,67,10,1:18.390,78390.0
2,7,68,10,1:18.450,78450.0
2,7,69,5,1:18.358,78358.0
2,7,70,7,1:18.320,78320.0
2,8,1,1,1:19.668,
2,8,2,6,1:19.429,79429.0
2,8,3,5,1:19.372,79372.0
2,8,4,6,1:19.362,79362.0
2,8,5,7,1:19.435,79435.0
2,8,6,2,1:19.560,79560.0
2,8,7,5,1:19.545,79545.0
2,8,8,1,1:19.527,79527.0
2,8,9,3,1:19.363,79363.0
2,8,10,10,1:19.476,79476.0
2,8,11,1,1:19.626,79626.0
2,8,12,2,1:19.296,79296.0
2,8,13,2,1:19.622,79622.0
2,8,14,2,1:19.512,79512.0
2,8,15,8,1:19.417,79417.0
2,8,16,7,1:19.389,79389.0
2,8,17,3,1:19.396,79396.0
2,8,18,3,1:19.414,79414.0
2,8,19,2,1:19.329,79329.0
2,8,20,10,1:19.227,79227.0
2,8,21,3,1:18.942,78942.0
2,8,22,3,1:19.186,79186.0
2,8,23,1,1:19.208,79208.0
2,8,24,5,1:19.136,79136.0
2,8,25,8,1:19.264,79264.0
2,8,26,7,1:19.138,79138.0
2,8,27,9,1:18.825,78825.0
2,8,28,6,1:19.290,79290.0
2,8,29,1,1:19.220,79220.0
2,8,30,1,1:18.936,78936.0
2,8,31,7,1:19.092,79092.0
2,8,32,2,1:19.065,79065.0
2,8,33,8,1:19.189,79189.0
2,8,34,10,1:18.839,78839.0
2,8,35,5,1:19.044,79044.0
2,8,36,10,1:19.010,79010.0
2,8,37,8,1:19.087,79087.0
2,8,38,5,1:18.729,78729.0
2,8,39,2,1:18.832,78832.0
2,8,40,7,1:18.769,
2,8,41,6,1:18.895,78895.0
2,8,42,9,1:18.725,78725.0
2,8,43,8,1:18.678,78678.0
2,8,44,8,1:18.883,78883.0
2,8,45,8,1:18.676,78676.0
2,8,46,8,1:18.686,78686.0
2,8,47,2,1:18.753,78753.0
2,8,48,1,1:18.488,78488.0
2,8,49,8,1:18.706,78706.0
2,8,50,4,1:18.969,78969.0
2,8,51,4,1:18.662,78662.0
2,8,52,1,1:18.883,570660.0
2,8,53,10,1:18.575,78575.0
2,8,54,7,1:18.678,78678.0
2,8,55,9,1:18.677,78677.0
2,8,56,7,1:18.551,78551.0
2,8,57,4,1:18.435,78435.0
2,8,58,8,1:18.635,78635.0
2,8,59,4,1:18.583,78583.0
2,8,60,3,1:18.169,78169.0
2,8,61,7,1:18.398,78398.0
2,8,62,10,1:18.260,78260.0
2,8,63,1,1:18.159,78159.0
2,8,64,4,1:18.208,78208.0
2,8,65,6,1:18.470,78470.0
2,8,66,5,1:18.238,78238.0
2,8,67,4,1:18.242,78242.0
2,8,68,9,1:18.329,78329.0
2,8,69,4,1:18.396,78396.0
2,8,70,4,1:18.219,78219.0
2,9,1,10,1:19.434,79434.0
2,9,2,2,1:19.625,79625.0
2,9,3,5,1:19.420,79420.0
2,9,4,1,1:19.504,79504.0
2,9,5,9,1:19.303,79303.0
2,9,6,10,1:19.092,79092.0
2,9,7,6,1:19.344,79344.0
2,9,8,2,1:19.228,79228.0
2,9,9,10,1:19.271,79271.0
2,9,10,9,1:19.270,79270.0
2,9,11,2,1:19.165,79165.0
2,9,12,2,1:19.443,79443.0
2,9,13,2,1:19.230,79230.0
2,9,14,1,1:19.532,79532.0
2,9,15,1,1:19.305,79305.0
2,9,16,8,1:19.172,79172.0
2,9,17,6,1:19.286,79286.0
2,9,18,5,1:19.274,79274.0
2,9,19,9,1:19.257,79257.0
2,9,20,10,1:18.987,78987.0
2,9,21,8,1:18.943,78943.0
2,9,22,2,1:19.107,79107.0
2,9,23,5,1:18.966,78966.0
2,9,24,8,1:18.883,78883.0
2,9,25,3,1:18.927,78927.0
2,9,26,8,1:19.142,79142.0
2,9,27,9,1:18.800,78800.0
2,9,28,7,1:19.030,79030.0
2,9,29,9,1:18.872,78872.0
2,9,30,3,1:18.971,78971.0
2,9,31,4,1:19.032,79032.0
2,9,32,7,1:18.824,78824.0
2,9,33,10,1:18.830,78830.0
2,9,34,3,1:18.833,78833.0
2,9,35,3,1:18.969,78969.0
2,9,36,5,1:19.090,79090.0
2,9,37,7,1:18.753,78753.0
2,9,38,4,1:18.878,78878.0
2,9,39,7,1:18.768,78768.0
2,9,40,7,1:18.538,78538.0
2,9,41,1,1:18.479,78479.0
2,9,42,5,1:18.580,78580.0
2,9,43,1,1:18.690,78690.0
2,9,44,9,1:18.471,78471.0
2,9,45,8,1:18.519,78519.0
2,9,46,10,1:18.574,78574.0
2,9,47,5,1:18.762,78762.0
2,9,48,8,1:18.683,78683.0
2,9,49,10,1:18.380,78380.0
2,9,50,7,1:18.558,78558.0
2,9,51,7,1:18.701,78701.0
2,9,52,5,1:18.614,78614.0
2,9,53,6,1:18.217,78217.0
2,9,54,4,1:18.383,78383.0
2,9,55,5,1:18.639,78639.0
2,9,56,6,1:18.618,78618.0
2,9,57,5,1:18.513,78513.0
2,9,58,2,1:18.591,78591.0
2,9,59,1,1:18.460,78460.0
2,9,60,4,1:18.246,
2,9,61,8,1:17.983,77983.0
2,9,62,3,1:18.158,78158.0
2,9,63,6,1:18.171,78171.0
2,9,64,10,1:18.114,78114.0
2,9,65,2,1:18.168,78168.0
2,9,66,4,1:18.218,78218.0
2,9,67,7,1:18.108,78108.0
2,9,68,2,1:18.160,78160.0
2,9,69,3,1:18.198,78198.0
2,9,70,2,1:18.133,78133.0
2,10,1,7,1:18.837,78837.0
2,10,2,3,1:18.646,78646.0
2,10,3,4,1:18.847,78847.0
2,10,4,5,1:18.922,78922.0
2,10,5,10,1:18.700,78700.0
2,10,6,10,1:18.809,78809.0
2,10,7,3,1:18.577,78577.0
2,10,8,1,1:18.753,78753.0
2,10,9,6,1:18.706,78706.0
2,10,10,5,1:18.714,78714.0
2,10,11,5,1:18.857,78857.0
2,10,12,5,1:18.563,78563.0
2,10,13,4,1:18.665,78665.0
2,10,14,6,1:18.761,78761.0
2,10,15,9,1:18.490,78490.0
2,10,16,2,1:18.395,78395.0
2,10,17,8,1:18.497,78497.0
2,10,18,10,1:18.577,78577.0
2,10,19,4,1:18.538,78538.0
2,10,20,9,1:18.395,78395.0
2,10,21,3,1:18.440,78440.0
2,10,22,10,1:18.408,78408.0
2,10,23,6,1:18.323,78323.0
2,10,24,2,1:18.461,78461.0
2,10,25,2,1:18.160,78160.0
2,10,26,7,1:18.398,78398.0
2,10,27,5,1:18.481,78481.0
2,10,28,7,1:18.426,78426.0
2,10,29,9,1:18.314,78314.0
2,10,30,6,1:18.262,78262.0
2,10,31,10,1:18.235,78235.0
2,10,32,9,1:18.300,78300.0
2,10,33,3,1:18.196,78196.0
2,10,34,2,1:18.181,78181.0
2,10,35,6,1:18.120,78120.0
2,10,36,6,1:18.020,78020.0
2,10,37,4,1:18.448,78448.0
2,10,38,8,1:18.394,78394.0
2,10,39,3,1:18.302,78302.0
2,10,40,5,1:18.138,78138.0
2,10,41,8,1:17.972,77972.0
2,10,42,6,1:17.710,77710.0
2,10,43,7,1:17.816,77816.0
2,10,44,6,1:17.959,77959.0
2,10,45,9,1:17.993,77993.0
2,10,46,9,1:18.042,78042.0
2,10,47,5,1:17.775,77775.0
2,10,48,2,1:17.645,77645.0
2,10,49,1,1:17.826,77826.0
2,10,50,2,1:17.701,77701.0
2,10,51,5,1:17.825,77825.0
2,10,52,6,1:17.742,77742.0
2,10,53,10,1:17.992,77992.0
2,10,54,6,1:17.928,77928.0
2,10,55,1,1:17.922,77922.0
2,10,56,6,1:17.700,77700.0
2,10,57,1,1:17.849,77849.0
2,10,58,2,1:17.767,77767.0
2,10,59,10,1:17.722,77722.0
2,10,60,8,1:17.629,77629.0
2,10,61,1,1:17.209,77209.0
2,10,62,10,1:17.694,77694.0
2,10,63,7,1:17.469,77469.0
2,10,64,6,1:17.658,77658.0
2,10,65,2,1:17.351,77351.0
2,10,66,8,1:17.388,77388.0
2,10,67,8,1:17.281,77281.0
2,10,68,8,1:17.639,77639.0
2,10,69,6,1:17.352,77352.0
2,10,70,2,1:17.417,77417.0
3,1,1,5,1:28.293,88293.0
3,1,2,5,1:28.396,88396.0
3,1,3,6,1:28.411,88411.0
3,1,4,4,1:28.295,88295.0
3,1,5,4,1:28.391,88391.0
3,1,6,9,1:28.466,88466.0
3,1,7,3,1:28.205,88205.0
3,1,8,7,1:28.271,88271.0
3,1,9,7,1:28.353,88353.0
3,1,10,5,1:28.293,88293.0
3,1,11,2,1:28.289,88289.0
3,1,12,7,1:28.368,88368.0
3,1,13,5,1:28.330,88330.0
3,1,14,2,1:28.242,88242.0
3,1,15,6,1:28.381,88381.0
3,1,16,6,1:28.241,88241.0
3,1,17,7,1:28.282,88282.0
3,1,18,7,1:28.101,88101.0
3,1,19,8,1:28.346,88346.0
3,1,20,2,1:28.031,88031.0
3,1,21,4,1:28.186,88186.0
3,1,22,5,1:28.010,88010.0
3,1,23,1,1:27.914,87914.0
3,1,24,4,1:27.943,87943.0
3,1,25,2,1:27.871,87871.0
3,1,26,1,1:27.981,87981.0
3,1,27,9,1:27.857,87857.0
3,1,28,5,1:27.778,87778.0
3,1,29,9,1:27.980,87980.0
3,1,30,10,1:27.953,87953.0
3,1,31,3,1:28.033,88033.0
3,1,32,8,1:27.956,87956.0
3,1,33,6,1:27.938,87938.0
3,1,34,7,1:27.830,87830.0
3,1,35,8,1:28.151,88151.0
3,1,36,1,1:27.797,87797.0
3,1,37,6,1:27.921,87921.0
3,1,38,2,1:27.693,87693.0
3,1,39,2,1:27.988,87988.0
3,1,40,1,1:27.472,
3,1,41,6,1:27.740,87740.0
3,1,42,4,1:27.438,87438.0
3,1,43,3,1:27.795,87795.0
3,1,44,5,1:27.572,87572.0
3,1,45,10,1:27.756,87756.0
3,1,46,3,1:27.554,87554.0
3,1,47,6,1:27.470,87470.0
3,1,48,5,1:27.599,87599.0
3,1,49,10,1:27.535,87535.0
3,1,50,10,1:27.541,87541.0
3,1,51,8,1:27.509,87509.0
3,1,52,9,1:27.333,87333.0
3,1,53,5,1:27.569,87569.0
3,1,54,9,1:27.518,87518.0
3,1,55,10,1:27.428,87428.0
3,2,1,4,1:29.766,89766.0
3,2,2,3,1:29.956,89956.0
3,2,3,3,1:29.881,89881.0
3,2,4,8,1:29.726,89726.0
3,2,5,1,1:29.706,89706.0
3,2,6,10,1:29.984,89984.0
3,2,7,3,1:29.881,89881.0
3,2,8,10,1:29.899,89899.0
3,2,9,10,1:29.604,89604.0
3,2,10,5,1:29.741,89741.0
3,2,11,8,1:29.631,89631.0
3,2,12,6,1:30.004,90004.0
3,2,13,2,1:29.835,
3,2,14,8,1:29.744,89744.0
3,2,15,2,1:29.889,89889.0
3,2,16,1,1:29.761,89761.0
3,2,17,10,1:29.734,89734.0
3,2,18,10,1:29.708,89708.0
3,2,19,2,1:29.504,89504.0
3,2,20,9,1:29.462,89462.0
3,2,21,1,1:29.416,89416.0
3,2,22,10,1:29.323,89323.0
3,2,23,4,1:29.476,89476.0
3,2,24,4,1:29.202,89202.0
3,2,25,4,1:29.502,89502.0
3,2,26,3,1:29.492,89492.0
3,2,27,3,1:29.456,89456.0
3,2,28,4,1:29.552,89552.0
3,2,29,10,1:29.410,89410.0
3,2,30,10,1:29.357,89357.0
3,2,31,4,1:29.461,89461.0
3,2,32,8,1:29.420,89420.0
3,2,33,9,1:29.405,89405.0
3,2,34,2,1:29.479,89479.0
3,2,35,8,1:29.467,89467.0
3,2,36,1,1:29.470,89470.0
3,2,37,10,1:29.140,89140.0
3,2,38,5,1:29.534,89534.0
3,2,39,8,1:29.135,89135.0
3,2,40,2,1:29.007,89007.0
3,2,41,1,1:29.052,89052.0
3,2,42,9,1:29.016,89016.0
3,2,43,7,1:28.943,88943.0
3,2,44,8,1:28.965,88965.0
3,2,45,3,1:29.100,89100.0
3,2,46,7,1:29.105,89105.0
3,2,47,5,1:29.061,89061.0
3,2,48,9,1:29.088,89088.0
3,2,49,5,1:29.029,89029.0
3,2,50,9,1:29.026,89026.0
3,2,51,9,1:29.098,89098.0
3,2,52,8,1:29.064,89064.0
3,2,53,6,1:28.892,88892.0
3,2,54,4,1:28.989,88989.0
3,2,55,6,1:28.996,88996.0
3,3,1,2,1:29.446,89446.0
3,3,2,10,1:29.773,89773.0
3,3,3,4,1:29.488,89488.0
3,3,4,8,1:29.350,89350.0
3,3,5,2,1:29.312,89312.0
3,3,6,9,1:29.373,89373.0
3,3,7,3,1:29.424,89424.0
3,3,8,3,1:29.489,89489.0
3,3,9,4,1:29.291,89291.0
3,3,10,10,1:29.412,89412.0
3,3,11,3,1:29.449,89449.0
3,3,12,4,1:29.272,89272.0
3,3,13,5,1:29.442,89442.0
3,3,14,5,1:29.290,89290.0
3,3,15,8,1:29.232,89232.0
3,3,16,10,1:29.407,89407.0
3,3,17,3,1:29.485,89485.0
3,3,18,5,1:29.394,89394.0
3,3,19,9,1:29.463,89463.0
3,3,20,2,1:28.860,88860.0
3,3,21,4,1:28.968,88968.0
3,3,22,4,1:28.947,88947.0
3,3,23,8,1:28.912,88912.0
3,3,24,5,1:28.887,88887.0
3,3,25,9,1:29.065,89065.0
3,3,26,3,1:29.075,89075.0
3,3,27,6,1:29.070,89070.0
3,3,28,1,1:28.956,88956.0
3,3,29,6,1:29.248,89248.0
3,3,30,7,1:28.762,88762.0
3,3,31,9,1:28.857,88857.0
3,3,32,8,1:28.971,88971.0
3,3,33,9,1:28.946,88946.0
3,3,34,4,1:29.194,89194.0
3,3,35,5,1:29.011,89011.0
3,3,36,3,1:28.825,88825.0
3,3,37,6,1:28.809,
3,3,38,3,1:28.942,88942.0
3,3,39,7,1:28.690,88690.0
3,3,40,3,1:28.667,88667.0
3,3,41,3,1:28.631,88631.0
3,3,42,4,1:28.584,
3,3,43,1,1:28.620,88620.0
3,3,44,4,1:28.706,88706.0
3,3,45,3,1:28.755,88755.0
3,3,46,6,1:28.562,88562.0
3,3,47,4,1:28.662,88662.0
3,3,48,1,1:28.549,88549.0
3,3,49,6,1:28.688,88688.0
3,3,50,10,1:28.740,88740.0
3,3,51,5,1:28.790,88790.0
3,3,52,6,1:28.571,88571.0
3,3,53,1,1:28.562,88562.0
3,3,54,6,1:28.475,88475.0
3,3,55,6,1:28.367,88367.0
3,4,1,9,1:29.864,89864.0
3,4,2,4,1:30.175,90175.0
3,4,3,7,1:29.866,89866.0
3,4,4,1,1:29.964,89964.0
3,4,5,1,1:29.950,89950.0
3,4,6,2,1:29.916,89916.0
3,4,7,2,1:30.092,90092.0
3,4,8,8,1:29.770,89770.0
3,4,9,7,1:30.042,90042.0
3,4,10,3,1:29.846,89846.0
3,4,11,7,1:29.723,89723.0
3,4,12,1,1:29.898,89898.0
3,4,13,10,1:30.037,90037.0
3,4,14,10,1:29.879,89879.0
3,4,15,3,1:29.962,89962.0
3,4,16,5,1:29.997,89997.0
3,4,17,8,1:29.723,89723.0
3,4,18,6,1:29.886,89886.0
3,4,19,7,1:29.979,89979.0
3,4,20,9,1:29.316,89316.0
3,4,21,4,1:29.499,89499.0
3,4,22,4,1:29.561,89561.0
3,4,23,2,1:29.634,89634.0
3,4,24,3,1:29.642,89642.0
3,4,25,9,1:29.535,89535.0
3,4,26,5,1:29.498,89498.0
3,4,27,10,1:29.595,89595.0
3,4,28,1,1:29.613,89613.0
3,4,29,3,1:29.638,89638.0
3,4,30,3,1:29.153,89153.0
3,4,31,2,1:29.359,89359.0
3,4,32,2,1:29.439,89439.0
3,4,33,9,1:29.259,89259.0
3,4,34,6,1:29.490,89490.0
3,4,35,4,1:29.613,89613.0
3,4,36,2,1:29.528,89528.0
3,4,37,3,1:29.508,89508.0
3,4,38,9,1:29.730,89730.0
3,4,39,7,1:29.565,89565.0
3,4,40,1,1:29.254,89254.0
3,4,41,6,1:29.330,89330.0
3,4,42,8,1:29.134,89134.0
3,4,43,1,1:29.317,89317.0
3,4,44,1,1:29.478,89478.0
3,4,45,1,1:29.071,89071.0
3,4,46,1,1:29.116,89116.0
3,4,47,6,1:29.086,89086.0
3,4,48,9,1:28.805,88805.0
3,4,49,8,1:29.077,89077.0
3,4,50,5,1:29.062,89062.0
3,4,51,1,1:29.345,89345.0
3,4,52,6,1:29.260,89260.0
3,4,53,6,1:29.128,89128.0
3,4,54,9,1:29.122,89122.0
3,4,55,1,1:29.245,89245.0
3,5,1,4,1:29.346,89346.0
3,5,2,10,1:29.437,89437.0
3,5,3,9,1:29.123,89123.0
3,5,4,6,1:29.332,89332.0
3,5,5,1,1:29.234,89234.0
3,5,6,2,1:29.295,89295.0
3,5,7,10,1:29.377,89377.0
3,5,8,2,1:29.395,89395.0
3,5,9,1,1:29.439,89439.0
3,5,10,9,1:29.230,89230.0
3,5,11,4,1:29.223,89223.0
3,5,12,2,1:29.335,89335.0
3,5,13,10,1:29.208,89208.0
3,5,14,6,1:29.138,89138.0
3,5,15,2,1:29.303,89303.0
3,5,16,3,1:29.283,89283.0
3,5,17,8,1:29.193,89193.0
3,5,18,4,1:29.213,89213.0
3,5,19,9,1:28.919,570660.0
3,5,20,8,1:28.951,88951.0
3,5,21,3,1:29.070,89070.0
3,5,22,6,1:29.106,89106.0
3,5,23,7,1:28.789,88789.0
3,5,24,2,1:28.859,88859.0
3,5,25,6,1:29.197,89197.0
3,5,26,4,1:29.063,89063.0
3,5,27,3,1:28.831,88831.0
3,5,28,9,1:28.763,88763.0
3,5,29,10,1:28.729,88729.0
3,5,30,8,1:28.825,88825.0
3,5,31,8,1:29.036,89036.0
3,5,32,10,1:28.795,88795.0
3,5,33,8,1:28.890,88890.0
3,5,34,9,1:28.737,88737.0
3,5,35,7,1:28.803,88803.0
3,5,36,9,1:28.772,88772.0
3,5,37,8,1:28.613,88613.0
3,5,38,10,1:28.727,88727.0
3,5,39,7,1:28.707,88707.0
3,5,40,2,1:28.340,88340.0
3,5,41,7,1:28.660,88660.0
3,5,42,4,1:28.512,88512.0
3,5,43,10,1:28.594,88594.0
3,5,44,7,1:28.302,88302.0
3,5,45,6,1:28.387,88387.0
3,5,46,1,1:28.346,88346.0
3,5,47,1,1:28.455,88455.0
3,5,48,8,1:28.392,88392.0
3,5,49,6,1:28.408,88408.0
3,5,50,2,1:28.571,88571.0
3,5,51,7,1:28.361,88361.0
3,5,52,8,1:28.333,88333.0
3,5,53,2,1:28.464,88464.0
3,5,54,10,1:28.379,88379.0
3,5,55,9,1:28.349,88349.0
3,6,1,8,1:29.487,89487.0
3,6,2,5,1:29.275,89275.0
3,6,3,4,1:29.323,89323.0
3,6,4,6,1:29.724,89724.0
3,6,5,8,1:29.478,89478.0
3,6,6,2,1:29.659,89659.0
3,6,7,10,1:29.767,89767.0
3,6,8,10,1:29.504,89504.0
3,6,9,10,1:29.717,89717.0
3,6,10,2,1:29.614,89614.0
3,6,11,9,1:29.360,89360.0
3,6,12,4,1:29.445,89445.0
3,6,13,6,1:29.352,89352.0
3,6,14,2,1:29.257,89257.0
3,6,15,2,1:29.333,89333.0
3,6,16,5,1:29.562,89562.0
3,6,17,10,1:29.419,89419.0
3,6,18,9,1:29.495,89495.0
3,6,19,7,1:29.302,89302.0
3,6,20,3,1:29.269,89269.0
3,6,21,2,1:29.475,89475.0
3,6,22,1,1:29.100,89100.0
3,6,23,5,1:29.239,89239.0
3,6,24,9,1:29.074,89074.0
3,6,25,6,1:29.082,89082.0
3,6,26,10,1:29.023,89023.0
3,6,27,8,1:29.065,89065.0
3,6,28,7,1:29.226,89226.0
3,6,29,9,1:29.026,89026.0
3,6,30,2,1:28.860,88860.0
3,6,31,4,1:28.931,88931.0
3,6,32,9,1:29.056,89056.0
3,6,33,10,1:28.924,88924.0
3,6,34,6,1:28.966,88966.0
3,6,35,4,1:28.998,
3,6,36,6,1:29.122,89122.0
3,6,37,3,1:29.036,89036.0
3,6,38,10,1:28.974,88974.0
3,6,39,1,1:29.058,89058.0
3,6,40,10,1:28.662,88662.0
3,6,41,6,1:28.767,88767.0
3,6,42,7,1:28.780,88780.0
3,6,43,6,1:28.838,88838.0
3,6,44,1,1:28.956,88956.0
3,6,45,2,1:28.625,88625.0
3,6,46,8,1:28.718,88718.0
3,6,47,9,1:28.702,88702.0
3,6,48,6,1:28.719,88719.0
3,6,49,6,1:28.800,88800.0
3,6,50,4,1:28.690,88690.0
3,6,51,5,1:28.780,88780.0
3,6,52,2,1:28.766,88766.0
3,6,53,6,1:28.575,88575.0
3,6,54,6,1:28.924,88924.0
3,6,55,8,1:28.636,88636.0
3,7,1,1,1:29.022,89022.0
3,7,2,10,1:29.002,89002.0
3,7,3,7,1:28.909,88909.0
3,7,4,8,1:29.144,89144.0
3,7,5,2,1:29.030,89030.0
3,7,6,7,1:28.930,88930.0
3,7,7,10,1:29.162,89162.0
3,7,8,2,1:29.005,89005.0
3,7,9,3,1:28.906,88906.0
3,7,10,9,1:29.151,89151.0
3,7,11,4,1:28.998,88998.0
3,7,12,1,1:28.863,88863.0
3,7,13,3,1:29.030,89030.0
3,7,14,2,1:29.029,89029.0
3,7,15,9,1:28.949,88949.0
3,7,16,8,1:28.893,88893.0
3,7,17,9,1:28.847,88847.0
3,7,18,2,1:28.755,88755.0
3,7,19,5,1:28.748,88748.0
3,7,20,1,1:28.677,88677.0
3,7,21,6,1:28.671,88671.0
3,7,22,10,1:28.637,
3,7,23,6,1:28.541,88541.0
3,7,24,5,1:28.566,88566.0
3,7,25,2,1:28.505,88505.0
3,7,26,2,1:28.798,88798.0
3,7,27,8,1:28.339,88339.0
3,7,28,7,1:28.338,88338.0
3,7,29,10,1:28.519,88519.0
3,7,30,9,1:28.273,88273.0
3,7,31,1,1:28.562,88562.0
3,7,32,3,1:28.256,570660.0
3,7,33,4,1:28.600,88600.0
3,7,34,9,1:28.670,88670.0
3,7,35,4,1:28.527,88527.0
3,8,1,3,1:29.094,89094.0
3,8,2,5,1:29.336,89336.0
3,8,3,4,1:29.340,89340.0
3,8,4,2,1:29.284,89284.0
3,8,5,10,1:29.149,89149.0
3,8,6,6,1:29.207,89207.0
3,8,7,9,1:29.263,89263.0
3,8,8,9,1:29.305,89305.0
3,8,9,1,1:29.165,89165.0
3,8,10,7,1:29.020,89020.0
3,8,11,2,1:29.371,89371.0
3,8,12,5,1:29.189,89189.0
3,8,13,1,1:28.903,88903.0
3,8,14,5,1:29.236,89236.0
3,8,15,5,1:29.114,89114.0
3,8,16,6,1:29.196,89196.0
3,8,17,4,1:28.998,88998.0
3,8,18,9,1:29.045,89045.0
3,8,19,6,1:29.072,89072.0
3,8,20,3,1:28.692,88692.0
3,8,21,4,1:28.673,88673.0
3,8,22,9,1:28.883,88883.0
3,8,23,4,1:28.616,88616.0
3,8,24,5,1:28.867,88867.0
3,8,25,3,1:28.687,88687.0
3,8,26,4,1:28.529,
3,8,27,3,1:28.662,88662.0
3,8,28,6,1:28.847,88847.0
3,8,29,7,1:28.635,88635.0
3,8,30,8,1:28.638,88638.0
3,8,31,6,1:28.630,88630.0
3,8,32,9,1:28.729,88729.0
3,8,33,7,1:28.629,88629.0
3,8,34,3,1:28.850,88850.0
3,8,35,8,1:28.856,88856.0
3,8,36,7,1:28.667,88667.0
3,8,37,2,1:28.674,88674.0
3,8,38,10,1:28.649,88649.0
3,8,39,3,1:28.648,88648.0
3,8,40,10,1:28.545,88545.0
3,8,41,10,1:28.352,88352.0
3,8,42,4,1:28.463,88463.0
3,8,43,7,1:28.305,88305.0
3,8,44,6,1:28.357,88357.0
3,8,45,6,1:28.243,88243.0
3,8,46,8,1:28.525,88525.0
3,8,47,4,1:28.325,88325.0
3,8,48,3,1:28.274,88274.0
3,8,49,9,1:28.363,88363.0
3,8,50,10,1:28.193,88193.0
3,8,51,1,1:28.084,88084.0
3,8,52,9,1:28.204,88204.0
3,8,53,6,1:28.293,88293.0
3,8,54,10,1:28.320,88320.0
3,8,55,6,1:28.166,88166.0
3,9,1,2,1:28.880,88880.0
3,9,2,6,1:29.123,89123.0
3,9,3,6,1:28.887,88887.0
3,9,4,5,1:28.906,88906.0
3,9,5,3,1:28.971,
3,9,6,8,1:28.980,88980.0
3,9,7,4,1:28.698,88698.0
3,9,8,9,1:29.051,89051.0
3,9,9,9,1:28.868,88868.0
3,9,10,4,1:28.804,88804.0
3,9,11,8,1:28.700,88700.0
3,9,12,2,1:28.660,88660.0
3,9,13,10,1:28.834,88834.0
3,9,14,3,1:28.626,570660.0
3,9,15,2,1:28.693,88693.0
3,9,16,1,1:28.831,88831.0
3,9,17,10,1:28.787,88787.0
3,9,18,9,1:28.937,88937.0
3,9,19,6,1:28.874,88874.0
3,9,20,6,1:28.614,88614.0
3,9,21,7,1:28.455,88455.0
3,9,22,2,1:28.417,88417.0
3,9,23,6,1:28.643,88643.0
3,9,24,10,1:28.560,88560.0
3,9,25,1,1:28.506,88506.0
3,9,26,9,1:28.175,88175.0
3,9,27,3,1:28.547,88547.0
3,9,28,8,1:28.497,88497.0
3,9,29,3,1:28.579,88579.0
3,9,30,8,1:28.350,88350.0
3,9,31,6,1:28.462,88462.0
3,9,32,6,1:28.484,88484.0
3,9,33,5,1:28.482,88482.0
3,9,34,2,1:28.324,88324.0
3,9,35,3,1:28.468,88468.0
3,9,36,4,1:28.231,88231.0
3,9,37,3,1:28.452,88452.0
3,9,38,7,1:28.378,88378.0
3,9,39,5,1:28.306,88306.0
3,9,40,4,1:28.388,88388.0
3,9,41,5,1:28.007,88007.0
3,9,42,8,1:27.994,87994.0
3,9,43,1,1:28.350,
3,9,44,6,1:28.132,88132.0
3,9,45,6,1:28.078,570660.0
3,9,46,7,1:28.090,88090.0
3,9,47,1,1:28.406,88406.0
3,9,48,5,1:28.000,88000.0
3,9,49,7,1:28.172,88172.0
3,9,50,2,1:27.874,87874.0
3,9,51,6,1:28.201,88201.0
3,9,52,8,1:28.196,88196.0
3,9,53,1,1:28.006,88006.0
3,9,54,1,1:28.145,88145.0
3,9,55,5,1:28.094,88094.0
3,10,1,5,1:29.479,89479.0
3,10,2,10,1:29.283,89283.0
3,10,3,10,1:29.294,89294.0
3,10,4,3,1:29.457,89457.0
3,10,5,3,1:29.259,89259.0
3,10,6,2,1:29.115,89115.0
3,10,7,3,1:29.425,89425.0
3,10,8,3,1:29.410,89410.0
3,10,9,9,1:29.379,89379.0
3,10,10,10,1:29.273,
3,10,11,7,1:29.243,89243.0
3,10,12,7,1:29.602,89602.0
3,10,13,1,1:29.222,89222.0
3,10,14,6,1:29.326,
3,10,15,5,1:29.443,89443.0
3,10,16,4,1:29.175,89175.0
3,10,17,6,1:29.374,89374.0
3,10,18,1,1:29.284,89284.0
3,10,19,8,1:29.231,89231.0
3,10,20,3,1:28.975,
3,10,21,5,1:28.920,88920.0
3,10,22,6,1:29.144,89144.0
3,10,23,8,1:28.864,88864.0
3,10,24,10,1:28.888,88888.0
3,10,25,5,1:29.023,89023.0
3,10,26,7,1:29.001,89001.0
3,10,27,6,1:28.995,
3,10,28,5,1:28.841,88841.0
3,10,29,5,1:29.026,89026.0
3,10,30,7,1:29.007,89007.0
3,10,31,6,1:28.791,88791.0
3,10,32,8,1:28.899,88899.0
3,10,33,7,1:28.648,88648.0
3,10,34,5,1:28.903,88903.0
3,10,35,3,1:28.794,88794.0
3,10,36,2,1:28.778,88778.0
3,10,37,3,1:28.796,88796.0
3,10,38,6,1:28.774,88774.0
3,10,39,1,1:28.766,88766.0
3,10,40,4,1:28.407,88407.0
3,10,41,6,1:28.664,88664.0
3,10,42,4,1:28.667,88667.0
3,10,43,3,1:28.594,88594.0
3,10,44,4,1:28.631,88631.0
3,10,45,2,1:28.543,88543.0
3,10,46,9,1:28.520,88520.0
3,10,47,10,1:28.757,
3,10,48,6,1:28.318,88318.0
3,10,49,10,1:28.400,88400.0
3,10,50,5,1:28.620,88620.0
3,10,51,3,1:28.375,88375.0
3,10,52,2,1:28.545,88545.0
3,10,53,4,1:28.545,88545.0
3,10,54,5,1:28.498,88498.0
3,10,55,10,1:28.471,88471.0
4,1,1,6,1:23.272,83272.0
4,1,2,4,1:23.725,83725.0
4,1,3,7,1:23.199,83199.0
4,1,4,10,1:23.403,83403.0
4,1,5,6,1:23.341,83341.0
4,1,6,8,1:23.394,83394.0
4,1,7,5,1:23.236,83236.0
4,1,8,10,1:23.181,83181.0
4,1,9,3,1:23.316,83316.0
4,1,10,9,1:23.025,83025.0
4,1,11,3,1:23.221,83221.0
4,1,12,7,1:23.178,83178.0
4,1,13,3,1:23.306,83306.0
4,1,14,6,1:23.369,83369.0
4,1,15,8,1:23.391,83391.0
4,2,1,7,1:23.384,83384.0
4,2,2,10,1:23.311,83311.0
4,2,3,2,1:23.565,83565.0
4,2,4,3,1:23.336,83336.0
4,2,5,9,1:23.529,83529.0
4,2,6,3,1:23.255,83255.0
4,2,7,3,1:23.538,83538.0
4,2,8,5,1:23.359,83359.0
4,2,9,3,1:23.405,83405.0
4,2,10,10,1:23.394,83394.0
4,2,11,2,1:23.240,83240.0
4,2,12,7,1:23.318,83318.0
4,2,13,7,1:23.594,83594.0
4,2,14,9,1:23.092,83092.0
4,2,15,8,1:23.395,83395.0
4,2,16,1,1:23.533,83533.0
4,2,17,8,1:23.556,83556.0
4,2,18,3,1:23.437,83437.0
4,2,19,10,1:23.233,83233.0
4,2,20,2,1:22.919,82919.0
4,2,21,10,1:22.987,82987.0
4,2,22,9,1:23.164,83164.0
4,2,23,9,1:23.144,83144.0
4,2,24,6,1:22.878,82878.0
4,2,25,2,1:22.994,82994.0
4,2,26,3,1:23.128,83128.0
4,2,27,7,1:23.157,83157.0
4,2,28,9,1:22.917,82917.0
4,2,29,3,1:22.671,82671.0
4,2,30,8,1:23.162,83162.0
4,2,31,7,1:22.936,
4,2,32,6,1:23.173,83173.0
4,2,33,8,1:23.120,83120.0
4,2,34,8,1:22.925,82925.0
4,2,35,5,1:22.936,82936.0
4,2,36,8,1:23.136,83136.0
4,2,37,9,1:22.987,82987.0
4,2,38,8,1:23.068,83068.0
4,2,39,6,1:22.780,82780.0
4,2,40,4,1:22.637,82637.0
4,2,41,6,1:22.362,82362.0
4,2,42,5,1:22.534,82534.0
4,2,43,5,1:22.712,82712.0
4,2,44,2,1:22.662,82662.0
4,2,45,1,1:22.866,82866.0
4,2,46,7,1:22.621,82621.0
4,2,47,4,1:22.652,82652.0
4,2,48,1,1:22.611,
4,2,49,2,1:22.408,82408.0
4,2,50,10,1:22.510,82510.0
4,2,51,10,1:22.828,82828.0
4,2,52,1,1:22.699,82699.0
4,2,53,9,1:22.561,82561.0
4,2,54,4,1:22.490,
4,2,55,5,1:22.566,82566.0
4,2,56,5,1:22.450,82450.0
4,2,57,7,1:22.521,82521.0
4,2,58,10,1:22.804,82804.0
4,2,59,5,1:22.509,82509.0
4,2,60,1,1:22.248,82248.0
4,2,61,7,1:22.295,82295.0
4,2,62,7,1:22.202,82202.0
4,2,63,9,1:22.273,82273.0
4,2,64,3,1:22.267,82267.0
4,2,65,9,1:22.398,82398.0
4,2,66,5,1:22.419,82419.0
4,2,67,4,1:22.209,82209.0
4,2,68,4,1:22.150,
4,3,1,3,1:22.801,82801.0
4,3,2,2,1:22.662,82662.0
4,3,3,9,1:22.645,82645.0
4,3,4,8,1:22.806,82806.0
4,3,5,5,1:22.612,82612.0
4,3,6,5,1:22.799,82799.0
4,3,7,4,1:22.709,82709.0
4,3,8,9,1:22.592,82592.0
4,3,9,4,1:22.403,82403.0
4,3,10,10,1:22.820,82820.0
4,3,11,3,1:22.680,82680.0
4,3,12,1,1:22.604,82604.0
4,3,13,10,1:22.618,82618.0
4,3,14,10,1:22.445,82445.0
4,3,15,8,1:22.499,82499.0
4,3,16,8,1:22.580,82580.0
4,3,17,6,1:22.653,82653.0
4,3,18,4,1:22.619,82619.0
4,3,19,1,1:22.699,82699.0
4,3,20,10,1:22.337,82337.0
4,3,21,4,1:22.301,82301.0
4,3,22,8,1:22.295,82295.0
4,3,23,5,1:22.447,82447.0
4,3,24,7,1:22.181,82181.0
4,3,25,9,1:22.221,82221.0
4,3,26,3,1:22.227,82227.0
4,3,27,10,1:22.322,82322.0
4,3,28,4,1:22.363,82363.0
4,3,29,1,1:22.419,82419.0
4,3,30,2,1:22.128,82128.0
4,3,31,3,1:22.124,82124.0
4,3,32,2,1:22.170,82170.0
4,3,33,2,1:22.079,82079.0
4,3,34,5,1:22.151,82151.0
4,3,35,7,1:22.119,82119.0
4,3,36,1,1:22.333,82333.0
4,3,37,6,1:22.208,82208.0
4,3,38,9,1:22.196,82196.0
4,3,39,1,1:22.133,82133.0
4,3,40,4,1:21.951,81951.0
4,3,41,5,1:21.964,81964.0
4,3,42,10,1:21.803,81803.0
4,3,43,5,1:21.999,81999.0
4,3,44,7,1:21.699,81699.0
4,3,45,2,1:21.973,81973.0
4,3,46,9,1:21.769,81769.0
4,3,47,2,1:21.863,81863.0
4,3,48,6,1:21.705,81705.0
4,3,49,4,1:21.974,81974.0
4,3,50,2,1:21.707,81707.0
4,3,51,9,1:21.860,81860.0
4,3,52,1,1:21.768,81768.0
4,3,53,8,1:21.905,81905.0
4,3,54,10,1:21.699,81699.0
4,3,55,1,1:21.819,81819.0
4,3,56,8,1:21.941,81941.0
4,3,57,3,1:21.704,81704.0
4,3,58,1,1:21.682,81682.0
4,3,59,9,1:21.987,81987.0
4,3,60,7,1:21.679,81679.0
4,3,61,2,1:21.433,81433.0
4,3,62,8,1:21.575,81575.0
4,3,63,4,1:21.374,81374.0
4,3,64,1,1:21.582,81582.0
4,3,65,7,1:21.606,81606.0
4,3,66,1,1:21.477,81477.0
4,3,67,8,1:21.555,81555.0
4,3,68,3,1:21.301,81301.0
4,4,1,6,1:23.700,83700.0
4,4,2,2,1:23.694,83694.0
4,4,3,4,1:23.614,83614.0
4,4,4,10,1:23.524,83524.0
4,4,5,6,1:23.647,83647.0
4,4,6,10,1:23.515,83515.0
4,4,7,3,1:23.593,83593.0
4,4,8,1,1:23.516,83516.0
4,4,9,7,1:23.436,83436.0
4,4,10,4,1:23.691,83691.0
4,4,11,10,1:23.619,83619.0
4,4,12,6,1:23.524,83524.0
4,4,13,7,1:23.903,83903.0
4,4,14,1,1:23.562,83562.0
4,4,15,9,1:23.475,83475.0
4,4,16,3,1:23.615,83615.0
4,4,17,3,1:23.493,83493.0
4,4,18,7,1:23.528,83528.0
4,4,19,10,1:23.523,83523.0
4,4,20,7,1:23.293,
4,4,21,4,1:23.219,83219.0
4,4,22,5,1:23.134,83134.0
4,4,23,2,1:23.540,83540.0
4,4,24,6,1:23.036,83036.0
4,4,25,1,1:23.119,83119.0
4,4,26,2,1:23.261,83261.0
4,4,27,3,1:23.253,83253.0
4,4,28,4,1:23.102,83102.0
4,4,29,10,1:23.212,83212.0
4,4,30,6,1:23.089,83089.0
4,4,31,2,1:23.045,83045.0
4,4,32,2,1:23.275,83275.0
4,4,33,3,1:23.222,83222.0
4,4,34,9,1:23.136,83136.0
4,4,35,2,1:23.216,83216.0
4,4,36,10,1:23.218,
4,4,37,10,1:23.128,83128.0
4,4,38,5,1:23.145,83145.0
4,4,39,1,1:22.972,82972.0
4,4,40,2,1:22.757,82757.0
4,4,41,2,1:22.903,82903.0
4,4,42,1,1:22.663,82663.0
4,4,43,3,1:22.701,82701.0
4,4,44,1,1:22.768,82768.0
4,4,45,1,1:22.639,82639.0
4,4,46,3,1:22.696,82696.0
4,4,47,4,1:22.797,82797.0
4,4,48,10,1:22.765,82765.0
4,4,49,4,1:22.898,82898.0
4,4,50,6,1:22.738,82738.0
4,4,51,6,1:22.878,82878.0
4,4,52,8,1:22.678,82678.0
4,4,53,5,1:22.879,82879.0
4,4,54,6,1:22.863,82863.0
4,4,55,7,1:22.774,82774.0
4,4,56,7,1:22.772,82772.0
4,4,57,2,1:22.745,82745.0
4,4,58,1,1:22.633,82633.0
4,4,59,1,1:22.696,82696.0
4,4,60,7,1:22.527,82527.0
4,4,61,2,1:22.312,82312.0
4,4,62,5,1:22.483,82483.0
4,4,63,8,1:22.261,82261.0
4,4,64,6,1:22.679,82679.0
4,4,65,1,1:22.523,82523.0
4,4,66,10,1:22.405,82405.0
4,4,67,9,1:22.188,82188.0
4,4,68,5,1:22.410,82410.0
4,5,1,1,1:23.163,83163.0
4,5,2,2,1:22.845,82845.0
4,5,3,10,1:22.908,82908.0
4,5,4,8,1:23.024,83024.0
4,5,5,7,1:23.039,83039.0
4,5,6,2,1:23.051,83051.0
4,5,7,8,1:23.068,83068.0
4,5,8,8,1:22.824,82824.0
4,5,9,4,1:22.949,82949.0
4,5,10,8,1:22.969,82969.0
4,5,11,8,1:22.801,82801.0
4,5,12,3,1:22.732,82732.0
4,5,13,9,1:22.909,82909.0
4,5,14,9,1:23.016,83016.0
4,5,15,6,1:22.702,82702.0
4,5,16,5,1:22.978,82978.0
4,5,17,3,1:22.895,82895.0
4,5,18,5,1:22.769,82769.0
4,5,19,4,1:22.733,82733.0
4,5,20,6,1:22.550,
4,5,21,9,1:22.451,82451.0
4,5,22,2,1:22.614,82614.0
4,5,23,4,1:22.507,82507.0
4,5,24,2,1:22.606,82606.0
4,5,25,2,1:22.546,82546.0
4,5,26,9,1:22.505,82505.0
4,5,27,8,1:22.664,82664.0
4,5,28,4,1:22.487,82487.0
4,5,29,4,1:22.473,82473.0
4,5,30,9,1:22.280,82280.0
4,5,31,1,1:22.618,82618.0
4,5,32,3,1:22.241,82241.0
4,5,33,4,1:22.438,82438.0
4,5,34,6,1:22.688,82688.0
4,5,35,7,1:22.403,82403.0
4,5,36,2,1:22.619,82619.0
4,5,37,4,1:22.575,82575.0
4,5,38,2,1:22.283,82283.0
4,5,39,4,1:22.390,82390.0
4,5,40,4,1:22.067,82067.0
4,5,41,7,1:22.216,82216.0
4,5,42,1,1:22.115,82115.0
4,5,43,9,1:22.096,82096.0
4,5,44,1,1:22.233,82233.0
4,5,45,2,1:22.143,82143.0
4,5,46,7,1:22.089,82089.0
4,5,47,1,1:22.200,82200.0
4,5,48,3,1:22.374,82374.0
4,5,49,10,1:22.235,82235.0
4,5,50,5,1:22.481,82481.0
4,5,51,10,1:22.160,82160.0
4,5,52,6,1:22.179,82179.0
4,5,53,7,1:22.033,82033.0
4,5,54,6,1:22.018,82018.0
4,5,55,5,1:22.049,82049.0
4,5,56,4,1:22.079,82079.0
4,5,57,7,1:22.158,82158.0
4,5,58,3,1:22.027,82027.0
4,5,59,8,1:22.175,82175.0
4,5,60,8,1:21.883,81883.0
4,5,61,2,1:21.745,81745.0
4,5,62,9,1:21.794,81794.0
4,5,63,1,1:21.876,81876.0
4,6,1,5,1:23.313,83313.0
4,6,2,3,1:23.205,
4,6,3,1,1:23.131,83131.0
4,6,4,8,1:23.410,83410.0
4,6,5,3,1:23.513,83513.0
4,6,6,9,1:23.126,83126.0
4,6,7,2,1:23.267,83267.0
4,6,8,5,1:23.308,83308.0
4,6,9,7,1:23.343,83343.0
4,6,10,1,1:23.278,
4,6,11,5,1:23.313,83313.0
4,6,12,9,1:23.158,83158.0
4,6,13,10,1:23.205,83205.0
4,6,14,10,1:23.164,83164.0
4,6,15,10,1:23.168,83168.0
4,6,16,4,1:23.242,83242.0
4,6,17,6,1:23.208,83208.0
4,6,18,6,1:23.232,83232.0
4,6,19,1,1:23.087,83087.0
4,6,20,1,1:22.797,82797.0
4,6,21,2,1:22.946,82946.0
4,6,22,4,1:22.971,82971.0
4,6,23,3,1:22.941,
4,6,24,4,1:22.734,82734.0
4,6,25,9,1:22.733,82733.0
4,6,26,6,1:22.902,82902.0
4,6,27,2,1:22.822,82822.0
4,6,28,10,1:22.853,82853.0
4,6,29,2,1:22.763,82763.0
4,6,30,10,1:22.898,82898.0
4,6,31,3,1:22.901,82901.0
4,6,32,5,1:22.774,
4,6,33,4,1:22.838,82838.0
4,6,34,3,1:22.836,82836.0
4,6,35,1,1:22.770,82770.0
4,6,36,7,1:22.761,82761.0
4,6,37,8,1:22.686,82686.0
4,6,38,10,1:22.711,82711.0
4,6,39,8,1:22.673,82673.0
4,6,40,6,1:22.623,82623.0
4,6,41,7,1:22.434,82434.0
4,6,42,5,1:22.312,82312.0
4,6,43,2,1:22.467,82467.0
4,6,44,10,1:22.617,82617.0
4,6,45,4,1:22.425,82425.0
4,6,46,8,1:22.321,82321.0
4,6,47,6,1:22.345,82345.0
4,6,48,7,1:22.687,82687.0
4,6,49,7,1:22.538,82538.0
4,6,50,5,1:22.285,82285.0
4,6,51,10,1:22.458,82458.0
4,6,52,9,1:22.212,82212.0
4,6,53,6,1:22.462,82462.0
4,6,54,9,1:22.306,82306.0
4,6,55,4,1:22.438,82438.0
4,6,56,4,1:22.536,82536.0
4,6,57,10,1:22.431,82431.0
4,6,58,6,1:22.407,82407.0
4,6,59,10,1:22.385,82385.0
4,6,60,8,1:22.033,82033.0
4,6,61,5,1:22.480,82480.0
4,6,62,9,1:22.180,82180.0
4,6,63,6,1:22.190,82190.0
4,6,64,10,1:22.214,82214.0
4,6,65,3,1:21.918,81918.0
4,6,66,10,1:22.062,82062.0
4,6,67,10,1:22.107,
4,6,68,7,1:22.150,82150.0
4,7,1,7,1:24.250,84250.0
4,7,2,2,1:24.247,84247.0
4,7,3,10,1:24.228,84228.0
4,7,4,5,1:24.206,84206.0
4,7,5,1,1:24.258,84258.0
4,7,6,5,1:24.339,84339.0
4,7,7,3,1:24.479,84479.0
4,7,8,8,1:24.414,84414.0
4,7,9,9,1:24.129,84129.0
4,7,10,2,1:24.109,84109.0
4,7,11,8,1:24.187,84187.0
4,7,12,6,1:24.219,84219.0
4,7,13,2,1:24.029,84029.0
4,7,14,4,1:24.025,84025.0
4,7,15,10,1:24.241,84241.0
4,7,16,10,1:24.338,84338.0
4,7,17,5,1:23.939,83939.0
4,7,18,9,1:24.271,84271.0
4,7,19,2,1:23.965,83965.0
4,7,20,6,1:24.034,84034.0
4,7,21,10,1:23.960,83960.0
4,7,22,5,1:23.960,83960.0
4,7,23,5,1:23.622,83622.0
4,7,24,6,1:24.007,84007.0
4,7,25,1,1:23.865,83865.0
4,7,26,10,1:23.961,83961.0
4,7,27,4,1:23.963,83963.0
4,7,28,9,1:23.943,83943.0
4,7,29,6,1:23.960,83960.0
4,7,30,9,1:23.854,83854.0
4,7,31,10,1:23.825,83825.0
4,7,32,2,1:23.661,83661.0
4,7,33,3,1:23.684,83684.0
4,7,34,4,1:23.819,83819.0
4,7,35,5,1:23.955,83955.0
4,7,36,3,1:23.895,83895.0
4,7,37,1,1:23.896,83896.0
4,7,38,8,1:23.830,83830.0
4,7,39,6,1:23.721,83721.0
4,7,40,8,1:23.579,83579.0
4,7,41,10,1:23.352,83352.0
4,7,42,4,1:23.684,83684.0
4,7,43,4,1:23.457,83457.0
4,7,44,3,1:23.536,83536.0
4,7,45,3,1:23.338,83338.0
4,7,46,9,1:23.287,83287.0
4,7,47,5,1:23.371,83371.0
4,7,48,10,1:23.481,83481.0
4,7,49,7,1:23.394,83394.0
4,7,50,3,1:23.415,83415.0
4,7,51,10,1:23.416,83416.0
4,7,52,3,1:23.319,83319.0
4,7,53,6,1:23.403,83403.0
4,7,54,2,1:23.200,83200.0
4,7,55,3,1:23.272,83272.0
4,7,56,3,1:23.421,83421.0
4,7,57,6,1:23.208,83208.0
4,7,58,7,1:23.345,83345.0
4,7,59,6,1:23.538,83538.0
4,7,60,7,1:23.259,83259.0
4,7,61,9,1:23.137,83137.0
4,7,62,4,1:22.926,82926.0
4,7,63,3,1:23.191,83191.0
4,7,64,3,1:23.174,83174.0
4,7,65,5,1:22.965,82965.0
4,7,66,7,1:23.097,83097.0
4,7,67,3,1:23.028,83028.0
4,7,68,7,1:23.006,83006.0
4,8,1,1,1:23.853,83853.0
4,8,2,3,1:23.832,83832.0
4,8,3,7,1:23.683,83683.0
4,8,4,3,1:23.754,83754.0
4,8,5,7,1:23.767,83767.0
4,8,6,2,1:23.775,83775.0
4,8,7,3,1:23.694,570660.0
4,8,8,4,1:23.652,83652.0
4,8,9,5,1:23.831,83831.0
4,8,10,9,1:23.743,83743.0
4,8,11,10,1:23.506,83506.0
4,8,12,4,1:23.743,83743.0
4,8,13,9,1:23.720,83720.0
4,8,14,1,1:23.668,83668.0
4,8,15,6,1:23.608,83608.0
4,8,16,1,1:23.381,83381.0
4,8,17,5,1:23.642,83642.0
4,8,18,9,1:23.660,83660.0
4,8,19,3,1:23.424,83424.0
4,8,20,5,1:23.583,83583.0
4,8,21,10,1:23.338,83338.0
4,8,22,4,1:23.358,83358.0
4,8,23,9,1:23.557,83557.0
4,8,24,7,1:23.329,83329.0
4,8,25,10,1:23.201,83201.0
4,8,26,8,1:23.283,83283.0
4,8,27,10,1:23.443,83443.0
4,8,28,6,1:23.327,83327.0
4,8,29,1,1:23.220,83220.0
4,8,30,8,1:23.206,83206.0
4,8,31,8,1:23.180,83180.0
4,8,32,5,1:23.408,83408.0
4,8,33,6,1:23.349,83349.0
4,8,34,4,1:23.058,83058.0
4,8,35,4,1:23.392,83392.0
4,8,36,4,1:23.306,83306.0
4,8,37,7,1:23.003,83003.0
4,8,38,1,1:23.287,83287.0
4,8,39,10,1:23.180,83180.0
4,8,40,5,1:22.845,82845.0
4,8,41,5,1:22.859,82859.0
4,8,42,1,1:22.699,82699.0
4,8,43,10,1:23.016,83016.0
4,8,44,7,1:22.821,82821.0
4,8,45,7,1:22.939,82939.0
4,8,46,4,1:22.928,82928.0
4,8,47,9,1:22.806,82806.0
4,8,48,8,1:22.999,82999.0
4,8,49,10,1:22.857,82857.0
4,8,50,10,1:22.862,82862.0
4,8,51,9,1:22.738,82738.0
4,8,52,9,1:22.917,82917.0
4,8,53,9,1:22.920,82920.0
4,8,54,10,1:22.747,82747.0
4,8,55,6,1:22.802,82802.0
4,8,56,6,1:22.654,82654.0
4,8,57,8,1:22.769,82769.0
4,8,58,9,1:22.821,82821.0
4,8,59,7,1:22.623,82623.0
4,8,60,3,1:22.737,82737.0
4,8,61,6,1:22.518,570660.0
4,8,62,10,1:22.488,82488.0
4,8,63,7,1:22.336,82336.0
4,8,64,6,1:22.458,82458.0
4,8,65,3,1:22.661,82661.0
4,8,66,3,1:22.660,82660.0
4,8,67,8,1:22.512,82512.0
4,8,68,5,1:22.559,
4,9,1,2,1:23.140,83140.0
4,9,2,8,1:23.190,83190.0
4,9,3,5,1:23.106,83106.0
4,9,4,3,1:23.364,83364.0
4,9,5,3,1:23.361,83361.0
4,9,6,2,1:23.058,83058.0
4,9,7,5,1:23.118,83118.0
4,9,8,1,1:23.148,83148.0
4,9,9,5,1:23.339,83339.0
4,9,10,8,1:23.267,83267.0
4,9,11,3,1:23.174,83174.0
4,9,12,7,1:23.258,83258.0
4,9,13,4,1:23.180,83180.0
4,9,14,10,1:23.258,83258.0
4,9,15,5,1:23.072,83072.0
4,9,16,8,1:23.525,83525.0
4,9,17,7,1:23.364,83364.0
4,9,18,1,1:23.183,83183.0
4,9,19,7,1:22.953,82953.0
4,9,20,1,1:23.092,83092.0
4,9,21,5,1:22.835,82835.0
4,9,22,3,1:22.902,82902.0
4,9,23,2,1:22.786,82786.0
4,9,24,10,1:22.900,82900.0
4,10,1,3,1:23.626,83626.0
4,10,2,1,1:23.579,83579.0
4,10,3,2,1:23.551,83551.0
4,10,4,7,1:23.515,83515.0
4,10,5,10,1:23.614,83614.0
4,10,6,9,1:23.603,83603.0
4,10,7,2,1:23.652,83652.0
4,10,8,8,1:23.505,83505.0
4,10,9,5,1:23.504,83504.0
4,10,10,1,1:23.491,83491.0
4,10,11,3,1:23.538,83538.0
4,10,12,7,1:23.787,83787.0
4,10,13,8,1:23.446,83446.0
4,10,14,6,1:23.376,83376.0
4,10,15,1,1:23.607,83607.0
4,10,16,3,1:23.333,83333.0
4,10,17,3,1:23.215,83215.0
4,10,18,7,1:23.307,83307.0
4,10,19,7,1:23.466,
4,10,20,8,1:23.478,83478.0
4,10,21,5,1:22.934,82934.0
4,10,22,1,1:23.234,83234.0
4,10,23,5,1:23.274,83274.0
4,10,24,8,1:23.076,83076.0
4,10,25,8,1:23.080,83080.0
4,10,26,9,1:23.185,83185.0
4,10,27,7,1:23.026,
4,10,28,4,1:23.054,83054.0
4,10,29,8,1:23.117,83117.0
4,10,30,1,1:22.847,82847.0
4,10,31,3,1:23.145,83145.0
4,10,32,10,1:23.082,83082.0
4,10,33,4,1:23.030,83030.0
4,10,34,3,1:23.170,83170.0
4,10,35,3,1:23.075,83075.0
4,10,36,7,1:23.125,83125.0
4,10,37,8,1:22.953,82953.0
4,10,38,9,1:22.836,82836.0
4,10,39,1,1:23.055,83055.0
4,10,40,3,1:22.873,82873.0
4,10,41,10,1:22.625,82625.0
4,10,42,1,1:22.781,82781.0
4,10,43,3,1:22.491,82491.0
4,10,44,2,1:22.755,82755.0
4,10,45,4,1:22.588,82588.0
4,10,46,9,1:22.856,82856.0
4,10,47,2,1:22.540,82540.0
4,10,48,3,1:22.638,82638.0
4,10,49,1,1:22.883,82883.0
4,10,50,9,1:22.603,82603.0
4,10,51,5,1:22.840,82840.0
4,10,52,5,1:22.601,82601.0
4,10,53,8,1:22.460,82460.0
4,10,54,6,1:22.609,82609.0
4,10,55,10,1:22.495,82495.0
4,10,56,5,1:22.714,82714.0
4,10,57,3,1:22.567,82567.0
4,10,58,5,1:22.508,82508.0
4,10,59,6,1:22.626,82626.0
4,10,60,10,1:22.460,82460.0
4,10,61,7,1:22.234,82234.0
4,10,62,9,1:22.345,82345.0
4,10,63,2,1:22.366,82366.0
4,10,64,8,1:22.342,82342.0
4,10,65,9,1:22.239,82239.0
4,10,66,2,1:22.264,82264.0
4,10,67,4,1:22.235,
4,10,68,5,1:22.190,82190.0
5,1,1,7,1:32.487,92487.0
5,1,2,6,1:32.351,92351.0
5,1,3,8,1:32.499,92499.0
5,1,4,1,1:32.723,92723.0
5,1,5,5,1:32.504,92504.0
5,1,6,4,1:32.474,92474.0
5,1,7,8,1:32.806,92806.0
5,1,8,1,1:32.372,92372.0
5,1,9,9,1:32.532,92532.0
5,1,10,2,1:32.291,92291.0
5,1,11,3,1:32.403,92403.0
5,1,12,9,1:32.213,92213.0
5,1,13,9,1:32.291,92291.0
5,1,14,9,1:32.372,92372.0
5,1,15,4,1:32.461,92461.0
5,1,16,10,1:32.491,92491.0
5,1,17,2,1:32.255,92255.0
5,1,18,1,1:32.183,92183.0
5,1,19,2,1:32.250,
5,1,20,10,1:32.333,92333.0
5,1,21,4,1:32.163,92163.0
5,1,22,4,1:32.119,92119.0
5,1,23,10,1:31.986,91986.0
5,1,24,3,1:31.956,91956.0
5,1,25,5,1:31.940,91940.0
5,1,26,5,1:32.037,92037.0
5,1,27,1,1:31.942,91942.0
5,1,28,2,1:31.913,91913.0
5,1,29,10,1:32.097,92097.0
5,1,30,6,1:32.222,92222.0
5,1,31,7,1:32.084,92084.0
5,1,32,3,1:31.947,91947.0
5,1,33,7,1:32.036,92036.0
5,1,34,5,1:31.972,91972.0
5,1,35,6,1:31.982,91982.0
5,1,36,5,1:31.859,91859.0
5,1,37,1,1:31.828,91828.0
5,1,38,4,1:31.862,91862.0
5,1,39,2,1:32.057,92057.0
5,1,40,5,1:31.569,91569.0
5,1,41,9,1:31.940,91940.0
5,1,42,10,1:31.756,91756.0
5,1,43,9,1:31.786,91786.0
5,1,44,4,1:31.519,91519.0
5,1,45,7,1:31.665,91665.0
5,1,46,1,1:31.979,91979.0
5,1,47,2,1:31.486,
5,1,48,2,1:31.544,91544.0
5,1,49,10,1:31.482,91482.0
5,1,50,9,1:31.944,91944.0
5,1,51,6,1:31.588,91588.0
5,1,52,2,1:31.369,91369.0
5,1,53,5,1:31.600,91600.0
5,1,54,2,1:31.543,91543.0
5,1,55,10,1:31.640,91640.0
5,1,56,2,1:31.644,91644.0
5,1,57,5,1:31.559,91559.0
5,1,58,6,1:31.669,91669.0
5,1,59,9,1:31.583,91583.0
5,1,60,5,1:31.428,91428.0
5,1,61,9,1:31.155,91155.0
5,1,62,3,1:31.227,91227.0
5,1,63,5,1:31.182,91182.0
5,1,64,10,1:31.343,91343.0
5,2,1,3,1:32.614,92614.0
5,2,2,6,1:32.492,92492.0
5,2,3,9,1:32.669,92669.0
5,2,4,9,1:32.570,92570.0
5,2,5,9,1:32.725,92725.0
5,2,6,5,1:32.554,92554.0
5,2,7,7,1:32.548,92548.0
5,2,8,10,1:32.830,92830.0
5,2,9,7,1:32.528,92528.0
5,2,10,3,1:32.532,92532.0
5,2,11,5,1:32.280,92280.0
5,2,12,10,1:32.630,92630.0
5,2,13,5,1:32.429,92429.0
5,2,14,5,1:32.654,92654.0
5,2,15,2,1:32.649,92649.0
5,2,16,3,1:32.426,92426.0
5,2,17,5,1:32.444,92444.0
5,2,18,9,1:32.345,92345.0
5,2,19,8,1:32.331,92331.0
5,2,20,2,1:32.084,92084.0
5,2,21,2,1:32.013,92013.0
5,2,22,8,1:32.221,92221.0
5,2,23,9,1:32.388,92388.0
5,2,24,10,1:32.212,92212.0
5,2,25,5,1:32.206,92206.0
5,2,26,7,1:32.250,92250.0
5,2,27,1,1:32.245,92245.0
5,2,28,1,1:32.114,92114.0
5,2,29,5,1:32.093,92093.0
5,2,30,6,1:32.032,92032.0
5,2,31,2,1:32.046,92046.0
5,2,32,4,1:32.165,92165.0
5,2,33,2,1:32.248,92248.0
5,2,34,4,1:32.130,92130.0
5,2,35,3,1:31.964,91964.0
5,2,36,6,1:31.998,91998.0
5,2,37,7,1:32.145,92145.0
5,2,38,2,1:32.186,92186.0
5,2,39,6,1:32.027,92027.0
5,2,40,9,1:31.658,91658.0
5,2,41,3,1:31.831,91831.0
5,2,42,4,1:31.825,91825.0
5,2,43,4,1:32.053,92053.0
5,2,44,7,1:31.739,91739.0
5,2,45,6,1:31.730,91730.0
5,2,46,7,1:31.660,91660.0
5,2,47,4,1:31.892,91892.0
5,2,48,10,1:31.775,91775.0
5,2,49,1,1:31.819,91819.0
5,2,50,8,1:31.749,91749.0
5,2,51,4,1:31.707,91707.0
5,2,52,4,1:31.828,91828.0
5,2,53,7,1:31.666,91666.0
5,2,54,6,1:31.720,91720.0
5,2,55,9,1:31.732,91732.0
5,2,56,6,1:31.495,91495.0
5,2,57,6,1:31.566,91566.0
5,2,58,5,1:31.587,91587.0
5,2,59,6,1:31.733,91733.0
5,2,60,9,1:31.432,91432.0
5,2,61,7,1:31.253,91253.0
5,2,62,2,1:31.463,91463.0
5,2,63,6,1:31.456,91456.0
5,2,64,8,1:31.396,91396.0
5,3,1,9,1:31.960,91960.0
5,3,2,1,1:31.998,91998.0
5,3,3,4,1:32.118,92118.0
5,3,4,1,1:31.992,91992.0
5,3,5,1,1:31.930,91930.0
5,3,6,1,1:32.056,92056.0
5,3,7,5,1:32.083,
5,3,8,8,1:32.057,92057.0
5,3,9,6,1:31.952,91952.0
5,3,10,1,1:31.985,91985.0
5,3,11,1,1:31.869,91869.0
5,3,12,7,1:31.864,91864.0
5,3,13,6,1:31.981,91981.0
5,3,14,4,1:31.825,91825.0
5,3,15,4,1:31.904,91904.0
5,3,16,8,1:31.642,91642.0
5,3,17,1,1:31.881,91881.0
5,3,18,7,1:31.872,91872.0
5,3,19,5,1:31.738,91738.0
5,3,20,4,1:31.536,91536.0
5,3,21,10,1:31.570,91570.0
5,3,22,2,1:31.572,91572.0
5,3,23,6,1:31.744,91744.0
5,3,24,10,1:31.707,91707.0
5,3,25,7,1:31.551,91551.0
5,3,26,8,1:31.711,91711.0
5,3,27,2,1:31.481,91481.0
5,3,28,5,1:31.365,91365.0
5,3,29,10,1:31.654,91654.0
5,3,30,10,1:31.829,91829.0
5,3,31,2,1:31.456,91456.0
5,3,32,3,1:31.397,91397.0
5,3,33,1,1:31.320,91320.0
5,3,34,7,1:31.589,91589.0
5,3,35,9,1:31.568,91568.0
5,3,36,10,1:31.481,91481.0
5,3,37,2,1:31.520,91520.0
5,3,38,9,1:31.398,91398.0
5,3,39,2,1:31.441,91441.0
5,3,40,9,1:31.329,91329.0
5,3,41,2,1:31.381,91381.0
5,3,42,10,1:31.396,91396.0
5,3,43,8,1:31.279,91279.0
5,3,44,6,1:31.270,91270.0
5,3,45,5,1:31.261,91261.0
5,3,46,3,1:31.090,91090.0
5,3,47,4,1:31.315,91315.0
5,3,48,6,1:31.288,91288.0
5,3,49,6,1:31.075,91075.0
5,3,50,4,1:31.078,91078.0
5,3,51,1,1:31.027,91027.0
5,3,52,5,1:31.182,91182.0
5,3,53,2,1:31.121,91121.0
5,3,54,5,1:31.245,91245.0
5,3,55,2,1:31.090,91090.0
5,3,56,8,1:30.990,90990.0
5,3,57,7,1:31.007,91007.0
5,3,58,5,1:31.133,91133.0
5,3,59,3,1:30.957,90957.0
5,3,60,5,1:30.762,90762.0
5,3,61,8,1:30.852,90852.0
5,3,62,6,1:30.698,90698.0
5,3,63,2,1:30.794,90794.0
5,3,64,7,1:31.218,91218.0
5,4,1,3,1:32.153,92153.0
5,4,2,2,1:32.179,92179.0
5,4,3,1,1:32.281,92281.0
5,4,4,9,1:32.356,92356.0
5,4,5,6,1:32.277,92277.0
5,4,6,5,1:32.055,92055.0
5,4,7,6,1:32.270,92270.0
5,4,8,10,1:32.171,92171.0
5,4,9,6,1:32.227,92227.0
5,4,10,9,1:32.059,92059.0
5,4,11,4,1:32.163,92163.0
5,4,12,5,1:32.294,92294.0
5,4,13,1,1:32.231,92231.0
5,4,14,8,1:32.061,92061.0
5,4,15,1,1:32.014,92014.0
5,4,16,3,1:32.183,92183.0
5,4,17,10,1:32.167,92167.0
5,4,18,9,1:32.024,92024.0
5,4,19,10,1:32.255,92255.0
5,4,20,1,1:31.692,91692.0
5,4,21,8,1:32.137,92137.0
5,4,22,2,1:31.892,91892.0
5,4,23,10,1:31.886,91886.0
5,4,24,10,1:31.743,91743.0
5,4,25,10,1:32.077,92077.0
5,4,26,7,1:31.913,91913.0
5,4,27,2,1:31.875,91875.0
5,4,28,1,1:31.951,91951.0
5,4,29,5,1:31.689,91689.0
5,4,30,5,1:31.585,91585.0
5,4,31,10,1:31.529,91529.0
5,4,32,6,1:31.669,91669.0
5,4,33,3,1:31.519,91519.0
5,4,34,8,1:32.005,92005.0
5,4,35,8,1:31.909,91909.0
5,4,36,1,1:31.735,91735.0
5,4,37,2,1:31.833,91833.0
5,4,38,4,1:31.677,91677.0
5,4,39,1,1:31.714,91714.0
5,4,40,6,1:31.529,91529.0
5,4,41,8,1:31.438,91438.0
5,4,42,9,1:31.452,91452.0
5,4,43,5,1:31.604,91604.0
5,4,44,10,1:31.487,91487.0
5,4,45,8,1:31.628,91628.0
5,4,46,4,1:31.609,91609.0
5,4,47,1,1:31.471,91471.0
5,4,48,7,1:31.255,91255.0
5,4,49,9,1:31.307,91307.0
5,4,50,6,1:31.430,91430.0
5,4,51,4,1:31.608,91608.0
5,4,52,9,1:31.475,91475.0
5,4,53,7,1:31.498,91498.0
5,4,54,10,1:31.235,91235.0
5,4,55,1,1:31.511,91511.0
5,4,56,9,1:31.406,91406.0
5,4,57,10,1:31.351,91351.0
5,4,58,1,1:31.309,91309.0
5,4,59,9,1:31.387,91387.0
5,4,60,2,1:30.960,90960.0
5,4,61,4,1:30.928,90928.0
5,4,62,10,1:31.073,91073.0
5,4,63,8,1:31.035,
5,4,64,6,1:31.090,91090.0
5,5,1,4,1:31.673,91673.0
5,5,2,9,1:31.745,91745.0
5,5,3,10,1:31.646,91646.0
5,5,4,8,1:31.798,91798.0
5,5,5,6,1:31.628,91628.0
5,5,6,1,1:31.582,91582.0
5,5,7,3,1:31.808,91808.0
5,5,8,1,1:31.639,91639.0
5,5,9,2,1:31.524,91524.0
5,5,10,5,1:31.693,91693.0
5,5,11,8,1:31.685,91685.0
5,5,12,3,1:31.583,91583.0
5,5,13,1,1:31.593,91593.0
5,5,14,3,1:31.568,91568.0
5,5,15,3,1:31.775,91775.0
5,5,16,6,1:31.293,91293.0
5,5,17,10,1:31.534,91534.0
5,5,18,9,1:31.532,91532.0
5,5,19,8,1:31.488,91488.0
5,5,20,2,1:31.244,91244.0
5,5,21,8,1:31.367,91367.0
5,5,22,1,1:31.257,91257.0
5,5,23,4,1:31.198,91198.0
5,5,24,5,1:31.447,91447.0
5,5,25,8,1:31.340,91340.0
5,5,26,7,1:31.246,91246.0
5,5,27,8,1:31.471,91471.0
5,5,28,6,1:31.239,91239.0
5,5,29,3,1:31.385,91385.0
5,5,30,6,1:31.159,91159.0
5,5,31,10,1:31.239,91239.0
5,5,32,8,1:31.230,91230.0
5,5,33,2,1:31.473,91473.0
5,5,34,8,1:31.254,91254.0
5,5,35,8,1:31.245,91245.0
5,5,36,10,1:31.202,91202.0
5,5,37,8,1:31.234,91234.0
5,5,38,3,1:31.211,91211.0
5,5,39,1,1:31.167,91167.0
5,5,40,7,1:30.999,90999.0
5,5,41,2,1:30.804,90804.0
5,5,42,4,1:31.272,91272.0
5,5,43,6,1:30.914,90914.0
5,5,44,6,1:30.714,90714.0
5,5,45,2,1:30.774,90774.0
5,5,46,10,1:30.824,90824.0
5,5,47,4,1:30.926,90926.0
5,5,48,2,1:30.930,90930.0
5,5,49,4,1:31.074,91074.0
5,5,50,9,1:30.703,90703.0
5,5,51,9,1:30.960,90960.0
5,5,52,4,1:30.899,90899.0
5,5,53,4,1:30.840,90840.0
5,5,54,2,1:30.757,90757.0
5,5,55,9,1:30.776,90776.0
5,5,56,10,1:30.553,90553.0
5,5,57,5,1:30.780,90780.0
5,5,58,3,1:30.723,90723.0
5,5,59,6,1:30.817,90817.0
5,5,60,6,1:30.418,90418.0
5,5,61,10,1:30.566,90566.0
5,5,62,4,1:30.572,90572.0
5,5,63,6,1:30.364,90364.0
5,5,64,7,1:30.504,90504.0
5,6,1,9,1:32.286,92286.0
5,6,2,3,1:32.594,92594.0
5,6,3,1,1:32.511,92511.0
5,6,4,7,1:32.612,92612.0
5,6,5,2,1:32.330,92330.0
5,6,6,7,1:32.372,92372.0
5,6,7,7,1:32.713,92713.0
5,6,8,9,1:32.228,92228.0
5,6,9,9,1:32.302,92302.0
5,6,10,7,1:32.419,92419.0
5,6,11,4,1:32.309,92309.0
5,6,12,9,1:32.498,92498.0
5,6,13,2,1:32.509,92509.0
5,6,14,2,1:32.531,92531.0
5,6,15,10,1:32.390,92390.0
5,6,16,6,1:32.501,92501.0
5,6,17,8,1:32.225,92225.0
5,6,18,2,1:32.434,92434.0
5,6,19,10,1:32.558,92558.0
5,6,20,5,1:32.045,92045.0
5,6,21,1,1:32.009,92009.0
5,6,22,8,1:32.148,92148.0
5,6,23,8,1:32.076,92076.0
5,6,24,7,1:31.972,91972.0
5,6,25,5,1:32.110,92110.0
5,6,26,4,1:32.026,92026.0
5,6,27,4,1:32.286,92286.0
5,6,28,8,1:32.245,92245.0
5,6,29,8,1:32.020,92020.0
5,6,30,6,1:32.069,92069.0
5,6,31,6,1:31.864,91864.0
5,6,32,2,1:32.044,
5,6,33,9,1:32.142,92142.0
5,6,34,3,1:32.024,92024.0
5,6,35,8,1:31.932,91932.0
5,6,36,1,1:32.065,92065.0
5,6,37,10,1:32.064,92064.0
5,6,38,9,1:32.151,92151.0
5,6,39,1,1:32.096,92096.0
5,6,40,8,1:31.673,91673.0
5,6,41,10,1:31.628,91628.0
5,6,42,6,1:31.761,91761.0
5,6,43,7,1:31.565,91565.0
5,6,44,7,1:31.545,91545.0
5,6,45,2,1:31.710,91710.0
5,6,46,1,1:31.772,91772.0
5,6,47,2,1:31.745,91745.0
5,6,48,4,1:31.794,91794.0
5,6,49,5,1:31.633,91633.0
5,6,50,10,1:31.508,91508.0
5,6,51,6,1:31.553,91553.0
5,6,52,3,1:31.401,91401.0
5,6,53,2,1:31.648,91648.0
5,6,54,8,1:31.656,91656.0
5,6,55,5,1:31.507,91507.0
5,6,56,7,1:31.630,91630.0
5,6,57,4,1:31.788,91788.0
5,6,58,3,1:31.520,91520.0
5,6,59,6,1:31.574,91574.0
5,6,60,8,1:31.405,91405.0
5,6,61,7,1:31.419,91419.0
5,6,62,10,1:31.265,91265.0
5,6,63,9,1:31.300,91300.0
5,6,64,9,1:31.350,91350.0
5,7,1,2,1:33.293,93293.0
5,7,2,9,1:33.589,93589.0
5,7,3,5,1:33.286,93286.0
5,7,4,7,1:33.421,93421.0
5,7,5,8,1:33.289,93289.0
5,7,6,7,1:33.434,93434.0
5,7,7,7,1:33.361,93361.0
5,7,8,5,1:33.322,93322.0
5,7,9,10,1:33.347,93347.0
5,7,10,9,1:33.318,93318.0
5,7,11,3,1:33.506,93506.0
5,7,12,1,1:33.169,93169.0
5,7,13,3,1:33.249,93249.0
5,7,14,9,1:33.490,93490.0
5,7,15,5,1:33.183,93183.0
5,7,16,1,1:33.147,93147.0
5,7,17,4,1:33.090,93090.0
5,7,18,7,1:33.190,93190.0
5,7,19,10,1:33.268,93268.0
5,7,20,8,1:32.931,92931.0
5,7,21,4,1:33.113,93113.0
5,7,22,8,1:32.818,92818.0
5,7,23,2,1:32.883,92883.0
5,7,24,5,1:33.151,93151.0
5,7,25,4,1:32.830,92830.0
5,7,26,9,1:32.833,92833.0
5,7,27,4,1:32.904,92904.0
5,7,28,5,1:32.907,92907.0
5,7,29,6,1:32.829,92829.0
5,7,30,3,1:32.922,92922.0
5,7,31,3,1:33.000,93000.0
5,7,32,10,1:32.876,92876.0
5,7,33,9,1:32.679,92679.0
5,7,34,5,1:32.752,92752.0
5,7,35,2,1:32.855,92855.0
5,7,36,2,1:32.872,92872.0
5,7,37,5,1:32.713,92713.0
5,7,38,8,1:32.819,92819.0
5,7,39,7,1:32.755,92755.0
5,7,40,1,1:32.763,92763.0
5,7,41,7,1:32.618,92618.0
5,7,42,6,1:32.790,92790.0
5,7,43,3,1:32.566,92566.0
5,7,44,5,1:32.603,92603.0
5,7,45,1,1:32.587,92587.0
5,7,46,7,1:32.410,92410.0
5,7,47,10,1:32.662,92662.0
5,7,48,9,1:32.560,92560.0
5,7,49,5,1:32.403,92403.0
5,7,50,5,1:32.579,92579.0
5,7,51,2,1:32.180,92180.0
5,7,52,5,1:32.644,92644.0
5,7,53,9,1:32.389,92389.0
5,7,54,5,1:32.599,92599.0
5,7,55,2,1:32.389,92389.0
5,7,56,5,1:32.506,92506.0
5,7,57,5,1:32.650,92650.0
5,7,58,2,1:32.490,92490.0
5,7,59,5,1:32.534,92534.0
5,7,60,4,1:32.040,92040.0
5,7,61,9,1:32.146,92146.0
5,7,62,5,1:32.252,92252.0
5,7,63,4,1:32.205,92205.0
5,7,64,1,1:32.132,92132.0
5,8,1,1,1:32.581,92581.0
5,8,2,5,1:32.236,92236.0
5,8,3,8,1:32.464,92464.0
5,8,4,9,1:32.471,92471.0
5,8,5,5,1:32.601,92601.0
5,8,6,5,1:32.652,92652.0
5,8,7,9,1:32.454,570660.0
5,8,8,8,1:32.542,92542.0
5,8,9,8,1:32.653,92653.0
5,8,10,4,1:32.410,92410.0
5,8,11,9,1:32.559,92559.0
5,8,12,1,1:32.478,92478.0
5,8,13,1,1:32.406,92406.0
5,8,14,4,1:32.477,92477.0
5,8,15,3,1:32.516,92516.0
5,8,16,7,1:32.374,92374.0
5,8,17,1,1:32.449,92449.0
5,8,18,2,1:32.628,92628.0
5,8,19,1,1:32.482,92482.0
5,8,20,6,1:32.139,92139.0
5,8,21,2,1:32.204,92204.0
5,8,22,6,1:32.152,92152.0
5,8,23,8,1:31.994,91994.0
5,8,24,1,1:31.976,91976.0
5,8,25,3,1:32.053,92053.0
5,8,26,3,1:32.336,92336.0
5,8,27,2,1:32.038,92038.0
5,8,28,4,1:32.015,92015.0
5,8,29,7,1:32.272,92272.0
5,8,30,3,1:31.945,91945.0
5,8,31,8,1:32.385,92385.0
5,8,32,7,1:31.916,91916.0
5,8,33,3,1:32.036,92036.0
5,8,34,7,1:32.135,92135.0
5,8,35,5,1:32.246,92246.0
5,8,36,8,1:31.952,91952.0
5,8,37,3,1:32.103,92103.0
5,8,38,1,1:31.877,91877.0
5,8,39,4,1:31.782,91782.0
5,8,40,9,1:31.637,91637.0
5,8,41,3,1:31.596,91596.0
5,8,42,6,1:31.585,91585.0
5,8,43,9,1:31.344,91344.0
5,8,44,10,1:31.656,91656.0
5,8,45,7,1:31.632,91632.0
5,8,46,10,1:31.623,91623.0
5,8,47,4,1:31.795,91795.0
5,8,48,6,1:31.676,91676.0
5,8,49,9,1:31.573,91573.0
5,8,50,6,1:31.573,91573.0
5,8,51,6,1:31.677,91677.0
5,8,52,7,1:31.536,91536.0
5,8,53,6,1:31.760,91760.0
5,8,54,8,1:31.579,91579.0
5,8,55,7,1:31.643,91643.0
5,8,56,1,1:31.513,91513.0
5,8,57,8,1:31.618,91618.0
5,8,58,1,1:31.488,91488.0
5,8,59,8,1:31.398,91398.0
5,8,60,3,1:31.413,91413.0
5,8,61,7,1:31.254,91254.0
5,8,62,10,1:31.435,91435.0
5,8,63,4,1:31.478,91478.0
5,8,64,10,1:31.535,91535.0
5,9,1,3,1:32.519,92519.0
5,9,2,2,1:32.352,92352.0
5,9,3,7,1:32.326,92326.0
5,9,4,9,1:32.461,92461.0
5,9,5,2,1:32.366,92366.0
5,9,6,3,1:32.355,92355.0
5,9,7,5,1:32.340,92340.0
5,9,8,9,1:32.237,92237.0
5,9,9,8,1:32.386,92386.0
5,9,10,6,1:32.534,92534.0
5,9,11,2,1:32.428,92428.0
5,9,12,6,1:32.296,92296.0
5,9,13,4,1:32.363,92363.0
5,9,14,10,1:32.455,570660.0
5,9,15,3,1:32.350,92350.0
5,9,16,3,1:32.354,92354.0
5,9,17,10,1:32.440,92440.0
5,9,18,6,1:32.120,92120.0
5,9,19,5,1:32.361,92361.0
5,9,20,7,1:32.150,92150.0
5,9,21,3,1:32.124,92124.0
5,9,22,5,1:31.968,91968.0
5,9,23,9,1:32.123,92123.0
5,9,24,8,1:31.982,91982.0
5,9,25,1,1:32.174,92174.0
5,9,26,3,1:31.963,91963.0
5,9,27,2,1:32.221,92221.0
5,9,28,4,1:31.974,91974.0
5,9,29,5,1:32.044,92044.0
5,9,30,1,1:31.672,91672.0
5,9,31,1,1:31.884,91884.0
5,9,32,9,1:31.942,91942.0
5,9,33,7,1:32.007,92007.0
5,9,34,5,1:31.931,91931.0
5,9,35,6,1:31.834,91834.0
5,9,36,2,1:31.914,91914.0
5,9,37,8,1:31.926,91926.0
5,9,38,8,1:32.206,92206.0
5,9,39,1,1:31.660,91660.0
5,9,40,9,1:31.681,91681.0
5,9,41,2,1:31.579,91579.0
5,9,42,10,1:31.763,91763.0
5,9,43,7,1:31.651,91651.0
5,9,44,1,1:31.636,91636.0
5,9,45,2,1:31.629,91629.0
5,9,46,9,1:31.611,91611.0
5,9,47,9,1:31.655,91655.0
5,9,48,7,1:31.469,91469.0
5,9,49,4,1:31.483,91483.0
5,9,50,3,1:31.705,91705.0
5,9,51,4,1:31.623,91623.0
5,9,52,5,1:31.414,
5,9,53,3,1:31.791,91791.0
5,9,54,6,1:31.589,91589.0
5,9,55,8,1:31.664,91664.0
5,9,56,3,1:31.488,91488.0
5,9,57,9,1:31.567,91567.0
5,9,58,4,1:31.573,91573.0
5,9,59,8,1:31.722,91722.0
5,9,60,7,1:31.325,91325.0
5,9,61,2,1:31.154,91154.0
5,9,62,9,1:31.085,91085.0
5,9,63,9,1:31.449,91449.0
5,9,64,4,1:30.931,90931.0
5,10,1,4,1:32.379,92379.0
5,10,2,9,1:32.768,92768.0
5,10,3,5,1:32.591,92591.0
5,10,4,3,1:32.141,92141.0
5,10,5,1,1:32.594,92594.0
5,10,6,4,1:32.635,92635.0
5,10,7,1,1:32.384,92384.0
5,10,8,9,1:32.583,92583.0
5,10,9,2,1:32.420,92420.0
5,10,10,5,1:32.469,92469.0
5,10,11,6,1:32.523,92523.0
5,10,12,9,1:32.567,92567.0
5,10,13,9,1:32.386,92386.0
5,10,14,3,1:32.671,92671.0
5,10,15,4,1:32.353,92353.0
5,10,16,3,1:32.410,92410.0
5,10,17,7,1:32.418,92418.0
5,10,18,8,1:32.400,92400.0
5,10,19,7,1:32.389,92389.0
5,10,20,2,1:31.863,91863.0
5,10,21,10,1:32.363,92363.0
5,10,22,7,1:32.199,92199.0
5,10,23,4,1:31.956,91956.0
5,10,24,1,1:32.033,92033.0
5,10,25,10,1:32.282,92282.0
5,10,26,6,1:32.189,92189.0
5,10,27,5,1:32.012,92012.0
5,10,28,8,1:32.052,92052.0
5,10,29,6,1:32.228,92228.0
5,10,30,3,1:31.908,91908.0
5,10,31,9,1:31.824,91824.0
5,10,32,10,1:31.952,91952.0
5,10,33,5,1:31.848,91848.0
5,10,34,9,1:31.792,91792.0
5,10,35,7,1:31.904,91904.0
5,10,36,8,1:32.066,92066.0
5,10,37,1,1:32.032,92032.0
5,10,38,5,1:31.817,91817.0
5,10,39,4,1:31.857,91857.0
5,10,40,1,1:31.850,91850.0
5,10,41,6,1:31.846,91846.0
5,10,42,1,1:31.641,91641.0
5,10,43,9,1:31.725,91725.0
5,10,44,1,1:31.690,91690.0
5,10,45,10,1:31.950,91950.0
5,10,46,6,1:31.670,91670.0
5,10,47,6,1:31.835,91835.0
5,10,48,3,1:31.605,91605.0
5,10,49,2,1:31.610,570660.0
5,10,50,10,1:31.474,91474.0
5,10,51,8,1:31.729,91729.0
5,10,52,2,1:31.711,91711.0
5,10,53,7,1:31.537,91537.0
5,10,54,7,1:31.526,91526.0
5,10,55,3,1:31.586,91586.0
5,10,56,2,1:31.629,91629.0
5,10,57,3,1:31.467,91467.0
5,10,58,8,1:31.440,91440.0
5,10,59,4,1:31.450,91450.0
5,10,60,3,1:31.292,91292.0
5,10,61,10,1:31.450,91450.0
5,10,62,4,1:31.393,91393.0
5,10,63,6,1:31.190,91190.0
5,10,64,7,1:31.346,91346.0
6,1,1,5,1:29.749,89749.0
6,1,2,5,1:29.999,89999.0
6,1,3,7,1:30.005,90005.0
6,1,4,8,1:30.227,90227.0
6,1,5,5,1:30.061,90061.0
6,1,6,6,1:29.843,89843.0
6,1,7,1,1:29.939,89939.0
6,1,8,1,1:29.850,89850.0
6,1,9,1,1:29.977,89977.0
6,1,10,3,1:29.796,89796.0
6,1,11,2,1:29.931,89931.0
6,1,12,6,1:29.703,89703.0
6,1,13,9,1:29.936,89936.0
6,1,14,3,1:30.011,90011.0
6,1,15,2,1:29.986,89986.0
6,1,16,5,1:29.901,89901.0
6,1,17,3,1:29.701,89701.0
6,1,18,9,1:29.997,89997.0
6,1,19,9,1:29.893,89893.0
6,1,20,9,1:29.786,89786.0
6,1,21,3,1:29.681,89681.0
6,1,22,8,1:29.481,
6,1,23,2,1:29.647,89647.0
6,1,24,1,1:29.528,89528.0
6,1,25,6,1:29.597,89597.0
6,1,26,6,1:29.358,89358.0
6,1,27,1,1:29.436,89436.0
6,1,28,10,1:29.587,89587.0
6,1,29,4,1:29.503,89503.0
6,1,30,3,1:29.436,89436.0
6,1,31,6,1:29.745,89745.0
6,1,32,4,1:29.677,89677.0
6,1,33,3,1:29.500,89500.0
6,1,34,5,1:29.596,89596.0
6,1,35,4,1:29.387,89387.0
6,1,36,6,1:29.469,89469.0
6,1,37,10,1:29.605,89605.0
6,1,38,5,1:29.710,89710.0
6,1,39,2,1:29.200,89200.0
6,1,40,9,1:29.280,89280.0
6,1,41,2,1:29.119,89119.0
6,1,42,4,1:29.266,89266.0
6,1,43,1,1:29.124,89124.0
6,1,44,6,1:29.097,89097.0
6,1,45,8,1:29.117,89117.0
6,1,46,9,1:29.025,89025.0
6,1,47,3,1:29.191,89191.0
6,1,48,9,1:29.121,89121.0
6,1,49,4,1:29.253,89253.0
6,1,50,1,1:28.798,88798.0
6,1,51,6,1:29.044,89044.0
6,1,52,7,1:29.128,89128.0
6,1,53,9,1:29.238,89238.0
6,1,54,9,1:29.009,89009.0
6,1,55,3,1:29.110,89110.0
6,2,1,10,1:29.184,89184.0
6,2,2,1,1:29.224,89224.0
6,2,3,6,1:29.102,89102.0
6,2,4,4,1:29.166,
6,2,5,8,1:29.110,570660.0
6,2,6,6,1:29.214,89214.0
6,2,7,2,1:28.987,88987.0
6,2,8,3,1:29.221,89221.0
6,2,9,2,1:29.064,89064.0
6,2,10,3,1:29.247,89247.0
6,2,11,4,1:28.993,88993.0
6,2,12,5,1:29.339,89339.0
6,2,13,3,1:29.172,89172.0
6,2,14,1,1:29.010,89010.0
6,2,15,8,1:29.052,89052.0
6,2,16,7,1:29.212,89212.0
6,2,17,8,1:29.004,89004.0
6,2,18,10,1:29.042,
6,2,19,1,1:28.956,88956.0
6,2,20,9,1:28.519,88519.0
6,2,21,8,1:28.811,88811.0
6,2,22,3,1:28.917,88917.0
6,2,23,10,1:28.583,88583.0
6,2,24,5,1:28.900,88900.0
6,2,25,4,1:28.944,88944.0
6,2,26,1,1:28.907,88907.0
6,2,27,4,1:28.601,88601.0
6,2,28,5,1:28.677,88677.0
6,2,29,5,1:28.563,88563.0
6,2,30,10,1:28.754,88754.0
6,2,31,7,1:28.647,88647.0
6,2,32,7,1:28.521,88521.0
6,2,33,3,1:28.474,88474.0
6,2,34,8,1:28.830,88830.0
6,2,35,9,1:28.588,88588.0
6,2,36,7,1:28.828,88828.0
6,2,37,8,1:28.748,88748.0
6,2,38,2,1:28.821,88821.0
6,2,39,7,1:28.594,88594.0
6,2,40,1,1:28.431,88431.0
6,2,41,5,1:28.393,88393.0
6,2,42,7,1:28.426,88426.0
6,2,43,3,1:28.414,88414.0
6,2,44,7,1:28.498,88498.0
6,2,45,4,1:28.276,88276.0
6,2,46,1,1:28.350,88350.0
6,2,47,4,1:28.421,88421.0
6,2,48,6,1:28.476,88476.0
6,2,49,8,1:28.280,88280.0
6,2,50,2,1:28.296,88296.0
6,2,51,2,1:28.340,88340.0
6,2,52,10,1:28.304,88304.0
6,2,53,8,1:28.478,88478.0
6,2,54,8,1:28.371,88371.0
6,2,55,7,1:28.322,88322.0
6,3,1,1,1:29.291,89291.0
6,3,2,9,1:29.312,89312.0
6,3,3,3,1:29.636,89636.0
6,3,4,4,1:29.421,89421.0
6,3,5,5,1:29.215,89215.0
6,3,6,7,1:29.368,89368.0
6,3,7,1,1:29.330,570660.0
6,3,8,5,1:29.481,89481.0
6,3,9,2,1:29.231,89231.0
6,3,10,5,1:29.214,89214.0
6,3,11,2,1:29.521,89521.0
6,3,12,10,1:29.445,89445.0
6,3,13,2,1:29.317,89317.0
6,3,14,1,1:29.206,89206.0
6,3,15,3,1:29.251,89251.0
6,3,16,3,1:29.257,89257.0
6,3,17,5,1:29.258,89258.0
6,3,18,6,1:29.244,89244.0
6,3,19,7,1:29.360,89360.0
6,3,20,8,1:29.214,89214.0
6,3,21,5,1:29.105,89105.0
6,3,22,10,1:28.976,88976.0
6,3,23,3,1:29.071,89071.0
6,3,24,10,1:29.005,89005.0
6,3,25,5,1:28.937,88937.0
6,3,26,5,1:28.958,88958.0
6,3,27,3,1:29.138,89138.0
6,3,28,1,1:29.010,89010.0
6,3,29,5,1:28.976,88976.0
6,3,30,1,1:28.946,88946.0
6,3,31,9,1:28.930,88930.0
6,3,32,10,1:28.922,88922.0
6,3,33,7,1:28.847,88847.0
6,3,34,6,1:28.865,88865.0
6,3,35,2,1:28.952,88952.0
6,3,36,5,1:28.818,88818.0
6,3,37,2,1:28.858,88858.0
6,3,38,3,1:28.528,88528.0
6,3,39,1,1:28.994,88994.0
6,3,40,2,1:28.414,88414.0
6,3,41,10,1:28.798,88798.0
6,3,42,7,1:28.509,88509.0
6,3,43,9,1:28.436,
6,3,44,5,1:28.779,88779.0
6,3,45,4,1:28.582,88582.0
6,3,46,10,1:28.731,88731.0
6,3,47,8,1:28.455,88455.0
6,3,48,8,1:28.474,88474.0
6,3,49,10,1:28.469,88469.0
6,3,50,2,1:28.282,88282.0
6,3,51,4,1:28.351,88351.0
6,3,52,2,1:28.714,88714.0
6,3,53,8,1:28.404,88404.0
6,3,54,6,1:28.420,88420.0
6,3,55,7,1:28.364,88364.0
6,4,1,3,1:30.263,90263.0
6,4,2,2,1:30.254,90254.0
6,4,3,1,1:30.320,90320.0
6,4,4,10,1:30.678,90678.0
6,4,5,2,1:30.338,90338.0
6,4,6,10,1:30.377,90377.0
6,4,7,3,1:30.385,90385.0
6,4,8,7,1:30.300,90300.0
6,4,9,4,1:30.292,90292.0
6,4,10,1,1:30.332,90332.0
6,4,11,10,1:30.331,
6,4,12,5,1:30.424,90424.0
6,4,13,1,1:30.255,90255.0
6,4,14,4,1:30.098,90098.0
6,4,15,1,1:30.204,90204.0
6,4,16,10,1:30.253,90253.0
6,4,17,7,1:30.102,90102.0
6,4,18,2,1:30.064,90064.0
6,4,19,4,1:30.171,90171.0
6,4,20,3,1:29.774,89774.0
6,4,21,3,1:29.895,89895.0
6,4,22,3,1:29.774,89774.0
6,4,23,8,1:30.016,90016.0
6,4,24,3,1:29.853,89853.0
6,4,25,9,1:29.975,89975.0
6,4,26,7,1:29.817,89817.0
6,4,27,1,1:30.038,90038.0
6,4,28,9,1:29.993,89993.0
6,4,29,3,1:29.990,89990.0
6,4,30,8,1:29.633,89633.0
6,4,31,8,1:29.910,89910.0
6,4,32,5,1:29.976,89976.0
6,4,33,10,1:29.853,89853.0
6,4,34,7,1:29.806,89806.0
6,4,35,7,1:29.793,89793.0
6,4,36,7,1:29.927,89927.0
6,4,37,6,1:29.750,89750.0
6,4,38,3,1:30.052,90052.0
6,4,39,9,1:29.770,89770.0
6,4,40,9,1:29.445,89445.0
6,4,41,2,1:29.454,89454.0
6,4,42,5,1:29.512,89512.0
6,4,43,10,1:29.443,89443.0
6,4,44,1,1:29.613,89613.0
6,4,45,9,1:29.637,89637.0
6,4,46,5,1:29.520,89520.0
6,4,47,10,1:29.467,89467.0
6,4,48,1,1:29.613,89613.0
6,4,49,7,1:29.374,89374.0
6,4,50,8,1:29.459,89459.0
6,4,51,8,1:29.668,89668.0
6,4,52,3,1:29.632,89632.0
6,4,53,3,1:29.296,89296.0
6,4,54,10,1:29.497,89497.0
6,4,55,2,1:29.252,89252.0
6,5,1,1,1:29.528,89528.0
6,5,2,5,1:29.790,89790.0
6,5,3,4,1:29.603,89603.0
6,5,4,4,1:29.818,89818.0
6,5,5,1,1:29.603,89603.0
6,5,6,1,1:29.590,89590.0
6,5,7,7,1:29.440,89440.0
6,5,8,4,1:29.597,89597.0
6,5,9,4,1:29.592,89592.0
6,5,10,8,1:29.454,89454.0
6,5,11,8,1:29.675,89675.0
6,5,12,3,1:29.730,89730.0
6,5,13,2,1:29.649,89649.0
6,5,14,8,1:29.492,89492.0
6,5,15,8,1:29.505,89505.0
6,5,16,8,1:29.802,89802.0
6,5,17,2,1:29.639,89639.0
6,5,18,10,1:29.614,89614.0
6,5,19,10,1:29.856,89856.0
6,5,20,4,1:29.493,89493.0
6,5,21,1,1:29.220,89220.0
6,5,22,1,1:29.375,89375.0
6,5,23,10,1:29.341,89341.0
6,5,24,10,1:29.188,89188.0
6,5,25,2,1:29.396,
6,5,26,7,1:29.451,89451.0
6,5,27,9,1:29.478,89478.0
6,5,28,7,1:29.216,89216.0
6,5,29,3,1:29.407,89407.0
6,5,30,1,1:29.119,89119.0
6,5,31,1,1:29.105,89105.0
6,5,32,10,1:29.200,89200.0
6,5,33,4,1:29.210,89210.0
6,5,34,9,1:29.296,89296.0
6,5,35,3,1:29.357,89357.0
6,5,36,10,1:29.220,89220.0
6,5,37,5,1:29.264,89264.0
6,5,38,4,1:29.095,89095.0
6,5,39,1,1:29.064,89064.0
6,5,40,1,1:29.112,89112.0
6,5,41,9,1:29.152,89152.0
6,5,42,2,1:28.964,88964.0
6,5,43,2,1:28.960,88960.0
6,5,44,2,1:28.933,88933.0
6,5,45,2,1:28.914,88914.0
6,5,46,1,1:29.001,89001.0
6,5,47,1,1:28.734,88734.0
6,5,48,2,1:28.960,88960.0
6,5,49,4,1:28.883,88883.0
6,5,50,9,1:28.860,88860.0
6,5,51,10,1:28.853,88853.0
6,5,52,6,1:28.579,88579.0
6,5,53,7,1:28.803,88803.0
6,5,54,1,1:28.663,88663.0
6,5,55,10,1:28.969,88969.0
6,6,1,10,1:29.674,89674.0
6,6,2,10,1:29.396,89396.0
6,6,3,7,1:29.666,89666.0
6,6,4,5,1:29.353,
6,6,5,9,1:29.412,89412.0
6,6,6,4,1:29.617,89617.0
6,6,7,4,1:29.432,
6,6,8,9,1:29.379,89379.0
6,6,9,2,1:29.388,89388.0
6,6,10,5,1:29.479,89479.0
6,6,11,7,1:29.325,89325.0
6,6,12,9,1:29.325,89325.0
6,6,13,8,1:29.494,89494.0
6,6,14,7,1:29.259,89259.0
6,6,15,6,1:29.376,89376.0
6,6,16,4,1:29.506,89506.0
6,6,17,2,1:29.165,89165.0
6,6,18,5,1:29.275,89275.0
6,6,19,2,1:29.267,89267.0
6,6,20,7,1:29.243,89243.0
6,6,21,5,1:28.849,88849.0
6,6,22,1,1:28.936,88936.0
6,6,23,3,1:29.101,89101.0
6,6,24,2,1:29.071,89071.0
6,6,25,2,1:29.081,89081.0
6,6,26,8,1:29.144,89144.0
6,6,27,4,1:29.138,570660.0
6,6,28,9,1:28.950,88950.0
6,6,29,4,1:28.820,88820.0
6,6,30,5,1:28.972,88972.0
6,6,31,3,1:29.102,89102.0
6,6,32,8,1:28.765,88765.0
6,6,33,1,1:28.817,88817.0
6,6,34,1,1:29.000,89000.0
6,6,35,6,1:29.085,89085.0
6,6,36,6,1:28.859,88859.0
6,6,37,3,1:29.078,89078.0
6,6,38,8,1:28.710,88710.0
6,6,39,7,1:29.014,89014.0
6,6,40,10,1:28.620,88620.0
6,6,41,1,1:28.756,88756.0
6,6,42,3,1:28.491,88491.0
6,6,43,7,1:28.622,88622.0
6,6,44,6,1:28.705,88705.0
6,6,45,4,1:28.529,88529.0
6,6,46,3,1:28.615,88615.0
6,6,47,10,1:28.869,88869.0
6,6,48,3,1:28.406,88406.0
6,6,49,2,1:28.449,88449.0
6,6,50,7,1:28.693,88693.0
6,6,51,7,1:28.482,88482.0
6,6,52,6,1:28.484,88484.0
6,6,53,9,1:28.586,88586.0
6,6,54,7,1:28.597,88597.0
6,6,55,6,1:28.371,88371.0
6,7,1,10,1:28.862,88862.0
6,7,2,7,1:29.152,89152.0
6,7,3,3,1:29.177,89177.0
6,7,4,6,1:29.041,89041.0
6,7,5,3,1:28.925,88925.0
6,7,6,7,1:28.928,88928.0
6,7,7,2,1:29.095,89095.0
6,7,8,6,1:29.206,89206.0
6,7,9,5,1:29.065,89065.0
6,7,10,1,1:28.977,88977.0
6,7,11,6,1:28.947,88947.0
6,7,12,6,1:28.950,88950.0
6,7,13,5,1:29.021,
6,7,14,6,1:28.875,88875.0
6,7,15,7,1:29.049,89049.0
6,7,16,1,1:28.846,88846.0
6,7,17,10,1:29.037,89037.0
6,7,18,7,1:28.951,88951.0
6,7,19,2,1:29.111,89111.0
6,7,20,5,1:28.788,88788.0
6,7,21,10,1:28.914,88914.0
6,7,22,1,1:28.558,88558.0
6,7,23,6,1:28.582,88582.0
6,7,24,7,1:28.378,88378.0
6,7,25,9,1:28.628,88628.0
6,7,26,7,1:28.739,88739.0
6,7,27,1,1:28.679,88679.0
6,7,28,1,1:28.699,88699.0
6,7,29,8,1:28.707,88707.0
6,7,30,2,1:28.553,88553.0
6,7,31,9,1:28.338,88338.0
6,7,32,2,1:28.508,88508.0
6,7,33,2,1:28.598,88598.0
6,7,34,8,1:28.519,88519.0
6,7,35,2,1:28.426,88426.0
6,7,36,4,1:28.616,88616.0
6,7,37,1,1:28.605,88605.0
6,7,38,4,1:28.364,88364.0
6,7,39,10,1:28.466,88466.0
6,7,40,5,1:28.244,88244.0
6,7,41,2,1:28.294,88294.0
6,7,42,5,1:28.374,88374.0
6,7,43,4,1:28.150,88150.0
6,7,44,3,1:28.337,88337.0
6,7,45,8,1:28.156,88156.0
6,7,46,8,1:28.225,88225.0
6,7,47,8,1:28.067,88067.0
6,7,48,5,1:28.255,88255.0
6,7,49,2,1:28.193,88193.0
6,7,50,2,1:28.126,88126.0
6,7,51,10,1:28.278,88278.0
6,7,52,3,1:28.217,88217.0
6,7,53,7,1:28.232,88232.0
6,7,54,9,1:28.073,88073.0
6,7,55,7,1:27.907,87907.0
6,8,1,9,1:30.062,90062.0
6,8,2,5,1:30.155,90155.0
6,8,3,7,1:30.233,90233.0
6,8,4,2,1:30.137,90137.0
6,8,5,3,1:30.170,90170.0
6,8,6,6,1:30.201,90201.0
6,8,7,6,1:30.065,90065.0
6,8,8,9,1:30.321,90321.0
6,8,9,6,1:30.417,90417.0
6,8,10,10,1:29.951,89951.0
6,8,11,4,1:30.009,90009.0
6,8,12,9,1:30.255,90255.0
6,8,13,10,1:29.941,89941.0
6,8,14,8,1:30.102,90102.0
6,8,15,9,1:30.174,570660.0
6,8,16,10,1:29.875,89875.0
6,8,17,7,1:30.129,90129.0
6,8,18,7,1:30.036,90036.0
6,8,19,4,1:30.087,90087.0
6,8,20,10,1:29.689,89689.0
6,8,21,5,1:29.905,89905.0
6,8,22,2,1:29.833,89833.0
6,8,23,2,1:29.946,89946.0
6,8,24,1,1:29.692,89692.0
6,8,25,4,1:29.769,89769.0
6,8,26,1,1:29.836,89836.0
6,8,27,10,1:29.712,89712.0
6,8,28,9,1:29.734,89734.0
6,8,29,10,1:29.739,89739.0
6,8,30,4,1:29.757,89757.0
6,8,31,2,1:29.758,89758.0
6,8,32,3,1:29.672,89672.0
6,8,33,8,1:29.600,89600.0
6,8,34,9,1:29.638,89638.0
6,8,35,10,1:29.873,89873.0
6,8,36,7,1:29.738,89738.0
6,8,37,2,1:29.700,89700.0
6,8,38,4,1:29.495,89495.0
6,8,39,9,1:29.612,89612.0
6,8,40,8,1:29.418,89418.0
6,8,41,6,1:29.439,89439.0
6,8,42,1,1:29.291,89291.0
6,8,43,5,1:29.284,89284.0
6,8,44,10,1:29.451,89451.0
6,8,45,8,1:29.303,89303.0
6,8,46,4,1:29.330,89330.0
6,8,47,2,1:29.338,89338.0
6,8,48,1,1:29.630,89630.0
6,8,49,8,1:29.341,89341.0
6,8,50,5,1:29.108,89108.0
6,8,51,7,1:29.244,89244.0
6,8,52,1,1:29.343,89343.0
6,8,53,7,1:28.760,88760.0
6,8,54,5,1:29.508,89508.0
6,8,55,7,1:29.031,89031.0
6,9,1,4,1:29.813,89813.0
6,9,2,10,1:29.858,89858.0
6,9,3,2,1:29.476,89476.0
6,9,4,9,1:29.605,89605.0
6,9,5,9,1:29.507,89507.0
6,9,6,9,1:29.738,89738.0
6,9,7,10,1:29.511,89511.0
6,9,8,5,1:29.747,89747.0
6,9,9,4,1:29.601,89601.0
6,9,10,2,1:29.424,89424.0
6,9,11,2,1:29.611,89611.0
6,9,12,7,1:29.663,89663.0
6,9,13,6,1:29.680,89680.0
6,9,14,7,1:29.595,89595.0
6,9,15,8,1:29.653,89653.0
6,9,16,7,1:29.599,89599.0
6,9,17,7,1:29.641,89641.0
6,9,18,6,1:29.517,89517.0
6,9,19,8,1:29.649,89649.0
6,9,20,9,1:29.385,89385.0
6,9,21,9,1:29.334,89334.0
6,9,22,6,1:29.283,89283.0
6,9,23,6,1:29.253,89253.0
6,9,24,8,1:29.352,89352.0
6,9,25,3,1:29.326,89326.0
6,9,26,4,1:29.227,89227.0
6,9,27,4,1:29.510,89510.0
6,9,28,5,1:29.169,89169.0
6,9,29,5,1:29.147,89147.0
6,9,30,8,1:29.442,89442.0
6,9,31,5,1:29.415,89415.0
6,9,32,2,1:29.135,89135.0
6,9,33,4,1:29.452,89452.0
6,9,34,6,1:29.194,89194.0
6,9,35,9,1:29.391,89391.0
6,9,36,3,1:29.475,89475.0
6,9,37,7,1:29.232,89232.0
6,9,38,6,1:29.121,89121.0
6,9,39,9,1:28.965,88965.0
6,9,40,6,1:29.076,89076.0
6,9,41,3,1:29.002,89002.0
6,9,42,4,1:28.803,88803.0
6,9,43,7,1:28.942,88942.0
6,9,44,6,1:28.958,88958.0
6,9,45,8,1:28.918,88918.0
6,9,46,10,1:28.994,88994.0
6,9,47,10,1:28.507,88507.0
6,9,48,8,1:29.183,89183.0
6,9,49,2,1:28.685,88685.0
6,9,50,1,1:28.857,88857.0
6,9,51,7,1:28.795,88795.0
6,9,52,9,1:28.899,88899.0
6,9,53,5,1:28.853,88853.0
6,9,54,6,1:28.828,88828.0
6,9,55,6,1:29.200,89200.0
6,10,1,4,1:29.127,89127.0
6,10,2,6,1:28.959,88959.0
6,10,3,3,1:28.723,88723.0
6,10,4,1,1:28.993,88993.0
6,10,5,2,1:28.717,88717.0
6,10,6,5,1:29.058,89058.0
6,10,7,2,1:29.050,89050.0
6,10,8,3,1:28.976,88976.0
6,10,9,4,1:28.961,88961.0
6,10,10,8,1:28.995,88995.0
6,10,11,10,1:28.702,88702.0
6,10,12,4,1:28.786,88786.0
6,10,13,3,1:28.913,88913.0
6,10,14,10,1:28.897,88897.0
6,10,15,1,1:28.988,88988.0
6,10,16,4,1:28.738,88738.0
6,10,17,6,1:28.733,88733.0
6,10,18,7,1:28.804,88804.0
6,10,19,8,1:28.409,88409.0
6,10,20,5,1:28.860,88860.0
6,10,21,6,1:28.491,88491.0
6,10,22,6,1:28.786,88786.0
6,10,23,1,1:28.562,88562.0
6,10,24,9,1:28.480,88480.0
6,10,25,5,1:28.518,88518.0
6,10,26,2,1:28.540,88540.0
6,10,27,7,1:28.585,88585.0
6,10,28,8,1:28.500,88500.0
6,10,29,10,1:28.803,88803.0
6,10,30,6,1:28.528,88528.0
6,10,31,3,1:28.503,88503.0
6,10,32,7,1:28.632,88632.0
6,10,33,8,1:28.433,88433.0
6,10,34,3,1:28.274,88274.0
6,10,35,3,1:28.388,88388.0
6,10,36,2,1:28.436,88436.0
6,10,37,8,1:28.499,88499.0
6,10,38,5,1:28.317,88317.0
6,10,39,2,1:28.583,88583.0
6,10,40,7,1:28.306,88306.0
6,10,41,9,1:28.109,88109.0
6,10,42,7,1:28.289,88289.0
6,10,43,3,1:28.193,88193.0
6,10,44,3,1:28.411,88411.0
6,10,45,6,1:28.037,88037.0
6,10,46,7,1:28.172,
6,10,47,7,1:27.947,87947.0
6,10,48,7,1:28.190,88190.0
6,10,49,6,1:28.061,88061.0
6,10,50,9,1:28.045,88045.0
6,10,51,1,1:28.064,88064.0
6,10,52,6,1:28.007,88007.0
6,10,53,7,1:28.293,88293.0
6,10,54,10,1:28.114,88114.0
6,10,55,4,1:28.156,88156.0
7,1,1,4,1:33.541,93541.0
7,1,2,1,1:33.488,93488.0
7,1,3,2,1:33.264,93264.0
7,1,4,10,1:33.401,93401.0
7,1,5,4,1:33.481,93481.0
7,1,6,4,1:33.407,93407.0
7,1,7,10,1:33.435,93435.0
7,1,8,6,1:33.519,93519.0
7,1,9,7,1:33.626,93626.0
7,1,10,4,1:33.560,93560.0
7,1,11,6,1:33.611,93611.0
7,1,12,1,1:33.425,93425.0
7,1,13,10,1:33.542,93542.0
7,1,14,5,1:33.491,93491.0
7,1,15,7,1:33.230,93230.0
7,1,16,10,1:33.364,93364.0
7,1,17,1,1:33.483,93483.0
7,1,18,4,1:33.517,93517.0
7,1,19,1,1:33.531,93531.0
7,1,20,9,1:33.270,93270.0
7,1,21,1,1:32.993,92993.0
7,1,22,2,1:33.053,93053.0
7,1,23,6,1:33.159,93159.0
7,1,24,1,1:32.895,92895.0
7,1,25,10,1:33.051,93051.0
7,1,26,9,1:33.132,93132.0
7,1,27,4,1:33.311,93311.0
7,1,28,8,1:33.355,93355.0
7,1,29,2,1:33.074,93074.0
7,1,30,7,1:32.891,92891.0
7,1,31,10,1:33.170,93170.0
7,1,32,2,1:32.951,92951.0
7,1,33,8,1:33.175,93175.0
7,1,34,10,1:33.149,93149.0
7,1,35,8,1:32.962,92962.0
7,1,36,2,1:32.990,92990.0
7,1,37,2,1:33.083,93083.0
7,1,38,9,1:33.025,93025.0
7,1,39,6,1:33.210,93210.0
7,1,40,10,1:32.697,92697.0
7,1,41,1,1:32.816,92816.0
7,1,42,5,1:32.949,92949.0
7,1,43,4,1:32.843,92843.0
7,1,44,9,1:32.667,92667.0
7,1,45,8,1:32.754,92754.0
7,1,46,3,1:32.729,92729.0
7,1,47,8,1:32.724,92724.0
7,1,48,1,1:32.622,92622.0
7,1,49,9,1:32.634,92634.0
7,1,50,4,1:32.851,92851.0
7,1,51,5,1:32.608,92608.0
7,1,52,6,1:32.525,92525.0
7,1,53,1,1:32.707,92707.0
7,1,54,9,1:32.808,92808.0
7,1,55,4,1:32.629,92629.0
7,1,56,1,1:32.579,92579.0
7,2,1,4,1:34.702,94702.0
7,2,2,4,1:34.796,94796.0
7,2,3,10,1:34.872,94872.0
7,2,4,1,1:34.813,94813.0
7,2,5,2,1:34.702,94702.0
7,2,6,8,1:34.747,94747.0
7,2,7,7,1:34.579,94579.0
7,2,8,2,1:34.621,94621.0
7,2,9,9,1:34.844,94844.0
7,2,10,2,1:34.774,94774.0
7,2,11,6,1:34.516,94516.0
7,2,12,7,1:34.551,94551.0
7,2,13,9,1:34.387,94387.0
7,2,14,9,1:34.860,94860.0
7,2,15,4,1:34.806,94806.0
7,2,16,1,1:34.590,94590.0
7,2,17,2,1:35.074,570660.0
7,2,18,2,1:34.408,94408.0
7,2,19,10,1:34.456,94456.0
7,2,20,1,1:34.476,94476.0
7,2,21,7,1:34.432,94432.0
7,2,22,8,1:34.299,94299.0
7,2,23,2,1:34.227,94227.0
7,2,24,8,1:34.542,94542.0
7,2,25,5,1:34.216,94216.0
7,2,26,1,1:34.568,94568.0
7,2,27,2,1:34.598,94598.0
7,2,28,7,1:34.507,
7,2,29,1,1:34.343,94343.0
7,2,30,3,1:34.359,94359.0
7,2,31,10,1:34.389,94389.0
7,2,32,5,1:34.350,94350.0
7,2,33,4,1:34.315,94315.0
7,2,34,5,1:34.469,94469.0
7,2,35,1,1:34.257,94257.0
7,2,36,2,1:34.229,94229.0
7,2,37,7,1:34.120,94120.0
7,2,38,3,1:34.191,94191.0
7,2,39,4,1:34.248,94248.0
7,2,40,1,1:34.109,94109.0
7,2,41,2,1:34.085,94085.0
7,2,42,4,1:33.989,93989.0
7,2,43,8,1:34.022,94022.0
7,2,44,9,1:33.933,93933.0
7,2,45,3,1:34.095,94095.0
7,2,46,9,1:34.006,94006.0
7,2,47,2,1:33.853,93853.0
7,2,48,8,1:33.784,93784.0
7,2,49,2,1:34.146,94146.0
7,2,50,3,1:33.969,93969.0
7,2,51,7,1:33.964,93964.0
7,2,52,8,1:33.922,93922.0
7,2,53,4,1:33.994,93994.0
7,2,54,8,1:33.554,93554.0
7,2,55,9,1:33.784,93784.0
7,2,56,10,1:33.726,93726.0
7,3,1,1,1:33.874,93874.0
7,3,2,2,1:33.562,93562.0
7,3,3,6,1:33.715,93715.0
7,3,4,7,1:33.716,93716.0
7,3,5,7,1:33.702,93702.0
7,3,6,7,1:33.785,93785.0
7,3,7,10,1:33.763,93763.0
7,3,8,8,1:33.706,93706.0
7,3,9,5,1:33.790,93790.0
7,3,10,6,1:33.415,93415.0
7,3,11,8,1:33.866,93866.0
7,3,12,10,1:33.836,93836.0
7,3,13,5,1:33.619,93619.0
7,3,14,4,1:33.571,93571.0
7,3,15,9,1:33.705,93705.0
7,3,16,1,1:33.534,93534.0
7,3,17,8,1:33.879,93879.0
7,3,18,8,1:33.608,
7,3,19,7,1:33.446,93446.0
7,3,20,3,1:33.452,93452.0
7,3,21,2,1:33.457,93457.0
7,3,22,8,1:33.279,93279.0
7,3,23,1,1:33.316,93316.0
7,3,24,7,1:33.239,93239.0
7,3,25,2,1:33.176,93176.0
7,3,26,1,1:33.550,93550.0
7,3,27,6,1:33.381,93381.0
7,3,28,9,1:33.231,93231.0
7,3,29,7,1:33.259,93259.0
7,3,30,10,1:33.411,93411.0
7,3,31,1,1:33.167,93167.0
7,3,32,5,1:33.282,93282.0
7,3,33,8,1:33.266,93266.0
7,3,34,10,1:33.307,93307.0
7,3,35,3,1:33.282,93282.0
7,3,36,4,1:33.309,93309.0
7,3,37,7,1:33.085,93085.0
7,3,38,5,1:33.100,93100.0
7,3,39,5,1:33.047,93047.0
7,3,40,1,1:33.055,93055.0
7,3,41,2,1:32.961,92961.0
7,3,42,9,1:32.632,92632.0
7,3,43,5,1:32.828,92828.0
7,3,44,5,1:33.174,93174.0
7,3,45,5,1:32.822,92822.0
7,3,46,10,1:32.647,92647.0
7,3,47,9,1:32.771,92771.0
7,3,48,1,1:32.767,92767.0
7,3,49,1,1:32.981,92981.0
7,3,50,1,1:32.965,92965.0
7,3,51,9,1:32.789,92789.0
7,3,52,1,1:32.890,92890.0
7,3,53,2,1:32.815,92815.0
7,3,54,2,1:32.785,92785.0
7,3,55,2,1:32.961,92961.0
7,3,56,7,1:32.950,92950.0
7,4,1,5,1:33.462,93462.0
7,4,2,8,1:33.352,93352.0
7,4,3,5,1:33.602,93602.0
7,4,4,2,1:33.262,
7,4,5,9,1:33.354,93354.0
7,4,6,9,1:33.352,93352.0
7,4,7,5,1:33.516,93516.0
7,4,8,9,1:33.501,93501.0
7,4,9,1,1:33.346,93346.0
7,4,10,7,1:33.198,93198.0
7,4,11,3,1:33.423,93423.0
7,4,12,4,1:33.510,93510.0
7,4,13,8,1:33.331,93331.0
7,4,14,5,1:33.360,93360.0
7,4,15,1,1:33.156,93156.0
7,4,16,8,1:33.412,93412.0
7,4,17,6,1:33.189,
7,4,18,4,1:33.058,93058.0
7,4,19,9,1:33.474,93474.0
7,4,20,9,1:33.253,93253.0
7,4,21,10,1:33.280,93280.0
7,4,22,2,1:33.031,93031.0
7,4,23,8,1:32.974,92974.0
7,4,24,8,1:32.958,92958.0
7,4,25,3,1:32.765,92765.0
7,4,26,10,1:33.159,93159.0
7,4,27,5,1:32.960,92960.0
7,4,28,4,1:32.911,92911.0
7,4,29,8,1:32.838,92838.0
7,4,30,5,1:32.948,92948.0
7,4,31,9,1:33.215,93215.0
7,4,32,9,1:32.757,92757.0
7,4,33,2,1:32.824,92824.0
7,4,34,9,1:33.059,
7,4,35,2,1:32.856,92856.0
7,4,36,1,1:32.933,92933.0
7,4,37,6,1:33.110,93110.0
7,4,38,7,1:32.974,92974.0
7,4,39,7,1:32.580,92580.0
7,4,40,8,1:32.644,92644.0
7,4,41,9,1:32.803,92803.0
7,4,42,4,1:32.414,92414.0
7,4,43,2,1:32.484,92484.0
7,4,44,3,1:32.825,92825.0
7,4,45,5,1:32.520,92520.0
7,4,46,5,1:32.608,92608.0
7,4,47,5,1:32.466,92466.0
7,4,48,3,1:32.592,92592.0
7,4,49,5,1:32.347,92347.0
7,4,50,6,1:32.526,92526.0
7,4,51,8,1:32.390,92390.0
7,4,52,1,1:32.584,92584.0
7,4,53,9,1:32.754,92754.0
7,4,54,9,1:32.512,92512.0
7,4,55,7,1:32.635,92635.0
7,4,56,6,1:32.365,92365.0
7,5,1,6,1:33.517,93517.0
7,5,2,4,1:33.348,93348.0
7,5,3,5,1:33.299,93299.0
7,5,4,2,1:33.118,93118.0
7,5,5,7,1:33.475,93475.0
7,5,6,5,1:33.421,93421.0
7,5,7,2,1:33.216,93216.0
7,5,8,8,1:33.268,93268.0
7,5,9,4,1:33.199,93199.0
7,5,10,10,1:33.385,93385.0
7,5,11,7,1:33.283,93283.0
7,5,12,3,1:33.216,93216.0
7,5,13,3,1:33.241,93241.0
7,5,14,3,1:33.343,93343.0
7,5,15,2,1:33.143,93143.0
7,5,16,9,1:33.180,93180.0
7,5,17,7,1:33.213,93213.0
7,5,18,2,1:33.205,93205.0
7,5,19,2,1:33.158,93158.0
7,5,20,2,1:33.053,93053.0
7,5,21,5,1:32.859,92859.0
7,5,22,2,1:32.931,92931.0
7,5,23,2,1:33.026,93026.0
7,5,24,2,1:33.131,93131.0
7,5,25,5,1:32.887,92887.0
7,5,26,8,1:32.878,92878.0
7,5,27,6,1:32.732,92732.0
7,5,28,9,1:32.818,92818.0
7,5,29,2,1:33.010,93010.0
7,5,30,1,1:32.808,92808.0
7,5,31,2,1:33.005,93005.0
7,5,32,8,1:33.001,93001.0
7,5,33,5,1:32.740,92740.0
7,5,34,7,1:33.052,93052.0
7,5,35,4,1:32.855,92855.0
7,5,36,8,1:32.904,92904.0
7,5,37,6,1:32.931,92931.0
7,5,38,6,1:32.829,92829.0
7,5,39,4,1:32.905,92905.0
7,5,40,3,1:32.548,92548.0
7,5,41,2,1:32.404,92404.0
7,5,42,4,1:32.463,92463.0
7,5,43,5,1:32.579,92579.0
7,5,44,8,1:32.436,92436.0
7,5,45,3,1:32.512,92512.0
7,5,46,2,1:32.550,92550.0
7,5,47,10,1:32.626,92626.0
7,5,48,2,1:32.458,92458.0
7,5,49,4,1:32.519,92519.0
7,5,50,2,1:32.531,92531.0
7,5,51,7,1:32.830,
7,5,52,4,1:32.436,92436.0
7,5,53,9,1:32.531,92531.0
7,5,54,9,1:32.551,92551.0
7,5,55,7,1:32.168,92168.0
7,5,56,10,1:32.727,92727.0
7,6,1,9,1:33.359,93359.0
7,6,2,6,1:33.618,93618.0
7,6,3,2,1:33.426,93426.0
7,6,4,8,1:33.399,93399.0
7,6,5,1,1:33.448,93448.0
7,6,6,6,1:33.588,93588.0
7,6,7,8,1:33.713,93713.0
7,6,8,9,1:33.411,93411.0
7,6,9,8,1:33.597,93597.0
7,6,10,10,1:33.505,93505.0
7,6,11,1,1:33.575,93575.0
7,6,12,1,1:33.456,93456.0
7,6,13,5,1:33.479,93479.0
7,6,14,3,1:33.639,93639.0
7,6,15,1,1:33.389,93389.0
7,6,16,5,1:33.278,93278.0
7,6,17,1,1:33.498,93498.0
7,6,18,10,1:33.343,93343.0
7,6,19,1,1:33.377,93377.0
7,6,20,7,1:33.150,93150.0
7,6,21,4,1:33.417,93417.0
7,6,22,3,1:33.049,93049.0
7,6,23,6,1:33.215,93215.0
7,6,24,2,1:33.258,93258.0
7,6,25,7,1:33.097,93097.0
7,6,26,5,1:32.855,92855.0
7,6,27,3,1:32.866,92866.0
7,6,28,6,1:33.098,93098.0
7,6,29,3,1:32.881,92881.0
7,6,30,6,1:33.040,93040.0
7,6,31,2,1:33.000,93000.0
7,6,32,1,1:33.095,93095.0
7,6,33,7,1:32.916,92916.0
7,6,34,6,1:33.147,93147.0
7,6,35,1,1:33.039,93039.0
7,6,36,2,1:33.066,93066.0
7,6,37,3,1:32.982,92982.0
7,6,38,2,1:32.875,92875.0
7,6,39,10,1:33.213,93213.0
7,6,40,7,1:32.904,92904.0
7,6,41,1,1:32.686,92686.0
7,6,42,10,1:32.789,92789.0
7,6,43,10,1:32.830,92830.0
7,6,44,3,1:32.814,92814.0
7,6,45,3,1:32.898,92898.0
7,6,46,1,1:32.673,92673.0
7,6,47,3,1:32.598,
7,6,48,3,1:32.858,92858.0
7,6,49,8,1:32.524,92524.0
7,6,50,1,1:32.830,92830.0
7,6,51,5,1:32.704,92704.0
7,6,52,2,1:32.567,92567.0
7,6,53,10,1:32.628,92628.0
7,6,54,8,1:32.622,92622.0
7,6,55,2,1:32.384,92384.0
7,6,56,10,1:32.628,92628.0
7,7,1,7,1:33.703,93703.0
7,7,2,3,1:33.666,93666.0
7,7,3,2,1:33.829,93829.0
7,7,4,2,1:33.557,93557.0
7,7,5,10,1:33.759,93759.0
7,7,6,7,1:33.550,93550.0
7,7,7,7,1:33.659,93659.0
7,7,8,7,1:33.627,93627.0
7,7,9,1,1:33.741,93741.0
7,7,10,6,1:33.603,93603.0
7,7,11,4,1:33.489,93489.0
7,7,12,5,1:33.827,93827.0
7,7,13,5,1:33.617,93617.0
7,7,14,10,1:33.563,93563.0
7,7,15,10,1:33.401,93401.0
7,7,16,7,1:33.748,93748.0
7,7,17,4,1:33.559,93559.0
7,7,18,5,1:33.557,
7,7,19,1,1:33.556,93556.0
7,7,20,10,1:32.992,92992.0
7,7,21,7,1:33.329,93329.0
7,7,22,3,1:33.475,93475.0
7,7,23,4,1:33.404,93404.0
7,7,24,9,1:33.429,93429.0
7,7,25,5,1:33.241,93241.0
7,7,26,1,1:33.288,93288.0
7,7,27,9,1:33.232,93232.0
7,7,28,2,1:33.289,
7,7,29,9,1:33.265,93265.0
7,7,30,8,1:33.364,93364.0
7,7,31,2,1:33.318,93318.0
7,7,32,3,1:33.289,93289.0
7,7,33,5,1:33.229,93229.0
7,7,34,8,1:33.189,93189.0
7,7,35,2,1:33.196,93196.0
7,7,36,2,1:33.379,93379.0
7,7,37,4,1:33.175,93175.0
7,7,38,5,1:33.344,93344.0
7,7,39,1,1:33.256,93256.0
7,7,40,3,1:32.874,92874.0
7,7,41,3,1:32.944,92944.0
7,7,42,1,1:32.817,92817.0
7,7,43,3,1:32.904,92904.0
7,7,44,10,1:32.835,92835.0
7,7,45,4,1:32.981,92981.0
7,7,46,3,1:32.981,92981.0
7,7,47,7,1:32.823,92823.0
7,7,48,1,1:32.858,92858.0
7,7,49,3,1:32.692,92692.0
7,7,50,8,1:32.850,92850.0
7,7,51,10,1:33.136,93136.0
7,7,52,8,1:32.902,92902.0
7,7,53,7,1:32.838,92838.0
7,7,54,1,1:32.680,92680.0
7,7,55,8,1:32.584,92584.0
7,7,56,4,1:32.779,92779.0
7,8,1,6,1:33.547,93547.0
7,8,2,6,1:33.452,93452.0
7,8,3,2,1:33.448,93448.0
7,8,4,6,1:33.352,93352.0
7,8,5,3,1:33.557,93557.0
7,8,6,5,1:33.296,93296.0
7,8,7,4,1:33.415,93415.0
7,8,8,2,1:33.175,93175.0
7,8,9,8,1:33.399,93399.0
7,8,10,8,1:33.450,93450.0
7,8,11,1,1:33.655,93655.0
7,8,12,2,1:33.554,93554.0
7,8,13,3,1:33.708,93708.0
7,8,14,4,1:33.383,93383.0
7,8,15,7,1:33.473,93473.0
7,8,16,7,1:33.361,93361.0
7,8,17,10,1:33.262,93262.0
7,8,18,9,1:33.254,93254.0
7,8,19,6,1:33.241,93241.0
7,8,20,7,1:33.059,93059.0
7,8,21,1,1:32.837,92837.0
7,8,22,9,1:32.922,92922.0
7,8,23,1,1:32.946,92946.0
7,8,24,10,1:33.070,93070.0
7,8,25,5,1:33.164,93164.0
7,8,26,5,1:33.156,93156.0
7,8,27,2,1:33.093,93093.0
7,8,28,9,1:33.144,93144.0
7,8,29,1,1:33.114,93114.0
7,8,30,3,1:33.148,93148.0
7,8,31,5,1:32.706,
7,8,32,8,1:32.943,92943.0
7,8,33,3,1:33.110,
7,8,34,7,1:32.790,92790.0
7,8,35,4,1:33.125,93125.0
7,8,36,5,1:32.811,92811.0
7,8,37,5,1:32.912,92912.0
7,8,38,6,1:32.745,92745.0
7,8,39,2,1:33.002,93002.0
7,8,40,2,1:32.802,92802.0
7,8,41,1,1:32.616,92616.0
7,8,42,7,1:32.656,92656.0
7,8,43,7,1:32.854,92854.0
7,8,44,8,1:32.529,92529.0
7,8,45,4,1:32.636,92636.0
7,8,46,5,1:32.597,92597.0
7,8,47,4,1:32.605,92605.0
7,8,48,5,1:32.620,92620.0
7,8,49,1,1:32.679,92679.0
7,8,50,4,1:32.541,92541.0
7,8,51,2,1:32.568,92568.0
7,8,52,8,1:32.371,92371.0
7,8,53,6,1:32.627,92627.0
7,8,54,6,1:32.715,92715.0
7,8,55,5,1:32.627,92627.0
7,8,56,1,1:32.426,92426.0
7,9,1,10,1:34.318,94318.0
7,9,2,1,1:34.108,94108.0
7,9,3,1,1:34.119,94119.0
7,9,4,6,1:34.070,94070.0
7,9,5,2,1:34.242,94242.0
7,9,6,1,1:34.337,94337.0
7,9,7,6,1:34.262,94262.0
7,9,8,10,1:34.373,94373.0
7,9,9,4,1:34.298,94298.0
7,9,10,8,1:34.260,94260.0
7,9,11,9,1:34.293,94293.0
7,9,12,3,1:34.334,94334.0
7,9,13,6,1:34.377,94377.0
7,9,14,10,1:34.161,94161.0
7,9,15,9,1:34.187,94187.0
7,9,16,7,1:34.087,94087.0
7,9,17,5,1:34.351,94351.0
7,9,18,9,1:34.155,94155.0
7,9,19,1,1:34.261,94261.0
7,9,20,6,1:34.022,94022.0
7,9,21,1,1:33.766,93766.0
7,9,22,6,1:33.913,93913.0
7,9,23,1,1:33.986,93986.0
7,9,24,6,1:33.604,93604.0
7,9,25,3,1:33.766,93766.0
7,9,26,4,1:33.895,93895.0
7,9,27,3,1:34.082,94082.0
7,9,28,1,1:33.881,93881.0
7,9,29,1,1:33.860,93860.0
7,9,30,5,1:33.785,93785.0
7,9,31,3,1:33.831,93831.0
7,9,32,9,1:34.010,94010.0
7,9,33,7,1:33.879,93879.0
7,9,34,6,1:33.810,
7,9,35,6,1:33.877,93877.0
7,9,36,8,1:33.743,93743.0
7,9,37,10,1:33.721,93721.0
7,9,38,2,1:33.749,93749.0
7,9,39,3,1:33.729,93729.0
7,9,40,5,1:33.545,93545.0
7,9,41,3,1:33.506,93506.0
7,9,42,8,1:33.543,93543.0
7,9,43,7,1:33.601,
7,9,44,5,1:33.570,93570.0
7,9,45,7,1:33.467,93467.0
7,9,46,3,1:33.362,93362.0
7,9,47,8,1:33.408,93408.0
7,9,48,6,1:33.377,93377.0
7,9,49,6,1:33.475,93475.0
7,9,50,2,1:33.256,93256.0
7,9,51,4,1:33.546,93546.0
7,9,52,7,1:33.339,
7,9,53,5,1:33.300,93300.0
7,9,54,1,1:33.588,93588.0
7,9,55,8,1:33.367,93367.0
7,9,56,1,1:33.536,93536.0
7,10,1,2,1:33.466,93466.0
7,10,2,4,1:33.579,93579.0
7,10,3,1,1:33.631,93631.0
7,10,4,5,1:33.705,93705.0
7,10,5,4,1:33.844,93844.0
7,10,6,10,1:33.441,
7,10,7,5,1:33.450,93450.0
7,10,8,5,1:33.575,93575.0
7,10,9,8,1:33.393,93393.0
7,10,10,3,1:33.461,93461.0
7,10,11,3,1:33.763,93763.0
7,10,12,2,1:33.546,93546.0
7,10,13,4,1:33.620,93620.0
7,10,14,1,1:33.634,93634.0
7,10,15,4,1:33.492,93492.0
7,10,16,4,1:33.509,93509.0
7,10,17,5,1:33.480,93480.0
7,10,18,7,1:33.642,93642.0
7,10,19,4,1:33.425,93425.0
7,10,20,6,1:33.113,93113.0
7,10,21,2,1:33.457,93457.0
7,10,22,3,1:33.256,93256.0
7,10,23,9,1:33.189,93189.0
7,10,24,4,1:33.336,93336.0
7,10,25,10,1:33.412,93412.0
7,10,26,1,1:33.175,93175.0
7,10,27,1,1:33.238,93238.0
7,10,28,9,1:33.089,93089.0
7,10,29,9,1:33.062,93062.0
7,10,30,5,1:33.222,93222.0
7,10,31,5,1:32.954,92954.0
7,10,32,7,1:33.358,
7,10,33,10,1:33.302,93302.0
7,10,34,1,1:32.992,92992.0
7,10,35,2,1:33.207,93207.0
7,10,36,2,1:33.277,
7,10,37,9,1:33.110,93110.0
7,10,38,7,1:32.920,92920.0
7,10,39,8,1:33.230,93230.0
7,10,40,6,1:32.832,92832.0
7,10,41,1,1:32.699,92699.0
7,10,42,5,1:32.937,92937.0
7,10,43,9,1:33.062,93062.0
7,10,44,9,1:32.768,92768.0
7,10,45,5,1:32.711,92711.0
7,10,46,8,1:33.000,93000.0
7,10,47,5,1:32.722,92722.0
7,10,48,8,1:32.871,92871.0
7,10,49,1,1:32.839,92839.0
7,10,50,3,1:32.871,92871.0
7,10,51,2,1:32.782,92782.0
7,10,52,8,1:32.859,92859.0
7,10,53,6,1:32.750,92750.0
7,10,54,4,1:32.832,92832.0
7,10,55,6,1:32.744,92744.0
7,10,56,10,1:32.689,92689.0
8,1,1,10,1:31.893,91893.0
8,1,2,4,1:31.605,91605.0
8,1,3,10,1:31.489,91489.0
8,1,4,8,1:31.528,91528.0
8,1,5,10,1:31.601,91601.0
8,1,6,6,1:31.792,91792.0
8,1,7,9,1:31.735,91735.0
8,1,8,7,1:31.450,91450.0
8,1,9,3,1:31.765,
8,1,10,3,1:31.440,91440.0
8,1,11,3,1:31.353,91353.0
8,1,12,10,1:31.382,91382.0
8,1,13,8,1:31.474,91474.0
8,1,14,6,1:31.496,91496.0
8,1,15,10,1:31.576,91576.0
8,1,16,6,1:31.533,91533.0
8,1,17,9,1:31.747,91747.0
8,1,18,6,1:31.555,91555.0
8,1,19,8,1:31.313,91313.0
8,1,20,3,1:31.196,91196.0
8,1,21,9,1:31.371,91371.0
8,1,22,1,1:31.310,91310.0
8,1,23,8,1:31.309,91309.0
8,1,24,8,1:31.352,91352.0
8,1,25,1,1:31.122,91122.0
8,1,26,10,1:31.158,91158.0
8,1,27,10,1:31.239,91239.0
8,1,28,4,1:31.195,91195.0
8,1,29,9,1:31.052,91052.0
8,1,30,1,1:31.178,91178.0
8,1,31,10,1:31.100,91100.0
8,1,32,2,1:31.173,91173.0
8,1,33,3,1:31.075,91075.0
8,1,34,6,1:31.020,91020.0
8,1,35,9,1:31.414,91414.0
8,1,36,8,1:31.158,91158.0
8,1,37,6,1:31.258,91258.0
8,1,38,8,1:30.802,90802.0
8,1,39,6,1:31.053,91053.0
8,1,40,6,1:30.824,90824.0
8,1,41,8,1:30.870,90870.0
8,1,42,5,1:30.700,90700.0
8,1,43,3,1:30.877,90877.0
8,1,44,1,1:30.863,90863.0
8,1,45,10,1:30.750,
8,1,46,10,1:30.792,90792.0
8,1,47,8,1:31.010,91010.0
8,1,48,3,1:30.878,90878.0
8,1,49,6,1:30.774,90774.0
8,1,50,1,1:30.849,90849.0
8,1,51,6,1:30.729,90729.0
8,1,52,10,1:30.389,90389.0
8,1,53,10,1:30.902,90902.0
8,1,54,5,1:30.967,90967.0
8,1,55,7,1:30.731,90731.0
8,2,1,2,1:30.385,90385.0
8,2,2,7,1:30.341,90341.0
8,2,3,1,1:30.421,570660.0
8,2,4,10,1:30.526,90526.0
8,2,5,4,1:30.375,90375.0
8,2,6,4,1:30.355,90355.0
8,2,7,10,1:30.355,90355.0
8,2,8,10,1:30.455,90455.0
8,2,9,10,1:30.250,90250.0
8,2,10,5,1:30.348,90348.0
8,2,11,4,1:30.354,90354.0
8,2,12,9,1:30.304,90304.0
8,2,13,4,1:30.419,90419.0
8,2,14,5,1:30.289,90289.0
8,2,15,1,1:30.327,90327.0
8,2,16,3,1:30.176,90176.0
8,2,17,2,1:30.287,90287.0
8,2,18,9,1:30.157,90157.0
8,2,19,4,1:30.231,90231.0
8,2,20,5,1:30.140,90140.0
8,2,21,8,1:30.008,90008.0
8,2,22,3,1:30.023,90023.0
8,2,23,4,1:29.859,89859.0
8,2,24,5,1:29.820,89820.0
8,2,25,4,1:29.859,89859.0
8,2,26,2,1:29.892,89892.0
8,2,27,3,1:30.027,90027.0
8,2,28,9,1:30.055,90055.0
8,2,29,10,1:29.832,89832.0
8,2,30,7,1:29.954,89954.0
8,2,31,3,1:30.219,90219.0
8,2,32,3,1:29.860,89860.0
8,2,33,4,1:30.006,90006.0
8,2,34,5,1:29.720,89720.0
8,2,35,5,1:29.806,89806.0
8,2,36,8,1:29.849,89849.0
8,2,37,7,1:29.852,89852.0
8,2,38,5,1:30.052,90052.0
8,2,39,8,1:29.705,89705.0
8,2,40,1,1:29.753,
8,2,41,9,1:29.616,89616.0
8,2,42,6,1:29.450,89450.0
8,2,43,4,1:29.576,89576.0
8,2,44,1,1:29.620,570660.0
8,2,45,2,1:29.419,89419.0
8,2,46,4,1:29.593,89593.0
8,2,47,6,1:29.594,89594.0
8,2,48,6,1:29.511,89511.0
8,2,49,8,1:29.468,89468.0
8,2,50,9,1:29.524,89524.0
8,2,51,5,1:29.529,89529.0
8,2,52,7,1:29.289,89289.0
8,2,53,8,1:29.456,89456.0
8,2,54,4,1:29.532,89532.0
8,2,55,6,1:29.651,89651.0
8,3,1,4,1:30.856,90856.0
8,3,2,7,1:30.615,90615.0
8,3,3,5,1:30.808,90808.0
8,3,4,5,1:30.661,90661.0
8,3,5,1,1:30.468,90468.0
8,3,6,2,1:30.897,90897.0
8,3,7,4,1:30.626,90626.0
8,3,8,4,1:30.764,90764.0
8,3,9,7,1:30.551,90551.0
8,3,10,1,1:30.751,90751.0
8,3,11,10,1:30.637,90637.0
8,3,12,2,1:30.625,90625.0
8,3,13,8,1:30.363,90363.0
8,3,14,5,1:30.739,90739.0
8,3,15,2,1:30.484,90484.0
8,3,16,4,1:30.383,90383.0
8,3,17,5,1:30.570,90570.0
8,3,18,1,1:30.380,90380.0
8,3,19,10,1:30.426,
8,3,20,7,1:30.112,90112.0
8,3,21,2,1:30.290,90290.0
8,3,22,2,1:30.208,90208.0
8,3,23,6,1:30.317,90317.0
8,3,24,2,1:30.355,90355.0
8,3,25,7,1:30.092,90092.0
8,3,26,4,1:30.218,90218.0
8,3,27,2,1:30.026,90026.0
8,3,28,6,1:30.086,90086.0
8,3,29,4,1:30.160,90160.0
8,3,30,4,1:30.086,90086.0
8,3,31,7,1:29.977,89977.0
8,3,32,1,1:29.972,89972.0
8,3,33,5,1:30.132,90132.0
8,3,34,4,1:29.971,89971.0
8,3,35,2,1:30.089,90089.0
8,3,36,5,1:30.082,90082.0
8,3,37,3,1:30.042,90042.0
8,3,38,4,1:30.291,90291.0
8,3,39,8,1:30.009,90009.0
8,3,40,5,1:29.869,89869.0
8,3,41,9,1:29.995,89995.0
8,3,42,1,1:29.769,
8,3,43,4,1:29.653,89653.0
8,3,44,6,1:29.830,89830.0
8,3,45,10,1:29.972,89972.0
8,3,46,7,1:29.833,89833.0
8,3,47,6,1:29.862,89862.0
8,3,48,4,1:29.772,89772.0
8,3,49,7,1:29.795,89795.0
8,3,50,10,1:29.729,89729.0
8,3,51,7,1:29.624,89624.0
8,3,52,9,1:29.828,89828.0
8,3,53,1,1:29.885,89885.0
8,3,54,10,1:29.590,89590.0
8,3,55,3,1:29.875,89875.0
8,4,1,1,1:31.228,91228.0
8,4,2,10,1:31.369,91369.0
8,4,3,4,1:31.386,91386.0
8,4,4,7,1:31.250,91250.0
8,4,5,4,1:31.447,91447.0
8,4,6,10,1:31.057,91057.0
8,4,7,4,1:31.121,91121.0
8,4,8,4,1:31.237,91237.0
8,4,9,9,1:31.177,91177.0
8,4,10,5,1:31.064,91064.0
8,4,11,8,1:31.139,91139.0
8,4,12,8,1:31.190,91190.0
8,4,13,10,1:31.060,91060.0
8,4,14,9,1:31.111,91111.0
8,4,15,8,1:31.169,91169.0
8,4,16,6,1:31.002,91002.0
8,4,17,6,1:31.180,91180.0
8,4,18,7,1:30.757,90757.0
8,4,19,6,1:30.982,90982.0
8,4,20,4,1:30.665,90665.0
8,4,21,10,1:30.913,90913.0
8,4,22,8,1:30.883,90883.0
8,4,23,9,1:30.855,90855.0
8,4,24,3,1:30.846,90846.0
8,4,25,1,1:30.651,90651.0
8,4,26,10,1:30.650,90650.0
8,4,27,4,1:30.713,90713.0
8,4,28,7,1:30.585,90585.0
8,4,29,4,1:30.802,90802.0
8,4,30,4,1:30.628,90628.0
8,4,31,1,1:30.835,90835.0
8,4,32,3,1:30.521,90521.0
8,4,33,8,1:30.650,90650.0
8,4,34,6,1:30.708,90708.0
8,4,35,7,1:30.495,90495.0
8,4,36,1,1:30.714,90714.0
8,4,37,1,1:30.616,90616.0
8,4,38,2,1:30.614,90614.0
8,4,39,10,1:30.663,90663.0
8,4,40,10,1:30.444,90444.0
8,4,41,2,1:30.248,90248.0
8,5,1,5,1:31.031,91031.0
8,5,2,1,1:30.974,90974.0
8,5,3,1,1:30.998,90998.0
8,5,4,2,1:31.056,91056.0
8,5,5,4,1:31.023,91023.0
8,5,6,2,1:30.987,90987.0
8,5,7,5,1:31.331,91331.0
8,5,8,6,1:30.930,90930.0
8,5,9,2,1:31.409,91409.0
8,5,10,1,1:31.057,91057.0
8,5,11,5,1:31.099,91099.0
8,5,12,8,1:30.881,90881.0
8,5,13,1,1:30.957,90957.0
8,5,14,9,1:30.921,90921.0
8,5,15,8,1:31.034,91034.0
8,5,16,4,1:31.075,91075.0
8,5,17,5,1:30.897,90897.0
8,5,18,6,1:31.015,91015.0
8,5,19,3,1:30.950,90950.0
8,5,20,3,1:30.902,90902.0
8,5,21,7,1:30.704,90704.0
8,5,22,2,1:30.700,90700.0
8,5,23,7,1:30.512,90512.0
8,5,24,7,1:30.643,90643.0
8,5,25,10,1:30.596,
8,5,26,7,1:30.679,90679.0
8,5,27,9,1:30.723,90723.0
8,5,28,8,1:30.702,90702.0
8,5,29,6,1:30.450,90450.0
8,5,30,6,1:30.821,90821.0
8,5,31,3,1:30.588,90588.0
8,5,32,7,1:30.549,90549.0
8,5,33,2,1:30.767,90767.0
8,5,34,2,1:30.740,90740.0
8,5,35,5,1:30.553,90553.0
8,5,36,3,1:30.632,90632.0
8,5,37,2,1:30.527,90527.0
8,5,38,6,1:30.583,90583.0
8,5,39,5,1:30.564,90564.0
8,5,40,4,1:30.311,90311.0
8,5,41,9,1:30.204,90204.0
8,5,42,10,1:30.355,90355.0
8,5,43,2,1:30.193,90193.0
8,5,44,10,1:30.191,90191.0
8,5,45,10,1:30.368,90368.0
8,5,46,9,1:30.122,90122.0
8,5,47,6,1:30.381,90381.0
8,5,48,7,1:30.154,90154.0
8,5,49,2,1:30.093,90093.0
8,5,50,5,1:30.306,90306.0
8,5,51,5,1:30.287,90287.0
8,5,52,7,1:30.255,90255.0
8,5,53,4,1:30.119,90119.0
8,5,54,6,1:30.076,90076.0
8,5,55,2,1:30.258,90258.0
8,6,1,8,1:30.207,90207.0
8,6,2,4,1:30.382,90382.0
8,6,3,3,1:30.365,90365.0
8,6,4,3,1:30.266,90266.0
8,6,5,6,1:30.294,90294.0
8,6,6,8,1:30.120,90120.0
8,6,7,6,1:30.152,90152.0
8,6,8,9,1:30.366,90366.0
8,6,9,8,1:30.375,90375.0
8,6,10,2,1:30.105,90105.0
8,6,11,6,1:30.278,90278.0
8,6,12,5,1:30.364,90364.0
8,6,13,3,1:30.221,90221.0
8,6,14,3,1:30.429,90429.0
8,6,15,1,1:30.332,90332.0
8,6,16,2,1:30.079,90079.0
8,6,17,3,1:29.903,89903.0
8,6,18,5,1:30.041,90041.0
8,6,19,2,1:30.010,90010.0
8,6,20,4,1:29.971,89971.0
8,6,21,6,1:29.852,89852.0
8,6,22,6,1:29.788,89788.0
8,6,23,7,1:29.780,89780.0
8,6,24,9,1:29.876,89876.0
8,6,25,1,1:29.843,89843.0
8,6,26,5,1:30.073,90073.0
8,6,27,4,1:30.031,90031.0
8,6,28,4,1:29.731,89731.0
8,6,29,9,1:29.990,89990.0
8,6,30,8,1:29.976,570660.0
8,6,31,2,1:29.899,
8,6,32,8,1:29.875,89875.0
8,6,33,7,1:29.890,89890.0
8,6,34,7,1:30.031,90031.0
8,6,35,4,1:29.868,89868.0
8,6,36,8,1:29.873,89873.0
8,6,37,10,1:29.839,89839.0
8,6,38,7,1:29.654,89654.0
8,6,39,9,1:30.027,90027.0
8,6,40,6,1:29.490,89490.0
8,6,41,5,1:29.650,89650.0
8,6,42,6,1:29.390,89390.0
8,6,43,10,1:29.646,89646.0
8,6,44,7,1:29.493,89493.0
8,6,45,3,1:29.545,89545.0
8,6,46,3,1:29.424,89424.0
8,6,47,6,1:29.391,89391.0
8,6,48,4,1:29.582,89582.0
8,6,49,4,1:29.346,89346.0
8,6,50,5,1:29.417,89417.0
8,6,51,6,1:29.329,89329.0
8,6,52,4,1:29.456,89456.0
8,6,53,5,1:29.387,89387.0
8,6,54,3,1:29.414,89414.0
8,6,55,10,1:29.326,89326.0
8,7,1,5,1:30.702,90702.0
8,7,2,10,1:30.929,90929.0
8,7,3,1,1:30.816,90816.0
8,7,4,9,1:30.793,90793.0
8,7,5,8,1:31.083,91083.0
8,7,6,6,1:30.901,90901.0
8,7,7,1,1:30.814,90814.0
8,7,8,6,1:30.718,90718.0
8,7,9,4,1:30.835,90835.0
8,7,10,5,1:30.814,90814.0
8,7,11,4,1:30.532,90532.0
8,7,12,10,1:31.007,91007.0
8,7,13,1,1:30.923,90923.0
8,7,14,6,1:30.982,90982.0
8,7,15,4,1:30.888,90888.0
8,7,16,1,1:30.675,90675.0
8,7,17,8,1:30.929,90929.0
8,7,18,6,1:31.083,
8,7,19,10,1:30.732,90732.0
8,7,20,4,1:30.509,90509.0
8,7,21,6,1:30.680,90680.0
8,7,22,4,1:30.389,90389.0
8,7,23,3,1:30.445,90445.0
8,7,24,2,1:30.348,90348.0
8,7,25,7,1:30.568,90568.0
8,7,26,8,1:30.486,90486.0
8,7,27,7,1:30.538,90538.0
8,7,28,2,1:30.618,90618.0
8,7,29,7,1:30.414,90414.0
8,7,30,1,1:30.522,90522.0
8,7,31,7,1:30.604,90604.0
8,7,32,6,1:30.177,90177.0
8,7,33,3,1:30.430,90430.0
8,7,34,3,1:30.291,90291.0
8,7,35,3,1:30.425,90425.0
8,7,36,7,1:30.238,90238.0
8,7,37,10,1:30.472,90472.0
8,7,38,4,1:30.335,90335.0
8,7,39,3,1:30.320,90320.0
8,7,40,2,1:30.123,90123.0
8,7,41,6,1:30.129,90129.0
8,7,42,7,1:30.167,90167.0
8,7,43,7,1:30.266,90266.0
8,7,44,7,1:30.178,90178.0
8,7,45,6,1:30.160,90160.0
8,7,46,4,1:29.974,89974.0
8,7,47,9,1:30.047,90047.0
8,7,48,10,1:29.936,89936.0
8,7,49,1,1:29.831,89831.0
8,7,50,5,1:30.017,90017.0
8,7,51,10,1:30.031,90031.0
8,7,52,1,1:30.041,90041.0
8,7,53,5,1:29.972,89972.0
8,7,54,10,1:29.996,89996.0
8,7,55,7,1:30.091,90091.0
8,8,1,6,1:30.641,90641.0
8,8,2,2,1:30.740,90740.0
8,8,3,10,1:30.532,90532.0
8,8,4,4,1:30.638,90638.0
8,8,5,8,1:30.793,90793.0
8,8,6,7,1:30.490,90490.0
8,8,7,7,1:30.928,90928.0
8,8,8,10,1:30.357,90357.0
8,8,9,3,1:30.506,90506.0
8,8,10,7,1:30.596,90596.0
8,8,11,6,1:30.657,90657.0
8,8,12,8,1:30.495,
8,8,13,1,1:30.654,90654.0
8,8,14,10,1:30.377,90377.0
8,8,15,5,1:30.500,90500.0
8,8,16,6,1:30.484,90484.0
8,8,17,7,1:30.360,
8,8,18,8,1:30.486,90486.0
8,8,19,8,1:30.561,90561.0
8,8,20,9,1:30.272,90272.0
8,8,21,1,1:30.066,90066.0
8,8,22,7,1:30.192,90192.0
8,8,23,9,1:30.203,90203.0
8,8,24,9,1:30.129,90129.0
8,8,25,2,1:30.370,90370.0
8,8,26,8,1:30.290,90290.0
8,8,27,4,1:30.074,90074.0
8,8,28,8,1:30.313,90313.0
8,8,29,10,1:30.189,90189.0
8,8,30,5,1:30.308,90308.0
8,8,31,6,1:30.056,90056.0
8,8,32,10,1:30.214,90214.0
8,8,33,5,1:30.010,90010.0
8,8,34,6,1:30.266,90266.0
8,8,35,7,1:30.153,90153.0
8,8,36,6,1:30.255,90255.0
8,8,37,7,1:30.112,90112.0
8,8,38,5,1:29.971,89971.0
8,8,39,5,1:30.187,90187.0
8,8,40,4,1:29.808,89808.0
8,8,41,1,1:29.880,89880.0
8,8,42,4,1:29.762,89762.0
8,8,43,1,1:29.746,89746.0
8,8,44,3,1:29.858,89858.0
8,8,45,10,1:29.789,89789.0
8,8,46,4,1:29.704,89704.0
8,8,47,5,1:29.806,89806.0
8,8,48,6,1:29.735,89735.0
8,8,49,3,1:29.876,89876.0
8,8,50,8,1:29.862,89862.0
8,9,1,7,1:31.025,91025.0
8,9,2,4,1:31.032,91032.0
8,9,3,5,1:30.943,90943.0
8,9,4,6,1:30.941,90941.0
8,9,5,10,1:30.928,90928.0
8,9,6,4,1:30.793,90793.0
8,9,7,10,1:30.806,90806.0
8,9,8,6,1:31.110,91110.0
8,9,9,9,1:30.947,90947.0
8,9,10,8,1:30.851,90851.0
8,9,11,5,1:31.017,91017.0
8,9,12,5,1:30.636,90636.0
8,9,13,4,1:30.882,90882.0
8,9,14,10,1:30.908,90908.0
8,9,15,3,1:30.652,90652.0
8,9,16,4,1:30.769,90769.0
8,9,17,4,1:30.764,90764.0
8,9,18,3,1:30.965,90965.0
8,9,19,6,1:30.877,90877.0
8,9,20,10,1:30.612,90612.0
8,9,21,6,1:30.569,90569.0
8,9,22,8,1:30.672,90672.0
8,9,23,6,1:30.621,90621.0
8,9,24,6,1:30.380,90380.0
8,9,25,4,1:30.598,90598.0
8,9,26,4,1:30.596,90596.0
8,9,27,8,1:30.474,90474.0
8,9,28,3,1:30.707,90707.0
8,9,29,3,1:30.571,90571.0
8,9,30,3,1:30.584,90584.0
8,9,31,9,1:30.467,90467.0
8,9,32,5,1:30.418,90418.0
8,9,33,2,1:30.675,90675.0
8,9,34,6,1:30.531,90531.0
8,9,35,4,1:30.847,90847.0
8,9,36,10,1:30.504,90504.0
8,9,37,2,1:30.433,90433.0
8,9,38,4,1:30.332,90332.0
8,9,39,2,1:30.392,90392.0
8,9,40,2,1:30.122,90122.0
8,9,41,4,1:30.376,90376.0
8,9,42,6,1:30.213,90213.0
8,9,43,4,1:30.260,90260.0
8,9,44,3,1:30.217,90217.0
8,9,45,1,1:30.235,90235.0
8,9,46,8,1:30.161,90161.0
8,9,47,5,1:30.227,90227.0
8,9,48,3,1:30.148,90148.0
8,9,49,8,1:30.304,90304.0
8,9,50,9,1:30.055,90055.0
8,9,51,7,1:30.154,90154.0
8,9,52,5,1:30.024,90024.0
8,9,53,9,1:30.046,90046.0
8,9,54,6,1:30.022,90022.0
8,9,55,9,1:29.994,89994.0
8,10,1,7,1:31.192,91192.0
8,10,2,3,1:31.174,91174.0
8,10,3,9,1:31.175,91175.0
8,10,4,8,1:31.168,91168.0
8,10,5,10,1:31.292,91292.0
8,10,6,7,1:31.234,91234.0
8,10,7,8,1:30.932,90932.0
8,10,8,1,1:31.083,91083.0
8,10,9,9,1:31.216,91216.0
8,10,10,5,1:30.980,90980.0
8,10,11,7,1:31.351,91351.0
8,10,12,3,1:31.244,91244.0
8,10,13,3,1:31.112,91112.0
8,10,14,3,1:31.085,91085.0
8,10,15,3,1:30.926,90926.0
8,10,16,4,1:30.944,
8,10,17,10,1:31.019,91019.0
8,10,18,9,1:31.089,91089.0
8,10,19,4,1:30.872,90872.0
8,10,20,8,1:30.801,90801.0
8,10,21,9,1:30.729,90729.0
8,10,22,5,1:30.766,90766.0
8,10,23,1,1:30.638,90638.0
8,10,24,3,1:30.768,90768.0
8,10,25,1,1:30.752,
8,10,26,3,1:30.896,90896.0
8,10,27,9,1:30.683,90683.0
8,10,28,4,1:30.657,90657.0
8,10,29,8,1:30.889,90889.0
8,10,30,7,1:30.691,90691.0
8,10,31,3,1:30.879,90879.0
8,10,32,10,1:30.674,90674.0
8,10,33,9,1:30.678,90678.0
8,10,34,6,1:30.590,90590.0
8,10,35,9,1:30.683,90683.0
8,10,36,6,1:30.472,90472.0
8,10,37,4,1:30.643,90643.0
8,10,38,7,1:30.781,90781.0
8,10,39,8,1:30.429,90429.0
8,10,40,7,1:30.344,90344.0
8,10,41,5,1:30.509,90509.0
8,10,42,3,1:30.602,90602.0
8,10,43,10,1:30.457,90457.0
8,10,44,8,1:30.399,90399.0
8,10,45,6,1:30.320,90320.0
8,10,46,2,1:30.194,90194.0
8,10,47,4,1:30.247,90247.0
8,10,48,1,1:30.485,
8,10,49,5,1:30.066,90066.0
8,10,50,4,1:30.305,90305.0
8,10,51,4,1:30.088,90088.0
8,10,52,8,1:30.122,90122.0
8,10,53,5,1:30.296,90296.0
8,10,54,3,1:30.366,90366.0
8,10,55,7,1:30.216,90216.0
9,1,1,8,1:20.023,80023.0
9,1,2,9,1:19.905,79905.0
9,1,3,9,1:19.874,79874.0
9,1,4,1,1:19.745,79745.0
9,1,5,4,1:19.579,79579.0
9,1,6,1,1:19.650,79650.0
9,1,7,7,1:19.669,79669.0
9,1,8,7,1:19.675,79675.0
9,1,9,10,1:19.765,79765.0
9,1,10,3,1:19.470,
9,1,11,10,1:19.596,79596.0
9,1,12,2,1:19.707,79707.0
9,1,13,1,1:19.730,79730.0
9,1,14,10,1:19.567,79567.0
9,1,15,5,1:19.683,79683.0
9,1,16,1,1:19.509,79509.0
9,1,17,1,1:19.726,79726.0
9,1,18,1,1:19.743,79743.0
9,1,19,4,1:19.548,79548.0
9,1,20,3,1:19.314,79314.0
9,1,21,1,1:19.444,79444.0
9,1,22,6,1:19.331,79331.0
9,1,23,7,1:19.059,79059.0
9,1,24,2,1:19.352,79352.0
9,1,25,5,1:19.284,79284.0
9,1,26,6,1:19.186,79186.0
9,1,27,9,1:19.250,79250.0
9,1,28,4,1:19.242,79242.0
9,1,29,8,1:19.425,79425.0
9,1,30,10,1:19.209,79209.0
9,1,31,4,1:19.199,79199.0
9,1,32,2,1:19.434,79434.0
9,1,33,1,1:19.404,79404.0
9,1,34,6,1:19.094,79094.0
9,1,35,2,1:19.097,79097.0
9,1,36,2,1:19.311,79311.0
9,1,37,10,1:18.989,78989.0
9,1,38,10,1:19.424,79424.0
9,1,39,6,1:19.195,79195.0
9,1,40,1,1:19.051,79051.0
9,1,41,6,1:18.835,78835.0
9,1,42,7,1:18.942,78942.0
9,1,43,10,1:18.835,78835.0
9,1,44,6,1:19.122,79122.0
9,1,45,3,1:18.816,78816.0
9,1,46,2,1:18.873,78873.0
9,1,47,3,1:18.914,78914.0
9,1,48,7,1:18.838,78838.0
9,1,49,8,1:18.970,78970.0
9,1,50,1,1:18.946,78946.0
9,1,51,1,1:18.589,78589.0
9,1,52,4,1:18.980,78980.0
9,1,53,1,1:18.944,78944.0
9,1,54,3,1:18.721,78721.0
9,2,1,9,1:18.975,78975.0
9,2,2,7,1:19.206,79206.0
9,2,3,5,1:19.023,79023.0
9,2,4,2,1:18.847,78847.0
9,2,5,3,1:19.041,79041.0
9,2,6,3,1:19.152,79152.0
9,2,7,5,1:18.931,78931.0
9,2,8,2,1:19.115,79115.0
9,2,9,6,1:18.969,78969.0
9,2,10,9,1:19.278,79278.0
9,2,11,4,1:18.835,78835.0
9,2,12,7,1:18.998,78998.0
9,2,13,8,1:18.980,78980.0
9,2,14,1,1:18.918,78918.0
9,2,15,9,1:18.904,78904.0
9,2,16,9,1:19.182,79182.0
9,2,17,4,1:18.890,78890.0
9,2,18,5,1:18.868,78868.0
9,2,19,5,1:18.857,78857.0
9,2,20,10,1:18.466,78466.0
9,2,21,8,1:18.625,78625.0
9,2,22,3,1:18.777,78777.0
9,2,23,9,1:18.484,78484.0
9,2,24,7,1:18.512,78512.0
9,2,25,4,1:18.785,78785.0
9,2,26,9,1:18.672,78672.0
9,2,27,4,1:18.712,78712.0
9,2,28,2,1:18.423,78423.0
9,2,29,7,1:18.416,78416.0
9,2,30,10,1:18.421,78421.0
9,2,31,10,1:18.611,78611.0
9,2,32,3,1:18.601,78601.0
9,2,33,1,1:18.605,78605.0
9,2,34,8,1:18.423,78423.0
9,2,35,5,1:18.618,78618.0
9,2,36,9,1:18.194,78194.0
9,2,37,6,1:18.594,78594.0
9,2,38,8,1:18.564,78564.0
9,2,39,3,1:18.667,78667.0
9,2,40,1,1:18.372,78372.0
9,2,41,2,1:18.262,
9,2,42,8,1:18.109,78109.0
9,2,43,7,1:18.227,78227.0
9,2,44,2,1:18.197,78197.0
9,2,45,2,1:18.350,78350.0
9,2,46,5,1:18.452,78452.0
9,2,47,8,1:18.451,78451.0
9,2,48,4,1:18.254,78254.0
9,2,49,9,1:18.323,78323.0
9,2,50,6,1:18.015,78015.0
9,2,51,2,1:18.315,78315.0
9,2,52,6,1:18.129,
9,2,53,8,1:18.149,78149.0
9,2,54,9,1:18.117,78117.0
9,3,1,8,1:20.052,
9,3,2,3,1:20.223,80223.0
9,3,3,3,1:19.758,79758.0
9,3,4,6,1:19.864,79864.0
9,3,5,4,1:19.965,79965.0
9,3,6,8,1:19.909,79909.0
9,3,7,8,1:20.052,80052.0
9,3,8,10,1:19.796,79796.0
9,3,9,4,1:19.790,79790.0
9,3,10,4,1:19.757,79757.0
9,3,11,1,1:19.891,79891.0
9,3,12,7,1:19.794,79794.0
9,3,13,7,1:19.986,79986.0
9,3,14,8,1:20.000,80000.0
9,3,15,1,1:19.841,79841.0
9,3,16,2,1:19.789,79789.0
9,3,17,3,1:19.848,79848.0
9,3,18,10,1:19.791,79791.0
9,3,19,10,1:19.895,79895.0
9,3,20,3,1:19.676,79676.0
9,3,21,1,1:19.507,79507.0
9,3,22,5,1:19.576,79576.0
9,3,23,6,1:19.743,79743.0
9,3,24,10,1:19.376,79376.0
9,3,25,7,1:19.471,79471.0
9,3,26,7,1:19.371,79371.0
9,3,27,8,1:19.603,79603.0
9,3,28,2,1:19.463,79463.0
9,3,29,3,1:19.466,79466.0
9,3,30,2,1:19.703,79703.0
9,3,31,2,1:19.408,79408.0
9,3,32,4,1:19.584,79584.0
9,3,33,9,1:19.455,79455.0
9,3,34,10,1:19.410,79410.0
9,3,35,5,1:19.566,
9,3,36,1,1:19.394,79394.0
9,3,37,3,1:19.360,79360.0
9,3,38,10,1:19.510,79510.0
9,3,39,5,1:19.263,79263.0
9,3,40,8,1:18.880,78880.0
9,3,41,5,1:19.248,79248.0
9,3,42,1,1:19.149,79149.0
9,3,43,2,1:18.958,78958.0
9,3,44,7,1:19.095,
9,3,45,7,1:19.064,79064.0
9,3,46,3,1:19.207,79207.0
9,3,47,10,1:19.401,79401.0
9,3,48,2,1:19.255,79255.0
9,3,49,8,1:19.013,79013.0
9,3,50,4,1:19.062,79062.0
9,3,51,4,1:18.905,78905.0
9,3,52,4,1:18.995,78995.0
9,3,53,9,1:18.846,78846.0
9,3,54,2,1:19.008,79008.0
9,4,1,2,1:19.596,79596.0
9,4,2,9,1:19.506,79506.0
9,4,3,4,1:19.573,79573.0
9,4,4,6,1:19.525,79525.0
9,4,5,4,1:19.476,
9,4,6,4,1:19.557,79557.0
9,4,7,4,1:19.482,79482.0
9,4,8,3,1:19.622,79622.0
9,4,9,7,1:19.290,79290.0
9,4,10,6,1:19.450,79450.0
9,4,11,2,1:19.483,79483.0
9,4,12,9,1:19.237,79237.0
9,4,13,3,1:19.412,79412.0
9,4,14,6,1:19.502,79502.0
9,4,15,3,1:19.389,79389.0
9,4,16,7,1:19.220,79220.0
9,4,17,7,1:19.643,79643.0
9,4,18,3,1:19.560,79560.0
9,4,19,7,1:19.269,79269.0
9,4,20,4,1:19.208,79208.0
9,4,21,4,1:19.027,79027.0
9,4,22,3,1:19.126,79126.0
9,4,23,8,1:19.164,79164.0
9,4,24,7,1:19.180,79180.0
9,4,25,2,1:19.283,79283.0
9,4,26,4,1:19.293,79293.0
9,4,27,3,1:19.004,79004.0
9,4,28,6,1:19.128,79128.0
9,4,29,10,1:18.933,78933.0
9,4,30,9,1:19.054,79054.0
9,4,31,8,1:18.943,78943.0
9,4,32,6,1:19.055,79055.0
9,4,33,10,1:19.020,79020.0
9,4,34,8,1:19.010,79010.0
9,4,35,6,1:18.969,78969.0
9,4,36,4,1:18.928,78928.0
9,4,37,5,1:19.316,79316.0
9,4,38,7,1:18.919,78919.0
9,4,39,10,1:18.920,78920.0
9,4,40,9,1:18.575,78575.0
9,4,41,9,1:18.776,78776.0
9,4,42,10,1:18.757,78757.0
9,4,43,5,1:18.858,78858.0
9,4,44,5,1:18.647,78647.0
9,4,45,2,1:18.716,78716.0
9,4,46,10,1:18.697,78697.0
9,4,47,10,1:18.582,78582.0
9,4,48,4,1:18.467,78467.0
9,4,49,7,1:18.710,78710.0
9,4,50,4,1:18.671,78671.0
9,4,51,8,1:18.498,78498.0
9,4,52,5,1:18.776,78776.0
9,4,53,9,1:18.700,78700.0
9,4,54,7,1:18.808,78808.0
9,5,1,2,1:19.735,79735.0
9,5,2,10,1:19.639,79639.0
9,5,3,9,1:19.621,79621.0
9,5,4,7,1:19.634,79634.0
9,5,5,5,1:19.654,79654.0
9,5,6,7,1:19.682,79682.0
9,5,7,7,1:19.378,79378.0
9,5,8,10,1:19.399,79399.0
9,5,9,1,1:19.590,79590.0
9,5,10,2,1:19.492,79492.0
9,5,11,6,1:19.556,79556.0
9,5,12,7,1:19.285,79285.0
9,5,13,1,1:19.463,79463.0
9,5,14,10,1:19.170,79170.0
9,5,15,1,1:19.392,79392.0
9,5,16,10,1:19.622,79622.0
9,5,17,8,1:19.538,79538.0
9,5,18,1,1:19.511,79511.0
9,5,19,6,1:19.544,79544.0
9,5,20,4,1:19.243,79243.0
9,5,21,7,1:19.145,79145.0
9,5,22,9,1:19.396,
9,5,23,6,1:19.371,
9,5,24,8,1:19.083,79083.0
9,5,25,1,1:19.342,79342.0
9,5,26,1,1:19.221,79221.0
9,5,27,10,1:19.097,79097.0
9,5,28,7,1:19.035,79035.0
9,5,29,10,1:19.233,
9,5,30,2,1:19.345,79345.0
9,5,31,9,1:19.226,79226.0
9,5,32,5,1:19.157,79157.0
9,5,33,8,1:19.382,79382.0
9,5,34,8,1:19.110,79110.0
9,5,35,9,1:19.279,79279.0
9,5,36,5,1:19.399,79399.0
9,5,37,8,1:19.005,79005.0
9,5,38,4,1:19.232,79232.0
9,5,39,5,1:18.934,78934.0
9,5,40,4,1:18.821,78821.0
9,5,41,7,1:18.945,78945.0
9,5,42,2,1:18.868,78868.0
9,5,43,1,1:18.757,78757.0
9,5,44,4,1:19.280,79280.0
9,5,45,8,1:18.872,78872.0
9,5,46,1,1:18.625,78625.0
9,5,47,9,1:18.697,78697.0
9,5,48,7,1:18.701,78701.0
9,5,49,2,1:18.755,78755.0
9,5,50,4,1:18.899,78899.0
9,5,51,10,1:18.722,78722.0
9,5,52,3,1:18.894,78894.0
9,5,53,9,1:18.719,78719.0
9,5,54,2,1:18.803,78803.0
9,6,1,3,1:19.469,79469.0
9,6,2,10,1:19.714,79714.0
9,6,3,1,1:19.726,79726.0
9,6,4,8,1:19.543,79543.0
9,6,5,10,1:19.762,79762.0
9,6,6,9,1:19.408,79408.0
9,6,7,7,1:19.742,79742.0
9,6,8,8,1:19.678,79678.0
9,6,9,5,1:19.469,79469.0
9,6,10,10,1:19.534,79534.0
9,6,11,1,1:19.436,79436.0
9,6,12,3,1:19.621,79621.0
9,6,13,7,1:19.409,79409.0
9,6,14,1,1:19.608,79608.0
9,6,15,5,1:19.700,79700.0
9,6,16,3,1:19.579,79579.0
9,6,17,6,1:19.560,79560.0
9,6,18,6,1:19.613,79613.0
9,6,19,9,1:19.473,79473.0
9,6,20,8,1:19.234,79234.0
9,6,21,2,1:19.284,79284.0
9,6,22,8,1:19.299,79299.0
9,6,23,10,1:19.194,79194.0
9,6,24,8,1:19.119,79119.0
9,6,25,2,1:19.241,79241.0
9,6,26,2,1:19.069,79069.0
9,6,27,7,1:18.974,78974.0
9,6,28,9,1:19.179,79179.0
9,6,29,2,1:19.098,79098.0
9,6,30,5,1:19.349,79349.0
9,6,31,4,1:19.236,79236.0
9,6,32,9,1:19.406,79406.0
9,6,33,2,1:19.131,79131.0
9,6,34,4,1:18.991,78991.0
9,6,35,2,1:19.070,79070.0
9,6,36,3,1:19.029,79029.0
9,6,37,3,1:19.064,79064.0
9,6,38,6,1:19.083,79083.0
9,6,39,6,1:18.939,78939.0
9,6,40,5,1:18.757,78757.0
9,6,41,5,1:18.808,570660.0
9,6,42,2,1:19.044,79044.0
9,6,43,6,1:18.622,78622.0
9,6,44,6,1:18.857,78857.0
9,6,45,2,1:18.784,78784.0
9,6,46,4,1:18.646,78646.0
9,6,47,6,1:18.655,78655.0
9,6,48,1,1:18.854,78854.0
9,6,49,7,1:18.839,78839.0
9,6,50,1,1:18.964,78964.0
9,6,51,8,1:18.684,78684.0
9,6,52,7,1:18.876,78876.0
9,6,53,6,1:18.755,78755.0
9,6,54,9,1:18.572,78572.0
9,7,1,7,1:19.698,79698.0
9,7,2,7,1:19.656,79656.0
9,7,3,10,1:19.671,79671.0
9,7,4,1,1:19.663,79663.0
9,7,5,1,1:19.850,79850.0
9,7,6,6,1:19.628,79628.0
9,7,7,7,1:19.662,79662.0
9,7,8,4,1:19.976,79976.0
9,7,9,6,1:19.704,79704.0
9,7,10,6,1:19.816,79816.0
9,7,11,10,1:19.658,79658.0
9,7,12,3,1:19.743,79743.0
9,7,13,1,1:19.711,79711.0
9,7,14,9,1:19.744,79744.0
9,7,15,8,1:19.687,79687.0
9,7,16,4,1:19.663,79663.0
9,7,17,8,1:19.719,79719.0
9,7,18,8,1:19.732,79732.0
9,7,19,8,1:19.533,79533.0
9,7,20,5,1:19.307,79307.0
9,7,21,5,1:19.595,79595.0
9,7,22,2,1:19.429,79429.0
9,7,23,5,1:19.430,79430.0
9,7,24,6,1:19.258,79258.0
9,7,25,1,1:19.409,79409.0
9,7,26,6,1:19.298,79298.0
9,7,27,2,1:19.307,79307.0
9,7,28,3,1:19.520,79520.0
9,7,29,9,1:19.373,79373.0
9,7,30,1,1:19.416,79416.0
9,7,31,10,1:19.362,79362.0
9,7,32,4,1:19.364,79364.0
9,7,33,9,1:19.353,79353.0
9,7,34,1,1:19.309,79309.0
9,7,35,4,1:19.311,79311.0
9,7,36,8,1:19.330,79330.0
9,7,37,4,1:19.149,79149.0
9,7,38,9,1:19.242,79242.0
9,7,39,5,1:19.332,79332.0
9,7,40,4,1:19.082,79082.0
9,7,41,3,1:19.092,79092.0
9,7,42,1,1:19.146,79146.0
9,7,43,3,1:18.884,78884.0
9,7,44,9,1:18.957,78957.0
9,7,45,2,1:19.036,79036.0
9,7,46,4,1:19.027,79027.0
9,7,47,8,1:18.926,78926.0
9,7,48,8,1:18.941,78941.0
9,7,49,1,1:19.056,79056.0
9,7,50,4,1:18.826,78826.0
9,7,51,3,1:18.861,78861.0
9,7,52,1,1:18.987,78987.0
9,7,53,9,1:19.111,79111.0
9,7,54,1,1:18.865,78865.0
9,8,1,1,1:19.541,79541.0
9,8,2,3,1:19.673,79673.0
9,8,3,6,1:19.429,79429.0
9,8,4,6,1:19.651,79651.0
9,8,5,9,1:19.656,79656.0
9,8,6,8,1:19.512,79512.0
9,8,7,6,1:19.410,79410.0
9,8,8,1,1:19.572,79572.0
9,8,9,6,1:19.452,570660.0
9,8,10,10,1:19.468,79468.0
9,8,11,6,1:19.591,79591.0
9,8,12,3,1:19.233,79233.0
9,8,13,4,1:19.580,79580.0
9,8,14,4,1:19.593,79593.0
9,8,15,2,1:19.278,79278.0
9,8,16,3,1:19.574,79574.0
9,8,17,7,1:19.550,79550.0
9,8,18,5,1:19.451,79451.0
9,8,19,1,1:19.376,79376.0
9,8,20,1,1:19.325,79325.0
9,8,21,8,1:19.482,79482.0
9,8,22,3,1:19.474,79474.0
9,8,23,10,1:19.350,79350.0
9,8,24,1,1:19.179,79179.0
9,8,25,2,1:19.169,79169.0
9,8,26,10,1:18.987,78987.0
9,8,27,10,1:19.300,79300.0
9,8,28,9,1:19.153,79153.0
9,8,29,8,1:19.079,79079.0
9,8,30,8,1:18.922,78922.0
9,8,31,7,1:18.941,78941.0
9,8,32,3,1:19.159,79159.0
9,8,33,8,1:18.946,78946.0
9,8,34,9,1:19.138,79138.0
9,8,35,2,1:19.202,79202.0
9,8,36,5,1:18.941,78941.0
9,8,37,3,1:18.798,78798.0
9,8,38,10,1:18.815,78815.0
9,8,39,9,1:19.319,79319.0
9,8,40,5,1:18.832,
9,8,41,4,1:18.777,78777.0
9,8,42,9,1:18.910,78910.0
9,8,43,7,1:18.825,78825.0
9,8,44,8,1:18.787,78787.0
9,8,45,10,1:18.718,78718.0
9,8,46,5,1:18.808,78808.0
9,8,47,10,1:18.819,78819.0
9,8,48,7,1:18.700,78700.0
9,8,49,3,1:18.915,78915.0
9,8,50,5,1:18.721,78721.0
9,8,51,6,1:18.518,78518.0
9,8,52,4,1:18.669,
9,8,53,1,1:18.948,78948.0
9,8,54,5,1:18.474,78474.0
9,9,1,6,1:20.052,80052.0
9,9,2,10,1:19.841,79841.0
9,9,3,7,1:19.849,79849.0
9,9,4,1,1:19.729,79729.0
9,9,5,5,1:19.814,79814.0
9,9,6,3,1:19.772,79772.0
9,9,7,3,1:19.707,79707.0
9,9,8,7,1:19.929,79929.0
9,9,9,5,1:19.967,79967.0
9,9,10,9,1:19.773,79773.0
9,9,11,2,1:19.834,79834.0
9,9,12,8,1:19.894,79894.0
9,9,13,7,1:19.597,79597.0
9,9,14,10,1:19.909,79909.0
9,9,15,7,1:19.875,79875.0
9,9,16,9,1:19.855,79855.0
9,9,17,2,1:19.655,79655.0
9,9,18,2,1:19.835,79835.0
9,9,19,7,1:19.861,79861.0
9,9,20,7,1:19.479,79479.0
9,9,21,4,1:19.543,79543.0
9,9,22,7,1:19.519,79519.0
9,9,23,10,1:19.504,79504.0
9,9,24,3,1:19.611,79611.0
9,9,25,6,1:19.524,79524.0
9,9,26,10,1:19.458,79458.0
9,9,27,7,1:19.651,79651.0
9,9,28,7,1:19.581,
9,9,29,3,1:19.454,79454.0
9,9,30,2,1:19.336,79336.0
9,9,31,1,1:19.449,79449.0
9,9,32,3,1:19.506,79506.0
9,9,33,1,1:19.263,79263.0
9,9,34,10,1:19.506,79506.0
9,9,35,4,1:19.262,79262.0
9,9,36,5,1:19.533,79533.0
9,9,37,5,1:19.396,79396.0
9,9,38,7,1:19.441,79441.0
9,9,39,10,1:19.516,79516.0
9,9,40,3,1:19.188,79188.0
9,9,41,4,1:19.333,79333.0
9,9,42,7,1:19.212,79212.0
9,9,43,5,1:18.953,78953.0
9,9,44,4,1:19.129,79129.0
9,9,45,3,1:19.100,79100.0
9,9,46,4,1:19.142,79142.0
9,9,47,10,1:18.910,78910.0
9,9,48,5,1:19.083,79083.0
9,9,49,5,1:19.046,79046.0
9,9,50,3,1:18.859,78859.0
9,9,51,9,1:19.098,79098.0
9,9,52,7,1:19.077,79077.0
9,9,53,10,1:18.856,78856.0
9,9,54,5,1:18.990,78990.0
9,10,1,6,1:19.867,79867.0
9,10,2,4,1:19.835,79835.0
9,10,3,2,1:19.799,79799.0
9,10,4,8,1:19.615,79615.0
9,10,5,5,1:19.858,79858.0
9,10,6,4,1:19.872,79872.0
9,10,7,5,1:19.891,79891.0
9,10,8,3,1:19.772,79772.0
9,10,9,7,1:19.911,79911.0
9,10,10,4,1:19.963,79963.0
9,10,11,6,1:19.873,79873.0
9,10,12,2,1:19.794,79794.0
9,10,13,2,1:19.670,79670.0
9,10,14,4,1:19.618,79618.0
9,10,15,4,1:19.751,79751.0
9,10,16,8,1:19.561,79561.0
9,10,17,7,1:19.724,79724.0
9,10,18,1,1:19.580,79580.0
9,10,19,1,1:19.668,79668.0
9,10,20,6,1:19.391,79391.0
9,10,21,3,1:19.568,79568.0
9,10,22,5,1:19.211,79211.0
9,10,23,7,1:19.441,79441.0
9,10,24,6,1:19.481,79481.0
9,10,25,7,1:19.360,79360.0
9,10,26,4,1:19.416,79416.0
9,10,27,2,1:19.356,79356.0
9,10,28,3,1:19.362,79362.0
9,10,29,8,1:19.386,79386.0
9,10,30,5,1:19.361,79361.0
9,10,31,8,1:19.444,79444.0
9,10,32,6,1:19.457,79457.0
9,10,33,8,1:19.396,79396.0
9,10,34,7,1:19.365,79365.0
9,10,35,7,1:19.276,79276.0
9,10,36,2,1:19.580,79580.0
9,10,37,8,1:19.474,79474.0
9,10,38,5,1:19.424,79424.0
9,10,39,1,1:19.209,79209.0
9,10,40,8,1:19.179,79179.0
9,10,41,5,1:19.235,79235.0
9,10,42,5,1:18.991,78991.0
9,10,43,4,1:19.303,79303.0
10,1,1,7,1:22.101,
10,1,2,1,1:22.002,82002.0
10,1,3,6,1:22.032,82032.0
10,1,4,7,1:22.135,82135.0
10,1,5,1,1:22.007,82007.0
10,1,6,2,1:21.987,81987.0
10,1,7,4,1:22.162,82162.0
10,1,8,9,1:21.978,81978.0
10,1,9,5,1:21.868,81868.0
10,1,10,2,1:21.867,81867.0
10,1,11,5,1:22.079,82079.0
10,1,12,8,1:22.268,82268.0
10,1,13,1,1:21.842,81842.0
10,1,14,7,1:21.932,81932.0
10,1,15,9,1:21.900,81900.0
10,1,16,9,1:22.183,82183.0
10,1,17,6,1:22.099,82099.0
10,1,18,8,1:22.104,82104.0
10,1,19,5,1:21.742,81742.0
10,1,20,5,1:21.664,81664.0
10,1,21,3,1:21.765,81765.0
10,1,22,5,1:21.730,81730.0
10,1,23,8,1:21.718,81718.0
10,1,24,2,1:21.796,81796.0
10,1,25,3,1:21.741,81741.0
10,1,26,6,1:21.763,81763.0
10,1,27,3,1:21.806,81806.0
10,1,28,10,1:21.692,81692.0
10,1,29,4,1:21.831,81831.0
10,1,30,10,1:21.900,81900.0
10,1,31,6,1:21.514,81514.0
10,1,32,10,1:21.553,81553.0
10,1,33,6,1:21.922,81922.0
10,1,34,8,1:21.591,81591.0
10,1,35,1,1:21.599,81599.0
10,1,36,4,1:21.596,81596.0
10,1,37,8,1:21.611,81611.0
10,1,38,8,1:21.626,81626.0
10,1,39,1,1:21.613,81613.0
10,1,40,8,1:21.520,81520.0
10,1,41,8,1:21.333,81333.0
10,1,42,10,1:21.215,81215.0
10,1,43,6,1:21.431,81431.0
10,1,44,1,1:21.189,81189.0
10,1,45,4,1:21.301,81301.0
10,1,46,1,1:21.337,81337.0
10,1,47,10,1:21.487,81487.0
10,1,48,2,1:21.425,81425.0
10,1,49,4,1:21.213,81213.0
10,1,50,2,1:21.309,81309.0
10,1,51,4,1:21.355,81355.0
10,1,52,8,1:21.178,81178.0
10,1,53,3,1:21.365,81365.0
10,1,54,6,1:21.181,81181.0
10,2,1,1,1:22.563,82563.0
10,2,2,10,1:22.571,82571.0
10,2,3,6,1:22.411,82411.0
10,2,4,3,1:22.568,82568.0
10,2,5,5,1:22.407,82407.0
10,2,6,6,1:22.611,82611.0
10,2,7,4,1:22.609,82609.0
10,2,8,1,1:22.554,82554.0
10,2,9,5,1:22.534,82534.0
10,2,10,7,1:22.576,82576.0
10,2,11,1,1:22.182,82182.0
10,2,12,8,1:22.549,82549.0
10,2,13,10,1:22.430,82430.0
10,2,14,9,1:22.561,82561.0
10,2,15,2,1:22.473,82473.0
10,2,16,8,1:22.590,82590.0
10,2,17,2,1:22.433,82433.0
10,2,18,1,1:22.097,82097.0
10,2,19,3,1:22.392,82392.0
10,2,20,6,1:22.210,82210.0
10,2,21,3,1:22.193,82193.0
10,2,22,8,1:22.335,82335.0
10,2,23,3,1:22.156,82156.0
10,2,24,3,1:22.179,82179.0
10,2,25,6,1:21.986,
10,2,26,3,1:22.090,82090.0
10,2,27,9,1:22.198,82198.0
10,2,28,2,1:22.083,82083.0
10,2,29,2,1:22.092,82092.0
10,2,30,8,1:22.200,82200.0
10,2,31,8,1:22.172,82172.0
10,2,32,3,1:22.047,82047.0
10,2,33,9,1:22.223,82223.0
10,2,34,5,1:21.904,81904.0
10,2,35,3,1:21.917,81917.0
10,2,36,6,1:22.199,82199.0
10,2,37,8,1:21.975,81975.0
10,2,38,5,1:22.013,
10,2,39,10,1:22.100,82100.0
10,2,40,3,1:21.719,81719.0
10,2,41,5,1:21.614,81614.0
10,2,42,5,1:21.908,81908.0
10,2,43,1,1:21.770,81770.0
10,2,44,4,1:21.899,81899.0
10,2,45,3,1:21.673,81673.0
10,2,46,8,1:21.903,81903.0
10,2,47,8,1:21.734,81734.0
10,2,48,4,1:21.994,81994.0
10,2,49,1,1:21.757,81757.0
10,2,50,2,1:21.818,81818.0
10,2,51,5,1:21.779,81779.0
10,2,52,10,1:21.607,81607.0
10,2,53,6,1:21.717,81717.0
10,2,54,5,1:21.751,81751.0
10,3,1,8,1:22.131,82131.0
10,3,2,2,1:21.939,81939.0
10,3,3,10,1:22.020,82020.0
10,3,4,3,1:21.849,
10,3,5,7,1:22.142,82142.0
10,3,6,7,1:22.086,82086.0
10,3,7,7,1:21.863,81863.0
10,3,8,3,1:22.074,82074.0
10,3,9,8,1:21.982,81982.0
10,3,10,2,1:22.161,570660.0
10,3,11,2,1:22.056,82056.0
10,3,12,8,1:22.188,82188.0
10,3,13,10,1:21.951,81951.0
10,3,14,9,1:22.196,82196.0
10,3,15,4,1:22.149,82149.0
10,3,16,2,1:21.928,81928.0
10,3,17,3,1:22.035,82035.0
10,3,18,2,1:22.046,82046.0
10,3,19,10,1:21.925,81925.0
10,3,20,8,1:21.738,81738.0
10,3,21,6,1:21.845,81845.0
10,3,22,10,1:21.697,81697.0
10,3,23,9,1:21.512,81512.0
10,3,24,6,1:21.499,81499.0
10,3,25,3,1:21.560,81560.0
10,3,26,2,1:21.726,81726.0
10,3,27,4,1:21.674,81674.0
10,3,28,9,1:21.726,81726.0
10,3,29,2,1:21.341,81341.0
10,3,30,9,1:21.619,81619.0
10,3,31,10,1:21.847,81847.0
10,3,32,2,1:21.844,81844.0
10,3,33,10,1:21.592,81592.0
10,3,34,2,1:21.438,81438.0
10,3,35,3,1:21.739,81739.0
10,3,36,7,1:21.652,81652.0
10,3,37,1,1:21.768,81768.0
10,3,38,9,1:21.739,81739.0
10,3,39,6,1:21.641,81641.0
10,3,40,7,1:21.296,81296.0
10,3,41,5,1:21.428,81428.0
10,3,42,1,1:21.299,81299.0
10,3,43,3,1:21.450,81450.0
10,3,44,3,1:21.506,81506.0
10,3,45,7,1:21.266,81266.0
10,3,46,9,1:21.332,81332.0
10,3,47,9,1:21.219,81219.0
10,3,48,7,1:21.500,81500.0
10,3,49,10,1:21.330,81330.0
10,3,50,3,1:21.469,81469.0
10,3,51,6,1:21.239,81239.0
10,3,52,10,1:21.091,81091.0
10,3,53,1,1:21.055,81055.0
10,3,54,6,1:21.316,81316.0
10,4,1,4,1:22.941,82941.0
10,4,2,5,1:22.867,82867.0
10,4,3,10,1:22.972,82972.0
10,4,4,4,1:22.662,82662.0
10,4,5,6,1:22.824,82824.0
10,4,6,3,1:22.981,82981.0
10,4,7,9,1:23.009,83009.0
10,4,8,3,1:22.851,82851.0
10,4,9,10,1:22.908,82908.0
10,4,10,10,1:23.029,83029.0
10,4,11,9,1:22.901,82901.0
10,4,12,2,1:22.694,82694.0
10,4,13,8,1:23.061,83061.0
10,4,14,3,1:22.651,82651.0
10,4,15,4,1:22.926,82926.0
10,4,16,2,1:22.753,82753.0
10,4,17,4,1:22.980,82980.0
10,4,18,7,1:22.844,82844.0
10,4,19,7,1:22.644,82644.0
10,4,20,6,1:22.779,82779.0
10,4,21,2,1:22.693,82693.0
10,4,22,8,1:22.624,82624.0
10,4,23,1,1:22.447,82447.0
10,4,24,6,1:22.675,82675.0
10,4,25,4,1:22.268,82268.0
10,4,26,9,1:22.551,82551.0
10,4,27,1,1:22.353,82353.0
10,4,28,6,1:22.500,82500.0
10,4,29,9,1:22.405,82405.0
10,4,30,10,1:22.357,82357.0
10,4,31,7,1:22.436,82436.0
10,4,32,1,1:22.315,82315.0
10,4,33,3,1:22.488,82488.0
10,4,34,2,1:22.636,82636.0
10,4,35,4,1:22.347,82347.0
10,4,36,4,1:22.616,82616.0
10,4,37,4,1:22.376,82376.0
10,4,38,3,1:22.475,82475.0
10,4,39,8,1:22.466,82466.0
10,4,40,4,1:22.203,82203.0
10,4,41,3,1:22.232,82232.0
10,4,42,10,1:22.273,82273.0
10,4,43,4,1:22.005,82005.0
10,4,44,8,1:22.354,82354.0
10,4,45,5,1:21.922,81922.0
10,4,46,5,1:22.153,82153.0
10,4,47,9,1:22.100,82100.0
10,4,48,10,1:22.189,82189.0
10,4,49,7,1:22.001,82001.0
10,4,50,3,1:21.828,81828.0
10,4,51,10,1:21.859,81859.0
10,4,52,2,1:21.884,81884.0
10,4,53,9,1:22.156,82156.0
10,4,54,4,1:22.002,82002.0
10,5,1,10,1:21.827,81827.0
10,5,2,2,1:21.794,81794.0
10,5,3,8,1:21.976,81976.0
10,5,4,3,1:21.742,81742.0
10,5,5,10,1:21.814,81814.0
10,5,6,8,1:21.972,81972.0
10,5,7,1,1:21.640,81640.0
10,5,8,4,1:21.991,81991.0
10,5,9,4,1:21.680,81680.0
10,5,10,4,1:21.804,81804.0
10,5,11,8,1:21.940,81940.0
10,5,12,5,1:21.693,81693.0
10,5,13,2,1:21.999,81999.0
10,5,14,2,1:21.737,81737.0
10,5,15,1,1:21.723,81723.0
10,5,16,4,1:21.921,81921.0
10,5,17,10,1:21.872,81872.0
10,5,18,6,1:21.853,81853.0
10,5,19,10,1:21.802,81802.0
10,5,20,7,1:21.245,81245.0
10,5,21,3,1:21.610,81610.0
10,5,22,2,1:21.323,81323.0
10,5,23,3,1:21.444,81444.0
10,5,24,2,1:21.451,81451.0
10,5,25,2,1:21.267,81267.0
10,5,26,5,1:21.566,81566.0
10,5,27,4,1:21.397,81397.0
10,5,28,1,1:21.472,81472.0
10,5,29,7,1:21.286,81286.0
10,5,30,5,1:21.253,81253.0
10,5,31,2,1:21.397,81397.0
10,5,32,10,1:21.263,81263.0
10,5,33,4,1:21.587,81587.0
10,5,34,8,1:21.406,81406.0
10,5,35,2,1:21.132,81132.0
10,5,36,3,1:21.420,81420.0
10,5,37,8,1:21.380,81380.0
10,5,38,5,1:21.374,81374.0
10,5,39,3,1:21.385,81385.0
10,5,40,3,1:21.014,81014.0
10,5,41,5,1:20.816,80816.0
10,5,42,2,1:20.945,80945.0
10,5,43,4,1:21.158,81158.0
10,5,44,4,1:21.007,81007.0
10,5,45,10,1:21.224,
10,5,46,7,1:21.153,81153.0
10,5,47,3,1:20.840,80840.0
10,5,48,8,1:21.202,81202.0
10,5,49,8,1:21.033,81033.0
10,5,50,2,1:20.879,80879.0
10,5,51,8,1:21.017,81017.0
10,5,52,8,1:21.140,81140.0
10,5,53,1,1:21.316,81316.0
10,5,54,8,1:20.905,80905.0
10,6,1,8,1:22.180,82180.0
10,6,2,8,1:22.205,82205.0
10,6,3,7,1:22.113,82113.0
10,6,4,8,1:22.230,82230.0
10,6,5,8,1:22.194,82194.0
10,6,6,2,1:22.217,82217.0
10,6,7,3,1:22.294,82294.0
10,6,8,7,1:22.211,82211.0
10,6,9,1,1:22.053,82053.0
10,6,10,3,1:22.215,82215.0
10,6,11,10,1:22.130,82130.0
10,6,12,4,1:22.288,82288.0
10,6,13,10,1:22.249,82249.0
10,6,14,4,1:22.312,82312.0
10,6,15,3,1:21.920,81920.0
10,6,16,3,1:21.965,81965.0
10,6,17,9,1:22.008,82008.0
10,6,18,8,1:22.216,82216.0
10,6,19,4,1:21.922,81922.0
10,6,20,6,1:21.824,81824.0
10,6,21,7,1:21.782,81782.0
10,6,22,5,1:22.208,82208.0
10,6,23,8,1:21.838,
10,6,24,8,1:21.625,81625.0
10,6,25,2,1:21.733,81733.0
10,6,26,8,1:21.820,81820.0
10,6,27,5,1:21.810,81810.0
10,6,28,10,1:21.986,81986.0
10,6,29,8,1:21.652,81652.0
10,6,30,8,1:21.809,81809.0
10,6,31,8,1:21.831,81831.0
10,6,32,7,1:21.768,81768.0
10,6,33,2,1:21.834,81834.0
10,6,34,1,1:21.810,81810.0
10,6,35,6,1:21.801,81801.0
10,6,36,10,1:21.484,81484.0
10,6,37,1,1:21.567,81567.0
10,6,38,2,1:21.350,81350.0
10,6,39,7,1:21.719,81719.0
10,6,40,9,1:21.343,81343.0
10,6,41,2,1:21.353,81353.0
10,6,42,1,1:21.334,81334.0
10,6,43,9,1:21.329,81329.0
10,6,44,8,1:21.292,81292.0
10,6,45,6,1:21.340,81340.0
10,6,46,4,1:21.589,81589.0
10,6,47,2,1:21.309,81309.0
10,6,48,7,1:21.279,81279.0
10,6,49,9,1:21.269,81269.0
10,6,50,4,1:21.144,81144.0
10,6,51,5,1:21.179,81179.0
10,6,52,1,1:21.445,81445.0
10,6,53,6,1:21.094,81094.0
10,6,54,10,1:21.136,81136.0
10,7,1,10,1:21.871,81871.0
10,7,2,5,1:21.855,81855.0
10,7,3,10,1:21.753,81753.0
10,7,4,1,1:21.677,81677.0
10,7,5,1,1:21.615,81615.0
10,7,6,7,1:21.815,81815.0
10,7,7,1,1:21.749,
10,7,8,7,1:21.797,81797.0
10,7,9,5,1:21.505,81505.0
10,7,10,5,1:21.790,81790.0
10,7,11,7,1:21.602,81602.0
10,7,12,4,1:21.651,81651.0
10,7,13,6,1:21.706,
10,7,14,9,1:21.816,81816.0
10,7,15,1,1:21.705,81705.0
10,7,16,6,1:21.631,81631.0
10,7,17,10,1:21.754,81754.0
10,7,18,7,1:21.648,570660.0
10,7,19,5,1:21.615,
10,7,20,6,1:21.293,81293.0
10,7,21,3,1:21.183,81183.0
10,7,22,7,1:21.513,81513.0
10,7,23,1,1:21.175,81175.0
10,7,24,7,1:21.512,81512.0
10,7,25,8,1:21.445,81445.0
10,7,26,3,1:21.252,81252.0
10,7,27,6,1:21.367,81367.0
10,7,28,6,1:21.361,81361.0
10,7,29,4,1:21.320,81320.0
10,7,30,8,1:21.384,81384.0
10,7,31,1,1:21.382,81382.0
10,7,32,8,1:21.331,81331.0
10,7,33,1,1:21.511,81511.0
10,7,34,7,1:21.455,
10,7,35,9,1:21.206,81206.0
10,7,36,3,1:21.434,81434.0
10,7,37,2,1:21.242,81242.0
10,7,38,4,1:21.326,81326.0
10,7,39,4,1:21.156,81156.0
10,7,40,5,1:21.150,81150.0
10,7,41,1,1:21.116,81116.0
10,7,42,5,1:20.981,80981.0
10,7,43,4,1:21.014,81014.0
10,7,44,9,1:21.265,81265.0
10,7,45,4,1:21.002,81002.0
10,7,46,7,1:21.109,81109.0
10,7,47,2,1:20.914,80914.0
10,7,48,3,1:20.750,80750.0
10,7,49,4,1:20.887,80887.0
10,7,50,6,1:21.122,81122.0
10,7,51,10,1:20.833,80833.0
10,7,52,7,1:20.986,
10,7,53,5,1:20.835,80835.0
10,7,54,6,1:21.007,81007.0
10,8,1,5,1:21.892,81892.0
10,8,2,10,1:21.865,81865.0
10,8,3,4,1:21.879,81879.0
10,8,4,6,1:22.043,82043.0
10,8,5,10,1:21.506,81506.0
10,8,6,8,1:21.884,81884.0
10,8,7,3,1:21.802,
10,8,8,7,1:22.017,82017.0
10,8,9,8,1:21.696,81696.0
10,8,10,3,1:21.686,81686.0
10,8,11,10,1:22.004,82004.0
10,8,12,8,1:21.781,81781.0
10,8,13,6,1:21.784,81784.0
10,8,14,8,1:21.850,81850.0
10,8,15,2,1:21.707,81707.0
10,8,16,6,1:21.717,81717.0
10,8,17,4,1:21.655,81655.0
10,8,18,3,1:21.655,81655.0
10,8,19,2,1:21.735,81735.0
10,8,20,6,1:21.552,81552.0
10,8,21,4,1:21.766,81766.0
10,8,22,4,1:21.578,81578.0
10,8,23,7,1:21.514,81514.0
10,8,24,9,1:21.591,81591.0
10,8,25,1,1:21.477,81477.0
10,8,26,2,1:21.400,81400.0
10,8,27,8,1:21.555,
10,8,28,6,1:21.566,81566.0
10,8,29,4,1:21.462,81462.0
10,8,30,1,1:21.429,81429.0
10,8,31,4,1:21.430,81430.0
10,8,32,10,1:21.829,81829.0
10,8,33,9,1:21.580,81580.0
10,8,34,7,1:21.501,81501.0
10,8,35,6,1:21.498,81498.0
10,8,36,7,1:21.258,81258.0
10,8,37,8,1:21.394,81394.0
10,8,38,1,1:21.200,81200.0
10,8,39,8,1:21.299,81299.0
10,8,40,6,1:21.142,81142.0
10,8,41,10,1:21.299,81299.0
10,8,42,8,1:21.403,81403.0
10,8,43,10,1:20.929,80929.0
10,8,44,10,1:21.098,81098.0
10,8,45,10,1:20.961,80961.0
10,8,46,3,1:21.080,81080.0
10,8,47,2,1:21.058,81058.0
10,8,48,10,1:21.125,81125.0
10,8,49,5,1:21.027,81027.0
10,8,50,10,1:21.036,81036.0
10,8,51,7,1:20.933,80933.0
10,8,52,1,1:21.021,81021.0
10,8,53,7,1:20.881,80881.0
10,8,54,2,1:21.089,81089.0
10,9,1,6,1:22.298,82298.0
10,9,2,2,1:22.466,82466.0
10,9,3,3,1:22.542,82542.0
10,9,4,6,1:22.298,82298.0
10,9,5,10,1:22.387,82387.0
10,9,6,4,1:22.279,82279.0
10,9,7,4,1:22.377,82377.0
10,9,8,9,1:22.301,82301.0
10,9,9,7,1:22.353,82353.0
10,9,10,10,1:22.342,82342.0
10,9,11,1,1:22.196,82196.0
10,9,12,1,1:22.353,82353.0
10,9,13,1,1:22.214,82214.0
10,9,14,4,1:22.300,82300.0
10,9,15,6,1:22.343,82343.0
10,9,16,4,1:22.249,82249.0
10,9,17,5,1:22.381,82381.0
10,9,18,5,1:22.009,82009.0
10,9,19,9,1:22.064,82064.0
10,9,20,3,1:21.871,81871.0
10,9,21,1,1:22.293,82293.0
10,9,22,3,1:22.226,82226.0
10,9,23,5,1:22.059,82059.0
10,9,24,1,1:21.785,81785.0
10,9,25,3,1:21.935,81935.0
10,9,26,5,1:21.894,81894.0
10,9,27,6,1:21.928,81928.0
10,9,28,3,1:22.081,82081.0
10,9,29,2,1:21.977,81977.0
10,9,30,7,1:21.855,81855.0
10,9,31,2,1:21.989,81989.0
10,9,32,3,1:21.810,81810.0
10,9,33,7,1:21.911,81911.0
10,9,34,7,1:21.849,81849.0
10,9,35,7,1:21.902,81902.0
10,9,36,5,1:21.820,81820.0
10,9,37,7,1:21.871,81871.0
10,9,38,5,1:21.823,81823.0
10,9,39,3,1:21.938,81938.0
10,9,40,1,1:21.595,81595.0
10,9,41,7,1:21.509,81509.0
10,9,42,4,1:21.572,81572.0
10,9,43,5,1:21.467,81467.0
10,9,44,1,1:21.655,81655.0
10,9,45,6,1:21.558,81558.0
10,9,46,5,1:21.524,81524.0
10,9,47,2,1:21.505,81505.0
10,9,48,3,1:21.328,81328.0
10,9,49,1,1:21.660,81660.0
10,9,50,10,1:21.721,81721.0
10,9,51,9,1:21.706,81706.0
10,9,52,2,1:21.633,81633.0
10,9,53,6,1:21.505,81505.0
10,9,54,8,1:21.550,81550.0
10,10,1,2,1:22.686,82686.0
10,10,2,2,1:22.624,82624.0
10,10,3,6,1:22.945,82945.0
10,10,4,7,1:22.431,82431.0
10,10,5,10,1:22.504,82504.0
10,10,6,5,1:22.616,82616.0
10,10,7,3,1:22.476,82476.0
10,10,8,2,1:22.497,82497.0
10,10,9,1,1:22.771,82771.0
10,10,10,10,1:22.466,82466.0
10,10,11,8,1:22.496,82496.0
10,10,12,4,1:22.630,82630.0
10,10,13,10,1:22.327,82327.0
10,10,14,2,1:22.508,82508.0
10,10,15,8,1:22.710,82710.0
10,10,16,3,1:22.336,82336.0
10,10,17,10,1:22.562,82562.0
10,10,18,8,1:22.434,82434.0
10,10,19,10,1:22.741,82741.0
10,10,20,4,1:22.128,82128.0
10,10,21,7,1:22.215,82215.0
10,10,22,8,1:22.317,82317.0
10,10,23,3,1:22.125,82125.0
10,10,24,9,1:22.177,82177.0
10,10,25,9,1:22.298,82298.0
10,10,26,8,1:22.060,82060.0
10,10,27,5,1:22.101,82101.0
10,10,28,3,1:22.183,82183.0
10,10,29,3,1:22.020,82020.0
10,10,30,9,1:22.063,82063.0
10,10,31,9,1:22.110,82110.0
10,10,32,1,1:22.034,82034.0
10,10,33,5,1:22.050,82050.0
10,10,34,6,1:22.029,82029.0
10,10,35,4,1:22.247,82247.0
10,10,36,6,1:22.146,82146.0
10,10,37,3,1:21.940,81940.0
10,10,38,9,1:21.967,81967.0
10,10,39,8,1:22.253,82253.0
10,10,40,9,1:21.912,81912.0
10,10,41,9,1:21.772,81772.0
10,10,42,6,1:21.733,81733.0
10,10,43,10,1:21.879,81879.0
10,10,44,6,1:21.781,81781.0
10,10,45,2,1:21.958,81958.0
10,10,46,5,1:21.957,81957.0
10,10,47,5,1:21.741,81741.0
10,10,48,3,1:21.856,81856.0
10,10,49,1,1:21.972,81972.0
10,10,50,7,1:21.816,81816.0
10,10,51,2,1:21.775,81775.0
10,10,52,8,1:21.961,81961.0
10,10,53,9,1:21.965,81965.0
10,10,54,1,1:21.714,81714.0
11,1,1,2,1:21.552,81552.0
11,1,2,6,1:21.544,81544.0
11,1,3,5,1:21.510,81510.0
11,1,4,7,1:21.730,81730.0
11,1,5,1,1:21.415,81415.0
11,1,6,7,1:21.640,81640.0
11,1,7,1,1:21.702,81702.0
11,1,8,1,1:21.581,81581.0
11,1,9,8,1:21.731,81731.0
11,1,10,1,1:21.467,81467.0
11,1,11,4,1:21.496,81496.0
11,1,12,1,1:21.432,81432.0
11,1,13,3,1:21.569,81569.0
11,1,14,8,1:21.675,81675.0
11,1,15,10,1:21.533,81533.0
11,1,16,8,1:21.543,81543.0
11,1,17,10,1:21.576,81576.0
11,1,18,7,1:21.404,81404.0
11,1,19,6,1:21.487,81487.0
11,1,20,4,1:21.220,81220.0
11,1,21,7,1:21.343,81343.0
11,1,22,5,1:21.271,81271.0
11,1,23,4,1:21.202,81202.0
11,1,24,8,1:21.173,81173.0
11,1,25,9,1:21.290,81290.0
11,1,26,10,1:21.303,81303.0
11,1,27,9,1:21.332,81332.0
11,1,28,3,1:21.201,81201.0
11,1,29,10,1:21.226,81226.0
11,1,30,9,1:21.031,81031.0
11,1,31,1,1:21.001,81001.0
11,1,32,10,1:21.055,81055.0
11,1,33,8,1:21.144,81144.0
11,1,34,8,1:21.142,81142.0
11,1,35,3,1:21.140,81140.0
11,1,36,1,1:21.224,81224.0
11,1,37,8,1:21.187,81187.0
11,1,38,1,1:21.039,81039.0
11,1,39,6,1:21.123,81123.0
11,1,40,4,1:20.799,80799.0
11,1,41,7,1:20.985,80985.0
11,1,42,6,1:20.982,80982.0
11,1,43,8,1:20.752,80752.0
11,1,44,5,1:20.787,80787.0
11,1,45,8,1:20.972,80972.0
11,1,46,3,1:21.151,81151.0
11,1,47,7,1:20.769,80769.0
11,1,48,5,1:20.881,80881.0
11,1,49,2,1:20.786,80786.0
11,1,50,8,1:20.745,80745.0
11,1,51,3,1:20.801,80801.0
11,2,1,9,1:21.588,81588.0
11,2,2,1,1:21.614,81614.0
11,2,3,9,1:21.259,81259.0
11,2,4,1,1:21.430,81430.0
11,2,5,2,1:21.594,81594.0
11,2,6,5,1:21.548,81548.0
11,2,7,2,1:21.648,81648.0
11,2,8,7,1:21.615,81615.0
11,2,9,2,1:21.322,81322.0
11,2,10,9,1:21.530,81530.0
11,2,11,1,1:21.251,81251.0
11,2,12,5,1:21.435,81435.0
11,2,13,5,1:21.544,81544.0
11,2,14,4,1:21.414,81414.0
11,2,15,4,1:21.460,81460.0
11,2,16,10,1:21.307,81307.0
11,2,17,8,1:21.440,81440.0
11,2,18,1,1:21.326,81326.0
11,2,19,8,1:21.357,81357.0
11,2,20,9,1:21.066,81066.0
11,2,21,7,1:21.055,81055.0
11,2,22,5,1:21.098,81098.0
11,2,23,9,1:21.174,81174.0
11,2,24,10,1:21.100,81100.0
11,2,25,2,1:21.194,81194.0
11,2,26,3,1:21.205,81205.0
11,2,27,1,1:21.181,81181.0
11,2,28,9,1:21.035,81035.0
11,2,29,5,1:20.888,80888.0
11,2,30,5,1:21.133,81133.0
11,2,31,5,1:21.220,81220.0
11,2,32,6,1:21.257,81257.0
11,2,33,10,1:21.090,81090.0
11,2,34,7,1:20.841,80841.0
11,2,35,10,1:21.036,81036.0
11,2,36,9,1:21.017,81017.0
11,2,37,1,1:20.990,80990.0
11,2,38,1,1:20.964,80964.0
11,2,39,7,1:21.079,81079.0
11,2,40,4,1:20.742,80742.0
11,2,41,6,1:20.856,80856.0
11,2,42,1,1:20.791,80791.0
11,2,43,4,1:20.897,80897.0
11,2,44,6,1:20.688,80688.0
11,2,45,6,1:20.743,80743.0
11,2,46,6,1:20.577,80577.0
11,2,47,8,1:20.601,80601.0
11,2,48,1,1:20.719,80719.0
11,2,49,4,1:20.649,80649.0
11,2,50,8,1:20.571,80571.0
11,2,51,4,1:20.692,80692.0
11,3,1,4,1:22.351,82351.0
11,3,2,3,1:22.524,82524.0
11,3,3,6,1:21.966,81966.0
11,3,4,8,1:22.340,82340.0
11,3,5,2,1:22.190,82190.0
11,3,6,6,1:22.217,82217.0
11,3,7,7,1:22.230,82230.0
11,3,8,9,1:22.143,82143.0
11,3,9,6,1:22.133,82133.0
11,3,10,7,1:22.097,82097.0
11,3,11,4,1:22.297,82297.0
11,3,12,10,1:22.306,82306.0
11,3,13,6,1:22.031,82031.0
11,3,14,8,1:22.158,82158.0
11,3,15,1,1:22.498,82498.0
11,3,16,8,1:22.076,82076.0
11,3,17,6,1:22.185,82185.0
11,3,18,4,1:21.962,81962.0
11,3,19,6,1:22.283,82283.0
11,3,20,7,1:21.859,81859.0
11,3,21,10,1:21.865,81865.0
11,3,22,4,1:21.764,81764.0
11,3,23,3,1:21.641,81641.0
11,3,24,5,1:21.593,81593.0
11,3,25,5,1:21.794,81794.0
11,3,26,3,1:21.892,81892.0
11,3,27,8,1:21.939,81939.0
11,3,28,1,1:22.095,82095.0
11,3,29,8,1:21.728,81728.0
11,3,30,7,1:21.738,81738.0
11,3,31,5,1:21.897,81897.0
11,3,32,6,1:21.980,81980.0
11,3,33,5,1:21.702,81702.0
11,3,34,5,1:21.829,81829.0
11,3,35,2,1:21.746,81746.0
11,3,36,3,1:21.774,81774.0
11,3,37,8,1:21.777,81777.0
11,3,38,8,1:21.642,81642.0
11,3,39,9,1:21.678,81678.0
11,3,40,3,1:21.571,81571.0
11,3,41,5,1:21.314,81314.0
11,3,42,4,1:21.532,81532.0
11,3,43,7,1:21.547,81547.0
11,3,44,3,1:21.427,81427.0
11,3,45,10,1:21.485,81485.0
11,3,46,1,1:21.583,81583.0
11,3,47,9,1:21.316,
11,3,48,5,1:21.503,81503.0
11,3,49,2,1:21.334,81334.0
11,3,50,8,1:21.371,81371.0
11,3,51,2,1:21.530,81530.0
11,4,1,7,1:22.861,82861.0
11,4,2,1,1:22.872,82872.0
11,4,3,7,1:22.585,82585.0
11,4,4,7,1:22.495,82495.0
11,4,5,4,1:22.821,82821.0
11,4,6,9,1:22.608,82608.0
11,4,7,5,1:22.696,82696.0
11,4,8,3,1:22.658,82658.0
11,4,9,4,1:22.863,82863.0
11,4,10,6,1:22.750,82750.0
11,4,11,7,1:22.517,82517.0
11,4,12,9,1:22.560,82560.0
11,4,13,6,1:22.857,82857.0
11,4,14,4,1:22.702,82702.0
11,4,15,7,1:22.757,82757.0
11,4,16,4,1:22.601,
11,4,17,10,1:22.749,82749.0
11,4,18,5,1:22.462,82462.0
11,4,19,2,1:22.566,82566.0
11,4,20,4,1:22.402,82402.0
11,4,21,3,1:22.119,82119.0
11,4,22,8,1:22.479,82479.0
11,4,23,8,1:22.272,82272.0
11,4,24,4,1:22.295,82295.0
11,4,25,3,1:22.342,82342.0
11,4,26,10,1:22.380,82380.0
11,4,27,5,1:22.100,82100.0
11,4,28,8,1:22.274,82274.0
11,4,29,1,1:22.255,82255.0
11,4,30,2,1:22.195,82195.0
11,4,31,10,1:22.491,82491.0
11,4,32,7,1:22.285,82285.0
11,4,33,6,1:22.272,82272.0
11,4,34,8,1:22.310,82310.0
11,4,35,9,1:22.286,82286.0
11,4,36,4,1:22.006,82006.0
11,4,37,1,1:22.002,82002.0
11,4,38,2,1:22.185,82185.0
11,4,39,9,1:22.270,82270.0
11,4,40,9,1:22.023,82023.0
11,4,41,4,1:21.795,81795.0
11,4,42,8,1:21.776,81776.0
11,4,43,7,1:21.975,81975.0
11,4,44,10,1:22.028,82028.0
11,4,45,10,1:21.955,81955.0
11,4,46,7,1:21.859,81859.0
11,4,47,10,1:22.004,82004.0
11,4,48,1,1:21.691,81691.0
11,4,49,2,1:21.800,81800.0
11,4,50,4,1:21.669,81669.0
11,4,51,4,1:21.879,81879.0
11,5,1,4,1:21.115,81115.0
11,5,2,1,1:21.253,81253.0
11,5,3,5,1:21.214,81214.0
11,5,4,3,1:21.211,
11,5,5,6,1:21.190,81190.0
11,5,6,3,1:21.213,81213.0
11,5,7,10,1:21.060,81060.0
11,5,8,7,1:21.142,81142.0
11,5,9,6,1:21.221,81221.0
11,5,10,4,1:21.272,81272.0
11,5,11,9,1:21.166,81166.0
11,5,12,3,1:20.982,80982.0
11,5,13,6,1:21.097,81097.0
11,5,14,7,1:21.262,81262.0
11,5,15,8,1:21.142,81142.0
11,5,16,7,1:21.034,81034.0
11,5,17,2,1:21.190,81190.0
11,5,18,6,1:21.103,81103.0
11,5,19,9,1:21.200,81200.0
11,5,20,8,1:20.944,80944.0
11,5,21,2,1:20.678,80678.0
11,5,22,8,1:20.923,80923.0
11,5,23,2,1:20.886,80886.0
11,5,24,2,1:20.871,80871.0
11,5,25,9,1:20.854,80854.0
11,5,26,9,1:20.898,80898.0
11,5,27,10,1:20.843,80843.0
11,5,28,5,1:20.583,570660.0
11,5,29,10,1:20.862,80862.0
11,5,30,10,1:20.660,80660.0
11,5,31,9,1:20.824,80824.0
11,5,32,8,1:20.870,80870.0
11,5,33,4,1:20.879,80879.0
11,5,34,3,1:20.557,80557.0
11,5,35,4,1:20.517,80517.0
11,5,36,9,1:20.649,80649.0
11,5,37,4,1:20.995,80995.0
11,5,38,1,1:20.769,80769.0
11,5,39,5,1:20.706,80706.0
11,5,40,3,1:20.541,80541.0
11,5,41,5,1:20.408,80408.0
11,5,42,6,1:20.641,80641.0
11,5,43,3,1:20.371,80371.0
11,5,44,4,1:20.454,80454.0
11,5,45,2,1:20.369,80369.0
11,5,46,2,1:20.446,80446.0
11,6,1,9,1:21.006,81006.0
11,6,2,3,1:20.981,80981.0
11,6,3,10,1:21.049,81049.0
11,6,4,5,1:21.064,81064.0
11,6,5,5,1:20.886,80886.0
11,6,6,8,1:20.798,80798.0
11,6,7,9,1:20.926,80926.0
11,6,8,5,1:21.200,81200.0
11,6,9,4,1:21.210,81210.0
11,6,10,1,1:20.850,80850.0
11,6,11,8,1:21.060,81060.0
11,6,12,2,1:21.038,81038.0
11,6,13,2,1:21.093,81093.0
11,6,14,6,1:20.931,80931.0
11,6,15,6,1:20.739,80739.0
11,6,16,9,1:20.993,570660.0
11,6,17,10,1:20.963,80963.0
11,6,18,2,1:20.927,80927.0
11,6,19,2,1:20.886,80886.0
11,6,20,9,1:20.738,80738.0
11,6,21,9,1:20.461,80461.0
11,6,22,8,1:20.695,80695.0
11,7,1,7,1:22.100,82100.0
11,7,2,2,1:21.921,81921.0
11,7,3,8,1:21.796,81796.0
11,7,4,1,1:21.966,81966.0
11,7,5,5,1:22.070,82070.0
11,7,6,7,1:21.973,81973.0
11,7,7,8,1:21.946,81946.0
11,7,8,7,1:21.936,81936.0
11,7,9,6,1:21.918,81918.0
11,7,10,5,1:22.102,82102.0
11,7,11,1,1:22.073,82073.0
11,7,12,6,1:21.678,81678.0
11,7,13,1,1:21.909,81909.0
11,7,14,4,1:21.904,81904.0
11,7,15,9,1:21.831,81831.0
11,7,16,1,1:21.778,81778.0
11,7,17,3,1:21.742,81742.0
11,7,18,6,1:21.771,81771.0
11,7,19,3,1:21.879,81879.0
11,7,20,1,1:21.741,81741.0
11,7,21,3,1:21.719,81719.0
11,7,22,8,1:21.702,81702.0
11,7,23,8,1:21.772,81772.0
11,7,24,8,1:21.379,81379.0
11,7,25,7,1:21.528,81528.0
11,7,26,1,1:21.508,81508.0
11,7,27,5,1:21.770,81770.0
11,7,28,6,1:21.577,81577.0
11,7,29,8,1:21.694,81694.0
11,7,30,3,1:21.572,81572.0
11,7,31,6,1:21.651,81651.0
11,7,32,4,1:21.501,81501.0
11,7,33,4,1:21.627,81627.0
11,7,34,1,1:21.695,81695.0
11,7,35,3,1:21.322,81322.0
11,7,36,4,1:21.596,81596.0
11,7,37,9,1:21.599,81599.0
11,7,38,4,1:21.535,81535.0
11,7,39,1,1:21.569,81569.0
11,7,40,8,1:21.146,81146.0
11,7,41,9,1:21.246,81246.0
11,7,42,4,1:21.075,81075.0
11,7,43,1,1:21.183,81183.0
11,7,44,9,1:21.249,81249.0
11,7,45,8,1:21.190,81190.0
11,7,46,10,1:21.333,81333.0
11,7,47,2,1:21.110,81110.0
11,7,48,1,1:20.976,80976.0
11,7,49,8,1:21.074,81074.0
11,7,50,5,1:21.190,81190.0
11,7,51,6,1:21.215,81215.0
11,8,1,10,1:21.251,81251.0
11,8,2,4,1:21.373,81373.0
11,8,3,2,1:21.444,81444.0
11,8,4,3,1:21.425,81425.0
11,8,5,5,1:21.439,81439.0
11,8,6,1,1:21.552,81552.0
11,8,7,8,1:21.324,81324.0
11,8,8,9,1:21.266,81266.0
11,8,9,1,1:21.455,81455.0
11,8,10,3,1:21.441,81441.0
11,8,11,6,1:21.127,81127.0
11,8,12,5,1:21.434,81434.0
11,8,13,7,1:21.459,81459.0
11,8,14,5,1:21.277,81277.0
11,8,15,7,1:21.378,81378.0
11,8,16,3,1:21.635,81635.0
11,8,17,8,1:21.360,81360.0
11,8,18,5,1:21.379,
11,8,19,5,1:21.193,81193.0
11,8,20,3,1:20.779,80779.0
11,8,21,8,1:21.255,81255.0
11,8,22,2,1:21.111,81111.0
11,8,23,6,1:20.870,80870.0
11,8,24,10,1:21.022,81022.0
11,8,25,9,1:21.056,81056.0
11,8,26,9,1:20.964,80964.0
11,8,27,6,1:21.190,81190.0
11,8,28,8,1:21.008,81008.0
11,8,29,3,1:20.897,80897.0
11,8,30,2,1:20.847,80847.0
11,8,31,9,1:21.017,81017.0
11,8,32,7,1:20.924,80924.0
11,8,33,6,1:20.985,80985.0
11,8,34,7,1:21.095,81095.0
11,8,35,10,1:21.325,81325.0
11,8,36,1,1:20.884,80884.0
11,8,37,4,1:20.821,80821.0
11,8,38,5,1:20.911,80911.0
11,8,39,10,1:20.963,80963.0
11,8,40,1,1:20.451,80451.0
11,8,41,4,1:20.510,80510.0
11,8,42,1,1:20.618,80618.0
11,8,43,6,1:20.932,80932.0
11,8,44,5,1:20.519,80519.0
11,8,45,3,1:20.553,80553.0
11,8,46,9,1:20.528,80528.0
11,8,47,8,1:20.723,80723.0
11,8,48,8,1:20.557,80557.0
11,8,49,5,1:20.658,80658.0
11,8,50,9,1:20.479,80479.0
11,8,51,8,1:20.715,80715.0
11,9,1,5,1:22.262,82262.0
11,9,2,3,1:22.021,82021.0
11,9,3,8,1:22.203,82203.0
11,9,4,4,1:22.022,82022.0
11,9,5,3,1:22.149,82149.0
11,9,6,5,1:22.156,82156.0
11,9,7,7,1:22.219,82219.0
11,9,8,10,1:22.134,82134.0
11,9,9,9,1:22.116,82116.0
11,9,10,2,1:22.023,82023.0
11,9,11,7,1:22.401,82401.0
11,9,12,10,1:22.101,82101.0
11,9,13,2,1:21.986,81986.0
11,9,14,6,1:22.185,82185.0
11,9,15,6,1:22.147,82147.0
11,9,16,6,1:22.073,82073.0
11,9,17,5,1:22.191,82191.0
11,9,18,7,1:22.065,82065.0
11,9,19,10,1:22.130,82130.0
11,9,20,10,1:21.666,81666.0
11,9,21,2,1:21.760,81760.0
11,9,22,1,1:21.550,81550.0
11,9,23,3,1:21.635,81635.0
11,9,24,5,1:21.686,81686.0
11,9,25,3,1:21.739,81739.0
11,9,26,2,1:21.685,81685.0
11,9,27,2,1:21.712,81712.0
11,9,28,7,1:21.657,81657.0
11,9,29,10,1:21.832,81832.0
11,9,30,10,1:21.442,81442.0
11,9,31,1,1:21.630,81630.0
11,9,32,7,1:21.729,81729.0
11,9,33,2,1:21.611,81611.0
11,9,34,10,1:21.650,81650.0
11,9,35,7,1:21.695,81695.0
11,9,36,7,1:21.505,81505.0
11,9,37,8,1:21.745,81745.0
11,9,38,3,1:21.487,81487.0
11,9,39,1,1:21.622,81622.0
11,9,40,2,1:21.328,81328.0
11,9,41,5,1:21.317,81317.0
11,9,42,3,1:21.413,81413.0
11,9,43,10,1:21.414,81414.0
11,9,44,1,1:21.447,81447.0
11,9,45,4,1:21.328,81328.0
11,9,46,4,1:21.219,81219.0
11,9,47,7,1:21.443,81443.0
11,9,48,7,1:21.244,
11,9,49,9,1:21.515,81515.0
11,9,50,10,1:21.198,81198.0
11,9,51,3,1:21.484,81484.0
11,10,1,1,1:21.566,81566.0
11,10,2,4,1:21.632,81632.0
11,10,3,7,1:21.715,81715.0
11,10,4,3,1:21.504,81504.0
11,10,5,1,1:21.451,81451.0
11,10,6,8,1:21.805,81805.0
11,10,7,9,1:21.641,81641.0
11,10,8,1,1:21.745,81745.0
11,10,9,8,1:21.647,81647.0
11,10,10,2,1:21.630,81630.0
11,10,11,3,1:21.744,81744.0
11,10,12,1,1:21.681,81681.0
11,10,13,9,1:21.528,81528.0
11,10,14,3,1:21.561,81561.0
11,10,15,3,1:21.561,81561.0
11,10,16,1,1:21.277,81277.0
11,10,17,10,1:21.555,81555.0
11,10,18,3,1:21.378,81378.0
11,10,19,7,1:21.616,81616.0
11,10,20,5,1:21.244,81244.0
11,10,21,4,1:21.501,81501.0
11,10,22,4,1:21.340,81340.0
11,10,23,6,1:21.309,81309.0
11,10,24,8,1:21.495,81495.0
11,10,25,10,1:21.343,81343.0
11,10,26,2,1:21.071,81071.0
11,10,27,6,1:21.299,81299.0
11,10,28,8,1:21.052,81052.0
11,10,29,4,1:21.266,81266.0
11,10,30,1,1:21.271,81271.0
11,10,31,5,1:21.252,81252.0
11,10,32,8,1:21.267,81267.0
11,10,33,5,1:21.123,81123.0
11,10,34,10,1:21.111,81111.0
11,10,35,4,1:21.303,81303.0
11,10,36,7,1:21.324,81324.0
11,10,37,3,1:21.365,81365.0
11,10,38,10,1:20.793,80793.0
11,10,39,4,1:21.260,81260.0
11,10,40,9,1:20.783,80783.0
11,10,41,9,1:20.808,80808.0
11,10,42,7,1:21.027,81027.0
11,10,43,2,1:20.882,80882.0
11,10,44,7,1:20.914,80914.0
11,10,45,4,1:20.810,80810.0
11,10,46,8,1:20.906,80906.0
11,10,47,2,1:20.930,80930.0
11,10,48,7,1:20.792,80792.0
11,10,49,5,1:20.836,80836.0
11,10,50,10,1:20.761,80761.0
11,10,51,9,1:20.663,80663.0
12,1,1,5,1:20.057,80057.0
12,1,2,4,1:20.159,80159.0
12,1,3,8,1:20.222,80222.0
12,1,4,2,1:20.129,80129.0
12,1,5,9,1:20.084,80084.0
12,1,6,2,1:20.257,80257.0
12,1,7,3,1:20.240,80240.0
12,1,8,10,1:20.258,80258.0
12,1,9,7,1:20.051,80051.0
12,1,10,5,1:20.065,80065.0
12,1,11,6,1:20.177,80177.0
12,1,12,7,1:20.039,80039.0
12,1,13,1,1:20.162,80162.0
12,1,14,3,1:19.985,79985.0
12,1,15,9,1:19.961,79961.0
12,1,16,5,1:20.028,80028.0
12,1,17,2,1:19.865,79865.0
12,1,18,5,1:19.964,79964.0
12,1,19,2,1:20.205,80205.0
12,1,20,10,1:19.744,79744.0
12,1,21,7,1:19.674,79674.0
12,1,22,1,1:19.691,79691.0
12,1,23,10,1:19.954,79954.0
12,1,24,5,1:19.639,79639.0
12,1,25,9,1:19.506,79506.0
12,1,26,3,1:19.653,79653.0
12,1,27,3,1:19.634,79634.0
12,1,28,9,1:19.429,79429.0
12,1,29,4,1:19.683,79683.0
12,1,30,9,1:19.636,
12,1,31,7,1:19.801,79801.0
12,1,32,2,1:19.442,79442.0
12,1,33,8,1:19.566,
12,1,34,10,1:19.671,79671.0
12,1,35,9,1:19.499,79499.0
12,1,36,2,1:19.643,79643.0
12,1,37,6,1:19.615,79615.0
12,1,38,6,1:19.620,79620.0
12,1,39,2,1:19.662,79662.0
12,1,40,7,1:19.201,79201.0
12,1,41,10,1:19.284,79284.0
12,1,42,5,1:19.426,
12,1,43,6,1:19.375,
12,1,44,6,1:19.443,79443.0
12,1,45,7,1:19.163,79163.0
12,1,46,3,1:19.251,79251.0
12,1,47,7,1:19.544,79544.0
12,1,48,7,1:19.248,79248.0
12,1,49,8,1:19.213,79213.0
12,1,50,10,1:19.295,79295.0
12,1,51,5,1:19.297,79297.0
12,1,52,1,1:19.379,79379.0
12,1,53,9,1:19.238,79238.0
12,1,54,6,1:19.170,79170.0
12,1,55,6,1:19.310,79310.0
12,1,56,9,1:19.293,79293.0
12,1,57,6,1:19.275,79275.0
12,2,1,9,1:20.254,80254.0
12,2,2,8,1:20.327,80327.0
12,2,3,5,1:20.446,80446.0
12,2,4,4,1:20.279,80279.0
12,2,5,8,1:20.080,80080.0
12,2,6,5,1:20.239,80239.0
12,2,7,3,1:20.486,80486.0
12,2,8,9,1:20.334,80334.0
12,2,9,1,1:20.121,
12,2,10,8,1:20.370,80370.0
12,2,11,2,1:20.116,80116.0
12,2,12,1,1:20.139,80139.0
12,2,13,8,1:20.297,80297.0
12,2,14,2,1:20.358,80358.0
12,2,15,5,1:20.207,80207.0
12,2,16,5,1:20.321,80321.0
12,2,17,5,1:19.972,79972.0
12,2,18,6,1:20.102,570660.0
12,2,19,9,1:20.099,80099.0
12,2,20,6,1:19.811,79811.0
12,2,21,6,1:19.993,79993.0
12,2,22,8,1:20.116,80116.0
12,2,23,5,1:19.748,79748.0
12,2,24,8,1:19.800,79800.0
12,2,25,3,1:19.862,79862.0
12,2,26,5,1:19.792,79792.0
12,2,27,5,1:19.985,79985.0
12,2,28,2,1:19.860,79860.0
12,2,29,9,1:19.887,79887.0
12,2,30,3,1:19.819,79819.0
12,2,31,2,1:19.777,79777.0
12,2,32,1,1:19.942,79942.0
12,2,33,6,1:19.947,79947.0
12,2,34,6,1:19.975,79975.0
12,2,35,7,1:19.746,79746.0
12,2,36,9,1:19.923,79923.0
12,2,37,5,1:20.103,80103.0
12,2,38,4,1:19.820,79820.0
12,2,39,7,1:19.809,79809.0
12,2,40,7,1:19.515,79515.0
12,2,41,8,1:19.554,79554.0
12,2,42,1,1:19.573,79573.0
12,2,43,2,1:19.540,79540.0
12,2,44,9,1:19.439,79439.0
12,2,45,2,1:19.328,79328.0
12,2,46,1,1:19.678,79678.0
12,2,47,8,1:19.587,79587.0
12,2,48,2,1:19.496,79496.0
12,2,49,9,1:19.440,79440.0
12,2,50,4,1:19.352,79352.0
12,2,51,8,1:19.646,79646.0
12,2,52,5,1:19.444,79444.0
12,2,53,5,1:19.589,79589.0
12,2,54,1,1:19.365,79365.0
12,2,55,8,1:19.412,79412.0
12,2,56,10,1:19.260,79260.0
12,2,57,8,1:19.461,79461.0
12,2,58,9,1:19.323,79323.0
12,2,59,8,1:19.354,79354.0
12,2,60,4,1:19.380,79380.0
12,2,61,9,1:19.179,79179.0
12,2,62,1,1:19.080,79080.0
12,3,1,7,1:20.633,80633.0
12,3,2,7,1:20.750,80750.0
12,3,3,2,1:20.585,80585.0
12,3,4,10,1:20.486,80486.0
12,3,5,9,1:20.675,80675.0
12,3,6,6,1:20.694,80694.0
12,3,7,3,1:20.776,80776.0
12,3,8,2,1:20.661,80661.0
12,3,9,8,1:20.679,80679.0
12,3,10,2,1:20.499,80499.0
12,3,11,5,1:20.699,80699.0
12,3,12,1,1:20.545,80545.0
12,3,13,4,1:20.615,80615.0
12,3,14,4,1:20.474,80474.0
12,3,15,8,1:20.538,80538.0
12,3,16,8,1:20.786,80786.0
12,3,17,7,1:20.587,80587.0
12,3,18,8,1:20.734,80734.0
12,3,19,8,1:20.535,80535.0
12,3,20,9,1:20.258,80258.0
12,3,21,2,1:20.328,80328.0
12,3,22,10,1:20.135,80135.0
12,3,23,6,1:20.345,80345.0
12,3,24,4,1:20.249,80249.0
12,3,25,6,1:20.390,80390.0
12,3,26,3,1:20.346,80346.0
12,3,27,10,1:20.095,80095.0
12,3,28,9,1:20.128,80128.0
12,3,29,3,1:20.075,80075.0
12,3,30,5,1:20.292,80292.0
12,3,31,6,1:20.313,80313.0
12,3,32,4,1:20.171,80171.0
12,3,33,3,1:20.313,80313.0
12,3,34,7,1:20.128,80128.0
12,3,35,4,1:20.001,80001.0
12,3,36,1,1:20.110,80110.0
12,3,37,8,1:20.085,80085.0
12,3,38,7,1:20.260,80260.0
12,3,39,8,1:20.087,80087.0
12,3,40,8,1:19.886,79886.0
12,3,41,4,1:19.758,79758.0
12,3,42,2,1:19.971,79971.0
12,3,43,2,1:19.796,79796.0
12,3,44,2,1:19.830,79830.0
12,3,45,7,1:19.689,79689.0
12,3,46,10,1:19.804,79804.0
12,3,47,7,1:19.913,79913.0
12,3,48,5,1:19.824,79824.0
12,3,49,1,1:19.904,79904.0
12,3,50,7,1:19.919,79919.0
12,3,51,4,1:20.003,80003.0
12,3,52,2,1:19.969,79969.0
12,3,53,8,1:19.701,79701.0
12,3,54,3,1:19.672,79672.0
12,3,55,8,1:19.794,79794.0
12,3,56,8,1:19.566,79566.0
12,3,57,9,1:19.925,79925.0
12,3,58,7,1:19.832,79832.0
12,3,59,8,1:19.659,79659.0
12,3,60,5,1:19.543,79543.0
12,3,61,6,1:19.552,79552.0
12,3,62,2,1:19.563,79563.0
12,4,1,5,1:20.224,80224.0
12,4,2,6,1:20.385,80385.0
12,4,3,1,1:20.476,80476.0
12,4,4,1,1:20.258,80258.0
12,4,5,6,1:20.289,80289.0
12,4,6,5,1:20.427,80427.0
12,4,7,6,1:20.314,80314.0
12,4,8,3,1:20.506,80506.0
12,4,9,1,1:20.480,80480.0
12,4,10,3,1:20.556,80556.0
12,4,11,2,1:20.468,80468.0
12,4,12,8,1:20.201,80201.0
12,4,13,4,1:20.462,80462.0
12,4,14,9,1:20.153,80153.0
12,4,15,8,1:20.292,80292.0
12,4,16,9,1:20.314,80314.0
12,4,17,8,1:20.215,80215.0
12,4,18,3,1:20.508,80508.0
12,4,19,1,1:20.389,80389.0
12,4,20,5,1:20.070,80070.0
12,4,21,4,1:20.182,80182.0
12,4,22,3,1:20.043,80043.0
12,4,23,10,1:20.050,80050.0
12,4,24,2,1:20.046,80046.0
12,4,25,7,1:19.925,79925.0
12,4,26,5,1:19.791,79791.0
12,4,27,3,1:19.705,79705.0
12,4,28,1,1:19.931,79931.0
12,4,29,8,1:19.936,
12,4,30,9,1:20.127,80127.0
12,4,31,5,1:20.016,80016.0
12,4,32,6,1:20.004,80004.0
12,4,33,10,1:19.972,79972.0
12,4,34,10,1:19.773,79773.0
12,4,35,7,1:20.034,80034.0
12,4,36,7,1:19.841,79841.0
12,4,37,3,1:19.906,79906.0
12,4,38,6,1:19.842,79842.0
12,4,39,5,1:20.108,80108.0
12,4,40,4,1:19.557,79557.0
12,4,41,4,1:19.575,79575.0
12,4,42,6,1:19.708,79708.0
12,4,43,9,1:19.586,79586.0
12,4,44,4,1:19.620,79620.0
12,4,45,7,1:19.652,79652.0
12,4,46,8,1:19.583,79583.0
12,4,47,9,1:19.539,79539.0
12,4,48,2,1:19.530,79530.0
12,4,49,10,1:19.806,79806.0
12,4,50,4,1:19.646,79646.0
12,4,51,3,1:19.487,79487.0
12,4,52,10,1:19.369,79369.0
12,4,53,5,1:19.480,79480.0
12,4,54,10,1:19.455,79455.0
12,4,55,7,1:19.670,79670.0
12,4,56,9,1:19.598,79598.0
12,4,57,1,1:19.686,79686.0
12,4,58,4,1:19.615,
12,4,59,6,1:19.551,79551.0
12,4,60,8,1:19.330,79330.0
12,4,61,1,1:19.453,79453.0
12,4,62,10,1:19.109,79109.0
12,5,1,6,1:19.399,79399.0
12,5,2,6,1:19.336,79336.0
12,5,3,5,1:19.513,79513.0
12,5,4,5,1:19.453,79453.0
12,5,5,8,1:19.394,79394.0
12,5,6,10,1:19.422,79422.0
12,5,7,5,1:19.248,79248.0
12,5,8,3,1:19.446,79446.0
12,5,9,5,1:19.482,79482.0
12,5,10,6,1:19.219,79219.0
12,5,11,9,1:19.230,79230.0
12,5,12,3,1:19.342,79342.0
12,5,13,4,1:19.296,570660.0
12,5,14,8,1:19.168,79168.0
12,5,15,5,1:19.043,79043.0
12,5,16,10,1:19.267,79267.0
12,5,17,6,1:19.263,79263.0
12,5,18,7,1:19.487,
12,5,19,6,1:19.146,79146.0
12,5,20,2,1:18.839,78839.0
12,5,21,6,1:18.850,78850.0
12,5,22,4,1:18.972,78972.0
12,5,23,2,1:18.969,78969.0
12,5,24,10,1:19.063,79063.0
12,5,25,8,1:18.935,78935.0
12,5,26,9,1:18.836,78836.0
12,5,27,4,1:18.798,78798.0
12,5,28,2,1:19.029,79029.0
12,5,29,8,1:18.903,78903.0
12,5,30,4,1:18.928,78928.0
12,5,31,6,1:18.777,78777.0
12,5,32,9,1:18.850,78850.0
12,5,33,8,1:18.993,78993.0
12,5,34,10,1:18.789,78789.0
12,5,35,10,1:18.904,78904.0
12,5,36,5,1:18.901,78901.0
12,5,37,6,1:18.922,78922.0
12,5,38,5,1:18.938,78938.0
12,5,39,9,1:18.805,78805.0
12,5,40,8,1:18.725,78725.0
12,5,41,6,1:18.687,78687.0
12,5,42,1,1:18.676,78676.0
12,5,43,2,1:18.674,78674.0
12,5,44,10,1:18.579,78579.0
12,5,45,7,1:18.595,78595.0
12,5,46,10,1:18.508,78508.0
12,5,47,3,1:18.399,78399.0
12,5,48,10,1:18.526,78526.0
12,5,49,2,1:18.398,78398.0
12,5,50,6,1:18.707,78707.0
12,5,51,3,1:18.332,78332.0
12,5,52,4,1:18.215,78215.0
12,5,53,10,1:18.463,78463.0
12,5,54,7,1:18.464,78464.0
12,5,55,7,1:18.506,78506.0
12,5,56,5,1:18.281,78281.0
12,5,57,7,1:18.488,78488.0
12,5,58,2,1:18.695,78695.0
12,5,59,4,1:18.315,78315.0
12,5,60,5,1:18.104,78104.0
12,5,61,2,1:18.083,78083.0
12,5,62,3,1:18.202,78202.0
12,6,1,4,1:20.306,80306.0
12,6,2,5,1:20.575,80575.0
12,6,3,2,1:20.181,80181.0
12,6,4,7,1:20.190,80190.0
12,6,5,10,1:20.418,80418.0
12,6,6,9,1:20.236,80236.0
12,6,7,6,1:20.515,80515.0
12,6,8,2,1:20.266,80266.0
12,6,9,7,1:20.322,80322.0
12,6,10,7,1:20.181,80181.0
12,6,11,8,1:20.142,80142.0
12,6,12,2,1:20.396,80396.0
12,6,13,8,1:20.170,80170.0
12,6,14,5,1:20.089,80089.0
12,6,15,6,1:20.160,80160.0
12,6,16,10,1:19.912,79912.0
12,6,17,7,1:20.135,80135.0
12,6,18,3,1:20.282,80282.0
12,6,19,1,1:20.095,80095.0
12,6,20,10,1:19.876,79876.0
12,6,21,5,1:20.102,80102.0
12,6,22,9,1:19.817,79817.0
12,6,23,7,1:19.772,79772.0
12,6,24,3,1:19.722,79722.0
12,6,25,2,1:19.916,79916.0
12,6,26,8,1:20.037,80037.0
12,6,27,5,1:20.163,80163.0
12,6,28,8,1:19.859,
12,6,29,6,1:19.703,79703.0
12,6,30,3,1:19.935,79935.0
12,6,31,7,1:19.922,79922.0
12,6,32,1,1:19.699,79699.0
12,6,33,5,1:19.852,79852.0
12,6,34,1,1:19.836,79836.0
12,6,35,6,1:19.954,79954.0
12,6,36,2,1:20.050,80050.0
12,6,37,10,1:19.882,79882.0
12,6,38,1,1:19.442,79442.0
12,6,39,3,1:19.555,79555.0
12,6,40,10,1:19.469,79469.0
12,6,41,3,1:19.498,79498.0
12,6,42,3,1:19.616,79616.0
12,6,43,10,1:19.464,79464.0
12,6,44,7,1:19.438,79438.0
12,6,45,9,1:19.543,79543.0
12,6,46,1,1:19.342,79342.0
12,6,47,2,1:19.662,
12,6,48,4,1:19.553,79553.0
12,6,49,8,1:19.427,79427.0
12,6,50,5,1:19.423,79423.0
12,6,51,7,1:19.238,79238.0
12,6,52,3,1:19.354,79354.0
12,6,53,2,1:19.382,79382.0
12,6,54,4,1:19.407,79407.0
12,6,55,2,1:19.678,79678.0
12,6,56,9,1:19.405,570660.0
12,6,57,3,1:19.324,79324.0
12,6,58,3,1:19.356,79356.0
12,6,59,9,1:19.287,79287.0
12,6,60,8,1:19.107,79107.0
12,6,61,2,1:19.027,79027.0
12,6,62,9,1:19.116,79116.0
12,7,1,6,1:20.327,80327.0
12,7,2,2,1:20.291,80291.0
12,7,3,3,1:20.155,80155.0
12,7,4,3,1:20.068,80068.0
12,7,5,9,1:20.255,80255.0
12,7,6,3,1:20.212,80212.0
12,7,7,10,1:20.167,80167.0
12,7,8,1,1:20.175,80175.0
12,7,9,5,1:20.235,80235.0
12,7,10,4,1:20.045,80045.0
12,7,11,6,1:20.141,80141.0
12,7,12,1,1:19.913,79913.0
12,7,13,1,1:20.054,80054.0
12,7,14,3,1:20.166,80166.0
12,7,15,1,1:19.865,79865.0
12,7,16,9,1:20.364,80364.0
12,7,17,7,1:20.125,80125.0
12,7,18,5,1:19.905,79905.0
12,7,19,2,1:20.072,80072.0
12,7,20,8,1:19.811,
12,7,21,9,1:19.820,79820.0
12,7,22,9,1:19.904,79904.0
12,7,23,8,1:19.936,79936.0
12,7,24,4,1:19.923,79923.0
12,7,25,2,1:19.970,79970.0
12,7,26,10,1:19.776,79776.0
12,7,27,4,1:19.775,79775.0
12,7,28,6,1:19.763,79763.0
12,7,29,4,1:19.725,79725.0
12,7,30,8,1:19.575,79575.0
12,7,31,5,1:19.921,79921.0
12,7,32,2,1:19.825,79825.0
12,7,33,3,1:19.594,79594.0
12,7,34,5,1:19.628,79628.0
12,7,35,8,1:19.616,79616.0
12,7,36,6,1:19.408,79408.0
12,7,37,1,1:19.863,79863.0
12,7,38,2,1:19.874,79874.0
12,7,39,6,1:19.811,79811.0
12,7,40,8,1:19.425,79425.0
12,7,41,8,1:19.414,79414.0
12,7,42,9,1:19.477,79477.0
12,7,43,1,1:19.393,79393.0
12,7,44,10,1:19.365,79365.0
12,7,45,9,1:19.259,79259.0
12,7,46,9,1:19.591,79591.0
12,7,47,5,1:19.362,79362.0
12,7,48,6,1:19.389,79389.0
12,7,49,5,1:19.424,79424.0
12,7,50,8,1:19.550,570660.0
12,7,51,2,1:19.386,
12,7,52,8,1:19.387,79387.0
12,7,53,3,1:19.512,79512.0
12,7,54,1,1:19.551,79551.0
12,7,55,3,1:19.380,79380.0
12,7,56,5,1:19.301,79301.0
12,7,57,6,1:19.315,79315.0
12,7,58,4,1:19.355,79355.0
12,7,59,2,1:19.161,79161.0
12,7,60,3,1:18.963,78963.0
12,7,61,1,1:18.910,78910.0
12,7,62,8,1:19.040,79040.0
12,8,1,4,1:20.332,80332.0
12,8,2,3,1:20.328,80328.0
12,8,3,7,1:20.183,80183.0
12,8,4,7,1:20.067,80067.0
12,8,5,9,1:20.266,80266.0
12,8,6,8,1:20.101,80101.0
12,8,7,10,1:20.083,80083.0
12,8,8,3,1:20.309,80309.0
12,8,9,9,1:20.021,80021.0
12,8,10,7,1:20.194,80194.0
12,8,11,6,1:20.429,80429.0
12,8,12,10,1:20.019,80019.0
12,8,13,8,1:20.102,80102.0
12,8,14,3,1:19.943,79943.0
12,8,15,7,1:20.084,80084.0
12,8,16,6,1:19.949,79949.0
12,8,17,10,1:20.183,80183.0
12,8,18,3,1:20.088,80088.0
12,8,19,6,1:20.034,80034.0
12,8,20,6,1:19.803,79803.0
12,8,21,1,1:19.929,
12,8,22,1,1:19.820,79820.0
12,8,23,6,1:19.712,79712.0
12,8,24,9,1:19.792,79792.0
12,8,25,2,1:19.919,79919.0
12,8,26,1,1:19.969,79969.0
12,8,27,1,1:19.839,79839.0
12,8,28,7,1:19.565,79565.0
12,8,29,4,1:19.603,79603.0
12,8,30,6,1:19.716,79716.0
12,8,31,9,1:19.752,79752.0
12,8,32,1,1:19.604,79604.0
12,8,33,7,1:19.638,79638.0
12,8,34,10,1:19.576,79576.0
12,8,35,10,1:19.812,79812.0
12,8,36,7,1:19.717,79717.0
12,8,37,5,1:19.630,79630.0
12,8,38,6,1:19.845,79845.0
12,8,39,1,1:19.282,79282.0
12,8,40,6,1:19.694,79694.0
12,8,41,6,1:19.437,79437.0
12,8,42,3,1:19.518,79518.0
12,8,43,2,1:19.469,79469.0
12,8,44,3,1:19.321,79321.0
12,8,45,7,1:19.397,79397.0
12,8,46,2,1:19.527,79527.0
12,8,47,1,1:19.260,79260.0
12,8,48,1,1:19.486,79486.0
12,8,49,1,1:19.282,79282.0
12,8,50,5,1:19.279,79279.0
12,8,51,2,1:19.127,79127.0
12,8,52,9,1:19.243,79243.0
12,8,53,6,1:19.326,79326.0
12,8,54,8,1:19.431,79431.0
12,8,55,2,1:19.465,79465.0
12,8,56,7,1:19.385,79385.0
12,8,57,9,1:19.193,79193.0
12,8,58,7,1:19.262,79262.0
12,8,59,10,1:19.350,79350.0
12,8,60,5,1:19.078,79078.0
12,8,61,7,1:19.090,79090.0
12,8,62,8,1:19.139,79139.0
12,9,1,4,1:20.112,80112.0
12,9,2,6,1:19.965,79965.0
12,9,3,4,1:20.050,80050.0
12,9,4,2,1:19.934,79934.0
12,9,5,5,1:19.999,79999.0
12,9,6,3,1:19.928,570660.0
12,9,7,8,1:19.813,79813.0
12,9,8,8,1:19.954,79954.0
12,9,9,6,1:19.838,79838.0
12,9,10,7,1:20.188,80188.0
12,9,11,5,1:19.814,79814.0
12,9,12,2,1:20.228,80228.0
12,9,13,10,1:20.013,80013.0
12,9,14,6,1:19.937,79937.0
12,9,15,10,1:19.999,79999.0
12,9,16,7,1:19.876,79876.0
12,9,17,6,1:19.841,79841.0
12,9,18,4,1:19.936,79936.0
12,9,19,1,1:19.747,79747.0
12,9,20,2,1:19.559,79559.0
12,9,21,2,1:19.789,79789.0
12,9,22,6,1:19.700,79700.0
12,9,23,7,1:19.451,79451.0
12,9,24,6,1:19.492,79492.0
12,9,25,10,1:19.577,79577.0
12,9,26,8,1:19.732,79732.0
12,9,27,10,1:19.596,79596.0
12,9,28,2,1:19.494,79494.0
12,9,29,3,1:19.736,79736.0
12,9,30,9,1:19.559,79559.0
12,9,31,8,1:19.418,79418.0
12,9,32,9,1:19.579,79579.0
12,9,33,5,1:19.527,79527.0
12,9,34,8,1:19.488,79488.0
12,9,35,7,1:19.587,79587.0
12,9,36,6,1:19.362,79362.0
12,9,37,3,1:19.442,79442.0
12,9,38,8,1:19.600,79600.0
12,9,39,1,1:19.686,79686.0
12,9,40,3,1:19.230,79230.0
12,9,41,5,1:19.155,79155.0
12,9,42,3,1:19.216,79216.0
12,9,43,9,1:19.211,79211.0
12,9,44,3,1:19.302,79302.0
12,9,45,4,1:19.160,79160.0
12,9,46,9,1:19.272,79272.0
12,9,47,4,1:18.849,78849.0
12,9,48,1,1:19.066,79066.0
12,9,49,6,1:19.340,79340.0
12,9,50,1,1:19.121,79121.0
12,9,51,2,1:19.174,79174.0
12,9,52,5,1:19.124,79124.0
12,9,53,7,1:19.176,79176.0
12,9,54,3,1:19.104,79104.0
12,9,55,2,1:19.027,79027.0
12,9,56,9,1:19.147,79147.0
12,9,57,7,1:19.169,79169.0
12,9,58,4,1:19.215,79215.0
12,9,59,3,1:19.208,79208.0
12,9,60,1,1:18.904,78904.0
12,9,61,10,1:18.936,78936.0
12,9,62,9,1:18.816,78816.0
12,10,1,1,1:20.205,80205.0
12,10,2,10,1:20.278,80278.0
12,10,3,1,1:20.098,80098.0
12,10,4,5,1:20.326,80326.0
12,10,5,4,1:20.318,80318.0
12,10,6,10,1:20.280,80280.0
12,10,7,5,1:20.120,80120.0
12,10,8,3,1:20.348,80348.0
12,10,9,4,1:20.157,80157.0
12,10,10,9,1:20.322,80322.0
12,10,11,9,1:20.370,80370.0
12,10,12,4,1:20.243,80243.0
12,10,13,10,1:20.372,80372.0
12,10,14,10,1:20.134,80134.0
12,10,15,3,1:20.177,80177.0
12,10,16,6,1:20.220,80220.0
12,10,17,5,1:20.322,80322.0
12,10,18,1,1:20.386,80386.0
12,10,19,5,1:20.290,80290.0
12,10,20,7,1:19.781,79781.0
12,10,21,1,1:19.959,79959.0
12,10,22,9,1:20.125,80125.0
12,10,23,1,1:20.002,80002.0
12,10,24,6,1:19.990,79990.0
12,10,25,7,1:19.938,79938.0
12,10,26,8,1:20.046,80046.0
12,10,27,8,1:19.745,79745.0
12,10,28,6,1:19.656,
12,10,29,5,1:19.872,79872.0
12,10,30,7,1:19.995,79995.0
12,10,31,9,1:19.825,79825.0
12,10,32,4,1:19.831,79831.0
12,10,33,5,1:20.064,80064.0
12,10,34,8,1:20.086,80086.0
12,10,35,7,1:19.914,79914.0
12,10,36,4,1:20.027,80027.0
12,10,37,3,1:19.812,79812.0
12,10,38,1,1:19.835,79835.0
12,10,39,9,1:19.821,79821.0
12,10,40,10,1:19.460,79460.0
12,10,41,8,1:19.652,79652.0
12,10,42,4,1:19.750,79750.0
12,10,43,10,1:19.799,79799.0
12,10,44,3,1:19.374,79374.0
12,10,45,9,1:19.480,79480.0
12,10,46,5,1:19.703,79703.0
12,10,47,2,1:19.509,79509.0
12,10,48,8,1:19.435,79435.0
12,10,49,5,1:19.658,79658.0
13,1,1,10,1:22.169,82169.0
13,1,2,9,1:21.989,81989.0
13,1,3,6,1:22.130,82130.0
13,1,4,3,1:21.945,81945.0
13,1,5,8,1:22.004,82004.0
13,1,6,5,1:22.357,82357.0
13,1,7,8,1:22.161,82161.0
13,1,8,7,1:22.089,82089.0
13,1,9,10,1:22.060,82060.0
13,1,10,4,1:22.034,82034.0
13,1,11,8,1:22.192,82192.0
13,1,12,1,1:22.204,82204.0
13,1,13,10,1:22.094,
13,1,14,3,1:21.884,81884.0
13,1,15,8,1:21.955,81955.0
13,1,16,2,1:22.040,82040.0
13,1,17,8,1:22.090,82090.0
13,1,18,1,1:22.046,82046.0
13,1,19,3,1:21.876,81876.0
13,1,20,6,1:21.838,81838.0
13,1,21,1,1:21.824,81824.0
13,1,22,9,1:21.736,81736.0
13,1,23,4,1:21.834,81834.0
13,1,24,2,1:21.727,81727.0
13,1,25,9,1:21.981,81981.0
13,1,26,8,1:21.875,81875.0
13,1,27,10,1:21.598,81598.0
13,1,28,7,1:21.814,81814.0
13,1,29,5,1:21.660,81660.0
13,1,30,3,1:21.477,81477.0
13,1,31,4,1:21.631,81631.0
13,1,32,7,1:21.568,81568.0
13,1,33,3,1:21.701,81701.0
13,1,34,3,1:21.653,81653.0
13,1,35,8,1:21.535,81535.0
13,1,36,6,1:21.605,81605.0
13,1,37,3,1:21.514,81514.0
13,1,38,10,1:21.537,81537.0
13,1,39,6,1:21.483,81483.0
13,1,40,1,1:21.350,81350.0
13,1,41,2,1:21.121,81121.0
13,1,42,6,1:21.487,81487.0
13,1,43,4,1:21.278,81278.0
13,1,44,4,1:21.258,81258.0
13,1,45,6,1:21.413,81413.0
13,1,46,5,1:21.399,81399.0
13,1,47,3,1:21.172,81172.0
13,1,48,6,1:21.469,81469.0
13,1,49,9,1:21.225,
13,1,50,4,1:21.261,81261.0
13,1,51,4,1:21.322,81322.0
13,1,52,10,1:21.224,81224.0
13,1,53,1,1:21.184,81184.0
13,1,54,4,1:21.292,81292.0
13,1,55,8,1:21.329,81329.0
13,1,56,7,1:21.153,81153.0
13,1,57,4,1:21.279,81279.0
13,2,1,10,1:21.812,81812.0
13,2,2,5,1:21.939,81939.0
13,2,3,9,1:21.893,81893.0
13,2,4,10,1:22.110,82110.0
13,2,5,10,1:21.746,81746.0
13,2,6,2,1:21.988,81988.0
13,2,7,5,1:22.155,
13,2,8,7,1:21.856,81856.0
13,2,9,2,1:22.133,82133.0
13,2,10,2,1:21.974,81974.0
13,2,11,6,1:21.992,81992.0
13,2,12,9,1:22.010,82010.0
13,2,13,5,1:21.856,81856.0
13,2,14,9,1:21.689,81689.0
13,2,15,7,1:21.942,81942.0
13,2,16,8,1:22.032,82032.0
13,2,17,1,1:21.881,81881.0
13,2,18,2,1:21.939,81939.0
13,2,19,6,1:21.855,81855.0
13,2,20,1,1:21.717,81717.0
13,2,21,1,1:21.671,81671.0
13,2,22,7,1:21.488,81488.0
13,2,23,7,1:21.764,81764.0
13,2,24,4,1:21.696,81696.0
13,2,25,9,1:21.667,81667.0
13,2,26,4,1:21.335,81335.0
13,2,27,6,1:21.498,81498.0
13,2,28,10,1:21.454,81454.0
13,2,29,6,1:21.455,81455.0
13,2,30,6,1:21.688,81688.0
13,2,31,8,1:21.505,81505.0
13,2,32,1,1:21.696,81696.0
13,2,33,5,1:21.587,81587.0
13,2,34,8,1:21.363,81363.0
13,2,35,9,1:21.641,81641.0
13,2,36,4,1:21.308,81308.0
13,2,37,3,1:21.272,81272.0
13,2,38,9,1:21.516,81516.0
13,2,39,2,1:21.336,
13,2,40,9,1:20.976,80976.0
13,2,41,1,1:21.082,81082.0
13,2,42,6,1:21.150,81150.0
13,2,43,5,1:21.401,81401.0
13,2,44,3,1:21.170,81170.0
13,2,45,10,1:21.243,81243.0
13,2,46,3,1:21.222,81222.0
13,2,47,7,1:21.200,81200.0
13,2,48,8,1:21.490,81490.0
13,2,49,8,1:21.259,81259.0
13,2,50,7,1:21.186,81186.0
13,2,51,8,1:21.039,81039.0
13,2,52,7,1:20.961,80961.0
13,2,53,3,1:20.985,80985.0
13,2,54,3,1:21.230,81230.0
13,2,55,10,1:21.162,81162.0
13,2,56,5,1:21.139,81139.0
13,2,57,2,1:21.107,81107.0
13,3,1,1,1:22.352,82352.0
13,3,2,1,1:22.502,82502.0
13,3,3,6,1:22.564,82564.0
13,3,4,5,1:22.336,82336.0
13,3,5,7,1:22.379,82379.0
13,3,6,7,1:22.390,82390.0
13,3,7,4,1:22.444,82444.0
13,3,8,5,1:22.417,82417.0
13,3,9,8,1:22.358,82358.0
13,3,10,9,1:22.302,82302.0
13,3,11,2,1:22.248,82248.0
13,3,12,4,1:22.465,82465.0
13,3,13,5,1:22.478,82478.0
13,3,14,5,1:22.364,82364.0
13,3,15,3,1:22.324,82324.0
13,3,16,9,1:22.349,82349.0
13,3,17,8,1:22.455,82455.0
13,3,18,4,1:22.357,82357.0
13,3,19,7,1:22.505,82505.0
13,3,20,8,1:22.043,82043.0
13,3,21,2,1:21.923,81923.0
13,3,22,9,1:22.194,82194.0
13,3,23,5,1:22.128,82128.0
13,3,24,1,1:22.157,82157.0
13,3,25,5,1:22.058,82058.0
13,3,26,3,1:22.022,82022.0
13,3,27,3,1:22.063,82063.0
13,3,28,1,1:21.878,81878.0
13,3,29,8,1:22.134,82134.0
13,3,30,4,1:21.926,81926.0
13,3,31,7,1:22.000,82000.0
13,3,32,9,1:21.857,81857.0
13,3,33,5,1:22.065,82065.0
13,3,34,1,1:21.865,81865.0
13,3,35,2,1:21.838,81838.0
13,3,36,1,1:22.056,82056.0
13,3,37,5,1:21.866,81866.0
13,3,38,9,1:21.745,81745.0
13,3,39,6,1:21.947,81947.0
13,3,40,8,1:21.654,81654.0
13,3,41,1,1:21.648,81648.0
13,3,42,10,1:21.706,81706.0
13,3,43,7,1:21.661,81661.0
13,3,44,6,1:21.481,81481.0
13,3,45,5,1:21.557,81557.0
13,3,46,3,1:21.607,81607.0
13,3,47,2,1:21.526,81526.0
13,3,48,4,1:21.568,81568.0
13,3,49,3,1:21.449,81449.0
13,3,50,2,1:21.604,81604.0
13,3,51,3,1:21.753,81753.0
13,3,52,5,1:21.630,81630.0
13,3,53,6,1:21.319,81319.0
13,3,54,5,1:21.424,81424.0
13,3,55,10,1:22.009,82009.0
13,3,56,8,1:21.646,81646.0
13,3,57,6,1:21.558,81558.0
13,4,1,5,1:22.061,82061.0
13,4,2,6,1:22.262,82262.0
13,4,3,9,1:22.019,82019.0
13,4,4,4,1:22.389,82389.0
13,4,5,3,1:22.041,82041.0
13,4,6,8,1:22.163,82163.0
13,4,7,2,1:22.273,82273.0
13,4,8,2,1:22.083,82083.0
13,4,9,8,1:22.134,82134.0
13,4,10,3,1:22.107,82107.0
13,4,11,6,1:21.952,81952.0
13,4,12,2,1:22.230,82230.0
13,4,13,3,1:21.969,81969.0
13,4,14,3,1:22.059,82059.0
13,4,15,3,1:21.940,81940.0
13,4,16,7,1:21.990,81990.0
13,4,17,1,1:22.020,82020.0
13,4,18,7,1:22.076,82076.0
13,4,19,4,1:22.186,82186.0
13,4,20,10,1:21.783,81783.0
13,4,21,8,1:21.569,81569.0
13,4,22,9,1:21.800,81800.0
13,4,23,9,1:21.825,81825.0
13,4,24,10,1:21.667,81667.0
13,4,25,10,1:21.413,81413.0
13,4,26,7,1:21.809,81809.0
13,4,27,9,1:21.746,81746.0
13,4,28,2,1:21.564,81564.0
13,4,29,5,1:21.684,81684.0
13,4,30,8,1:21.781,81781.0
13,4,31,5,1:21.661,
13,4,32,8,1:21.611,81611.0
13,4,33,5,1:21.726,81726.0
13,4,34,7,1:21.711,81711.0
13,4,35,2,1:21.700,81700.0
13,4,36,9,1:21.546,81546.0
13,4,37,7,1:21.575,81575.0
13,4,38,5,1:21.902,81902.0
13,4,39,4,1:21.484,81484.0
13,4,40,2,1:21.410,81410.0
13,4,41,9,1:21.354,81354.0
13,4,42,5,1:21.345,81345.0
13,4,43,8,1:21.346,81346.0
13,4,44,9,1:21.584,81584.0
13,4,45,5,1:21.527,81527.0
13,4,46,10,1:21.320,81320.0
13,4,47,6,1:21.326,81326.0
13,4,48,8,1:21.340,81340.0
13,4,49,5,1:21.344,81344.0
13,4,50,3,1:21.431,81431.0
13,4,51,1,1:21.335,81335.0
13,4,52,8,1:21.150,81150.0
13,4,53,5,1:21.302,81302.0
13,4,54,2,1:21.217,81217.0
13,4,55,9,1:21.211,81211.0
13,4,56,6,1:21.496,81496.0
13,4,57,8,1:21.331,81331.0
13,5,1,3,1:22.146,82146.0
13,5,2,3,1:22.082,82082.0
13,5,3,3,1:22.298,82298.0
13,5,4,5,1:21.964,81964.0
13,5,5,2,1:22.151,82151.0
13,5,6,6,1:21.890,81890.0
13,5,7,2,1:21.992,81992.0
13,5,8,9,1:22.131,82131.0
13,5,9,10,1:22.045,82045.0
13,5,10,7,1:21.873,81873.0
13,5,11,4,1:22.048,82048.0
13,5,12,6,1:22.092,82092.0
13,5,13,1,1:21.945,81945.0
13,5,14,4,1:22.245,82245.0
13,5,15,7,1:22.041,82041.0
13,5,16,9,1:21.854,81854.0
13,5,17,1,1:21.915,81915.0
13,5,18,5,1:21.865,81865.0
13,5,19,3,1:21.667,81667.0
13,5,20,1,1:21.690,81690.0
13,5,21,8,1:21.557,81557.0
13,5,22,3,1:21.893,81893.0
13,5,23,1,1:21.675,81675.0
13,5,24,6,1:21.625,81625.0
13,5,25,4,1:21.845,81845.0
13,5,26,1,1:21.976,81976.0
13,5,27,10,1:21.802,81802.0
13,5,28,10,1:21.870,81870.0
13,5,29,3,1:21.844,81844.0
13,5,30,8,1:21.743,81743.0
13,5,31,1,1:21.682,81682.0
13,5,32,8,1:21.413,81413.0
13,5,33,10,1:21.438,81438.0
13,5,34,10,1:21.421,81421.0
13,5,35,6,1:21.474,81474.0
13,5,36,5,1:21.599,81599.0
13,5,37,8,1:21.614,81614.0
13,5,38,9,1:21.475,81475.0
13,5,39,9,1:21.565,81565.0
13,5,40,8,1:21.381,81381.0
13,5,41,8,1:21.298,81298.0
13,5,42,7,1:21.443,81443.0
13,5,43,9,1:21.208,81208.0
13,5,44,7,1:21.230,81230.0
13,5,45,2,1:21.209,81209.0
13,5,46,8,1:21.112,81112.0
13,5,47,4,1:21.348,
13,5,48,4,1:21.169,81169.0
13,5,49,6,1:21.229,81229.0
13,5,50,2,1:21.374,81374.0
13,5,51,5,1:21.171,81171.0
13,5,52,3,1:21.130,81130.0
13,5,53,4,1:21.287,81287.0
13,5,54,5,1:21.199,81199.0
13,5,55,6,1:21.361,81361.0
13,5,56,3,1:21.360,81360.0
13,5,57,8,1:21.269,81269.0
13,6,1,6,1:22.953,82953.0
13,6,2,4,1:22.978,82978.0
13,6,3,10,1:22.950,82950.0
13,6,4,10,1:23.093,83093.0
13,6,5,2,1:23.145,83145.0
13,6,6,2,1:22.947,82947.0
13,6,7,3,1:23.028,83028.0
13,6,8,9,1:22.838,82838.0
13,6,9,9,1:22.881,82881.0
13,6,10,9,1:22.981,82981.0
13,6,11,8,1:22.945,82945.0
13,6,12,2,1:22.753,82753.0
13,6,13,2,1:23.007,83007.0
13,6,14,6,1:23.226,83226.0
13,6,15,3,1:22.865,82865.0
13,6,16,4,1:23.243,83243.0
13,6,17,7,1:22.919,82919.0
13,6,18,4,1:22.769,82769.0
13,6,19,5,1:23.063,83063.0
13,6,20,7,1:22.683,82683.0
13,6,21,9,1:22.567,82567.0
13,6,22,5,1:22.445,82445.0
13,6,23,10,1:22.769,82769.0
13,6,24,7,1:22.454,82454.0
13,6,25,3,1:22.742,82742.0
13,6,26,4,1:22.624,82624.0
13,6,27,2,1:22.677,82677.0
13,6,28,5,1:22.304,82304.0
13,6,29,10,1:22.643,82643.0
13,6,30,7,1:22.512,82512.0
13,6,31,4,1:22.530,82530.0
13,6,32,8,1:22.559,82559.0
13,6,33,7,1:22.364,82364.0
13,6,34,4,1:22.538,82538.0
13,6,35,5,1:22.640,82640.0
13,6,36,10,1:22.678,82678.0
13,6,37,2,1:22.609,82609.0
13,6,38,7,1:22.355,82355.0
13,6,39,1,1:22.306,82306.0
13,6,40,6,1:22.143,82143.0
13,6,41,1,1:22.367,82367.0
13,6,42,9,1:22.107,82107.0
13,6,43,8,1:22.236,82236.0
13,6,44,5,1:22.201,82201.0
13,6,45,7,1:22.310,82310.0
13,6,46,8,1:22.198,82198.0
13,6,47,10,1:22.200,82200.0
13,6,48,9,1:22.215,82215.0
13,6,49,6,1:22.179,82179.0
13,6,50,1,1:22.224,82224.0
13,6,51,9,1:22.119,82119.0
13,6,52,2,1:22.100,82100.0
13,6,53,5,1:22.157,82157.0
13,6,54,9,1:22.175,82175.0
13,6,55,7,1:22.066,82066.0
13,6,56,8,1:22.346,82346.0
13,6,57,1,1:22.200,82200.0
13,7,1,3,1:22.059,82059.0
13,7,2,2,1:22.039,82039.0
13,7,3,10,1:22.226,82226.0
13,7,4,1,1:21.976,
13,7,5,9,1:22.009,82009.0
13,7,6,3,1:22.070,82070.0
13,7,7,4,1:21.957,81957.0
13,7,8,1,1:22.176,82176.0
13,7,9,7,1:22.316,82316.0
13,7,10,2,1:22.068,82068.0
13,7,11,1,1:22.090,82090.0
13,7,12,3,1:21.973,81973.0
13,7,13,2,1:21.976,570660.0
13,7,14,6,1:21.967,81967.0
13,7,15,1,1:21.981,81981.0
13,7,16,3,1:21.733,81733.0
13,7,17,2,1:22.003,82003.0
13,7,18,6,1:21.977,81977.0
13,7,19,6,1:21.947,81947.0
13,7,20,3,1:21.615,81615.0
13,7,21,8,1:21.708,81708.0
13,7,22,3,1:21.585,81585.0
13,7,23,6,1:21.717,81717.0
13,7,24,1,1:21.657,81657.0
13,7,25,4,1:21.652,81652.0
13,7,26,5,1:21.628,81628.0
13,7,27,1,1:21.537,81537.0
13,7,28,5,1:21.728,81728.0
13,7,29,5,1:21.569,81569.0
13,7,30,5,1:21.565,81565.0
13,7,31,4,1:21.411,81411.0
13,7,32,4,1:21.558,81558.0
13,7,33,8,1:21.629,81629.0
13,7,34,1,1:21.785,81785.0
13,7,35,8,1:21.652,81652.0
13,7,36,5,1:21.807,81807.0
13,7,37,1,1:21.581,81581.0
13,7,38,7,1:21.564,81564.0
13,7,39,7,1:21.558,81558.0
13,7,40,7,1:21.232,81232.0
13,7,41,2,1:21.203,81203.0
13,7,42,9,1:21.357,81357.0
13,7,43,10,1:21.263,81263.0
13,7,44,10,1:21.345,81345.0
13,7,45,10,1:21.289,81289.0
13,7,46,6,1:21.206,81206.0
13,7,47,3,1:21.272,81272.0
13,7,48,3,1:21.174,81174.0
13,7,49,9,1:21.394,81394.0
13,7,50,6,1:21.187,81187.0
13,7,51,7,1:21.262,81262.0
13,7,52,6,1:21.291,81291.0
13,7,53,1,1:21.208,81208.0
13,7,54,10,1:21.216,81216.0
13,7,55,1,1:21.230,81230.0
13,7,56,8,1:21.232,
13,7,57,8,1:21.180,
13,8,1,2,1:22.525,82525.0
13,8,2,2,1:22.418,82418.0
13,8,3,4,1:22.639,82639.0
13,8,4,10,1:22.486,82486.0
13,8,5,9,1:22.563,82563.0
13,8,6,7,1:22.621,82621.0
13,8,7,7,1:22.401,82401.0
13,8,8,10,1:22.468,82468.0
13,8,9,2,1:22.504,82504.0
13,8,10,3,1:22.322,82322.0
13,8,11,2,1:22.503,82503.0
13,8,12,10,1:22.298,82298.0
13,8,13,1,1:22.581,82581.0
13,8,14,8,1:22.595,82595.0
13,8,15,2,1:22.452,82452.0
13,8,16,7,1:22.415,82415.0
13,8,17,5,1:22.114,82114.0
13,8,18,3,1:22.410,82410.0
13,8,19,7,1:22.460,82460.0
13,8,20,5,1:22.162,82162.0
13,8,21,8,1:22.026,82026.0
13,8,22,7,1:22.150,82150.0
13,8,23,1,1:22.234,82234.0
13,8,24,9,1:22.192,82192.0
13,8,25,4,1:22.232,82232.0
13,8,26,10,1:22.459,82459.0
13,8,27,6,1:21.966,81966.0
13,8,28,7,1:22.213,82213.0
13,8,29,8,1:22.187,82187.0
13,8,30,6,1:22.170,82170.0
13,8,31,6,1:21.831,81831.0
13,8,32,5,1:22.048,82048.0
13,8,33,8,1:22.214,82214.0
13,8,34,4,1:22.088,82088.0
13,8,35,2,1:21.981,81981.0
13,8,36,6,1:22.079,82079.0
13,8,37,8,1:22.077,82077.0
13,8,38,6,1:22.018,82018.0
13,8,39,4,1:21.995,81995.0
13,8,40,7,1:21.887,81887.0
13,8,41,2,1:21.779,81779.0
13,8,42,1,1:21.766,81766.0
13,8,43,2,1:22.058,82058.0
13,8,44,7,1:21.380,
13,8,45,6,1:21.736,81736.0
13,8,46,9,1:21.699,81699.0
13,8,47,5,1:21.658,81658.0
13,8,48,2,1:21.771,81771.0
13,8,49,8,1:21.559,81559.0
13,8,50,9,1:21.682,81682.0
13,8,51,8,1:21.569,81569.0
13,8,52,7,1:21.487,81487.0
13,8,53,5,1:21.598,81598.0
13,8,54,10,1:21.914,81914.0
13,8,55,4,1:21.567,81567.0
13,8,56,10,1:21.571,81571.0
13,8,57,1,1:21.687,81687.0
13,9,1,10,1:23.038,83038.0
13,9,2,8,1:22.930,82930.0
13,9,3,2,1:23.044,83044.0
13,9,4,3,1:23.152,83152.0
13,9,5,2,1:22.904,82904.0
13,9,6,4,1:22.856,
13,9,7,8,1:23.049,83049.0
13,9,8,1,1:22.966,82966.0
13,9,9,5,1:23.071,83071.0
13,9,10,4,1:23.183,83183.0
13,9,11,6,1:23.019,83019.0
13,9,12,3,1:23.115,83115.0
13,9,13,6,1:22.990,82990.0
13,9,14,6,1:22.980,82980.0
13,9,15,4,1:22.996,82996.0
13,9,16,2,1:22.972,82972.0
13,9,17,1,1:22.818,82818.0
13,9,18,1,1:22.953,82953.0
13,9,19,3,1:23.193,83193.0
13,9,20,7,1:22.850,82850.0
13,9,21,7,1:22.742,82742.0
13,9,22,3,1:22.622,82622.0
13,9,23,4,1:22.579,82579.0
13,9,24,6,1:22.458,82458.0
13,9,25,6,1:22.743,82743.0
13,9,26,7,1:22.683,82683.0
13,9,27,6,1:22.666,82666.0
13,9,28,8,1:22.681,82681.0
13,9,29,10,1:22.591,82591.0
13,9,30,10,1:22.626,82626.0
13,9,31,10,1:22.625,82625.0
13,9,32,9,1:22.605,82605.0
13,9,33,7,1:22.566,82566.0
13,9,34,5,1:22.532,82532.0
13,9,35,3,1:22.515,82515.0
13,9,36,10,1:22.551,82551.0
13,9,37,3,1:22.573,82573.0
13,9,38,3,1:22.622,82622.0
13,9,39,9,1:22.303,82303.0
13,9,40,1,1:22.367,82367.0
13,9,41,3,1:22.169,82169.0
13,9,42,2,1:22.373,82373.0
13,9,43,10,1:22.398,82398.0
13,9,44,10,1:22.257,82257.0
13,9,45,1,1:22.278,82278.0
13,9,46,9,1:22.199,82199.0
13,9,47,5,1:22.152,82152.0
13,9,48,5,1:22.217,82217.0
13,9,49,5,1:22.001,82001.0
13,9,50,9,1:22.369,82369.0
13,9,51,2,1:22.120,82120.0
13,9,52,6,1:22.065,82065.0
13,9,53,9,1:22.036,82036.0
13,9,54,5,1:22.200,82200.0
13,9,55,9,1:22.113,82113.0
13,9,56,8,1:22.036,82036.0
13,9,57,6,1:22.161,82161.0
13,10,1,7,1:22.680,82680.0
13,10,2,9,1:22.817,82817.0
13,10,3,3,1:22.712,82712.0
13,10,4,2,1:22.929,82929.0
13,10,5,2,1:22.872,82872.0
13,10,6,8,1:22.577,82577.0
13,10,7,8,1:22.817,82817.0
13,10,8,1,1:22.918,82918.0
13,10,9,4,1:22.804,82804.0
13,10,10,7,1:22.599,82599.0
13,10,11,4,1:22.773,82773.0
13,10,12,5,1:22.863,82863.0
13,10,13,9,1:22.749,82749.0
13,10,14,1,1:22.786,82786.0
13,10,15,9,1:22.951,82951.0
13,10,16,7,1:22.740,82740.0
13,10,17,9,1:22.614,82614.0
13,10,18,9,1:22.477,82477.0
13,10,19,10,1:22.650,82650.0
13,10,20,3,1:22.618,82618.0
13,10,21,8,1:22.178,82178.0
13,10,22,7,1:22.540,82540.0
13,10,23,4,1:22.349,82349.0
13,10,24,4,1:22.270,82270.0
13,10,25,10,1:22.250,82250.0
13,10,26,8,1:22.278,82278.0
13,10,27,5,1:22.227,82227.0
13,10,28,9,1:22.243,82243.0
13,10,29,7,1:22.272,82272.0
13,10,30,8,1:22.316,82316.0
13,10,31,3,1:22.250,82250.0
13,10,32,7,1:22.316,82316.0
13,10,33,5,1:22.426,82426.0
13,10,34,3,1:22.217,82217.0
13,10,35,5,1:22.267,82267.0
13,10,36,8,1:22.257,82257.0
13,10,37,5,1:22.218,82218.0
13,10,38,2,1:22.168,82168.0
13,10,39,9,1:22.201,82201.0
13,10,40,6,1:22.133,82133.0
13,10,41,3,1:21.883,81883.0
13,10,42,7,1:21.927,81927.0
13,10,43,5,1:22.075,82075.0
13,10,44,1,1:21.981,81981.0
13,10,45,9,1:22.026,82026.0
13,10,46,2,1:22.118,82118.0
13,10,47,1,1:21.946,81946.0
13,10,48,5,1:21.910,81910.0
13,10,49,3,1:22.078,570660.0
13,10,50,3,1:22.036,82036.0
13,10,51,3,1:21.839,81839.0
13,10,52,7,1:21.985,81985.0
13,10,53,1,1:21.793,81793.0
13,10,54,1,1:21.932,81932.0
13,10,55,5,1:21.777,81777.0
13,10,56,8,1:21.808,81808.0
13,10,57,5,1:21.908,81908.0
14,1,1,1,1:28.299,88299.0
14,1,2,5,1:28.155,88155.0
14,1,3,10,1:28.416,88416.0
14,1,4,5,1:28.224,88224.0
14,1,5,10,1:28.282,88282.0
14,1,6,7,1:28.442,88442.0
14,1,7,5,1:27.972,87972.0
14,1,8,5,1:28.131,88131.0
14,1,9,4,1:27.927,87927.0
14,1,10,3,1:28.424,88424.0
14,1,11,3,1:28.115,88115.0
14,1,12,2,1:28.330,88330.0
14,1,13,5,1:28.177,88177.0
14,1,14,7,1:27.964,87964.0
14,1,15,5,1:28.076,88076.0
14,1,16,5,1:28.161,88161.0
14,1,17,1,1:28.190,88190.0
14,1,18,7,1:28.401,88401.0
14,1,19,9,1:28.078,88078.0
14,1,20,4,1:27.898,87898.0
14,1,21,8,1:28.077,88077.0
14,1,22,10,1:27.888,87888.0
14,1,23,9,1:27.811,87811.0
14,1,24,4,1:27.997,87997.0
14,1,25,2,1:27.888,87888.0
14,1,26,10,1:27.754,87754.0
14,1,27,10,1:27.727,87727.0
14,1,28,8,1:27.813,87813.0
14,1,29,2,1:27.788,87788.0
14,1,30,4,1:27.946,87946.0
14,1,31,10,1:27.751,87751.0
14,1,32,2,1:27.788,87788.0
14,1,33,9,1:27.856,
14,1,34,2,1:27.671,87671.0
14,1,35,9,1:27.806,87806.0
14,1,36,5,1:27.784,87784.0
14,1,37,7,1:27.854,87854.0
14,1,38,8,1:27.775,87775.0
14,1,39,4,1:27.752,87752.0
14,1,40,6,1:27.574,87574.0
14,1,41,5,1:27.312,87312.0
14,1,42,6,1:27.444,87444.0
14,1,43,2,1:27.411,87411.0
14,1,44,8,1:27.362,87362.0
14,1,45,8,1:27.275,87275.0
14,1,46,10,1:27.264,87264.0
14,1,47,6,1:27.195,87195.0
14,1,48,7,1:27.437,87437.0
14,1,49,8,1:27.467,87467.0
14,1,50,6,1:27.236,87236.0
14,1,51,6,1:27.252,87252.0
14,1,52,6,1:27.233,87233.0
14,1,53,5,1:27.415,87415.0
14,1,54,5,1:27.392,87392.0
14,1,55,7,1:27.381,87381.0
14,1,56,4,1:27.414,87414.0
14,1,57,3,1:27.305,87305.0
14,1,58,2,1:27.366,87366.0
14,1,59,4,1:27.039,87039.0
14,1,60,7,1:27.100,87100.0
14,1,61,2,1:27.142,87142.0
14,1,62,2,1:27.028,87028.0
14,1,63,4,1:26.927,86927.0
14,2,1,8,1:28.724,88724.0
14,2,2,4,1:28.731,88731.0
14,2,3,9,1:28.597,570660.0
14,2,4,4,1:28.535,88535.0
14,2,5,2,1:28.542,88542.0
14,2,6,1,1:28.545,88545.0
14,2,7,2,1:28.731,88731.0
14,2,8,9,1:28.629,88629.0
14,2,9,3,1:28.488,88488.0
14,2,10,9,1:28.345,88345.0
14,2,11,4,1:28.465,88465.0
14,2,12,2,1:28.516,88516.0
14,2,13,2,1:28.433,88433.0
14,2,14,1,1:28.353,88353.0
14,2,15,3,1:28.478,88478.0
14,2,16,3,1:28.528,88528.0
14,2,17,4,1:28.590,88590.0
14,2,18,2,1:28.306,88306.0
14,2,19,3,1:28.507,88507.0
14,2,20,4,1:28.233,88233.0
14,2,21,8,1:28.262,88262.0
14,2,22,1,1:28.146,88146.0
14,2,23,6,1:28.363,88363.0
14,2,24,5,1:28.129,88129.0
14,2,25,7,1:28.198,88198.0
14,2,26,1,1:28.061,88061.0
14,2,27,3,1:28.148,88148.0
14,2,28,3,1:28.355,88355.0
14,2,29,3,1:28.195,88195.0
14,2,30,9,1:27.910,87910.0
14,2,31,7,1:28.168,88168.0
14,2,32,9,1:28.069,88069.0
14,2,33,3,1:28.162,88162.0
14,2,34,4,1:28.006,88006.0
14,2,35,4,1:28.269,88269.0
14,2,36,3,1:28.090,88090.0
14,2,37,1,1:28.088,88088.0
14,2,38,2,1:28.204,88204.0
14,2,39,1,1:28.163,88163.0
14,2,40,10,1:27.764,87764.0
14,2,41,7,1:27.769,87769.0
14,2,42,4,1:27.761,87761.0
14,2,43,3,1:27.652,87652.0
14,2,44,10,1:27.871,87871.0
14,2,45,10,1:27.887,87887.0
14,2,46,5,1:27.637,87637.0
14,2,47,4,1:27.699,87699.0
14,2,48,9,1:27.800,87800.0
14,2,49,2,1:27.621,87621.0
14,2,50,9,1:27.660,87660.0
14,2,51,9,1:27.735,87735.0
14,2,52,10,1:27.987,87987.0
14,2,53,4,1:27.624,87624.0
14,2,54,3,1:27.597,87597.0
14,2,55,10,1:27.720,87720.0
14,2,56,6,1:27.610,87610.0
14,2,57,2,1:27.614,87614.0
14,2,58,2,1:27.737,87737.0
14,2,59,3,1:27.759,87759.0
14,2,60,7,1:27.434,87434.0
14,2,61,5,1:27.276,87276.0
14,2,62,9,1:27.517,87517.0
14,2,63,5,1:27.365,87365.0
14,3,1,7,1:28.431,88431.0
14,3,2,8,1:28.679,88679.0
14,3,3,7,1:28.408,88408.0
14,3,4,6,1:28.543,88543.0
14,3,5,6,1:28.799,88799.0
14,3,6,4,1:28.595,88595.0
14,3,7,7,1:28.559,88559.0
14,3,8,8,1:28.539,88539.0
14,3,9,8,1:28.458,88458.0
14,3,10,2,1:28.304,88304.0
14,3,11,9,1:28.492,88492.0
14,3,12,2,1:28.494,88494.0
14,3,13,5,1:28.610,88610.0
14,3,14,6,1:28.464,88464.0
14,3,15,2,1:28.388,88388.0
14,3,16,7,1:28.279,88279.0
14,3,17,6,1:28.415,88415.0
14,3,18,7,1:28.645,88645.0
14,3,19,3,1:28.495,88495.0
14,3,20,10,1:28.011,88011.0
14,3,21,6,1:28.151,88151.0
14,3,22,8,1:28.141,88141.0
14,3,23,9,1:28.224,88224.0
14,3,24,3,1:28.237,88237.0
14,3,25,9,1:27.952,87952.0
14,3,26,10,1:28.002,88002.0
14,3,27,10,1:28.223,88223.0
14,3,28,6,1:28.106,88106.0
14,3,29,7,1:28.082,88082.0
14,3,30,7,1:28.158,88158.0
14,3,31,5,1:28.222,88222.0
14,3,32,9,1:28.127,88127.0
14,3,33,6,1:28.285,88285.0
14,3,34,2,1:28.201,88201.0
14,3,35,2,1:28.115,88115.0
14,3,36,1,1:28.077,88077.0
14,3,37,7,1:28.108,88108.0
14,3,38,2,1:28.089,88089.0
14,3,39,8,1:28.135,88135.0
14,3,40,6,1:27.430,87430.0
14,3,41,1,1:27.977,87977.0
14,3,42,5,1:27.669,87669.0
14,3,43,6,1:27.625,87625.0
14,3,44,2,1:27.684,87684.0
14,3,45,5,1:27.655,87655.0
14,3,46,8,1:27.799,87799.0
14,3,47,7,1:27.971,87971.0
14,3,48,8,1:27.854,87854.0
14,3,49,3,1:27.666,87666.0
14,3,50,3,1:27.688,87688.0
14,3,51,3,1:27.708,87708.0
14,3,52,1,1:27.608,87608.0
14,3,53,2,1:27.628,87628.0
14,3,54,6,1:27.802,87802.0
14,3,55,9,1:27.671,87671.0
14,3,56,3,1:27.620,87620.0
14,3,57,7,1:27.474,87474.0
14,3,58,9,1:27.670,87670.0
14,3,59,5,1:27.599,87599.0
14,3,60,2,1:27.433,87433.0
14,3,61,2,1:27.406,87406.0
14,3,62,2,1:27.337,87337.0
14,3,63,5,1:27.409,87409.0
14,4,1,1,1:29.447,89447.0
14,4,2,4,1:29.345,89345.0
14,4,3,6,1:29.137,89137.0
14,4,4,5,1:29.339,89339.0
14,4,5,2,1:29.029,89029.0
14,4,6,3,1:28.895,
14,4,7,2,1:29.122,89122.0
14,4,8,6,1:29.110,89110.0
14,4,9,1,1:29.479,89479.0
14,4,10,3,1:28.947,88947.0
14,4,11,6,1:29.179,89179.0
14,4,12,10,1:29.063,89063.0
14,4,13,3,1:29.117,89117.0
14,4,14,8,1:28.926,88926.0
14,4,15,6,1:28.956,88956.0
14,4,16,1,1:29.084,89084.0
14,4,17,10,1:28.979,88979.0
14,4,18,3,1:29.045,89045.0
14,4,19,1,1:29.154,89154.0
14,4,20,6,1:28.995,88995.0
14,4,21,6,1:28.708,88708.0
14,4,22,7,1:28.741,88741.0
14,4,23,6,1:28.846,88846.0
14,4,24,2,1:28.999,88999.0
14,4,25,5,1:28.557,88557.0
14,4,26,1,1:28.763,88763.0
14,4,27,10,1:28.810,
14,4,28,1,1:28.839,88839.0
14,4,29,4,1:28.640,88640.0
14,4,30,6,1:28.944,88944.0
14,4,31,2,1:28.605,88605.0
14,4,32,10,1:28.750,88750.0
14,4,33,4,1:28.644,88644.0
14,4,34,4,1:28.661,
14,4,35,3,1:28.445,88445.0
14,4,36,7,1:28.640,88640.0
14,4,37,1,1:28.535,88535.0
14,4,38,9,1:28.630,88630.0
14,4,39,5,1:28.572,88572.0
14,4,40,3,1:28.442,88442.0
14,4,41,5,1:28.401,88401.0
14,4,42,9,1:28.399,88399.0
14,4,43,6,1:28.370,88370.0
14,4,44,3,1:28.333,88333.0
14,4,45,9,1:28.429,88429.0
14,4,46,4,1:28.324,88324.0
14,4,47,9,1:28.425,88425.0
14,4,48,10,1:28.222,88222.0
14,4,49,10,1:28.298,88298.0
14,4,50,7,1:28.339,88339.0
14,4,51,9,1:28.279,88279.0
14,4,52,5,1:28.269,88269.0
14,4,53,4,1:28.564,88564.0
14,4,54,1,1:28.166,88166.0
14,4,55,4,1:28.260,88260.0
14,4,56,4,1:28.175,88175.0
14,4,57,9,1:28.576,88576.0
14,4,58,1,1:28.312,88312.0
14,4,59,9,1:28.192,88192.0
14,4,60,5,1:27.976,87976.0
14,4,61,6,1:27.923,87923.0
14,4,62,3,1:27.783,87783.0
14,4,63,10,1:27.839,87839.0
14,5,1,9,1:28.932,88932.0
14,5,2,9,1:28.801,88801.0
14,5,3,7,1:28.759,88759.0
14,5,4,6,1:28.921,88921.0
14,5,5,10,1:28.806,88806.0
14,5,6,8,1:28.663,88663.0
14,5,7,9,1:28.836,88836.0
14,5,8,6,1:28.958,88958.0
14,5,9,7,1:28.855,88855.0
14,5,10,4,1:28.758,88758.0
14,5,11,9,1:29.044,89044.0
14,5,12,10,1:28.861,88861.0
14,5,13,8,1:29.144,89144.0
14,5,14,2,1:28.675,88675.0
14,5,15,7,1:28.732,88732.0
14,5,16,4,1:29.086,89086.0
14,5,17,8,1:28.767,88767.0
14,5,18,5,1:28.685,88685.0
14,5,19,6,1:28.922,88922.0
14,5,20,2,1:28.479,88479.0
14,5,21,2,1:28.304,88304.0
14,5,22,5,1:28.727,88727.0
14,5,23,5,1:28.596,88596.0
14,5,24,1,1:28.729,570660.0
14,5,25,10,1:28.732,88732.0
14,5,26,2,1:28.487,88487.0
14,5,27,9,1:28.411,88411.0
14,5,28,10,1:28.295,88295.0
14,5,29,7,1:28.286,88286.0
14,5,30,10,1:28.587,88587.0
14,5,31,4,1:28.262,88262.0
14,5,32,2,1:28.353,88353.0
14,5,33,2,1:28.641,88641.0
14,5,34,8,1:28.237,88237.0
14,5,35,7,1:28.571,88571.0
14,5,36,10,1:28.300,88300.0
14,5,37,3,1:28.361,88361.0
14,5,38,9,1:28.378,88378.0
14,5,39,7,1:28.398,88398.0
14,5,40,3,1:27.919,87919.0
14,5,41,3,1:28.059,88059.0
14,5,42,6,1:28.096,88096.0
14,5,43,3,1:28.074,88074.0
14,5,44,4,1:28.032,88032.0
14,5,45,6,1:28.266,88266.0
14,5,46,10,1:28.175,88175.0
14,5,47,1,1:28.087,88087.0
14,5,48,8,1:27.985,87985.0
14,5,49,2,1:28.023,88023.0
14,5,50,7,1:27.994,87994.0
14,5,51,8,1:28.089,88089.0
14,5,52,6,1:28.302,88302.0
14,5,53,8,1:28.066,88066.0
14,5,54,9,1:28.165,88165.0
14,5,55,10,1:27.992,87992.0
14,5,56,8,1:28.185,88185.0
14,5,57,5,1:27.940,87940.0
14,5,58,5,1:27.922,87922.0
14,5,59,1,1:27.985,87985.0
14,5,60,5,1:27.871,87871.0
14,5,61,1,1:27.836,87836.0
14,5,62,2,1:28.019,88019.0
14,5,63,6,1:27.669,87669.0
14,6,1,10,1:29.238,89238.0
14,6,2,5,1:29.014,89014.0
14,6,3,6,1:28.995,88995.0
14,6,4,8,1:29.350,89350.0
14,6,5,4,1:29.326,89326.0
14,6,6,9,1:29.158,89158.0
14,6,7,4,1:29.051,89051.0
14,6,8,1,1:29.070,89070.0
14,6,9,6,1:29.292,89292.0
14,6,10,2,1:29.009,89009.0
14,6,11,2,1:29.079,89079.0
14,6,12,10,1:29.040,
14,6,13,8,1:29.111,89111.0
14,6,14,2,1:29.140,89140.0
14,6,15,9,1:29.115,89115.0
14,6,16,10,1:29.011,89011.0
14,6,17,9,1:28.933,88933.0
14,6,18,7,1:29.047,89047.0
14,6,19,8,1:29.151,89151.0
14,6,20,2,1:28.838,88838.0
14,6,21,2,1:28.891,88891.0
14,6,22,4,1:28.756,88756.0
14,6,23,6,1:28.979,88979.0
14,6,24,10,1:28.549,88549.0
14,6,25,2,1:28.844,88844.0
14,6,26,3,1:28.840,88840.0
14,6,27,9,1:28.666,88666.0
14,6,28,1,1:28.676,88676.0
14,6,29,9,1:28.733,88733.0
14,6,30,5,1:28.698,88698.0
14,6,31,2,1:28.576,88576.0
14,6,32,2,1:28.730,88730.0
14,6,33,2,1:28.507,88507.0
14,6,34,8,1:28.672,88672.0
14,6,35,3,1:28.704,88704.0
14,6,36,7,1:28.716,88716.0
14,6,37,5,1:28.809,88809.0
14,6,38,5,1:28.785,
14,6,39,8,1:28.668,88668.0
14,6,40,1,1:28.453,88453.0
14,6,41,4,1:28.546,88546.0
14,6,42,9,1:28.336,88336.0
14,6,43,1,1:28.304,88304.0
14,6,44,7,1:28.282,88282.0
14,6,45,1,1:28.239,88239.0
14,6,46,5,1:28.171,88171.0
14,6,47,1,1:28.587,88587.0
14,6,48,2,1:28.569,88569.0
14,6,49,6,1:28.381,88381.0
14,6,50,2,1:28.145,88145.0
14,6,51,10,1:28.318,88318.0
14,6,52,4,1:28.496,88496.0
14,6,53,7,1:28.334,88334.0
14,6,54,5,1:28.178,88178.0
14,6,55,7,1:28.183,88183.0
14,6,56,2,1:28.473,88473.0
14,6,57,7,1:28.292,88292.0
14,6,58,2,1:28.447,88447.0
14,6,59,8,1:28.136,88136.0
14,6,60,8,1:28.061,88061.0
14,6,61,8,1:27.893,87893.0
14,6,62,2,1:27.903,87903.0
14,6,63,5,1:28.151,88151.0
14,7,1,6,1:29.021,89021.0
14,7,2,2,1:28.840,88840.0
14,7,3,9,1:28.903,88903.0
14,7,4,7,1:28.723,88723.0
14,7,5,6,1:28.676,88676.0
14,7,6,7,1:28.762,88762.0
14,7,7,6,1:28.714,88714.0
14,7,8,3,1:28.849,88849.0
14,7,9,3,1:28.722,88722.0
14,7,10,10,1:28.900,88900.0
14,7,11,7,1:28.652,88652.0
14,7,12,1,1:28.665,88665.0
14,7,13,8,1:28.615,
14,7,14,8,1:28.855,88855.0
14,7,15,7,1:28.664,88664.0
14,7,16,10,1:28.432,88432.0
14,7,17,3,1:28.847,88847.0
14,7,18,3,1:28.770,88770.0
14,7,19,3,1:28.612,88612.0
14,7,20,4,1:28.436,88436.0
14,7,21,4,1:28.191,88191.0
14,7,22,8,1:28.405,88405.0
14,7,23,3,1:28.487,88487.0
14,7,24,1,1:28.513,88513.0
14,7,25,3,1:28.407,88407.0
14,7,26,3,1:28.360,88360.0
14,7,27,8,1:28.359,88359.0
14,7,28,1,1:28.297,88297.0
14,7,29,3,1:28.507,88507.0
14,7,30,4,1:28.400,88400.0
14,7,31,5,1:28.409,88409.0
14,7,32,7,1:28.290,
14,7,33,9,1:28.244,88244.0
14,7,34,9,1:28.392,88392.0
14,7,35,3,1:28.188,88188.0
14,7,36,1,1:28.448,88448.0
14,7,37,6,1:28.286,88286.0
14,7,38,2,1:28.379,88379.0
14,7,39,5,1:28.232,88232.0
14,7,40,6,1:28.077,88077.0
14,7,41,7,1:28.058,88058.0
14,7,42,3,1:27.933,87933.0
14,7,43,7,1:28.082,88082.0
14,7,44,9,1:28.058,88058.0
14,7,45,10,1:27.988,87988.0
14,7,46,1,1:27.851,87851.0
14,7,47,1,1:27.706,87706.0
14,7,48,3,1:27.791,87791.0
14,7,49,10,1:28.012,88012.0
14,7,50,2,1:27.917,87917.0
14,7,51,10,1:27.822,87822.0
14,7,52,4,1:27.968,87968.0
14,7,53,7,1:28.122,88122.0
14,7,54,10,1:27.906,87906.0
14,7,55,3,1:27.753,87753.0
14,7,56,9,1:27.869,87869.0
14,7,57,6,1:27.859,87859.0
14,7,58,5,1:27.838,87838.0
14,7,59,9,1:28.070,88070.0
14,7,60,2,1:27.657,87657.0
14,7,61,7,1:27.707,87707.0
14,7,62,9,1:27.754,87754.0
14,7,63,2,1:27.591,87591.0
14,8,1,4,1:29.172,89172.0
14,8,2,1,1:29.295,89295.0
14,8,3,8,1:29.104,89104.0
14,8,4,2,1:29.312,89312.0
14,8,5,6,1:29.196,89196.0
14,8,6,10,1:29.244,89244.0
14,8,7,1,1:29.241,89241.0
14,8,8,9,1:29.231,89231.0
14,8,9,5,1:29.284,89284.0
14,8,10,2,1:29.116,89116.0
14,8,11,5,1:29.186,89186.0
14,8,12,3,1:29.051,89051.0
14,8,13,1,1:29.321,89321.0
14,8,14,2,1:29.126,89126.0
14,8,15,1,1:29.270,89270.0
14,8,16,10,1:29.110,89110.0
14,8,17,9,1:29.264,
14,8,18,3,1:29.176,89176.0
14,8,19,7,1:28.929,88929.0
14,8,20,9,1:28.789,88789.0
14,8,21,9,1:29.151,89151.0
14,8,22,2,1:29.087,89087.0
14,8,23,9,1:28.768,88768.0
14,8,24,3,1:28.774,88774.0
14,8,25,1,1:28.753,88753.0
14,8,26,7,1:29.019,89019.0
14,8,27,2,1:28.818,88818.0
14,8,28,5,1:28.916,88916.0
14,8,29,10,1:28.822,88822.0
14,8,30,9,1:28.676,88676.0
14,8,31,5,1:28.729,88729.0
14,8,32,6,1:28.715,88715.0
14,8,33,7,1:28.810,88810.0
14,8,34,7,1:28.749,88749.0
14,8,35,1,1:28.663,88663.0
14,8,36,7,1:28.841,88841.0
14,8,37,10,1:28.693,88693.0
14,8,38,2,1:28.648,88648.0
14,8,39,8,1:28.960,88960.0
14,8,40,4,1:28.480,88480.0
14,8,41,5,1:28.590,88590.0
14,8,42,4,1:28.415,88415.0
14,8,43,7,1:28.391,88391.0
14,8,44,10,1:28.609,88609.0
14,8,45,9,1:28.615,88615.0
14,8,46,8,1:28.314,88314.0
14,8,47,8,1:28.599,88599.0
14,8,48,9,1:28.444,88444.0
14,8,49,2,1:28.383,88383.0
14,8,50,2,1:28.438,88438.0
14,8,51,7,1:28.218,88218.0
14,8,52,2,1:28.195,88195.0
14,8,53,7,1:28.481,88481.0
14,8,54,6,1:28.182,88182.0
14,8,55,2,1:28.431,88431.0
14,8,56,4,1:28.601,88601.0
14,8,57,2,1:28.395,88395.0
14,8,58,2,1:28.507,88507.0
14,8,59,8,1:28.280,88280.0
14,8,60,10,1:27.950,87950.0
14,8,61,3,1:28.075,88075.0
14,8,62,10,1:28.093,88093.0
14,8,63,3,1:28.037,88037.0
14,9,1,5,1:29.422,89422.0
14,9,2,6,1:29.502,89502.0
14,9,3,7,1:29.088,89088.0
14,9,4,7,1:29.229,89229.0
14,9,5,4,1:29.386,89386.0
14,9,6,7,1:29.365,89365.0
14,9,7,2,1:29.271,89271.0
14,9,8,3,1:29.395,89395.0
14,9,9,4,1:29.309,89309.0
14,9,10,1,1:29.239,89239.0
14,9,11,10,1:29.273,89273.0
14,9,12,5,1:29.273,89273.0
14,9,13,1,1:29.343,89343.0
14,9,14,2,1:29.262,89262.0
14,9,15,4,1:29.198,89198.0
14,9,16,9,1:29.062,89062.0
14,9,17,6,1:29.242,89242.0
14,9,18,10,1:29.279,89279.0
14,9,19,6,1:29.426,89426.0
14,9,20,2,1:29.048,89048.0
14,9,21,5,1:29.073,
14,9,22,3,1:28.913,88913.0
14,9,23,7,1:29.068,89068.0
14,9,24,2,1:28.799,88799.0
14,9,25,8,1:28.850,88850.0
14,9,26,7,1:29.122,89122.0
14,9,27,7,1:29.097,89097.0
14,9,28,10,1:28.811,88811.0
14,9,29,2,1:28.988,88988.0
14,9,30,1,1:28.963,88963.0
14,9,31,5,1:28.817,
14,9,32,2,1:28.877,88877.0
14,9,33,10,1:28.775,88775.0
14,9,34,9,1:28.920,88920.0
14,9,35,3,1:28.868,570660.0
14,9,36,7,1:28.845,88845.0
14,9,37,9,1:28.796,88796.0
14,9,38,2,1:28.837,88837.0
14,9,39,6,1:29.000,89000.0
14,9,40,2,1:28.684,88684.0
14,9,41,8,1:28.464,88464.0
14,9,42,3,1:28.448,88448.0
14,9,43,7,1:28.418,88418.0
14,9,44,6,1:28.545,88545.0
14,9,45,5,1:28.486,88486.0
14,9,46,10,1:28.395,88395.0
14,9,47,9,1:28.442,88442.0
14,9,48,10,1:28.414,88414.0
14,9,49,3,1:28.490,88490.0
14,9,50,2,1:28.420,88420.0
14,9,51,2,1:28.555,88555.0
14,9,52,3,1:28.426,88426.0
14,9,53,9,1:28.307,88307.0
14,9,54,4,1:28.592,
14,9,55,8,1:28.437,88437.0
14,9,56,2,1:28.352,88352.0
14,9,57,9,1:28.227,88227.0
14,9,58,1,1:28.328,88328.0
14,9,59,5,1:28.296,88296.0
14,9,60,9,1:27.977,87977.0
14,9,61,9,1:28.109,88109.0
14,9,62,10,1:28.106,88106.0
14,9,63,3,1:28.263,88263.0
14,10,1,10,1:29.591,89591.0
14,10,2,9,1:29.620,89620.0
14,10,3,10,1:29.443,89443.0
14,10,4,5,1:29.793,89793.0
14,10,5,2,1:29.567,89567.0
14,10,6,7,1:29.757,89757.0
14,10,7,9,1:29.372,89372.0
14,10,8,2,1:29.705,89705.0
14,10,9,4,1:29.553,89553.0
14,10,10,4,1:29.593,89593.0
14,10,11,8,1:29.662,89662.0
14,10,12,9,1:29.622,89622.0
14,10,13,10,1:29.449,89449.0
14,10,14,2,1:29.571,89571.0
14,10,15,10,1:29.716,89716.0
14,10,16,2,1:29.352,89352.0
14,10,17,1,1:29.354,89354.0
14,10,18,5,1:29.417,89417.0
14,10,19,4,1:29.433,89433.0
14,10,20,4,1:29.385,89385.0
14,10,21,5,1:29.185,89185.0
14,10,22,10,1:29.216,89216.0
14,10,23,9,1:29.333,89333.0
14,10,24,4,1:29.080,89080.0
14,10,25,10,1:29.265,89265.0
14,10,26,9,1:29.243,89243.0
14,10,27,9,1:29.282,89282.0
14,10,28,10,1:29.077,89077.0
14,10,29,9,1:29.240,89240.0
14,10,30,4,1:29.032,89032.0
14,10,31,3,1:29.095,89095.0
14,10,32,8,1:29.171,89171.0
14,10,33,6,1:29.007,89007.0
14,10,34,3,1:28.969,88969.0
14,10,35,8,1:29.163,89163.0
14,10,36,8,1:29.133,89133.0
14,10,37,1,1:29.038,89038.0
14,10,38,9,1:29.126,89126.0
14,10,39,2,1:29.065,89065.0
14,10,40,10,1:29.153,89153.0
14,10,41,4,1:28.806,88806.0
14,10,42,6,1:28.769,88769.0
14,10,43,7,1:28.952,88952.0
14,10,44,10,1:28.911,88911.0
14,10,45,5,1:28.636,
14,10,46,8,1:28.662,
14,10,47,7,1:28.781,88781.0
14,10,48,10,1:28.867,88867.0
14,10,49,4,1:28.892,88892.0
14,10,50,3,1:28.813,88813.0
14,10,51,5,1:28.509,88509.0
14,10,52,10,1:28.604,88604.0
14,10,53,9,1:28.743,88743.0
14,10,54,5,1:28.866,88866.0
14,10,55,10,1:28.708,88708.0
14,10,56,4,1:28.647,88647.0
14,10,57,7,1:28.816,88816.0
14,10,58,3,1:28.638,88638.0
14,10,59,10,1:28.607,88607.0
14,10,60,9,1:28.701,88701.0
14,10,61,8,1:28.317,88317.0
14,10,62,6,1:28.460,88460.0
14,10,63,5,1:28.397,88397.0
15,1,1,5,1:22.846,82846.0
15,1,2,9,1:22.700,82700.0
15,1,3,1,1:22.786,82786.0
15,1,4,5,1:22.619,82619.0
15,1,5,3,1:22.563,82563.0
15,1,6,8,1:22.690,82690.0
15,1,7,4,1:22.786,82786.0
15,1,8,4,1:22.856,82856.0
15,1,9,5,1:22.412,82412.0
15,1,10,10,1:22.507,82507.0
15,1,11,7,1:22.718,82718.0
15,1,12,2,1:22.551,82551.0
15,1,13,5,1:22.600,82600.0
15,1,14,8,1:22.664,82664.0
15,1,15,6,1:22.459,82459.0
15,1,16,1,1:22.602,82602.0
15,1,17,8,1:22.591,82591.0
15,1,18,6,1:22.491,82491.0
15,1,19,3,1:22.692,82692.0
15,1,20,9,1:22.241,82241.0
15,1,21,10,1:22.116,82116.0
15,1,22,3,1:22.141,82141.0
15,1,23,6,1:22.277,82277.0
15,1,24,3,1:22.153,82153.0
15,1,25,2,1:22.260,82260.0
15,1,26,2,1:22.548,82548.0
15,1,27,4,1:22.293,82293.0
15,1,28,8,1:22.287,82287.0
15,1,29,4,1:22.269,82269.0
15,1,30,9,1:22.342,82342.0
15,1,31,1,1:22.408,82408.0
15,1,32,6,1:21.972,81972.0
15,1,33,3,1:22.403,82403.0
15,1,34,4,1:22.327,82327.0
15,1,35,2,1:22.358,82358.0
15,1,36,1,1:21.972,81972.0
15,1,37,1,1:22.321,82321.0
15,1,38,6,1:22.107,82107.0
15,1,39,1,1:22.201,82201.0
15,1,40,1,1:21.667,81667.0
15,1,41,8,1:21.835,81835.0
15,1,42,10,1:22.054,82054.0
15,1,43,10,1:21.834,81834.0
15,1,44,9,1:22.078,82078.0
15,1,45,7,1:21.790,81790.0
15,1,46,2,1:21.864,81864.0
15,1,47,7,1:21.830,81830.0
15,1,48,10,1:21.826,81826.0
15,1,49,3,1:21.730,81730.0
15,1,50,7,1:21.582,81582.0
15,1,51,6,1:21.603,81603.0
15,1,52,7,1:21.715,81715.0
15,1,53,8,1:21.632,81632.0
15,1,54,9,1:21.605,81605.0
15,1,55,5,1:21.861,
15,1,56,1,1:21.775,81775.0
15,1,57,10,1:21.636,81636.0
15,1,58,4,1:21.707,81707.0
15,1,59,5,1:21.772,81772.0
15,1,60,1,1:21.628,81628.0
15,2,1,9,1:23.507,83507.0
15,2,2,6,1:23.285,83285.0
15,2,3,9,1:23.533,83533.0
15,2,4,2,1:23.396,83396.0
15,2,5,9,1:23.366,83366.0
15,2,6,8,1:23.234,83234.0
15,2,7,2,1:23.345,83345.0
15,2,8,3,1:23.079,83079.0
15,2,9,6,1:23.305,83305.0
15,2,10,3,1:23.315,83315.0
15,2,11,7,1:23.443,83443.0
15,2,12,2,1:23.306,83306.0
15,2,13,4,1:23.386,83386.0
15,2,14,10,1:23.509,83509.0
15,2,15,10,1:23.257,83257.0
15,2,16,9,1:23.276,83276.0
15,2,17,6,1:23.218,83218.0
15,2,18,3,1:23.468,83468.0
15,2,19,5,1:23.338,83338.0
15,2,20,4,1:22.937,82937.0
15,2,21,6,1:22.921,82921.0
15,2,22,6,1:22.870,82870.0
15,2,23,8,1:22.939,82939.0
15,2,24,6,1:22.797,82797.0
15,2,25,8,1:23.043,83043.0
15,2,26,3,1:23.094,83094.0
15,2,27,2,1:22.892,82892.0
15,2,28,7,1:22.972,82972.0
15,2,29,9,1:22.895,82895.0
15,2,30,3,1:22.851,82851.0
15,2,31,3,1:22.879,82879.0
15,2,32,8,1:22.803,82803.0
15,2,33,4,1:22.892,82892.0
15,2,34,2,1:22.993,82993.0
15,2,35,4,1:22.791,82791.0
15,2,36,1,1:22.732,82732.0
15,2,37,6,1:22.745,82745.0
15,2,38,3,1:22.784,82784.0
15,2,39,1,1:22.838,82838.0
15,2,40,4,1:22.425,82425.0
15,2,41,10,1:22.657,82657.0
15,2,42,10,1:22.428,82428.0
15,2,43,7,1:22.567,82567.0
15,2,44,8,1:22.501,82501.0
15,2,45,10,1:22.509,82509.0
15,2,46,9,1:22.569,82569.0
15,2,47,3,1:22.455,82455.0
15,2,48,1,1:22.245,82245.0
15,2,49,10,1:22.435,82435.0
15,2,50,2,1:22.565,82565.0
15,2,51,1,1:22.422,82422.0
15,2,52,7,1:22.579,82579.0
15,2,53,7,1:22.467,82467.0
15,2,54,10,1:22.423,82423.0
15,2,55,3,1:22.346,82346.0
15,2,56,9,1:22.385,82385.0
15,2,57,9,1:22.503,82503.0
15,2,58,10,1:22.338,82338.0
15,2,59,9,1:22.338,82338.0
15,2,60,9,1:22.159,82159.0
15,3,1,8,1:23.467,83467.0
15,3,2,9,1:23.654,83654.0
15,3,3,5,1:23.170,83170.0
15,3,4,8,1:23.436,83436.0
15,3,5,4,1:23.502,83502.0
15,3,6,2,1:23.368,83368.0
15,3,7,10,1:23.538,83538.0
15,3,8,3,1:23.404,83404.0
15,3,9,9,1:23.344,83344.0
15,3,10,2,1:23.518,83518.0
15,3,11,5,1:23.306,83306.0
15,3,12,7,1:23.331,83331.0
15,3,13,2,1:23.232,83232.0
15,3,14,7,1:23.488,83488.0
15,3,15,2,1:23.398,83398.0
15,3,16,4,1:23.154,83154.0
15,3,17,5,1:23.376,83376.0
15,3,18,4,1:23.326,83326.0
15,3,19,6,1:23.277,83277.0
15,3,20,10,1:23.007,83007.0
15,3,21,3,1:23.014,83014.0
15,3,22,2,1:23.324,
15,3,23,7,1:22.938,82938.0
15,3,24,7,1:23.290,83290.0
15,3,25,4,1:23.041,
15,3,26,6,1:23.138,83138.0
15,3,27,10,1:22.993,82993.0
15,3,28,10,1:22.945,82945.0
15,3,29,2,1:23.050,83050.0
15,3,30,5,1:22.989,82989.0
15,3,31,9,1:23.118,83118.0
15,3,32,3,1:23.018,83018.0
15,3,33,8,1:22.992,82992.0
15,3,34,9,1:23.186,83186.0
15,3,35,4,1:22.896,82896.0
15,3,36,1,1:22.721,82721.0
15,3,37,7,1:22.886,82886.0
15,3,38,10,1:22.921,82921.0
15,3,39,1,1:22.968,82968.0
15,3,40,6,1:22.610,570660.0
15,3,41,5,1:22.743,82743.0
15,3,42,4,1:22.826,82826.0
15,3,43,7,1:22.683,82683.0
15,3,44,4,1:22.417,82417.0
15,3,45,2,1:22.567,82567.0
15,3,46,6,1:22.766,82766.0
15,3,47,4,1:22.524,82524.0
15,3,48,5,1:22.618,82618.0
15,3,49,6,1:22.512,82512.0
15,3,50,8,1:22.836,82836.0
15,3,51,7,1:22.604,82604.0
15,3,52,6,1:22.534,82534.0
15,3,53,4,1:22.722,82722.0
15,3,54,6,1:22.766,82766.0
15,3,55,9,1:22.690,82690.0
15,3,56,9,1:22.616,82616.0
15,3,57,5,1:22.531,82531.0
15,3,58,5,1:22.511,82511.0
15,3,59,9,1:22.640,82640.0
15,3,60,10,1:22.466,82466.0
15,4,1,10,1:23.129,83129.0
15,4,2,9,1:23.015,570660.0
15,4,3,3,1:22.984,82984.0
15,4,4,10,1:23.001,83001.0
15,4,5,2,1:22.907,82907.0
15,4,6,7,1:23.124,83124.0
15,4,7,9,1:22.869,82869.0
15,4,8,6,1:22.916,82916.0
15,4,9,10,1:23.043,83043.0
15,4,10,1,1:23.081,83081.0
15,4,11,3,1:22.865,82865.0
15,4,12,2,1:22.858,82858.0
15,4,13,3,1:22.911,82911.0
15,4,14,9,1:22.865,82865.0
15,4,15,2,1:22.820,82820.0
15,4,16,5,1:22.886,82886.0
15,4,17,10,1:22.718,82718.0
15,4,18,10,1:22.933,82933.0
15,4,19,6,1:22.861,82861.0
15,4,20,4,1:22.572,
15,4,21,8,1:22.509,82509.0
15,4,22,5,1:22.617,82617.0
15,4,23,1,1:22.387,82387.0
15,4,24,2,1:22.585,82585.0
15,4,25,8,1:22.594,82594.0
15,4,26,9,1:22.721,82721.0
15,4,27,4,1:22.591,82591.0
15,4,28,7,1:22.694,82694.0
15,4,29,3,1:22.517,82517.0
15,4,30,4,1:22.324,82324.0
15,4,31,5,1:22.422,82422.0
15,4,32,4,1:22.705,82705.0
15,4,33,7,1:22.414,82414.0
15,4,34,9,1:22.561,82561.0
15,4,35,9,1:22.700,82700.0
15,4,36,10,1:22.446,82446.0
15,4,37,10,1:22.511,82511.0
15,4,38,4,1:22.472,82472.0
15,4,39,5,1:22.572,82572.0
15,4,40,8,1:22.032,82032.0
15,4,41,8,1:22.206,82206.0
15,4,42,7,1:22.224,82224.0
15,4,43,3,1:22.355,82355.0
15,4,44,8,1:22.321,82321.0
15,4,45,8,1:22.188,82188.0
15,4,46,10,1:22.134,82134.0
15,4,47,4,1:22.166,82166.0
15,4,48,6,1:22.393,82393.0
15,4,49,8,1:22.161,82161.0
15,4,50,4,1:22.149,82149.0
15,4,51,7,1:22.032,82032.0
15,4,52,8,1:21.968,81968.0
15,4,53,6,1:22.291,82291.0
15,4,54,8,1:22.006,82006.0
15,4,55,4,1:22.368,82368.0
15,4,56,2,1:22.019,82019.0
15,4,57,6,1:22.227,82227.0
15,4,58,6,1:22.213,82213.0
15,4,59,9,1:21.998,81998.0
15,4,60,1,1:21.872,81872.0
15,5,1,4,1:22.565,82565.0
15,5,2,8,1:22.438,82438.0
15,5,3,3,1:22.240,82240.0
15,5,4,6,1:22.562,82562.0
15,5,5,3,1:22.413,82413.0
15,5,6,7,1:22.246,82246.0
15,5,7,1,1:22.280,82280.0
15,5,8,7,1:22.589,82589.0
15,5,9,8,1:22.298,82298.0
15,5,10,5,1:22.387,82387.0
15,5,11,6,1:22.342,82342.0
15,5,12,4,1:22.294,82294.0
15,5,13,6,1:22.489,82489.0
15,5,14,5,1:22.222,82222.0
15,5,15,7,1:22.370,82370.0
15,5,16,4,1:22.481,82481.0
15,5,17,8,1:22.343,82343.0
15,5,18,1,1:22.466,82466.0
15,5,19,3,1:22.442,82442.0
15,5,20,2,1:21.578,81578.0
15,5,21,6,1:22.089,82089.0
15,5,22,1,1:22.024,82024.0
15,5,23,1,1:22.093,82093.0
15,5,24,3,1:22.093,82093.0
15,5,25,10,1:21.972,81972.0
15,6,1,2,1:23.276,83276.0
15,6,2,7,1:23.379,83379.0
15,6,3,6,1:23.164,83164.0
15,6,4,5,1:22.979,82979.0
15,6,5,1,1:23.300,83300.0
15,6,6,1,1:23.441,83441.0
15,6,7,9,1:23.238,83238.0
15,6,8,7,1:23.167,83167.0
15,6,9,2,1:23.106,83106.0
15,6,10,3,1:23.144,83144.0
15,6,11,4,1:23.085,83085.0
15,6,12,7,1:23.214,83214.0
15,6,13,1,1:23.040,83040.0
15,6,14,6,1:23.188,83188.0
15,6,15,4,1:23.207,
15,6,16,9,1:23.201,83201.0
15,6,17,6,1:23.316,83316.0
15,6,18,6,1:23.441,83441.0
15,6,19,5,1:23.483,83483.0
15,6,20,6,1:22.600,82600.0
15,6,21,9,1:22.854,82854.0
15,6,22,8,1:22.838,82838.0
15,6,23,10,1:22.924,82924.0
15,6,24,7,1:22.748,82748.0
15,6,25,9,1:22.758,82758.0
15,6,26,9,1:22.916,82916.0
15,6,27,8,1:22.749,82749.0
15,6,28,7,1:22.868,82868.0
15,6,29,5,1:22.767,82767.0
15,6,30,5,1:22.673,82673.0
15,6,31,10,1:22.639,82639.0
15,6,32,5,1:22.816,82816.0
15,6,33,7,1:22.655,82655.0
15,6,34,9,1:22.982,82982.0
15,6,35,2,1:22.668,82668.0
15,6,36,5,1:22.449,82449.0
15,6,37,9,1:22.856,82856.0
15,6,38,2,1:22.836,82836.0
15,6,39,7,1:22.596,82596.0
15,6,40,8,1:22.366,82366.0
15,6,41,3,1:22.430,82430.0
15,6,42,9,1:22.434,82434.0
15,6,43,6,1:22.692,82692.0
15,6,44,6,1:22.610,82610.0
15,6,45,9,1:22.228,
15,6,46,6,1:22.351,82351.0
15,6,47,5,1:22.592,82592.0
15,6,48,1,1:22.149,82149.0
15,6,49,5,1:22.234,82234.0
15,6,50,6,1:22.495,82495.0
15,6,51,6,1:22.472,82472.0
15,6,52,2,1:22.301,82301.0
15,6,53,9,1:22.445,82445.0
15,6,54,8,1:22.256,82256.0
15,6,55,2,1:22.208,82208.0
15,6,56,8,1:22.380,82380.0
15,6,57,6,1:22.294,82294.0
15,6,58,10,1:22.331,82331.0
15,6,59,3,1:22.371,82371.0
15,6,60,4,1:22.137,82137.0
15,7,1,2,1:22.415,82415.0
15,7,2,10,1:22.497,82497.0
15,7,3,3,1:22.195,82195.0
15,7,4,8,1:22.337,82337.0
15,7,5,10,1:22.321,82321.0
15,7,6,3,1:22.282,82282.0
15,7,7,6,1:22.420,82420.0
15,7,8,9,1:22.277,82277.0
15,7,9,10,1:22.503,82503.0
15,7,10,1,1:22.410,82410.0
15,7,11,3,1:22.497,82497.0
15,7,12,9,1:22.388,82388.0
15,7,13,7,1:22.274,82274.0
15,7,14,10,1:22.328,82328.0
15,7,15,9,1:22.426,82426.0
15,7,16,8,1:21.873,81873.0
15,7,17,7,1:22.383,82383.0
15,7,18,3,1:22.235,82235.0
15,7,19,3,1:22.381,82381.0
15,7,20,2,1:21.932,81932.0
15,7,21,7,1:22.159,82159.0
15,7,22,6,1:21.992,81992.0
15,7,23,4,1:21.972,81972.0
15,7,24,1,1:22.019,82019.0
15,7,25,10,1:22.132,82132.0
15,7,26,3,1:22.054,82054.0
15,7,27,7,1:21.755,81755.0
15,7,28,6,1:21.971,81971.0
15,7,29,1,1:21.939,81939.0
15,7,30,5,1:22.163,82163.0
15,7,31,1,1:21.939,81939.0
15,7,32,10,1:22.037,82037.0
15,7,33,9,1:21.917,81917.0
15,7,34,5,1:21.790,81790.0
15,7,35,10,1:21.822,81822.0
15,7,36,6,1:22.074,82074.0
15,7,37,8,1:21.975,81975.0
15,7,38,1,1:21.767,81767.0
15,7,39,10,1:22.029,82029.0
15,7,40,9,1:21.784,
15,7,41,3,1:21.600,570660.0
15,7,42,6,1:21.635,81635.0
15,7,43,6,1:21.516,81516.0
15,7,44,9,1:21.441,81441.0
15,7,45,10,1:21.634,81634.0
15,7,46,8,1:21.686,81686.0
15,7,47,10,1:21.639,81639.0
15,7,48,7,1:21.737,81737.0
15,7,49,2,1:21.650,81650.0
15,7,50,2,1:21.709,81709.0
15,7,51,10,1:21.512,81512.0
15,7,52,2,1:21.612,81612.0
15,7,53,5,1:21.373,81373.0
15,7,54,4,1:21.347,81347.0
15,7,55,5,1:21.482,81482.0
15,7,56,5,1:21.314,81314.0
15,7,57,5,1:21.497,81497.0
15,7,58,2,1:21.613,81613.0
15,7,59,2,1:21.704,81704.0
15,7,60,6,1:21.131,81131.0
15,8,1,3,1:22.640,82640.0
15,8,2,7,1:22.595,82595.0
15,8,3,7,1:22.900,82900.0
15,8,4,6,1:22.655,82655.0
15,8,5,8,1:22.740,82740.0
15,8,6,9,1:22.718,82718.0
15,8,7,8,1:22.829,82829.0
15,8,8,7,1:22.455,82455.0
15,8,9,8,1:22.610,82610.0
15,8,10,10,1:22.683,82683.0
15,8,11,1,1:22.474,82474.0
15,8,12,7,1:22.486,82486.0
15,8,13,9,1:22.599,82599.0
15,8,14,1,1:22.496,82496.0
15,8,15,6,1:22.558,82558.0
15,8,16,9,1:22.759,82759.0
15,8,17,2,1:22.550,82550.0
15,8,18,7,1:22.645,82645.0
15,8,19,2,1:22.641,82641.0
15,8,20,4,1:22.365,82365.0
15,8,21,7,1:22.310,82310.0
15,8,22,1,1:22.294,82294.0
15,8,23,1,1:22.436,82436.0
15,8,24,9,1:22.322,82322.0
15,8,25,6,1:22.291,82291.0
15,8,26,6,1:22.205,82205.0
15,8,27,7,1:22.368,82368.0
15,8,28,8,1:22.218,82218.0
15,8,29,2,1:22.368,82368.0
15,8,30,2,1:22.136,82136.0
15,8,31,10,1:22.286,82286.0
15,8,32,2,1:22.351,82351.0
15,8,33,5,1:22.328,82328.0
15,8,34,3,1:22.163,82163.0
15,8,35,2,1:22.212,82212.0
15,8,36,10,1:22.262,82262.0
15,8,37,9,1:22.232,82232.0
15,8,38,7,1:22.308,82308.0
15,8,39,7,1:22.099,82099.0
15,8,40,2,1:22.024,82024.0
15,8,41,9,1:21.789,81789.0
15,8,42,3,1:22.009,82009.0
15,8,43,1,1:21.866,81866.0
15,8,44,5,1:21.775,81775.0
15,8,45,8,1:21.957,81957.0
15,8,46,8,1:21.710,81710.0
15,8,47,4,1:21.940,81940.0
15,8,48,7,1:21.785,81785.0
15,8,49,10,1:21.801,81801.0
15,8,50,4,1:21.910,81910.0
15,8,51,7,1:21.747,81747.0
15,8,52,5,1:21.878,81878.0
15,8,53,7,1:21.797,81797.0
15,8,54,8,1:21.581,81581.0
15,8,55,7,1:21.856,81856.0
15,8,56,2,1:21.742,81742.0
15,8,57,3,1:21.672,81672.0
15,8,58,2,1:21.846,81846.0
15,8,59,4,1:21.792,81792.0
15,8,60,8,1:21.617,81617.0
15,9,1,10,1:23.508,83508.0
15,9,2,8,1:23.313,83313.0
15,9,3,8,1:23.144,83144.0
15,9,4,9,1:23.590,83590.0
15,9,5,5,1:23.370,83370.0
15,9,6,3,1:23.367,83367.0
15,9,7,7,1:23.203,83203.0
15,9,8,5,1:23.196,83196.0
15,9,9,9,1:23.131,83131.0
15,9,10,5,1:23.101,83101.0
15,9,11,10,1:23.408,83408.0
15,9,12,4,1:23.341,83341.0
15,9,13,2,1:23.384,83384.0
15,9,14,9,1:23.225,83225.0
15,9,15,9,1:23.269,83269.0
15,9,16,2,1:23.390,570660.0
15,9,17,10,1:23.462,83462.0
15,9,18,8,1:22.971,82971.0
15,9,19,2,1:23.169,83169.0
15,9,20,2,1:23.029,83029.0
15,9,21,9,1:22.758,82758.0
15,9,22,4,1:23.114,83114.0
15,9,23,3,1:22.882,82882.0
15,9,24,7,1:22.809,82809.0
15,9,25,1,1:22.980,82980.0
15,9,26,10,1:22.954,82954.0
15,9,27,5,1:22.800,82800.0
15,9,28,8,1:23.080,83080.0
15,9,29,2,1:22.949,82949.0
15,9,30,3,1:22.830,82830.0
15,9,31,9,1:23.061,83061.0
15,9,32,7,1:23.015,83015.0
15,9,33,5,1:22.799,82799.0
15,9,34,3,1:22.909,82909.0
15,9,35,5,1:22.787,82787.0
15,9,36,2,1:22.775,82775.0
15,9,37,9,1:22.885,82885.0
15,9,38,10,1:22.898,82898.0
15,9,39,6,1:22.858,82858.0
15,9,40,2,1:22.627,82627.0
15,9,41,1,1:22.521,82521.0
15,9,42,8,1:22.622,82622.0
15,9,43,9,1:22.619,82619.0
15,9,44,1,1:22.470,82470.0
15,9,45,8,1:22.511,82511.0
15,9,46,7,1:22.708,82708.0
15,9,47,3,1:22.555,82555.0
15,9,48,6,1:22.397,82397.0
15,9,49,4,1:22.590,82590.0
15,9,50,9,1:22.415,82415.0
15,9,51,10,1:22.578,82578.0
15,9,52,8,1:22.177,
15,9,53,3,1:22.450,82450.0
15,9,54,9,1:22.420,82420.0
15,9,55,3,1:22.472,82472.0
15,9,56,10,1:22.105,82105.0
15,9,57,1,1:22.320,82320.0
15,9,58,10,1:22.042,82042.0
15,9,59,1,1:22.320,82320.0
15,9,60,5,1:22.144,82144.0
15,10,1,2,1:22.912,82912.0
15,10,2,7,1:22.830,82830.0
15,10,3,2,1:22.797,82797.0
15,10,4,7,1:22.791,82791.0
15,10,5,4,1:22.971,82971.0
15,10,6,7,1:22.987,82987.0
15,10,7,6,1:22.864,82864.0
15,10,8,2,1:22.860,82860.0
15,10,9,6,1:22.713,82713.0
15,10,10,7,1:22.725,82725.0
15,10,11,3,1:22.759,82759.0
15,10,12,3,1:22.829,
15,10,13,3,1:22.624,82624.0
15,10,14,1,1:22.784,82784.0
15,10,15,10,1:22.784,82784.0
15,10,16,10,1:22.926,82926.0
15,10,17,6,1:22.825,82825.0
15,10,18,10,1:22.632,82632.0
15,10,19,8,1:22.684,82684.0
15,10,20,8,1:22.614,82614.0
15,10,21,8,1:22.573,82573.0
15,10,22,9,1:22.528,82528.0
15,10,23,8,1:22.538,82538.0
15,10,24,6,1:22.479,82479.0
15,10,25,5,1:22.494,82494.0
15,10,26,1,1:22.322,82322.0
15,10,27,1,1:22.326,82326.0
15,10,28,5,1:22.314,82314.0
15,10,29,7,1:22.214,82214.0
15,10,30,7,1:22.425,82425.0
15,10,31,5,1:22.214,82214.0
15,10,32,2,1:22.345,82345.0
15,10,33,7,1:22.381,82381.0
15,10,34,10,1:22.189,82189.0
15,10,35,5,1:22.405,82405.0
15,10,36,8,1:22.307,82307.0
15,10,37,3,1:22.288,82288.0
15,10,38,2,1:22.349,82349.0
15,10,39,1,1:22.503,82503.0
15,10,40,10,1:22.168,82168.0
15,10,41,2,1:21.754,81754.0
15,10,42,3,1:21.802,81802.0
15,10,43,4,1:22.331,82331.0
15,10,44,7,1:22.186,82186.0
15,10,45,10,1:22.153,82153.0
15,10,46,3,1:21.972,81972.0
15,10,47,4,1:21.907,81907.0
15,10,48,5,1:21.948,81948.0
15,10,49,5,1:21.893,81893.0
15,10,50,4,1:21.875,81875.0
15,10,51,4,1:21.936,81936.0
15,10,52,7,1:21.890,81890.0
15,10,53,5,1:21.900,81900.0
15,10,54,10,1:21.927,81927.0
15,10,55,3,1:21.900,81900.0
15,10,56,2,1:21.990,81990.0
15,10,57,9,1:21.803,81803.0
15,10,58,3,1:21.950,81950.0
15,10,59,10,1:21.696,81696.0
15,10,60,8,1:21.838,81838.0
16,1,1,1,1:32.356,92356.0
16,1,2,9,1:32.429,92429.0
16,1,3,6,1:32.122,92122.0
16,1,4,9,1:32.003,92003.0
16,1,5,10,1:32.341,92341.0
16,1,6,9,1:32.286,92286.0
16,1,7,6,1:32.090,92090.0
16,1,8,7,1:32.158,92158.0
16,1,9,3,1:32.325,92325.0
16,1,10,7,1:32.146,92146.0
16,1,11,9,1:32.168,92168.0
16,1,12,10,1:32.184,92184.0
16,1,13,8,1:32.191,92191.0
16,1,14,5,1:32.063,570660.0
16,1,15,9,1:32.230,92230.0
16,1,16,5,1:32.036,92036.0
16,1,17,7,1:32.327,92327.0
16,1,18,3,1:32.190,92190.0
16,1,19,10,1:32.102,92102.0
16,1,20,4,1:31.719,91719.0
16,1,21,9,1:31.947,91947.0
16,1,22,7,1:31.794,91794.0
16,1,23,2,1:31.989,91989.0
16,1,24,9,1:31.671,91671.0
16,1,25,1,1:31.760,91760.0
16,1,26,10,1:32.059,92059.0
16,1,27,4,1:32.057,92057.0
16,1,28,6,1:31.855,91855.0
16,1,29,7,1:31.696,91696.0
16,1,30,2,1:31.880,91880.0
16,1,31,6,1:31.802,91802.0
16,1,32,3,1:32.016,92016.0
16,1,33,1,1:31.974,91974.0
16,1,34,1,1:31.615,91615.0
16,1,35,3,1:31.753,91753.0
16,1,36,4,1:31.875,91875.0
16,1,37,6,1:31.722,91722.0
16,1,38,4,1:31.872,91872.0
16,1,39,1,1:31.680,91680.0
16,1,40,10,1:31.434,91434.0
16,1,41,2,1:31.496,91496.0
16,1,42,5,1:31.669,91669.0
16,1,43,8,1:31.485,91485.0
16,1,44,9,1:31.559,91559.0
16,1,45,3,1:31.404,91404.0
16,1,46,2,1:31.504,91504.0
16,1,47,9,1:31.486,91486.0
16,1,48,8,1:31.629,91629.0
16,1,49,8,1:31.387,91387.0
16,1,50,3,1:31.421,91421.0
16,1,51,8,1:31.376,91376.0
16,1,52,10,1:31.606,91606.0
16,1,53,5,1:31.452,91452.0
16,1,54,2,1:31.494,91494.0
16,1,55,7,1:31.333,91333.0
16,1,56,7,1:31.381,91381.0
16,1,57,2,1:31.322,91322.0
16,1,58,5,1:31.246,91246.0
16,1,59,4,1:31.414,91414.0
16,1,60,10,1:31.239,91239.0
16,1,61,2,1:31.371,91371.0
16,1,62,8,1:31.236,91236.0
16,1,63,2,1:31.150,91150.0
16,1,64,7,1:31.019,91019.0
16,1,65,6,1:30.908,90908.0
16,1,66,8,1:31.035,91035.0
16,1,67,4,1:31.054,91054.0
16,1,68,3,1:30.922,90922.0
16,1,69,8,1:31.299,91299.0
16,1,70,8,1:31.077,91077.0
16,1,71,8,1:31.085,91085.0
16,2,1,7,1:33.066,93066.0
16,2,2,5,1:32.819,92819.0
16,2,3,7,1:32.896,92896.0
16,2,4,4,1:32.864,
16,2,5,6,1:32.754,92754.0
16,2,6,8,1:32.951,92951.0
16,2,7,4,1:32.752,92752.0
16,2,8,9,1:32.761,92761.0
16,2,9,9,1:32.748,92748.0
16,2,10,7,1:32.878,92878.0
16,2,11,4,1:32.841,92841.0
16,2,12,6,1:32.695,92695.0
16,2,13,9,1:32.811,92811.0
16,2,14,6,1:32.806,92806.0
16,2,15,1,1:32.899,92899.0
16,2,16,9,1:32.813,92813.0
16,2,17,6,1:32.839,92839.0
16,2,18,7,1:33.040,93040.0
16,2,19,3,1:32.884,92884.0
16,2,20,8,1:32.552,92552.0
16,2,21,2,1:32.664,92664.0
16,2,22,10,1:32.538,92538.0
16,2,23,8,1:32.483,92483.0
16,2,24,8,1:32.388,92388.0
16,2,25,9,1:32.578,92578.0
16,2,26,4,1:32.510,92510.0
16,2,27,3,1:32.365,92365.0
16,2,28,9,1:32.467,92467.0
16,2,29,6,1:32.209,92209.0
16,2,30,8,1:32.287,92287.0
16,2,31,9,1:32.341,92341.0
16,2,32,5,1:32.475,92475.0
16,2,33,9,1:32.417,92417.0
16,2,34,5,1:32.593,92593.0
16,2,35,6,1:32.400,92400.0
16,2,36,10,1:32.402,92402.0
16,2,37,9,1:32.413,92413.0
16,2,38,8,1:32.408,92408.0
16,2,39,5,1:32.276,92276.0
16,2,40,10,1:32.268,92268.0
16,2,41,7,1:32.289,92289.0
16,2,42,7,1:32.180,92180.0
16,2,43,3,1:32.012,92012.0
16,2,44,4,1:32.332,92332.0
16,2,45,8,1:32.082,92082.0
16,2,46,8,1:32.104,92104.0
16,2,47,6,1:32.096,92096.0
16,2,48,5,1:31.991,91991.0
16,2,49,3,1:32.282,92282.0
16,2,50,2,1:32.045,92045.0
16,2,51,1,1:31.884,91884.0
16,2,52,2,1:32.056,92056.0
16,2,53,10,1:32.062,92062.0
16,2,54,9,1:31.830,91830.0
16,2,55,1,1:31.889,91889.0
16,2,56,4,1:32.014,92014.0
16,2,57,10,1:32.206,92206.0
16,2,58,9,1:32.013,92013.0
16,2,59,9,1:32.052,92052.0
16,2,60,1,1:31.907,91907.0
16,2,61,9,1:31.770,91770.0
16,2,62,7,1:31.867,91867.0
16,2,63,9,1:31.776,91776.0
16,2,64,6,1:31.665,91665.0
16,2,65,4,1:31.833,91833.0
16,2,66,10,1:31.850,91850.0
16,2,67,6,1:31.591,91591.0
16,2,68,5,1:31.564,91564.0
16,2,69,5,1:31.553,
16,2,70,7,1:31.754,91754.0
16,2,71,1,1:31.583,91583.0
16,3,1,4,1:32.249,92249.0
16,3,2,7,1:32.557,92557.0
16,3,3,6,1:32.485,92485.0
16,3,4,2,1:32.423,92423.0
16,3,5,7,1:32.360,92360.0
16,3,6,1,1:32.314,92314.0
16,3,7,8,1:32.328,92328.0
16,3,8,6,1:32.302,92302.0
16,3,9,10,1:32.506,92506.0
16,3,10,6,1:32.261,92261.0
16,3,11,3,1:32.222,92222.0
16,3,12,10,1:32.616,92616.0
16,3,13,7,1:32.226,92226.0
16,3,14,8,1:32.352,92352.0
16,3,15,6,1:32.320,92320.0
16,3,16,1,1:32.464,92464.0
16,3,17,5,1:32.372,92372.0
16,3,18,7,1:32.380,92380.0
16,3,19,5,1:32.408,92408.0
16,3,20,9,1:32.213,92213.0
16,3,21,5,1:32.324,92324.0
16,3,22,4,1:31.957,91957.0
16,3,23,9,1:32.131,92131.0
16,3,24,5,1:32.252,92252.0
16,3,25,9,1:31.897,91897.0
16,3,26,1,1:31.923,91923.0
16,3,27,10,1:32.059,92059.0
16,3,28,5,1:32.047,92047.0
16,3,29,9,1:31.812,91812.0
16,3,30,4,1:31.998,91998.0
16,3,31,4,1:31.983,91983.0
16,3,32,2,1:31.911,91911.0
16,3,33,7,1:31.990,91990.0
16,3,34,3,1:31.965,91965.0
16,3,35,4,1:32.200,92200.0
16,3,36,5,1:31.857,91857.0
16,3,37,7,1:32.142,92142.0
16,3,38,8,1:31.717,91717.0
16,3,39,7,1:31.812,91812.0
16,3,40,5,1:31.437,91437.0
16,3,41,2,1:31.602,91602.0
16,3,42,4,1:31.779,91779.0
16,3,43,1,1:31.705,91705.0
16,3,44,7,1:31.514,91514.0
16,3,45,6,1:31.719,91719.0
16,3,46,5,1:31.652,91652.0
16,3,47,2,1:31.648,91648.0
16,3,48,2,1:31.716,91716.0
16,3,49,7,1:31.795,91795.0
16,3,50,10,1:31.502,91502.0
16,3,51,9,1:31.546,91546.0
16,3,52,1,1:31.514,91514.0
16,3,53,1,1:31.627,91627.0
16,3,54,6,1:31.662,91662.0
16,3,55,8,1:31.578,91578.0
16,3,56,2,1:31.465,91465.0
16,3,57,3,1:31.450,91450.0
16,3,58,1,1:31.725,91725.0
16,3,59,1,1:31.736,91736.0
16,3,60,5,1:31.267,91267.0
16,3,61,2,1:31.082,91082.0
16,3,62,5,1:31.142,91142.0
16,3,63,1,1:31.425,91425.0
16,3,64,4,1:31.267,91267.0
16,3,65,5,1:31.108,91108.0
16,3,66,9,1:31.285,91285.0
16,3,67,5,1:31.320,91320.0
16,3,68,2,1:31.280,91280.0
16,3,69,4,1:31.102,91102.0
16,3,70,6,1:31.293,91293.0
16,3,71,2,1:31.205,91205.0
16,4,1,3,1:33.280,93280.0
16,4,2,1,1:33.241,93241.0
16,4,3,8,1:33.425,93425.0
16,4,4,7,1:33.449,93449.0
16,4,5,8,1:33.250,93250.0
16,4,6,9,1:33.086,93086.0
16,4,7,1,1:33.117,93117.0
16,4,8,9,1:33.356,93356.0
16,4,9,6,1:33.332,93332.0
16,4,10,2,1:33.351,93351.0
16,4,11,1,1:33.311,93311.0
16,4,12,9,1:33.339,93339.0
16,4,13,10,1:33.143,93143.0
16,4,14,4,1:33.330,93330.0
16,4,15,9,1:33.414,93414.0
16,4,16,2,1:33.274,93274.0
16,4,17,6,1:33.080,93080.0
16,4,18,5,1:33.097,93097.0
16,4,19,3,1:33.251,93251.0
16,4,20,10,1:32.911,92911.0
16,4,21,8,1:33.047,93047.0
16,4,22,2,1:33.008,93008.0
16,4,23,3,1:32.841,92841.0
16,4,24,8,1:32.838,92838.0
16,4,25,8,1:32.899,92899.0
16,4,26,4,1:33.136,93136.0
16,4,27,8,1:32.876,92876.0
16,4,28,4,1:33.066,93066.0
16,4,29,10,1:32.945,92945.0
16,4,30,8,1:32.830,92830.0
16,4,31,5,1:32.761,92761.0
16,4,32,8,1:32.873,92873.0
16,4,33,3,1:32.650,92650.0
16,4,34,7,1:32.996,92996.0
16,4,35,9,1:32.862,
16,4,36,5,1:32.716,92716.0
16,4,37,9,1:32.717,92717.0
16,4,38,9,1:32.810,92810.0
16,4,39,8,1:32.609,92609.0
16,4,40,1,1:32.580,92580.0
16,4,41,8,1:32.501,92501.0
16,4,42,5,1:32.419,92419.0
16,4,43,1,1:32.669,92669.0
16,4,44,6,1:32.588,92588.0
16,4,45,5,1:32.552,92552.0
16,4,46,1,1:32.459,92459.0
16,4,47,10,1:32.482,92482.0
16,4,48,10,1:32.669,
16,4,49,10,1:32.344,92344.0
16,4,50,6,1:32.584,92584.0
16,4,51,8,1:32.701,92701.0
16,4,52,9,1:32.371,
16,4,53,10,1:32.612,92612.0
16,4,54,9,1:32.576,92576.0
16,4,55,6,1:32.537,92537.0
16,4,56,10,1:32.501,92501.0
16,4,57,7,1:32.548,92548.0
16,4,58,6,1:32.389,92389.0
16,4,59,9,1:32.222,92222.0
16,4,60,9,1:32.188,92188.0
16,4,61,7,1:32.044,92044.0
16,4,62,1,1:32.165,92165.0
16,4,63,9,1:32.072,92072.0
16,4,64,7,1:32.233,92233.0
16,4,65,1,1:32.123,92123.0
16,4,66,6,1:32.277,92277.0
16,4,67,8,1:32.109,92109.0
16,4,68,1,1:31.804,91804.0
16,4,69,10,1:32.214,92214.0
16,4,70,4,1:32.108,92108.0
16,4,71,4,1:32.178,92178.0
16,5,1,8,1:33.476,93476.0
16,5,2,5,1:33.451,93451.0
16,5,3,8,1:33.509,93509.0
16,5,4,2,1:33.332,93332.0
16,5,5,7,1:33.315,93315.0
16,5,6,9,1:33.662,93662.0
16,5,7,5,1:33.712,93712.0
16,5,8,8,1:33.307,93307.0
16,5,9,4,1:33.206,93206.0
16,5,10,6,1:33.439,93439.0
16,5,11,1,1:33.352,93352.0
16,5,12,8,1:33.336,93336.0
16,5,13,10,1:33.239,93239.0
16,5,14,4,1:33.329,93329.0
16,5,15,3,1:33.514,93514.0
16,5,16,3,1:33.401,93401.0
16,5,17,8,1:33.181,93181.0
16,5,18,5,1:33.298,93298.0
16,5,19,9,1:33.383,93383.0
16,5,20,1,1:32.991,92991.0
16,5,21,5,1:33.022,93022.0
16,5,22,5,1:32.985,92985.0
16,5,23,8,1:33.071,93071.0
16,5,24,3,1:32.999,92999.0
16,5,25,6,1:32.926,92926.0
16,5,26,7,1:32.998,92998.0
16,5,27,6,1:33.067,93067.0
16,5,28,3,1:33.145,93145.0
16,5,29,5,1:32.948,92948.0
16,5,30,2,1:32.816,92816.0
16,5,31,10,1:32.925,92925.0
16,5,32,5,1:32.908,92908.0
16,5,33,10,1:33.106,93106.0
16,5,34,2,1:33.247,93247.0
16,5,35,9,1:33.166,93166.0
16,5,36,8,1:33.157,93157.0
16,5,37,8,1:33.015,93015.0
16,5,38,3,1:33.099,93099.0
16,5,39,7,1:32.926,92926.0
16,5,40,2,1:32.619,92619.0
16,5,41,4,1:32.694,92694.0
16,5,42,3,1:32.593,92593.0
16,5,43,2,1:32.721,92721.0
16,5,44,4,1:32.488,92488.0
16,5,45,7,1:32.712,92712.0
16,5,46,8,1:32.598,92598.0
16,5,47,4,1:32.495,92495.0
16,5,48,9,1:32.720,92720.0
16,5,49,9,1:32.653,92653.0
16,5,50,2,1:32.674,92674.0
16,5,51,6,1:32.424,92424.0
16,5,52,2,1:32.713,92713.0
16,5,53,9,1:32.526,92526.0
16,5,54,4,1:32.631,92631.0
16,5,55,10,1:32.711,92711.0
16,5,56,10,1:32.498,92498.0
16,5,57,9,1:32.400,92400.0
16,5,58,3,1:32.513,92513.0
16,5,59,1,1:32.455,92455.0
16,5,60,10,1:32.222,92222.0
16,5,61,4,1:32.222,92222.0
16,5,62,9,1:32.277,92277.0
16,5,63,10,1:32.400,92400.0
16,5,64,5,1:32.245,92245.0
16,5,65,6,1:32.113,92113.0
16,5,66,9,1:32.437,92437.0
16,5,67,7,1:32.167,92167.0
16,5,68,10,1:32.397,92397.0
16,5,69,7,1:32.175,
16,5,70,6,1:32.103,92103.0
16,5,71,4,1:32.206,92206.0
16,6,1,8,1:32.841,92841.0
16,6,2,10,1:32.890,92890.0
16,6,3,6,1:32.825,
16,6,4,7,1:32.760,92760.0
16,6,5,4,1:32.820,92820.0
16,6,6,5,1:32.754,92754.0
16,6,7,7,1:32.752,92752.0
16,6,8,5,1:32.761,92761.0
16,6,9,6,1:32.682,92682.0
16,6,10,7,1:32.833,92833.0
16,6,11,7,1:32.947,92947.0
16,6,12,1,1:32.653,92653.0
16,6,13,3,1:32.488,92488.0
16,6,14,1,1:32.809,92809.0
16,6,15,1,1:32.583,92583.0
16,6,16,1,1:32.733,92733.0
16,6,17,10,1:32.594,92594.0
16,6,18,4,1:32.619,92619.0
16,6,19,6,1:32.557,92557.0
16,6,20,9,1:32.415,92415.0
16,6,21,2,1:32.512,92512.0
16,6,22,5,1:32.507,92507.0
16,6,23,8,1:32.523,92523.0
16,6,24,9,1:32.316,92316.0
16,6,25,2,1:32.269,92269.0
16,6,26,3,1:32.418,92418.0
16,6,27,5,1:32.381,92381.0
16,6,28,5,1:32.302,92302.0
16,6,29,1,1:32.173,92173.0
16,6,30,10,1:32.515,92515.0
16,6,31,1,1:32.207,92207.0
16,6,32,5,1:32.203,92203.0
16,6,33,8,1:32.429,92429.0
16,6,34,10,1:32.171,
16,6,35,7,1:32.290,92290.0
16,6,36,2,1:32.182,92182.0
16,6,37,8,1:32.495,92495.0
16,6,38,9,1:32.111,92111.0
16,6,39,9,1:32.384,92384.0
16,6,40,3,1:32.047,92047.0
16,6,41,9,1:32.129,92129.0
16,6,42,5,1:32.127,92127.0
16,6,43,10,1:31.924,91924.0
16,6,44,5,1:31.934,91934.0
16,6,45,5,1:31.824,91824.0
16,6,46,6,1:32.133,92133.0
16,6,47,8,1:31.937,91937.0
16,6,48,7,1:32.000,92000.0
16,6,49,2,1:32.184,92184.0
16,6,50,7,1:32.128,92128.0
16,6,51,1,1:31.895,91895.0
16,6,52,6,1:31.985,91985.0
16,6,53,9,1:32.131,92131.0
16,6,54,7,1:32.105,92105.0
16,6,55,7,1:31.882,91882.0
16,6,56,7,1:31.803,91803.0
16,6,57,7,1:31.858,91858.0
16,6,58,8,1:31.992,91992.0
16,6,59,9,1:31.555,91555.0
16,6,60,4,1:31.429,
16,6,61,5,1:31.535,91535.0
16,6,62,8,1:31.628,91628.0
16,6,63,5,1:31.452,91452.0
16,6,64,3,1:31.478,91478.0
16,6,65,7,1:31.515,91515.0
16,6,66,10,1:31.502,91502.0
16,6,67,10,1:31.447,91447.0
16,6,68,9,1:31.514,91514.0
16,6,69,2,1:31.646,91646.0
16,6,70,5,1:31.523,91523.0
16,6,71,9,1:31.395,91395.0
16,7,1,6,1:32.182,92182.0
16,7,2,6,1:32.196,92196.0
16,7,3,10,1:32.140,92140.0
16,7,4,3,1:32.267,570660.0
16,7,5,5,1:32.156,92156.0
16,7,6,8,1:32.226,92226.0
16,7,7,6,1:32.224,92224.0
16,7,8,1,1:31.992,91992.0
16,7,9,1,1:32.211,92211.0
16,7,10,6,1:32.165,92165.0
16,7,11,4,1:32.111,92111.0
16,7,12,9,1:32.069,92069.0
16,7,13,9,1:32.356,92356.0
16,7,14,1,1:32.044,92044.0
16,7,15,9,1:32.244,92244.0
16,7,16,8,1:32.101,92101.0
16,7,17,9,1:32.196,92196.0
16,7,18,6,1:32.027,92027.0
16,7,19,3,1:32.086,92086.0
16,7,20,9,1:31.693,91693.0
16,7,21,10,1:31.753,91753.0
16,7,22,3,1:31.934,91934.0
16,7,23,4,1:31.905,91905.0
16,7,24,3,1:31.860,91860.0
16,7,25,4,1:32.021,92021.0
16,7,26,2,1:31.840,91840.0
16,7,27,3,1:31.832,
16,7,28,7,1:31.832,91832.0
16,7,29,2,1:31.672,91672.0
16,7,30,4,1:31.635,91635.0
16,7,31,3,1:31.949,91949.0
16,7,32,7,1:31.483,91483.0
16,7,33,5,1:31.745,91745.0
16,7,34,9,1:31.848,91848.0
16,7,35,6,1:31.892,91892.0
16,7,36,1,1:31.736,91736.0
16,7,37,9,1:31.690,91690.0
16,7,38,10,1:31.757,91757.0
16,7,39,3,1:31.766,91766.0
16,7,40,1,1:31.431,91431.0
16,7,41,2,1:31.300,91300.0
16,7,42,8,1:31.376,91376.0
16,7,43,9,1:31.180,91180.0
16,7,44,2,1:31.313,91313.0
16,7,45,4,1:31.325,91325.0
16,7,46,7,1:31.534,91534.0
16,7,47,8,1:31.467,91467.0
16,7,48,5,1:31.717,91717.0
16,7,49,3,1:31.383,91383.0
16,7,50,8,1:31.462,91462.0
16,7,51,9,1:31.162,91162.0
16,7,52,10,1:31.346,91346.0
16,7,53,7,1:31.466,91466.0
16,7,54,3,1:31.259,91259.0
16,7,55,1,1:31.338,91338.0
16,7,56,1,1:31.295,91295.0
16,7,57,9,1:31.200,91200.0
16,7,58,1,1:31.328,91328.0
16,7,59,8,1:31.234,91234.0
16,7,60,10,1:31.119,91119.0
16,7,61,10,1:31.112,91112.0
16,7,62,2,1:30.898,90898.0
16,7,63,4,1:30.905,90905.0
16,7,64,5,1:31.018,91018.0
16,7,65,10,1:31.152,91152.0
16,7,66,10,1:31.085,91085.0
16,7,67,10,1:31.109,91109.0
16,7,68,5,1:30.942,90942.0
16,7,69,10,1:31.176,91176.0
16,7,70,8,1:30.939,90939.0
16,7,71,5,1:31.072,91072.0
16,8,1,8,1:32.393,92393.0
16,8,2,8,1:32.560,92560.0
16,8,3,8,1:32.516,92516.0
16,8,4,3,1:32.381,92381.0
16,8,5,1,1:32.438,92438.0
16,8,6,2,1:32.530,92530.0
16,8,7,2,1:32.327,92327.0
16,8,8,6,1:32.260,92260.0
16,8,9,5,1:32.329,92329.0
16,8,10,2,1:32.379,92379.0
16,8,11,6,1:32.326,92326.0
16,8,12,10,1:32.407,92407.0
16,8,13,9,1:32.599,92599.0
16,8,14,4,1:32.447,92447.0
16,8,15,1,1:32.249,92249.0
16,8,16,10,1:32.147,92147.0
16,8,17,2,1:32.435,92435.0
16,8,18,4,1:32.408,92408.0
16,8,19,2,1:32.011,
16,8,20,3,1:32.218,92218.0
16,8,21,9,1:31.874,91874.0
16,8,22,3,1:32.138,92138.0
16,8,23,9,1:32.089,92089.0
16,8,24,10,1:32.155,92155.0
16,8,25,7,1:31.851,91851.0
16,8,26,5,1:32.002,92002.0
16,8,27,4,1:32.089,92089.0
16,8,28,4,1:32.171,92171.0
16,8,29,10,1:31.915,91915.0
16,8,30,9,1:31.882,91882.0
16,8,31,2,1:32.029,92029.0
16,8,32,6,1:31.918,91918.0
16,8,33,7,1:32.091,92091.0
16,8,34,10,1:32.088,92088.0
16,8,35,1,1:32.114,92114.0
16,8,36,9,1:32.115,92115.0
16,8,37,4,1:31.857,91857.0
16,8,38,3,1:31.905,91905.0
16,8,39,6,1:31.797,91797.0
16,8,40,6,1:31.535,91535.0
16,8,41,8,1:31.761,91761.0
16,8,42,7,1:31.808,91808.0
16,8,43,5,1:31.639,91639.0
16,8,44,8,1:31.623,91623.0
16,8,45,7,1:31.716,91716.0
16,8,46,4,1:31.663,91663.0
16,8,47,6,1:31.655,91655.0
16,8,48,2,1:31.677,91677.0
16,8,49,10,1:31.495,91495.0
16,8,50,9,1:31.695,91695.0
16,8,51,8,1:31.527,91527.0
16,8,52,8,1:31.600,91600.0
16,8,53,1,1:31.693,91693.0
16,8,54,6,1:31.430,91430.0
16,8,55,4,1:31.550,91550.0
16,8,56,4,1:31.479,91479.0
16,8,57,6,1:31.411,91411.0
16,8,58,5,1:31.315,91315.0
16,8,59,6,1:31.753,91753.0
16,8,60,7,1:31.073,91073.0
16,8,61,8,1:31.350,91350.0
16,8,62,5,1:31.246,91246.0
16,8,63,6,1:31.231,91231.0
16,8,64,5,1:31.166,91166.0
16,8,65,6,1:30.942,90942.0
16,8,66,3,1:31.082,91082.0
16,8,67,1,1:31.355,91355.0
16,8,68,4,1:31.372,91372.0
16,8,69,10,1:30.925,90925.0
16,8,70,6,1:31.111,91111.0
16,8,71,6,1:31.374,91374.0
16,9,1,8,1:32.757,92757.0
16,9,2,3,1:32.709,92709.0
16,9,3,5,1:32.631,92631.0
16,9,4,5,1:33.016,93016.0
16,9,5,7,1:32.742,92742.0
16,9,6,1,1:32.921,92921.0
16,9,7,7,1:32.638,92638.0
16,9,8,6,1:32.839,92839.0
16,9,9,2,1:32.754,92754.0
16,9,10,7,1:32.697,92697.0
16,9,11,1,1:32.694,92694.0
16,9,12,7,1:33.048,93048.0
16,9,13,7,1:32.703,92703.0
16,9,14,7,1:32.675,92675.0
16,9,15,4,1:32.535,92535.0
16,9,16,4,1:32.767,92767.0
16,9,17,3,1:32.545,92545.0
16,9,18,10,1:32.610,92610.0
16,9,19,1,1:32.596,92596.0
16,9,20,10,1:32.483,92483.0
16,9,21,3,1:32.464,92464.0
16,9,22,3,1:32.261,92261.0
16,9,23,6,1:32.394,92394.0
16,9,24,2,1:32.378,92378.0
16,9,25,6,1:32.449,92449.0
16,9,26,3,1:32.612,92612.0
16,9,27,8,1:32.258,92258.0
16,9,28,2,1:32.526,92526.0
16,9,29,3,1:32.408,92408.0
16,9,30,3,1:32.342,92342.0
16,9,31,5,1:32.339,92339.0
16,9,32,3,1:32.109,92109.0
16,9,33,1,1:32.455,92455.0
16,9,34,8,1:32.513,92513.0
16,9,35,7,1:32.266,92266.0
16,9,36,6,1:32.236,92236.0
16,9,37,7,1:32.346,92346.0
16,9,38,5,1:32.318,92318.0
16,9,39,9,1:32.304,92304.0
16,9,40,3,1:32.077,92077.0
16,9,41,8,1:32.190,92190.0
16,9,42,2,1:31.945,
16,9,43,4,1:31.977,91977.0
16,9,44,5,1:31.952,91952.0
16,9,45,4,1:32.015,92015.0
16,9,46,2,1:32.061,92061.0
16,9,47,2,1:31.995,91995.0
16,9,48,4,1:32.038,92038.0
16,9,49,7,1:31.930,91930.0
16,9,50,3,1:31.831,91831.0
16,9,51,8,1:32.190,92190.0
16,9,52,10,1:31.817,91817.0
16,9,53,1,1:32.087,92087.0
16,9,54,2,1:31.656,91656.0
16,9,55,8,1:32.004,92004.0
16,9,56,3,1:31.892,91892.0
16,9,57,10,1:31.845,91845.0
16,9,58,3,1:31.868,91868.0
16,9,59,7,1:31.841,91841.0
16,9,60,3,1:31.611,91611.0
16,9,61,7,1:31.498,91498.0
16,9,62,10,1:31.426,91426.0
16,9,63,4,1:31.605,91605.0
16,9,64,9,1:31.573,91573.0
16,9,65,7,1:31.637,91637.0
16,9,66,2,1:31.541,91541.0
16,9,67,2,1:31.480,91480.0
16,9,68,5,1:31.552,91552.0
16,9,69,8,1:31.721,91721.0
16,9,70,1,1:31.551,91551.0
16,9,71,5,1:31.621,91621.0
16,10,1,9,1:32.517,92517.0
16,10,2,2,1:32.252,92252.0
16,10,3,7,1:32.297,92297.0
16,10,4,9,1:32.314,92314.0
16,10,5,6,1:32.347,92347.0
16,10,6,1,1:32.139,92139.0
16,10,7,4,1:32.040,92040.0
16,10,8,10,1:32.357,92357.0
16,10,9,3,1:32.239,92239.0
16,10,10,9,1:32.268,92268.0
16,10,11,4,1:32.429,92429.0
16,10,12,7,1:32.384,92384.0
16,10,13,3,1:32.106,92106.0
16,10,14,1,1:32.389,
16,10,15,7,1:32.267,92267.0
16,10,16,5,1:32.059,92059.0
16,10,17,8,1:32.448,92448.0
16,10,18,4,1:31.971,91971.0
16,10,19,1,1:32.160,92160.0
16,10,20,5,1:31.824,91824.0
16,10,21,5,1:32.253,92253.0
16,10,22,1,1:31.767,91767.0
16,10,23,4,1:31.933,91933.0
16,10,24,10,1:32.026,92026.0
16,10,25,6,1:31.807,91807.0
16,10,26,7,1:31.768,91768.0
16,10,27,3,1:32.210,92210.0
16,10,28,5,1:31.873,91873.0
16,10,29,6,1:31.847,91847.0
16,10,30,7,1:31.783,91783.0
16,10,31,8,1:31.771,91771.0
16,10,32,4,1:31.792,91792.0
16,10,33,1,1:31.594,91594.0
16,10,34,5,1:31.953,91953.0
16,10,35,7,1:31.804,91804.0
16,10,36,8,1:31.966,91966.0
16,10,37,7,1:31.725,91725.0
16,10,38,2,1:31.730,91730.0
16,10,39,3,1:31.871,91871.0
16,10,40,6,1:31.525,91525.0
16,10,41,2,1:31.644,91644.0
16,10,42,5,1:31.556,91556.0
16,10,43,8,1:31.620,91620.0
16,10,44,3,1:31.465,91465.0
16,10,45,3,1:31.706,91706.0
16,10,46,8,1:31.459,
16,10,47,3,1:31.420,91420.0
16,10,48,10,1:31.504,91504.0
16,10,49,6,1:31.462,91462.0
16,10,50,4,1:31.515,91515.0
16,10,51,5,1:31.459,91459.0
16,10,52,9,1:31.609,91609.0
16,10,53,7,1:31.514,91514.0
16,10,54,10,1:31.443,91443.0
16,10,55,9,1:31.517,91517.0
16,10,56,2,1:31.548,91548.0
16,10,57,2,1:31.528,91528.0
16,10,58,1,1:31.645,91645.0
16,10,59,2,1:31.337,91337.0
16,10,60,4,1:31.128,91128.0
16,10,61,1,1:31.102,91102.0
16,10,62,5,1:31.303,91303.0
16,10,63,8,1:31.007,91007.0
16,10,64,1,1:30.951,90951.0
16,10,65,4,1:31.189,91189.0
16,10,66,8,1:30.970,90970.0
16,10,67,8,1:31.121,91121.0
16,10,68,10,1:31.021,91021.0
16,10,69,9,1:31.103,91103.0
16,10,70,7,1:30.976,90976.0
16,10,71,1,1:30.947,90947.0
17,1,1,9,1:27.972,87972.0
17,1,2,10,1:28.052,88052.0
17,1,3,5,1:28.154,88154.0
17,1,4,5,1:28.144,88144.0
17,1,5,8,1:28.061,88061.0
17,1,6,8,1:28.068,88068.0
17,1,7,5,1:28.143,88143.0
17,1,8,6,1:28.176,88176.0
17,1,9,5,1:27.897,87897.0
17,1,10,7,1:27.888,87888.0
17,1,11,4,1:28.042,88042.0
17,1,12,8,1:27.958,87958.0
17,1,13,1,1:27.900,87900.0
17,1,14,4,1:27.906,87906.0
17,1,15,1,1:27.862,87862.0
17,1,16,1,1:28.211,88211.0
17,1,17,2,1:27.987,
17,1,18,9,1:28.148,88148.0
17,1,19,10,1:28.090,88090.0
17,1,20,6,1:27.667,87667.0
17,1,21,3,1:27.784,87784.0
17,1,22,1,1:27.646,87646.0
17,1,23,7,1:27.885,87885.0
17,1,24,4,1:27.757,87757.0
17,1,25,5,1:27.465,87465.0
17,1,26,10,1:27.607,87607.0
17,1,27,2,1:27.660,87660.0
17,1,28,9,1:27.643,87643.0
17,1,29,3,1:27.877,87877.0
17,1,30,10,1:27.683,87683.0
17,1,31,2,1:27.527,87527.0
17,1,32,8,1:27.493,87493.0
17,1,33,3,1:27.431,87431.0
17,1,34,9,1:27.671,87671.0
17,1,35,10,1:27.501,87501.0
17,1,36,7,1:27.785,
17,1,37,6,1:27.836,87836.0
17,1,38,1,1:27.572,87572.0
17,1,39,4,1:27.673,87673.0
17,1,40,3,1:27.096,87096.0
17,1,41,7,1:27.507,87507.0
17,1,42,7,1:27.257,87257.0
17,1,43,4,1:27.270,87270.0
17,1,44,9,1:27.171,87171.0
17,1,45,10,1:27.263,87263.0
17,1,46,8,1:27.315,87315.0
17,1,47,9,1:27.327,87327.0
17,1,48,3,1:27.356,87356.0
17,1,49,4,1:27.392,87392.0
17,1,50,7,1:27.308,87308.0
17,1,51,8,1:27.361,87361.0
17,1,52,10,1:27.562,87562.0
17,1,53,9,1:27.379,87379.0
17,1,54,7,1:27.115,87115.0
17,1,55,2,1:27.185,87185.0
17,1,56,8,1:27.270,87270.0
17,1,57,5,1:27.117,87117.0
17,1,58,2,1:27.026,87026.0
17,1,59,1,1:26.989,86989.0
17,2,1,9,1:28.436,88436.0
17,2,2,9,1:28.550,570660.0
17,2,3,10,1:28.438,88438.0
17,2,4,6,1:28.440,88440.0
17,2,5,7,1:28.462,88462.0
17,2,6,4,1:28.443,88443.0
17,2,7,9,1:28.162,88162.0
17,2,8,2,1:28.352,88352.0
17,2,9,9,1:28.369,88369.0
17,2,10,8,1:28.252,88252.0
17,2,11,1,1:28.453,88453.0
17,2,12,4,1:28.258,88258.0
17,2,13,9,1:28.443,88443.0
17,2,14,5,1:28.388,88388.0
17,2,15,4,1:28.215,88215.0
17,2,16,6,1:28.303,88303.0
17,2,17,5,1:28.115,88115.0
17,2,18,3,1:28.113,88113.0
17,2,19,4,1:28.289,88289.0
17,2,20,2,1:27.985,87985.0
17,2,21,6,1:28.167,88167.0
17,2,22,8,1:28.062,88062.0
17,2,23,5,1:28.053,88053.0
17,2,24,8,1:28.014,88014.0
17,2,25,8,1:27.881,87881.0
17,2,26,7,1:27.834,87834.0
17,2,27,1,1:28.016,88016.0
17,2,28,5,1:27.807,
17,2,29,8,1:27.868,87868.0
17,2,30,7,1:27.836,87836.0
17,2,31,6,1:27.822,87822.0
17,2,32,2,1:28.021,88021.0
17,2,33,9,1:28.038,88038.0
17,2,34,3,1:27.879,87879.0
17,2,35,3,1:28.149,88149.0
17,2,36,7,1:27.722,87722.0
17,2,37,10,1:28.107,88107.0
17,2,38,5,1:27.992,87992.0
17,2,39,6,1:28.064,88064.0
17,2,40,1,1:27.606,87606.0
17,2,41,7,1:27.590,87590.0
17,2,42,1,1:27.560,87560.0
17,2,43,8,1:27.754,87754.0
17,2,44,1,1:27.520,87520.0
17,2,45,7,1:27.431,87431.0
17,2,46,4,1:27.600,87600.0
17,2,47,1,1:27.447,87447.0
17,2,48,10,1:27.567,87567.0
17,2,49,3,1:27.625,87625.0
17,2,50,7,1:27.626,87626.0
17,2,51,3,1:27.516,570660.0
17,2,52,3,1:27.643,87643.0
17,2,53,6,1:27.641,87641.0
17,2,54,10,1:27.681,87681.0
17,2,55,3,1:27.441,87441.0
17,2,56,4,1:27.451,87451.0
17,2,57,6,1:27.452,87452.0
17,2,58,7,1:27.657,87657.0
17,2,59,10,1:27.652,87652.0
17,3,1,2,1:28.077,88077.0
17,3,2,10,1:28.312,88312.0
17,3,3,6,1:28.267,88267.0
17,3,4,5,1:27.978,
17,3,5,5,1:28.011,88011.0
17,3,6,1,1:27.959,87959.0
17,3,7,6,1:28.139,88139.0
17,3,8,9,1:28.110,88110.0
17,3,9,7,1:28.201,88201.0
17,3,10,8,1:28.264,88264.0
17,3,11,2,1:28.260,88260.0
17,3,12,3,1:28.298,88298.0
17,3,13,7,1:27.864,87864.0
17,3,14,3,1:27.890,87890.0
17,3,15,9,1:28.289,88289.0
17,3,16,1,1:28.042,88042.0
17,3,17,5,1:27.971,87971.0
17,3,18,10,1:27.942,87942.0
17,3,19,2,1:28.121,88121.0
17,3,20,6,1:27.757,87757.0
17,3,21,9,1:27.835,87835.0
17,3,22,8,1:27.851,87851.0
17,3,23,6,1:27.613,87613.0
17,3,24,6,1:27.631,87631.0
17,3,25,5,1:27.837,87837.0
17,3,26,3,1:27.674,87674.0
17,3,27,8,1:27.728,87728.0
17,3,28,3,1:27.669,87669.0
17,3,29,4,1:27.732,87732.0
17,3,30,3,1:27.662,87662.0
17,3,31,8,1:27.594,87594.0
17,3,32,6,1:27.746,87746.0
17,3,33,8,1:27.696,87696.0
17,3,34,4,1:27.750,87750.0
17,3,35,9,1:27.876,87876.0
17,3,36,9,1:27.684,87684.0
17,3,37,5,1:27.627,87627.0
17,3,38,8,1:27.531,87531.0
17,3,39,6,1:27.768,87768.0
17,3,40,1,1:27.247,87247.0
17,3,41,10,1:27.410,87410.0
17,3,42,4,1:27.462,87462.0
17,3,43,3,1:27.249,87249.0
17,3,44,9,1:27.381,87381.0
17,3,45,5,1:27.180,87180.0
17,4,1,4,1:27.598,87598.0
17,4,2,7,1:27.797,87797.0
17,4,3,10,1:27.565,87565.0
17,4,4,6,1:27.506,87506.0
17,4,5,2,1:27.545,87545.0
17,4,6,7,1:27.578,87578.0
17,4,7,10,1:27.518,87518.0
17,4,8,10,1:27.469,87469.0
17,4,9,5,1:27.575,87575.0
17,4,10,10,1:27.575,87575.0
17,4,11,6,1:27.490,87490.0
17,4,12,5,1:27.621,87621.0
17,4,13,6,1:27.261,87261.0
17,4,14,5,1:27.610,87610.0
17,4,15,5,1:27.673,87673.0
17,4,16,7,1:27.452,87452.0
17,4,17,2,1:27.493,87493.0
17,4,18,7,1:27.583,87583.0
17,4,19,7,1:27.459,87459.0
17,4,20,9,1:27.229,87229.0
17,4,21,5,1:27.228,87228.0
17,4,22,10,1:27.118,87118.0
17,4,23,1,1:27.087,87087.0
17,5,1,2,1:28.760,88760.0
17,5,2,2,1:28.635,88635.0
17,5,3,4,1:28.616,88616.0
17,5,4,5,1:28.543,88543.0
17,5,5,1,1:28.555,88555.0
17,5,6,7,1:28.580,88580.0
17,5,7,2,1:28.656,88656.0
17,5,8,1,1:28.784,88784.0
17,5,9,9,1:28.826,88826.0
17,5,10,4,1:28.650,88650.0
17,5,11,10,1:28.516,88516.0
17,5,12,10,1:28.666,88666.0
17,5,13,2,1:28.382,88382.0
17,5,14,9,1:28.734,88734.0
17,5,15,3,1:28.595,88595.0
17,5,16,7,1:28.429,88429.0
17,5,17,3,1:28.678,88678.0
17,5,18,6,1:28.582,88582.0
17,5,19,2,1:28.512,88512.0
17,5,20,6,1:28.531,88531.0
17,5,21,5,1:28.147,
17,5,22,1,1:28.255,88255.0
17,5,23,9,1:28.209,88209.0
17,5,24,7,1:28.032,88032.0
17,5,25,2,1:28.057,88057.0
17,5,26,9,1:27.912,87912.0
17,5,27,2,1:28.116,88116.0
17,5,28,4,1:28.095,88095.0
17,5,29,7,1:28.089,88089.0
17,5,30,10,1:28.162,
17,5,31,10,1:28.221,88221.0
17,5,32,6,1:28.334,88334.0
17,5,33,5,1:28.282,88282.0
17,5,34,10,1:28.284,88284.0
17,5,35,8,1:28.195,88195.0
17,5,36,1,1:28.254,88254.0
17,5,37,3,1:28.032,88032.0
17,5,38,1,1:28.182,88182.0
17,5,39,8,1:27.980,87980.0
17,5,40,10,1:27.783,87783.0
17,5,41,1,1:27.881,87881.0
17,5,42,7,1:27.971,87971.0
17,5,43,8,1:27.722,87722.0
17,5,44,2,1:27.894,87894.0
17,5,45,3,1:27.750,87750.0
17,5,46,2,1:27.592,87592.0
17,5,47,8,1:27.992,87992.0
17,5,48,4,1:27.675,87675.0
17,5,49,6,1:27.784,87784.0
17,5,50,6,1:27.571,87571.0
17,6,1,8,1:27.708,87708.0
17,6,2,7,1:27.852,87852.0
17,6,3,10,1:27.626,87626.0
17,6,4,6,1:27.691,87691.0
17,6,5,6,1:27.829,87829.0
17,6,6,8,1:27.876,87876.0
17,6,7,8,1:27.833,
17,6,8,5,1:27.812,87812.0
17,6,9,8,1:27.864,87864.0
17,6,10,3,1:27.776,87776.0
17,6,11,2,1:27.806,87806.0
17,6,12,9,1:27.684,87684.0
17,6,13,2,1:27.849,87849.0
17,6,14,10,1:27.767,87767.0
17,6,15,4,1:27.926,87926.0
17,6,16,10,1:27.712,87712.0
17,6,17,7,1:27.586,87586.0
17,6,18,2,1:27.816,87816.0
17,6,19,7,1:27.932,87932.0
17,6,20,1,1:27.314,87314.0
17,6,21,2,1:27.306,87306.0
17,6,22,2,1:27.562,87562.0
17,6,23,7,1:27.523,87523.0
17,6,24,9,1:27.289,87289.0
17,6,25,5,1:27.417,87417.0
17,6,26,3,1:27.514,87514.0
17,6,27,10,1:27.445,87445.0
17,6,28,1,1:27.389,87389.0
17,6,29,10,1:27.538,87538.0
17,6,30,2,1:27.246,87246.0
17,6,31,4,1:27.547,87547.0
17,6,32,1,1:27.428,87428.0
17,6,33,7,1:27.398,87398.0
17,6,34,7,1:27.160,87160.0
17,6,35,4,1:27.497,87497.0
17,6,36,9,1:27.471,87471.0
17,6,37,9,1:27.346,87346.0
17,6,38,10,1:27.264,87264.0
17,6,39,10,1:27.439,87439.0
17,6,40,3,1:26.993,86993.0
17,6,41,10,1:26.985,86985.0
17,6,42,9,1:27.262,87262.0
17,6,43,3,1:26.787,86787.0
17,6,44,10,1:27.060,87060.0
17,6,45,2,1:27.098,87098.0
17,6,46,3,1:27.020,87020.0
17,6,47,10,1:27.035,87035.0
17,6,48,10,1:26.907,86907.0
17,6,49,4,1:27.138,87138.0
17,6,50,10,1:27.041,87041.0
17,6,51,9,1:26.936,86936.0
17,6,52,5,1:27.209,87209.0
17,6,53,9,1:26.850,86850.0
17,6,54,5,1:26.934,86934.0
17,6,55,4,1:26.856,86856.0
17,6,56,6,1:26.959,86959.0
17,6,57,10,1:26.960,86960.0
17,6,58,7,1:26.840,86840.0
17,6,59,9,1:26.993,86993.0
17,7,1,2,1:28.923,88923.0
17,7,2,2,1:28.908,88908.0
17,7,3,6,1:28.647,88647.0
17,7,4,3,1:28.985,88985.0
17,7,5,10,1:28.990,88990.0
17,7,6,6,1:28.869,88869.0
17,7,7,9,1:28.710,88710.0
17,7,8,5,1:28.727,88727.0
17,7,9,10,1:28.843,88843.0
17,7,10,1,1:28.759,88759.0
17,7,11,4,1:28.883,88883.0
17,7,12,3,1:28.784,88784.0
17,7,13,3,1:29.133,89133.0
17,7,14,1,1:28.815,88815.0
17,7,15,5,1:28.731,88731.0
17,7,16,3,1:28.782,88782.0
17,7,17,2,1:28.951,88951.0
17,7,18,9,1:28.778,88778.0
17,7,19,7,1:28.727,88727.0
17,7,20,9,1:28.582,88582.0
17,7,21,8,1:28.667,88667.0
17,7,22,4,1:28.673,88673.0
17,7,23,9,1:28.507,88507.0
17,7,24,3,1:28.202,88202.0
17,7,25,6,1:28.622,88622.0
17,7,26,2,1:28.591,88591.0
17,7,27,1,1:28.679,88679.0
17,7,28,3,1:28.421,88421.0
17,7,29,5,1:28.403,88403.0
17,7,30,2,1:28.317,88317.0
17,7,31,4,1:28.478,88478.0
17,7,32,7,1:28.508,88508.0
17,7,33,3,1:28.420,88420.0
17,7,34,6,1:28.158,88158.0
17,7,35,5,1:28.423,88423.0
17,7,36,4,1:28.271,88271.0
17,7,37,6,1:28.364,88364.0
17,7,38,10,1:28.599,88599.0
17,7,39,4,1:28.419,88419.0
17,7,40,10,1:28.000,88000.0
17,7,41,4,1:28.156,88156.0
17,7,42,7,1:28.090,88090.0
17,7,43,6,1:28.147,88147.0
17,7,44,4,1:28.040,88040.0
17,7,45,4,1:28.055,88055.0
17,7,46,10,1:28.072,88072.0
17,7,47,7,1:28.102,88102.0
17,7,48,6,1:28.145,88145.0
17,7,49,2,1:28.116,88116.0
17,7,50,1,1:28.012,88012.0
17,7,51,4,1:27.872,87872.0
17,7,52,10,1:27.835,87835.0
17,7,53,9,1:27.762,87762.0
17,7,54,6,1:28.162,
17,7,55,4,1:28.154,88154.0
17,7,56,2,1:27.739,87739.0
17,7,57,7,1:28.170,88170.0
17,7,58,1,1:28.073,88073.0
17,7,59,10,1:27.746,87746.0
17,8,1,2,1:28.265,88265.0
17,8,2,5,1:28.229,88229.0
17,8,3,10,1:28.252,88252.0
17,8,4,7,1:28.352,88352.0
17,8,5,7,1:28.265,88265.0
17,8,6,7,1:28.043,88043.0
17,8,7,7,1:28.346,88346.0
17,8,8,5,1:28.214,88214.0
17,8,9,8,1:28.480,88480.0
17,8,10,8,1:28.383,88383.0
17,8,11,9,1:28.117,88117.0
17,8,12,8,1:28.177,88177.0
17,8,13,4,1:28.209,88209.0
17,8,14,2,1:28.156,88156.0
17,8,15,3,1:28.116,88116.0
17,8,16,8,1:28.033,88033.0
17,8,17,8,1:28.240,88240.0
17,8,18,10,1:28.248,88248.0
17,8,19,1,1:27.920,
17,8,20,5,1:27.792,87792.0
17,8,21,6,1:27.949,87949.0
17,8,22,4,1:27.789,87789.0
17,8,23,2,1:27.799,87799.0
17,8,24,3,1:27.938,87938.0
17,8,25,4,1:27.704,87704.0
17,8,26,7,1:27.863,87863.0
17,8,27,1,1:28.007,88007.0
17,8,28,2,1:27.776,87776.0
17,8,29,5,1:27.830,87830.0
17,8,30,8,1:27.646,87646.0
17,8,31,9,1:27.737,87737.0
17,8,32,1,1:27.581,87581.0
17,8,33,8,1:27.868,87868.0
17,8,34,9,1:27.774,87774.0
17,8,35,4,1:27.666,87666.0
17,8,36,3,1:27.803,87803.0
17,8,37,2,1:27.702,87702.0
17,8,38,1,1:27.630,87630.0
17,8,39,2,1:27.729,87729.0
17,8,40,7,1:27.617,87617.0
17,8,41,10,1:27.621,87621.0
17,8,42,3,1:27.457,87457.0
17,8,43,6,1:27.392,87392.0
17,8,44,3,1:27.276,87276.0
17,8,45,9,1:27.409,87409.0
17,8,46,8,1:27.591,87591.0
17,8,47,1,1:27.571,87571.0
17,8,48,8,1:27.504,87504.0
17,8,49,1,1:27.340,87340.0
17,8,50,9,1:27.486,87486.0
17,8,51,3,1:27.531,87531.0
17,8,52,10,1:27.495,87495.0
17,8,53,6,1:27.141,87141.0
17,8,54,10,1:27.355,87355.0
17,8,55,5,1:27.349,87349.0
17,8,56,5,1:27.295,87295.0
17,8,57,8,1:27.496,87496.0
17,8,58,7,1:27.411,87411.0
17,8,59,3,1:27.322,
17,9,1,10,1:28.718,88718.0
17,9,2,4,1:28.706,88706.0
17,9,3,3,1:28.535,88535.0
17,9,4,7,1:28.863,88863.0
17,9,5,1,1:28.761,88761.0
17,9,6,5,1:28.628,88628.0
17,9,7,5,1:28.795,570660.0
17,9,8,2,1:28.831,88831.0
17,9,9,7,1:28.800,88800.0
17,9,10,5,1:28.648,88648.0
17,9,11,9,1:28.604,88604.0
17,9,12,1,1:28.475,88475.0
17,9,13,9,1:28.545,88545.0
17,9,14,6,1:28.668,88668.0
17,9,15,5,1:28.751,88751.0
17,9,16,9,1:28.708,88708.0
17,10,1,2,1:27.546,87546.0
17,10,2,2,1:27.461,87461.0
17,10,3,5,1:27.358,87358.0
17,10,4,9,1:27.365,570660.0
17,10,5,3,1:27.614,87614.0
17,10,6,4,1:27.657,87657.0
17,10,7,7,1:27.489,87489.0
17,10,8,3,1:27.254,87254.0
17,10,9,9,1:27.264,87264.0
17,10,10,2,1:27.583,87583.0
17,10,11,6,1:27.430,87430.0
17,10,12,2,1:27.440,87440.0
17,10,13,8,1:27.270,87270.0
17,10,14,10,1:27.458,87458.0
17,10,15,6,1:27.244,87244.0
17,10,16,1,1:27.449,87449.0
17,10,17,2,1:27.400,87400.0
17,10,18,6,1:27.349,87349.0
17,10,19,1,1:27.383,87383.0
17,10,20,6,1:27.002,87002.0
17,10,21,8,1:27.143,87143.0
17,10,22,5,1:27.154,87154.0
17,10,23,4,1:27.010,87010.0
17,10,24,3,1:27.156,87156.0
17,10,25,5,1:27.054,87054.0
17,10,26,3,1:27.027,87027.0
17,10,27,9,1:27.034,87034.0
17,10,28,5,1:27.117,87117.0
17,10,29,10,1:26.994,86994.0
17,10,30,1,1:26.927,86927.0
17,10,31,10,1:26.940,86940.0
17,10,32,9,1:27.021,87021.0
17,10,33,9,1:26.814,86814.0
17,10,34,9,1:26.933,86933.0
17,10,35,3,1:26.999,86999.0
17,10,36,6,1:26.704,86704.0
17,10,37,4,1:27.095,
17,10,38,5,1:27.035,87035.0
17,10,39,8,1:26.838,86838.0
17,10,40,8,1:26.862,86862.0
17,10,41,2,1:26.891,86891.0
17,10,42,1,1:26.693,86693.0
17,10,43,2,1:26.786,86786.0
17,10,44,3,1:26.623,86623.0
17,10,45,1,1:26.494,86494.0
17,10,46,1,1:26.855,86855.0
17,10,47,4,1:26.841,86841.0
17,10,48,10,1:26.593,86593.0
17,10,49,4,1:26.795,86795.0
17,10,50,8,1:26.620,86620.0
17,10,51,9,1:26.467,86467.0
17,10,52,1,1:26.557,86557.0
17,10,53,7,1:26.448,86448.0
17,10,54,5,1:26.532,86532.0
17,10,55,7,1:26.596,86596.0
17,10,56,7,1:26.758,86758.0
17,10,57,3,1:26.489,86489.0
17,10,58,4,1:26.894,86894.0
17,10,59,1,1:26.533,86533.0
18,1,1,4,1:25.329,85329.0
18,1,2,4,1:25.221,85221.0
18,1,3,9,1:25.472,85472.0
18,1,4,9,1:25.279,85279.0
18,1,5,7,1:25.381,85381.0
18,1,6,8,1:25.451,85451.0
18,1,7,9,1:25.589,85589.0
18,1,8,1,1:25.286,85286.0
18,1,9,6,1:25.370,85370.0
18,1,10,3,1:25.297,85297.0
18,1,11,2,1:25.160,85160.0
18,1,12,1,1:25.421,85421.0
18,1,13,7,1:25.425,85425.0
18,1,14,6,1:25.298,85298.0
18,1,15,5,1:25.403,85403.0
18,1,16,8,1:25.197,85197.0
18,1,17,8,1:25.485,85485.0
18,1,18,6,1:25.100,85100.0
18,1,19,8,1:25.241,85241.0
18,1,20,2,1:24.673,84673.0
18,1,21,3,1:24.992,84992.0
18,1,22,10,1:24.766,84766.0
18,1,23,1,1:24.965,84965.0
18,1,24,9,1:24.944,84944.0
18,1,25,2,1:24.897,
18,1,26,7,1:24.756,84756.0
18,1,27,9,1:24.840,84840.0
18,1,28,10,1:24.943,
18,1,29,8,1:24.899,84899.0
18,1,30,8,1:24.854,84854.0
18,1,31,8,1:24.979,84979.0
18,1,32,6,1:24.826,84826.0
18,1,33,9,1:24.562,84562.0
18,1,34,5,1:24.809,84809.0
18,1,35,8,1:24.750,84750.0
18,1,36,8,1:24.949,84949.0
18,1,37,5,1:24.839,84839.0
18,1,38,1,1:24.654,84654.0
18,1,39,10,1:24.790,570660.0
18,1,40,4,1:24.528,84528.0
18,1,41,10,1:24.446,84446.0
18,1,42,5,1:24.612,84612.0
18,1,43,4,1:24.677,84677.0
18,1,44,2,1:24.425,84425.0
18,1,45,6,1:24.413,84413.0
18,1,46,6,1:24.748,84748.0
18,1,47,9,1:24.573,84573.0
18,1,48,6,1:24.492,84492.0
18,1,49,2,1:24.503,84503.0
18,1,50,4,1:24.647,84647.0
18,1,51,8,1:24.522,84522.0
18,2,1,5,1:26.858,86858.0
18,2,2,4,1:26.335,86335.0
18,2,3,4,1:26.424,86424.0
18,2,4,10,1:26.295,86295.0
18,2,5,8,1:26.352,86352.0
18,2,6,8,1:26.401,86401.0
18,2,7,7,1:26.413,86413.0
18,2,8,7,1:26.332,86332.0
18,2,9,10,1:26.234,86234.0
18,2,10,2,1:26.472,86472.0
18,2,11,5,1:26.425,86425.0
18,2,12,6,1:26.247,86247.0
18,2,13,4,1:26.345,86345.0
18,2,14,4,1:26.270,86270.0
18,2,15,3,1:26.282,86282.0
18,2,16,5,1:26.359,86359.0
18,2,17,10,1:26.302,86302.0
18,2,18,5,1:26.592,86592.0
18,2,19,5,1:26.356,86356.0
18,2,20,8,1:26.186,86186.0
18,2,21,8,1:26.158,86158.0
18,2,22,10,1:26.342,86342.0
18,2,23,8,1:26.055,86055.0
18,2,24,7,1:26.116,86116.0
18,2,25,7,1:26.083,86083.0
18,2,26,10,1:25.963,85963.0
18,2,27,6,1:26.120,86120.0
18,2,28,2,1:26.136,86136.0
18,2,29,3,1:25.984,85984.0
18,2,30,7,1:26.090,86090.0
18,2,31,8,1:26.037,86037.0
18,2,32,1,1:26.147,86147.0
18,2,33,7,1:26.066,86066.0
18,2,34,1,1:25.914,85914.0
18,2,35,5,1:26.006,86006.0
18,2,36,6,1:25.763,85763.0
18,2,37,7,1:25.991,85991.0
18,2,38,8,1:25.656,85656.0
18,2,39,6,1:25.954,85954.0
18,2,40,6,1:25.752,85752.0
18,2,41,9,1:25.770,85770.0
18,2,42,7,1:25.541,85541.0
18,2,43,3,1:25.442,85442.0
18,2,44,5,1:25.734,85734.0
18,2,45,10,1:25.782,85782.0
18,2,46,5,1:25.730,85730.0
18,2,47,9,1:25.446,85446.0
18,2,48,8,1:25.633,85633.0
18,2,49,3,1:25.690,85690.0
18,2,50,7,1:25.674,85674.0
18,2,51,3,1:25.565,85565.0
18,3,1,8,1:26.014,86014.0
18,3,2,10,1:25.989,85989.0
18,3,3,10,1:26.026,86026.0
18,3,4,1,1:25.973,85973.0
18,3,5,6,1:26.098,86098.0
18,3,6,1,1:26.034,86034.0
18,3,7,5,1:25.948,85948.0
18,3,8,3,1:25.979,85979.0
18,3,9,4,1:26.037,86037.0
18,3,10,9,1:25.873,85873.0
18,3,11,10,1:26.276,86276.0
18,3,12,6,1:26.057,86057.0
18,3,13,5,1:25.909,85909.0
18,3,14,9,1:25.976,85976.0
18,3,15,8,1:25.936,85936.0
18,3,16,3,1:25.943,85943.0
18,3,17,3,1:26.017,86017.0
18,3,18,2,1:25.954,85954.0
18,3,19,8,1:25.866,85866.0
18,3,20,2,1:25.648,85648.0
18,3,21,7,1:25.750,85750.0
18,3,22,6,1:25.783,85783.0
18,3,23,8,1:25.679,85679.0
18,3,24,8,1:25.651,85651.0
18,3,25,8,1:25.454,85454.0
18,3,26,8,1:25.610,85610.0
18,3,27,3,1:25.523,85523.0
18,3,28,9,1:25.655,85655.0
18,3,29,7,1:25.495,85495.0
18,3,30,2,1:25.809,85809.0
18,3,31,3,1:25.423,85423.0
18,3,32,4,1:25.467,85467.0
18,3,33,7,1:25.509,85509.0
18,3,34,7,1:25.473,85473.0
18,3,35,3,1:25.652,85652.0
18,3,36,5,1:25.676,85676.0
18,3,37,6,1:25.690,85690.0
18,3,38,1,1:25.530,85530.0
18,3,39,10,1:25.607,85607.0
18,3,40,4,1:25.514,85514.0
18,3,41,9,1:25.423,85423.0
18,3,42,1,1:25.603,85603.0
18,3,43,5,1:25.291,85291.0
18,3,44,6,1:25.292,85292.0
18,3,45,1,1:25.153,85153.0
18,3,46,9,1:25.048,85048.0
18,3,47,9,1:25.184,85184.0
18,3,48,2,1:25.353,85353.0
18,3,49,7,1:25.365,85365.0
18,3,50,3,1:25.472,85472.0
18,3,51,4,1:25.233,85233.0
18,4,1,9,1:26.665,86665.0
18,4,2,1,1:26.502,86502.0
18,4,3,8,1:26.418,86418.0
18,4,4,1,1:26.320,86320.0
18,4,5,3,1:26.433,86433.0
18,4,6,4,1:26.403,86403.0
18,4,7,2,1:26.425,86425.0
18,4,8,3,1:26.321,86321.0
18,4,9,9,1:26.529,86529.0
18,4,10,10,1:26.629,86629.0
18,4,11,10,1:26.439,86439.0
18,4,12,10,1:26.321,86321.0
18,4,13,2,1:26.394,86394.0
18,4,14,9,1:26.287,86287.0
18,4,15,2,1:26.085,86085.0
18,4,16,1,1:26.285,86285.0
18,4,17,7,1:26.212,86212.0
18,4,18,3,1:26.276,86276.0
18,4,19,6,1:26.479,86479.0
18,4,20,5,1:25.894,85894.0
18,4,21,9,1:25.927,85927.0
18,4,22,4,1:25.848,85848.0
18,4,23,10,1:25.908,85908.0
18,4,24,7,1:26.165,86165.0
18,4,25,10,1:26.013,86013.0
18,4,26,2,1:25.886,85886.0
18,4,27,2,1:26.218,86218.0
18,4,28,9,1:25.878,85878.0
18,4,29,10,1:26.021,86021.0
18,4,30,9,1:25.971,85971.0
18,4,31,2,1:26.008,86008.0
18,4,32,3,1:26.176,86176.0
18,4,33,8,1:26.010,86010.0
18,4,34,8,1:25.886,85886.0
18,4,35,7,1:25.814,85814.0
18,4,36,8,1:25.934,85934.0
18,4,37,6,1:25.612,85612.0
18,4,38,7,1:25.933,85933.0
18,4,39,4,1:25.870,85870.0
18,4,40,10,1:25.624,85624.0
18,4,41,8,1:25.611,85611.0
18,4,42,5,1:25.660,85660.0
18,4,43,1,1:25.868,85868.0
18,4,44,10,1:25.587,85587.0
18,4,45,1,1:25.529,85529.0
18,4,46,3,1:25.713,85713.0
18,4,47,3,1:25.643,85643.0
18,4,48,5,1:25.462,85462.0
18,4,49,6,1:25.779,85779.0
18,4,50,10,1:25.477,85477.0
18,4,51,5,1:25.448,85448.0
18,5,1,10,1:25.904,85904.0
18,5,2,2,1:25.793,85793.0
18,5,3,2,1:25.999,85999.0
18,5,4,4,1:25.761,85761.0
18,5,5,2,1:25.842,85842.0
18,5,6,1,1:25.628,85628.0
18,5,7,7,1:25.684,85684.0
18,5,8,9,1:25.664,85664.0
18,5,9,2,1:25.848,85848.0
18,5,10,1,1:25.865,85865.0
18,5,11,9,1:25.765,85765.0
18,5,12,10,1:25.685,
18,5,13,5,1:25.752,85752.0
18,5,14,3,1:25.427,85427.0
18,5,15,7,1:25.673,85673.0
18,5,16,4,1:25.716,85716.0
18,5,17,8,1:25.861,85861.0
18,5,18,1,1:25.724,85724.0
18,5,19,3,1:25.827,85827.0
18,5,20,10,1:25.600,85600.0
18,5,21,8,1:25.516,85516.0
18,5,22,3,1:25.303,85303.0
18,5,23,6,1:25.215,85215.0
18,5,24,2,1:25.375,85375.0
18,5,25,10,1:25.333,85333.0
18,5,26,8,1:25.396,85396.0
18,5,27,8,1:25.205,85205.0
18,5,28,7,1:25.287,85287.0
18,5,29,2,1:25.281,85281.0
18,5,30,5,1:25.300,85300.0
18,5,31,10,1:25.150,85150.0
18,5,32,2,1:25.252,85252.0
18,5,33,4,1:25.271,85271.0
18,5,34,10,1:25.314,85314.0
18,5,35,3,1:25.374,85374.0
18,5,36,7,1:25.208,85208.0
18,5,37,5,1:25.429,85429.0
18,5,38,5,1:25.315,85315.0
18,5,39,10,1:25.294,85294.0
18,5,40,8,1:25.140,85140.0
18,5,41,10,1:25.034,85034.0
18,5,42,9,1:25.123,85123.0
18,5,43,6,1:24.984,84984.0
18,5,44,4,1:24.940,84940.0
18,5,45,3,1:25.166,
18,5,46,4,1:24.994,84994.0
18,5,47,2,1:24.805,84805.0
18,5,48,6,1:25.146,85146.0
18,5,49,1,1:24.994,84994.0
18,5,50,7,1:24.891,84891.0
18,5,51,6,1:24.806,84806.0
18,6,1,2,1:26.004,86004.0
18,6,2,8,1:26.026,86026.0
18,6,3,2,1:25.642,85642.0
18,6,4,8,1:26.116,
18,6,5,6,1:25.943,85943.0
18,6,6,9,1:26.054,86054.0
18,6,7,3,1:25.818,85818.0
18,6,8,7,1:25.739,85739.0
18,6,9,10,1:26.152,86152.0
18,6,10,1,1:25.885,85885.0
18,6,11,6,1:25.614,85614.0
18,6,12,1,1:25.810,
18,6,13,10,1:25.990,85990.0
18,6,14,6,1:25.982,85982.0
18,6,15,6,1:25.714,85714.0
18,6,16,8,1:25.798,85798.0
18,6,17,6,1:25.881,85881.0
18,6,18,5,1:25.900,85900.0
18,6,19,7,1:25.837,570660.0
18,6,20,8,1:25.449,85449.0
18,6,21,3,1:25.596,85596.0
18,6,22,6,1:25.340,85340.0
18,6,23,2,1:25.592,85592.0
18,6,24,10,1:25.700,85700.0
18,6,25,5,1:25.604,85604.0
18,6,26,4,1:25.561,85561.0
18,6,27,3,1:25.413,85413.0
18,6,28,2,1:25.333,85333.0
18,6,29,9,1:25.664,85664.0
18,6,30,3,1:25.367,85367.0
18,6,31,1,1:25.502,85502.0
18,6,32,2,1:25.580,85580.0
18,6,33,9,1:25.342,85342.0
18,6,34,9,1:25.567,85567.0
18,6,35,2,1:25.485,85485.0
18,6,36,1,1:25.504,85504.0
18,6,37,2,1:25.535,85535.0
18,6,38,9,1:25.623,85623.0
18,6,39,8,1:25.554,85554.0
18,6,40,2,1:25.323,85323.0
18,6,41,6,1:25.325,85325.0
18,6,42,7,1:24.986,84986.0
18,6,43,1,1:25.431,85431.0
18,6,44,6,1:25.273,85273.0
18,6,45,5,1:25.051,85051.0
18,6,46,10,1:24.816,84816.0
18,6,47,1,1:25.052,85052.0
18,6,48,7,1:25.149,85149.0
18,6,49,8,1:25.214,85214.0
18,6,50,8,1:25.156,85156.0
18,6,51,8,1:25.216,85216.0
18,7,1,8,1:25.999,85999.0
18,7,2,5,1:26.178,86178.0
18,7,3,8,1:25.883,85883.0
18,7,4,8,1:26.129,86129.0
18,7,5,8,1:26.154,86154.0
18,7,6,9,1:25.882,85882.0
18,7,7,1,1:26.087,86087.0
18,7,8,9,1:25.999,85999.0
18,7,9,4,1:26.089,86089.0
18,7,10,3,1:26.197,86197.0
18,7,11,2,1:26.047,86047.0
18,7,12,10,1:25.988,85988.0
18,7,13,3,1:26.218,86218.0
18,7,14,3,1:25.946,85946.0
18,7,15,9,1:25.893,85893.0
18,7,16,10,1:25.742,85742.0
18,7,17,4,1:26.027,86027.0
18,7,18,3,1:25.961,85961.0
18,7,19,1,1:26.003,86003.0
18,7,20,4,1:25.750,85750.0
18,7,21,3,1:25.548,85548.0
18,7,22,5,1:25.672,85672.0
18,7,23,1,1:25.744,85744.0
18,7,24,6,1:25.581,85581.0
18,7,25,6,1:25.785,
18,7,26,5,1:25.530,570660.0
18,7,27,6,1:25.823,85823.0
18,7,28,10,1:25.501,85501.0
18,7,29,1,1:25.841,85841.0
18,7,30,4,1:25.612,85612.0
18,7,31,4,1:25.754,85754.0
18,7,32,1,1:25.600,85600.0
18,7,33,8,1:25.603,85603.0
18,7,34,1,1:25.663,85663.0
18,7,35,6,1:25.493,85493.0
18,7,36,4,1:25.558,85558.0
18,7,37,2,1:25.575,85575.0
18,7,38,7,1:25.391,85391.0
18,7,39,8,1:25.541,85541.0
18,7,40,7,1:25.449,85449.0
18,7,41,8,1:25.296,85296.0
18,7,42,1,1:25.364,85364.0
18,7,43,1,1:25.152,85152.0
18,7,44,5,1:25.000,85000.0
18,7,45,2,1:25.308,85308.0
18,7,46,8,1:25.410,85410.0
18,7,47,4,1:25.334,85334.0
18,7,48,2,1:25.216,85216.0
18,7,49,4,1:25.418,85418.0
18,7,50,2,1:25.248,85248.0
18,7,51,9,1:25.051,85051.0
18,8,1,1,1:26.502,86502.0
18,8,2,8,1:26.417,86417.0
18,8,3,5,1:26.605,86605.0
18,8,4,5,1:26.444,86444.0
18,8,5,5,1:26.345,86345.0
18,8,6,4,1:26.167,86167.0
18,8,7,2,1:26.455,86455.0
18,8,8,1,1:26.294,86294.0
18,8,9,9,1:26.502,86502.0
18,8,10,1,1:26.312,86312.0
18,8,11,10,1:26.485,86485.0
18,8,12,6,1:26.466,86466.0
18,8,13,2,1:26.116,86116.0
18,8,14,6,1:26.351,86351.0
18,8,15,6,1:26.273,86273.0
18,8,16,10,1:26.210,86210.0
18,8,17,3,1:26.312,86312.0
18,8,18,10,1:26.381,86381.0
18,8,19,3,1:26.360,86360.0
18,8,20,3,1:26.001,86001.0
18,8,21,9,1:26.013,86013.0
18,8,22,4,1:26.021,86021.0
18,8,23,1,1:26.167,86167.0
18,8,24,9,1:26.071,86071.0
18,8,25,5,1:25.849,85849.0
18,8,26,10,1:25.940,85940.0
18,8,27,1,1:25.876,85876.0
18,8,28,8,1:26.077,86077.0
18,8,29,10,1:26.103,86103.0
18,8,30,10,1:25.966,85966.0
18,8,31,4,1:25.936,85936.0
18,8,32,8,1:26.097,86097.0
18,8,33,8,1:25.945,
18,8,34,10,1:25.922,85922.0
18,8,35,10,1:25.770,85770.0
18,8,36,10,1:25.727,85727.0
18,8,37,9,1:25.872,85872.0
18,8,38,6,1:25.995,85995.0
18,8,39,9,1:25.902,85902.0
18,8,40,1,1:25.663,85663.0
18,8,41,5,1:25.651,85651.0
18,8,42,4,1:25.812,
18,8,43,6,1:25.450,85450.0
18,8,44,1,1:25.604,
18,8,45,3,1:25.711,85711.0
18,8,46,7,1:25.610,85610.0
18,8,47,4,1:25.569,85569.0
18,8,48,6,1:25.594,
18,8,49,2,1:25.822,85822.0
18,8,50,6,1:25.580,85580.0
18,8,51,2,1:25.552,85552.0
18,9,1,6,1:26.449,86449.0
18,9,2,10,1:26.348,86348.0
18,9,3,10,1:26.595,86595.0
18,9,4,2,1:26.474,86474.0
18,9,5,6,1:26.379,86379.0
18,9,6,10,1:26.375,570660.0
18,9,7,8,1:26.300,86300.0
18,9,8,3,1:26.572,86572.0
18,9,9,10,1:26.435,86435.0
18,9,10,8,1:26.503,86503.0
18,9,11,7,1:26.256,86256.0
18,9,12,8,1:26.421,86421.0
18,9,13,8,1:26.421,86421.0
18,9,14,8,1:26.240,86240.0
18,9,15,3,1:26.404,86404.0
18,9,16,5,1:26.246,86246.0
18,9,17,9,1:26.226,86226.0
18,9,18,2,1:26.346,86346.0
18,9,19,4,1:26.130,86130.0
18,9,20,7,1:25.882,85882.0
18,9,21,4,1:26.198,86198.0
18,9,22,6,1:26.265,86265.0
18,9,23,9,1:26.107,86107.0
18,9,24,1,1:25.923,85923.0
18,9,25,7,1:26.040,86040.0
18,9,26,1,1:26.145,86145.0
18,9,27,5,1:25.884,85884.0
18,9,28,2,1:26.140,86140.0
18,9,29,1,1:25.955,85955.0
18,9,30,5,1:25.877,85877.0
18,9,31,1,1:25.988,85988.0
18,9,32,7,1:26.177,86177.0
18,9,33,7,1:25.749,85749.0
18,9,34,10,1:25.863,85863.0
18,9,35,1,1:26.090,86090.0
18,9,36,10,1:25.938,85938.0
18,9,37,6,1:26.037,86037.0
18,9,38,7,1:25.958,85958.0
18,9,39,3,1:26.097,86097.0
18,9,40,8,1:25.559,85559.0
18,9,41,2,1:25.700,85700.0
18,9,42,6,1:25.648,85648.0
18,9,43,8,1:25.747,85747.0
18,9,44,1,1:25.634,85634.0
18,9,45,1,1:25.656,85656.0
18,9,46,5,1:25.568,85568.0
18,9,47,8,1:25.789,85789.0
18,9,48,4,1:25.551,85551.0
18,9,49,9,1:25.642,
18,9,50,2,1:25.664,85664.0
18,9,51,10,1:25.649,85649.0
18,10,1,4,1:26.150,86150.0
18,10,2,8,1:26.042,86042.0
18,10,3,10,1:25.954,85954.0
18,10,4,4,1:26.025,86025.0
18,10,5,10,1:26.248,86248.0
18,10,6,10,1:25.873,85873.0
18,10,7,7,1:25.789,85789.0
18,10,8,4,1:26.048,86048.0
18,10,9,3,1:25.962,85962.0
18,10,10,8,1:25.885,85885.0
18,10,11,7,1:25.924,85924.0
18,10,12,7,1:25.964,85964.0
18,10,13,4,1:25.994,85994.0
18,10,14,10,1:26.029,86029.0
18,10,15,10,1:25.863,85863.0
18,10,16,7,1:25.946,85946.0
18,10,17,7,1:25.906,85906.0
18,10,18,8,1:25.976,85976.0
18,10,19,8,1:25.594,85594.0
18,10,20,6,1:25.582,85582.0
18,10,21,7,1:25.740,85740.0
18,10,22,9,1:25.858,85858.0
18,10,23,2,1:25.370,85370.0
18,10,24,3,1:25.512,
18,10,25,1,1:25.665,85665.0
18,10,26,10,1:25.628,85628.0
18,10,27,6,1:25.734,85734.0
18,10,28,3,1:25.553,85553.0
18,10,29,1,1:25.628,85628.0
18,10,30,3,1:25.553,85553.0
18,10,31,10,1:25.538,85538.0
18,10,32,1,1:25.806,85806.0
18,10,33,3,1:25.695,85695.0
18,10,34,1,1:25.471,85471.0
18,10,35,2,1:25.688,85688.0
18,10,36,9,1:25.657,85657.0
18,10,37,7,1:25.496,85496.0
18,10,38,3,1:25.357,85357.0
18,10,39,8,1:25.667,85667.0
18,10,40,5,1:25.195,85195.0
18,10,41,3,1:25.418,85418.0
18,10,42,2,1:25.184,85184.0
18,10,43,7,1:25.240,85240.0
18,10,44,6,1:25.199,85199.0
18,10,45,1,1:25.191,85191.0
18,10,46,7,1:25.364,85364.0
18,10,47,5,1:25.351,85351.0
18,10,48,9,1:25.235,85235.0
18,10,49,10,1:25.204,85204.0
18,10,50,3,1:25.146,85146.0
18,10,51,4,1:25.309,85309.0
19,1,1,2,1:32.024,92024.0
19,1,2,8,1:32.000,92000.0
19,1,3,4,1:32.122,92122.0
19,1,4,4,1:32.091,92091.0
19,1,5,9,1:32.359,92359.0
19,1,6,5,1:32.141,92141.0
19,1,7,8,1:32.147,92147.0
19,1,8,9,1:32.086,92086.0
19,1,9,3,1:32.047,92047.0
19,1,10,7,1:31.966,91966.0
19,1,11,1,1:31.969,91969.0
19,1,12,9,1:31.784,91784.0
19,1,13,5,1:32.192,92192.0
19,1,14,4,1:32.025,92025.0
19,1,15,10,1:32.077,
19,1,16,5,1:31.830,91830.0
19,1,17,8,1:32.092,92092.0
19,1,18,8,1:32.248,92248.0
19,1,19,9,1:31.942,91942.0
19,1,20,9,1:31.695,91695.0
19,1,21,3,1:31.972,91972.0
19,1,22,5,1:31.841,91841.0
19,1,23,9,1:31.768,91768.0
19,1,24,5,1:31.712,91712.0
19,1,25,7,1:31.597,91597.0
19,1,26,10,1:31.798,91798.0
19,1,27,6,1:31.602,91602.0
19,1,28,6,1:31.695,91695.0
19,1,29,3,1:31.789,91789.0
19,1,30,5,1:31.341,91341.0
19,1,31,8,1:31.703,91703.0
19,1,32,10,1:31.761,91761.0
19,1,33,9,1:31.684,91684.0
19,1,34,10,1:31.572,91572.0
19,1,35,10,1:31.487,91487.0
19,1,36,6,1:31.373,91373.0
19,1,37,2,1:31.510,91510.0
19,1,38,2,1:31.400,91400.0
19,1,39,1,1:31.579,91579.0
19,1,40,9,1:31.313,91313.0
19,1,41,7,1:31.249,91249.0
19,1,42,5,1:31.263,91263.0
19,1,43,4,1:31.194,91194.0
19,1,44,3,1:31.102,91102.0
19,1,45,3,1:31.361,91361.0
19,1,46,7,1:31.314,91314.0
19,1,47,8,1:31.367,91367.0
19,1,48,10,1:31.349,91349.0
19,1,49,8,1:30.997,90997.0
19,1,50,2,1:31.369,91369.0
19,1,51,1,1:31.290,91290.0
19,1,52,10,1:31.425,91425.0
19,1,53,9,1:31.249,91249.0
19,2,1,10,1:32.097,92097.0
19,2,2,5,1:32.191,92191.0
19,2,3,6,1:32.018,92018.0
19,2,4,10,1:32.004,92004.0
19,2,5,8,1:32.141,92141.0
19,2,6,6,1:32.044,92044.0
19,2,7,1,1:32.223,92223.0
19,2,8,5,1:32.190,92190.0
19,2,9,8,1:32.218,92218.0
19,2,10,1,1:32.024,92024.0
19,2,11,3,1:32.178,92178.0
19,2,12,6,1:32.231,92231.0
19,2,13,3,1:32.054,92054.0
19,2,14,4,1:31.852,91852.0
19,2,15,3,1:32.115,92115.0
19,2,16,10,1:32.162,92162.0
19,2,17,5,1:31.961,91961.0
19,2,18,5,1:31.918,91918.0
19,2,19,6,1:32.106,92106.0
19,2,20,10,1:31.755,91755.0
19,2,21,3,1:32.040,92040.0
19,2,22,5,1:31.541,91541.0
19,2,23,9,1:31.579,91579.0
19,2,24,2,1:31.678,91678.0
19,2,25,6,1:31.791,91791.0
19,2,26,9,1:31.650,91650.0
19,2,27,5,1:31.640,91640.0
19,2,28,1,1:31.536,91536.0
19,2,29,5,1:31.691,91691.0
19,2,30,3,1:31.701,91701.0
19,2,31,1,1:31.618,91618.0
19,2,32,9,1:31.774,91774.0
19,2,33,6,1:31.795,91795.0
19,2,34,9,1:31.662,91662.0
19,2,35,8,1:31.559,91559.0
19,2,36,9,1:31.577,91577.0
19,2,37,10,1:31.694,91694.0
19,2,38,1,1:31.550,91550.0
19,2,39,9,1:31.553,91553.0
19,2,40,2,1:31.247,91247.0
19,2,41,3,1:31.412,91412.0
19,2,42,2,1:31.221,91221.0
19,2,43,10,1:31.212,91212.0
19,2,44,9,1:31.230,91230.0
19,2,45,6,1:31.423,91423.0
19,2,46,9,1:31.165,91165.0
19,2,47,5,1:31.160,91160.0
19,2,48,10,1:31.096,91096.0
19,2,49,4,1:31.416,91416.0
19,2,50,10,1:31.227,91227.0
19,2,51,8,1:31.290,91290.0
19,2,52,6,1:31.250,91250.0
19,2,53,7,1:30.927,90927.0
19,3,1,5,1:31.671,
19,3,2,10,1:31.970,91970.0
19,3,3,3,1:31.719,91719.0
19,3,4,6,1:31.489,91489.0
19,3,5,7,1:31.686,91686.0
19,3,6,2,1:31.570,91570.0
19,3,7,1,1:31.606,91606.0
19,3,8,7,1:31.592,91592.0
19,3,9,6,1:31.622,
19,3,10,6,1:31.562,91562.0
19,3,11,10,1:31.686,91686.0
19,3,12,4,1:31.416,91416.0
19,3,13,5,1:31.507,91507.0
19,3,14,5,1:31.448,91448.0
19,3,15,5,1:31.642,91642.0
19,3,16,9,1:31.260,91260.0
19,3,17,5,1:31.421,91421.0
19,3,18,7,1:31.468,91468.0
19,3,19,7,1:31.522,91522.0
19,3,20,5,1:31.191,91191.0
19,3,21,2,1:31.056,91056.0
19,3,22,4,1:31.117,91117.0
19,3,23,7,1:31.149,91149.0
19,3,24,6,1:31.224,91224.0
19,3,25,6,1:31.266,91266.0
19,3,26,7,1:31.340,91340.0
19,3,27,1,1:31.232,91232.0
19,3,28,3,1:31.216,91216.0
19,3,29,2,1:31.054,
19,3,30,1,1:31.055,91055.0
19,3,31,3,1:31.209,91209.0
19,3,32,9,1:31.095,91095.0
19,3,33,7,1:31.002,91002.0
19,3,34,5,1:31.266,91266.0
19,3,35,8,1:31.062,91062.0
19,3,36,2,1:30.999,90999.0
19,3,37,9,1:31.222,91222.0
19,3,38,9,1:30.947,90947.0
19,3,39,6,1:31.195,91195.0
19,3,40,2,1:30.734,90734.0
19,3,41,3,1:30.764,90764.0
19,3,42,10,1:30.633,90633.0
19,3,43,2,1:30.876,90876.0
19,3,44,8,1:30.849,90849.0
19,3,45,7,1:30.802,90802.0
19,3,46,5,1:30.514,90514.0
19,3,47,5,1:30.647,90647.0
19,3,48,10,1:30.684,90684.0
19,3,49,2,1:30.804,90804.0
19,3,50,3,1:30.772,90772.0
19,3,51,6,1:30.552,90552.0
19,3,52,9,1:30.905,90905.0
19,3,53,7,1:30.796,90796.0
19,4,1,9,1:30.943,90943.0
19,4,2,1,1:30.823,90823.0
19,4,3,2,1:31.010,91010.0
19,4,4,1,1:30.952,90952.0
19,4,5,7,1:31.043,91043.0
19,4,6,6,1:30.905,90905.0
19,4,7,5,1:30.820,90820.0
19,4,8,2,1:31.162,91162.0
19,4,9,1,1:30.880,90880.0
19,4,10,5,1:30.880,90880.0
19,4,11,6,1:30.979,90979.0
19,4,12,5,1:31.030,91030.0
19,4,13,1,1:30.943,90943.0
19,4,14,1,1:30.629,90629.0
19,4,15,7,1:31.049,91049.0
19,4,16,7,1:30.697,90697.0
19,4,17,8,1:30.885,90885.0
19,4,18,3,1:31.017,91017.0
19,4,19,7,1:30.614,90614.0
19,4,20,3,1:30.393,90393.0
19,4,21,9,1:30.445,90445.0
19,4,22,1,1:30.595,90595.0
19,4,23,6,1:30.512,90512.0
19,4,24,7,1:30.780,90780.0
19,4,25,3,1:30.700,90700.0
19,4,26,6,1:30.657,90657.0
19,4,27,8,1:30.515,90515.0
19,4,28,7,1:30.495,90495.0
19,4,29,4,1:30.445,90445.0
19,4,30,7,1:30.722,90722.0
19,4,31,1,1:30.532,90532.0
19,4,32,5,1:30.471,90471.0
19,4,33,2,1:30.751,90751.0
19,4,34,6,1:30.430,90430.0
19,4,35,4,1:30.395,90395.0
19,4,36,7,1:30.472,90472.0
19,4,37,4,1:30.324,90324.0
19,4,38,6,1:30.400,90400.0
19,4,39,8,1:30.566,90566.0
19,4,40,8,1:30.198,90198.0
19,4,41,2,1:30.143,90143.0
19,4,42,2,1:30.118,90118.0
19,4,43,3,1:29.984,89984.0
19,4,44,10,1:30.078,90078.0
19,4,45,10,1:30.104,90104.0
19,4,46,2,1:30.105,90105.0
19,4,47,5,1:30.288,90288.0
19,4,48,7,1:30.019,90019.0
19,4,49,8,1:30.114,90114.0
19,4,50,8,1:30.123,90123.0
19,4,51,7,1:30.114,90114.0
19,4,52,4,1:30.194,90194.0
19,4,53,8,1:30.300,90300.0
19,5,1,4,1:31.329,91329.0
19,5,2,10,1:31.332,91332.0
19,5,3,4,1:31.300,91300.0
19,5,4,5,1:31.174,91174.0
19,5,5,5,1:31.478,91478.0
19,5,6,3,1:31.177,91177.0
19,5,7,4,1:31.161,91161.0
19,5,8,7,1:31.326,91326.0
19,5,9,10,1:31.255,91255.0
19,5,10,6,1:31.263,91263.0
19,5,11,6,1:31.248,91248.0
19,5,12,3,1:31.190,91190.0
19,5,13,2,1:31.442,
19,5,14,4,1:31.298,91298.0
19,5,15,8,1:30.998,90998.0
19,5,16,9,1:31.160,91160.0
19,5,17,10,1:31.216,91216.0
19,5,18,1,1:31.296,91296.0
19,5,19,1,1:31.315,91315.0
19,5,20,3,1:30.903,90903.0
19,5,21,8,1:30.814,90814.0
19,5,22,8,1:31.144,91144.0
19,5,23,3,1:30.934,90934.0
19,5,24,10,1:30.889,90889.0
19,5,25,10,1:30.849,90849.0
19,5,26,5,1:30.889,90889.0
19,5,27,4,1:30.942,90942.0
19,5,28,6,1:30.927,90927.0
19,5,29,3,1:30.944,
19,5,30,9,1:30.760,90760.0
19,5,31,5,1:30.856,90856.0
19,5,32,9,1:30.791,90791.0
19,5,33,4,1:30.874,90874.0
19,5,34,7,1:30.980,90980.0
19,5,35,7,1:30.999,90999.0
19,5,36,10,1:30.682,90682.0
19,5,37,5,1:30.779,90779.0
19,5,38,8,1:30.777,90777.0
19,5,39,4,1:30.731,90731.0
19,5,40,1,1:30.607,90607.0
19,5,41,8,1:30.382,90382.0
19,5,42,9,1:30.536,90536.0
19,5,43,7,1:30.651,90651.0
19,5,44,7,1:30.586,90586.0
19,5,45,3,1:30.521,90521.0
19,5,46,1,1:30.477,90477.0
19,5,47,3,1:30.679,90679.0
19,5,48,9,1:30.599,90599.0
19,5,49,4,1:30.492,90492.0
19,5,50,8,1:30.704,90704.0
19,5,51,8,1:30.683,90683.0
19,5,52,9,1:30.475,90475.0
19,5,53,3,1:30.530,90530.0
19,6,1,9,1:32.451,92451.0
19,6,2,6,1:32.449,92449.0
19,6,3,5,1:32.306,92306.0
19,6,4,2,1:32.407,92407.0
19,6,5,1,1:32.690,92690.0
19,6,6,10,1:32.592,92592.0
19,6,7,8,1:32.508,92508.0
19,6,8,6,1:32.492,92492.0
19,6,9,7,1:32.444,92444.0
19,6,10,10,1:32.706,92706.0
19,6,11,5,1:32.367,92367.0
19,6,12,5,1:32.391,92391.0
19,6,13,7,1:32.445,92445.0
19,6,14,7,1:32.117,570660.0
19,6,15,10,1:32.344,92344.0
19,6,16,1,1:32.268,92268.0
19,6,17,4,1:32.462,92462.0
19,6,18,3,1:32.321,92321.0
19,6,19,5,1:32.445,92445.0
19,6,20,1,1:32.138,92138.0
19,6,21,9,1:32.202,92202.0
19,6,22,3,1:31.874,91874.0
19,6,23,6,1:32.018,92018.0
19,6,24,2,1:32.135,92135.0
19,6,25,9,1:32.155,92155.0
19,6,26,5,1:32.099,92099.0
19,6,27,2,1:32.148,92148.0
19,6,28,8,1:32.011,92011.0
19,6,29,9,1:31.846,91846.0
19,6,30,4,1:32.202,92202.0
19,6,31,3,1:32.131,92131.0
19,6,32,2,1:31.970,91970.0
19,6,33,5,1:31.865,91865.0
19,6,34,3,1:32.109,92109.0
19,6,35,3,1:32.017,92017.0
19,6,36,4,1:31.972,91972.0
19,6,37,2,1:31.722,91722.0
19,6,38,9,1:31.861,91861.0
19,6,39,9,1:31.789,91789.0
19,6,40,3,1:31.755,91755.0
19,6,41,8,1:31.708,91708.0
19,6,42,7,1:31.748,91748.0
19,6,43,1,1:31.586,91586.0
19,6,44,10,1:31.622,91622.0
19,6,45,4,1:31.800,91800.0
19,6,46,9,1:31.685,91685.0
19,6,47,9,1:31.459,91459.0
19,6,48,8,1:31.617,91617.0
19,6,49,10,1:31.493,91493.0
19,6,50,4,1:31.660,91660.0
19,6,51,8,1:31.599,91599.0
19,6,52,3,1:31.559,91559.0
19,6,53,1,1:31.528,91528.0
19,7,1,4,1:32.623,92623.0
19,7,2,10,1:32.505,92505.0
19,7,3,2,1:32.566,92566.0
19,7,4,3,1:32.319,92319.0
19,7,5,1,1:32.483,92483.0
19,7,6,2,1:32.617,92617.0
19,7,7,8,1:32.221,92221.0
19,7,8,7,1:32.163,92163.0
19,7,9,1,1:32.389,92389.0
19,7,10,3,1:32.358,92358.0
19,7,11,6,1:32.368,92368.0
19,7,12,4,1:32.334,92334.0
19,7,13,1,1:32.384,92384.0
19,7,14,6,1:32.230,92230.0
19,7,15,3,1:32.312,92312.0
19,7,16,2,1:32.427,92427.0
19,7,17,7,1:32.464,92464.0
19,7,18,2,1:32.342,92342.0
19,7,19,7,1:32.382,92382.0
19,7,20,5,1:31.967,91967.0
19,7,21,10,1:32.021,92021.0
19,7,22,5,1:32.077,92077.0
19,7,23,6,1:32.146,92146.0
19,7,24,8,1:32.064,92064.0
19,7,25,10,1:31.928,91928.0
19,7,26,9,1:32.242,92242.0
19,7,27,10,1:31.868,91868.0
19,7,28,8,1:32.006,92006.0
19,7,29,7,1:32.004,92004.0
19,7,30,4,1:32.204,92204.0
19,7,31,1,1:31.863,91863.0
19,7,32,8,1:32.141,92141.0
19,7,33,4,1:32.052,92052.0
19,7,34,5,1:31.861,91861.0
19,7,35,5,1:32.059,92059.0
19,7,36,10,1:31.939,91939.0
19,7,37,8,1:31.838,91838.0
19,7,38,1,1:32.098,92098.0
19,7,39,5,1:31.761,91761.0
19,7,40,9,1:31.568,91568.0
19,7,41,4,1:31.586,91586.0
19,7,42,8,1:31.743,91743.0
19,7,43,2,1:31.675,91675.0
19,7,44,4,1:31.645,91645.0
19,7,45,8,1:31.679,91679.0
19,7,46,5,1:31.724,91724.0
19,7,47,3,1:31.489,91489.0
19,7,48,5,1:31.621,91621.0
19,7,49,1,1:31.563,91563.0
19,7,50,9,1:31.581,91581.0
19,7,51,6,1:31.521,91521.0
19,7,52,4,1:31.633,91633.0
19,7,53,3,1:31.576,91576.0
19,8,1,9,1:32.223,92223.0
19,8,2,1,1:32.102,92102.0
19,8,3,9,1:32.305,92305.0
19,8,4,3,1:32.290,92290.0
19,8,5,1,1:32.163,92163.0
19,8,6,6,1:32.179,92179.0
19,8,7,3,1:31.984,91984.0
19,8,8,2,1:32.193,92193.0
19,8,9,9,1:32.288,92288.0
19,8,10,5,1:32.233,92233.0
19,8,11,4,1:32.374,92374.0
19,8,12,9,1:32.033,92033.0
19,8,13,8,1:32.162,92162.0
19,8,14,1,1:32.167,92167.0
19,8,15,5,1:32.202,92202.0
19,8,16,9,1:32.152,92152.0
19,8,17,4,1:32.100,92100.0
19,8,18,8,1:32.009,92009.0
19,8,19,1,1:31.937,91937.0
19,8,20,7,1:31.900,91900.0
19,8,21,8,1:31.874,91874.0
19,8,22,5,1:31.575,91575.0
19,8,23,7,1:31.803,91803.0
19,8,24,9,1:31.686,91686.0
19,8,25,1,1:31.915,91915.0
19,8,26,3,1:31.722,91722.0
19,8,27,5,1:31.553,91553.0
19,8,28,10,1:31.706,91706.0
19,8,29,8,1:31.716,91716.0
19,8,30,8,1:31.688,91688.0
19,8,31,10,1:31.817,91817.0
19,8,32,8,1:31.778,91778.0
19,8,33,2,1:31.667,91667.0
19,8,34,9,1:31.607,91607.0
19,8,35,9,1:31.659,91659.0
19,8,36,3,1:31.476,91476.0
19,8,37,6,1:31.846,91846.0
19,8,38,6,1:31.802,91802.0
19,8,39,7,1:31.714,91714.0
19,8,40,5,1:31.624,
19,8,41,5,1:31.326,91326.0
19,8,42,8,1:31.569,91569.0
19,8,43,4,1:31.345,91345.0
19,8,44,3,1:31.484,91484.0
19,8,45,7,1:31.309,91309.0
19,8,46,2,1:31.298,
19,8,47,2,1:31.419,91419.0
19,8,48,5,1:31.568,91568.0
19,8,49,3,1:31.341,91341.0
19,8,50,8,1:31.543,91543.0
19,8,51,2,1:31.379,91379.0
19,8,52,5,1:31.167,91167.0
19,8,53,4,1:31.219,91219.0
19,9,1,5,1:31.515,91515.0
19,9,2,4,1:31.231,91231.0
19,9,3,3,1:31.172,91172.0
19,9,4,1,1:31.340,91340.0
19,9,5,2,1:31.407,91407.0
19,9,6,3,1:31.245,91245.0
19,9,7,3,1:31.241,91241.0
19,9,8,8,1:31.398,91398.0
19,9,9,8,1:31.006,91006.0
19,9,10,10,1:31.173,91173.0
19,9,11,5,1:30.990,90990.0
19,9,12,2,1:31.228,91228.0
19,9,13,4,1:31.416,91416.0
19,9,14,8,1:31.024,91024.0
19,9,15,1,1:31.292,91292.0
19,9,16,2,1:31.231,91231.0
19,9,17,10,1:31.033,91033.0
19,9,18,1,1:31.164,91164.0
19,9,19,9,1:31.077,91077.0
19,9,20,7,1:31.051,91051.0
19,9,21,5,1:30.661,90661.0
19,9,22,9,1:30.853,90853.0
19,9,23,5,1:30.913,90913.0
19,9,24,1,1:30.904,90904.0
19,9,25,4,1:30.723,90723.0
19,9,26,1,1:30.797,90797.0
19,9,27,4,1:30.604,90604.0
19,9,28,7,1:30.826,90826.0
19,9,29,5,1:30.970,90970.0
19,9,30,10,1:30.896,90896.0
19,9,31,9,1:30.683,90683.0
19,9,32,1,1:30.965,90965.0
19,9,33,8,1:30.655,90655.0
19,9,34,5,1:30.831,90831.0
19,9,35,8,1:30.801,90801.0
19,9,36,4,1:30.820,90820.0
19,9,37,8,1:30.812,90812.0
19,9,38,2,1:30.678,90678.0
19,9,39,6,1:30.645,90645.0
19,9,40,5,1:30.606,90606.0
19,9,41,1,1:30.536,90536.0
19,9,42,9,1:30.267,90267.0
19,9,43,2,1:30.292,90292.0
19,9,44,5,1:30.674,90674.0
19,9,45,7,1:30.544,90544.0
19,9,46,6,1:30.371,90371.0
19,9,47,2,1:30.435,90435.0
19,9,48,4,1:30.630,90630.0
19,9,49,6,1:30.471,90471.0
19,9,50,2,1:30.572,90572.0
19,9,51,7,1:30.537,90537.0
19,9,52,7,1:30.508,90508.0
19,9,53,5,1:30.374,90374.0
19,10,1,4,1:31.466,91466.0
19,10,2,6,1:31.445,91445.0
19,10,3,9,1:31.359,91359.0
19,10,4,5,1:31.777,91777.0
19,10,5,3,1:31.611,91611.0
19,10,6,8,1:31.637,91637.0
19,10,7,4,1:31.585,91585.0
19,10,8,10,1:31.702,91702.0
19,10,9,5,1:31.476,91476.0
19,10,10,9,1:31.384,91384.0
19,10,11,8,1:31.399,91399.0
19,10,12,10,1:31.695,91695.0
19,10,13,1,1:31.701,91701.0
19,10,14,10,1:31.705,91705.0
19,10,15,4,1:31.388,91388.0
19,10,16,3,1:31.667,91667.0
19,10,17,7,1:31.470,91470.0
19,10,18,6,1:31.450,91450.0
19,10,19,1,1:31.415,91415.0
19,10,20,4,1:31.185,91185.0
19,10,21,7,1:31.103,91103.0
19,10,22,2,1:30.985,90985.0
19,10,23,10,1:31.059,91059.0
19,10,24,4,1:31.064,91064.0
19,10,25,4,1:31.082,91082.0
19,10,26,8,1:31.252,91252.0
19,10,27,10,1:31.250,91250.0
19,10,28,4,1:31.127,91127.0
19,10,29,6,1:31.114,91114.0
19,10,30,4,1:30.932,90932.0
19,10,31,6,1:31.181,91181.0
19,10,32,10,1:31.189,91189.0
19,10,33,7,1:30.880,90880.0
19,10,34,1,1:30.990,90990.0
19,10,35,3,1:31.073,91073.0
19,10,36,1,1:30.946,90946.0
19,10,37,3,1:30.949,90949.0
19,10,38,6,1:30.932,90932.0
19,10,39,9,1:31.136,91136.0
19,10,40,10,1:30.641,90641.0
19,10,41,1,1:30.837,90837.0
19,10,42,3,1:30.609,90609.0
19,10,43,2,1:30.783,90783.0
19,10,44,7,1:30.754,90754.0
19,10,45,9,1:30.742,90742.0
19,10,46,10,1:30.795,90795.0
19,10,47,8,1:30.630,90630.0
19,10,48,8,1:30.637,90637.0
19,10,49,6,1:30.730,90730.0
19,10,50,5,1:30.698,90698.0
19,10,51,4,1:30.544,90544.0
19,10,52,2,1:30.718,90718.0
19,10,53,5,1:30.645,90645.0
20,1,1,3,1:32.453,92453.0
20,1,2,4,1:32.355,92355.0
20,1,3,10,1:32.623,92623.0
20,1,4,8,1:32.665,92665.0
20,1,5,7,1:32.261,92261.0
20,1,6,3,1:32.514,92514.0
20,1,7,9,1:32.373,92373.0
20,1,8,3,1:32.393,92393.0
20,1,9,1,1:32.381,92381.0
20,1,10,10,1:32.412,92412.0
20,1,11,1,1:32.459,92459.0
20,1,12,1,1:32.350,92350.0
20,1,13,3,1:32.319,92319.0
20,1,14,6,1:32.535,92535.0
20,1,15,8,1:32.433,92433.0
20,1,16,8,1:32.109,92109.0
20,1,17,1,1:32.235,92235.0
20,1,18,7,1:32.322,92322.0
20,1,19,8,1:32.380,92380.0
20,1,20,5,1:32.238,92238.0
20,1,21,5,1:32.155,92155.0
20,1,22,6,1:32.192,92192.0
20,1,23,6,1:31.848,91848.0
20,1,24,4,1:32.055,92055.0
20,1,25,1,1:32.103,92103.0
20,1,26,10,1:31.991,91991.0
20,1,27,7,1:32.062,92062.0
20,1,28,4,1:32.149,92149.0
20,1,29,8,1:32.090,570660.0
20,1,30,2,1:32.071,92071.0
20,1,31,4,1:31.958,91958.0
20,1,32,2,1:32.070,92070.0
20,1,33,3,1:31.961,91961.0
20,1,34,1,1:32.074,92074.0
20,1,35,2,1:32.036,92036.0
20,1,36,1,1:32.222,92222.0
20,1,37,8,1:32.019,92019.0
20,1,38,1,1:31.988,91988.0
20,1,39,8,1:31.975,91975.0
20,1,40,7,1:31.850,91850.0
20,1,41,3,1:31.460,91460.0
20,1,42,8,1:31.876,91876.0
20,1,43,1,1:31.714,91714.0
20,1,44,9,1:31.609,91609.0
20,1,45,8,1:31.631,91631.0
20,1,46,9,1:31.698,91698.0
20,1,47,2,1:31.701,91701.0
20,1,48,7,1:31.714,91714.0
20,1,49,8,1:31.693,91693.0
20,1,50,7,1:31.690,91690.0
20,1,51,7,1:31.805,91805.0
20,1,52,7,1:31.754,91754.0
20,1,53,3,1:31.456,91456.0
20,1,54,8,1:31.481,91481.0
20,1,55,10,1:31.716,91716.0
20,1,56,4,1:31.530,91530.0
20,1,57,9,1:31.675,91675.0
20,1,58,7,1:31.522,91522.0
20,2,1,2,1:32.321,92321.0
20,2,2,3,1:32.560,92560.0
20,2,3,5,1:32.356,92356.0
20,2,4,3,1:32.240,92240.0
20,2,5,7,1:32.371,92371.0
20,2,6,1,1:32.324,92324.0
20,2,7,4,1:32.230,92230.0
20,2,8,4,1:32.264,92264.0
20,2,9,5,1:32.017,92017.0
20,2,10,1,1:32.378,92378.0
20,2,11,2,1:32.318,92318.0
20,2,12,4,1:32.334,92334.0
20,2,13,5,1:32.155,92155.0
20,2,14,10,1:32.238,92238.0
20,2,15,9,1:32.205,92205.0
20,2,16,7,1:32.543,92543.0
20,2,17,10,1:32.137,92137.0
20,2,18,8,1:32.314,92314.0
20,2,19,7,1:32.096,92096.0
20,2,20,10,1:31.892,91892.0
20,2,21,6,1:32.047,92047.0
20,2,22,5,1:31.920,91920.0
20,2,23,8,1:32.049,92049.0
20,2,24,4,1:31.921,91921.0
20,2,25,10,1:31.742,91742.0
20,2,26,6,1:31.943,91943.0
20,2,27,6,1:32.003,92003.0
20,2,28,9,1:31.877,91877.0
20,2,29,7,1:31.739,91739.0
20,2,30,4,1:32.062,92062.0
20,2,31,9,1:31.837,91837.0
20,2,32,3,1:31.786,91786.0
20,2,33,9,1:31.667,91667.0
20,2,34,3,1:31.932,91932.0
20,2,35,2,1:31.670,91670.0
20,2,36,1,1:31.839,91839.0
20,2,37,7,1:31.764,91764.0
20,2,38,8,1:31.707,91707.0
20,2,39,8,1:31.913,91913.0
20,2,40,10,1:31.518,91518.0
20,2,41,8,1:31.495,91495.0
20,2,42,8,1:31.613,91613.0
20,2,43,4,1:31.225,91225.0
20,2,44,4,1:31.323,91323.0
20,2,45,4,1:31.483,91483.0
20,2,46,2,1:31.474,91474.0
20,2,47,7,1:31.568,91568.0
20,2,48,8,1:31.407,91407.0
20,2,49,10,1:31.395,91395.0
20,2,50,9,1:31.299,91299.0
20,2,51,3,1:31.419,91419.0
20,2,52,1,1:31.287,91287.0
20,2,53,2,1:31.419,91419.0
20,2,54,6,1:31.693,91693.0
20,2,55,1,1:31.379,91379.0
20,2,56,7,1:31.312,91312.0
20,2,57,9,1:31.429,91429.0
20,2,58,3,1:31.314,91314.0
20,3,1,1,1:32.246,92246.0
20,3,2,7,1:32.169,92169.0
20,3,3,9,1:32.154,92154.0
20,3,4,7,1:32.306,92306.0
20,3,5,10,1:32.118,92118.0
20,3,6,1,1:32.214,92214.0
20,3,7,7,1:32.227,92227.0
20,3,8,3,1:32.065,92065.0
20,3,9,10,1:32.004,92004.0
20,3,10,6,1:32.052,92052.0
20,3,11,7,1:32.092,92092.0
20,3,12,4,1:32.095,92095.0
20,3,13,6,1:32.001,92001.0
20,3,14,5,1:32.185,92185.0
20,3,15,3,1:32.138,92138.0
20,3,16,7,1:31.867,91867.0
20,3,17,4,1:32.049,92049.0
20,3,18,6,1:32.125,92125.0
20,3,19,5,1:32.162,92162.0
20,3,20,3,1:31.991,91991.0
20,3,21,2,1:31.764,91764.0
20,3,22,6,1:31.948,91948.0
20,3,23,8,1:31.836,91836.0
20,3,24,8,1:32.029,92029.0
20,3,25,2,1:31.869,91869.0
20,3,26,1,1:31.709,91709.0
20,3,27,5,1:31.943,91943.0
20,3,28,9,1:31.779,91779.0
20,3,29,2,1:31.849,91849.0
20,3,30,2,1:31.826,91826.0
20,3,31,4,1:31.858,91858.0
20,3,32,8,1:31.810,91810.0
20,3,33,3,1:31.648,91648.0
20,3,34,1,1:31.580,91580.0
20,3,35,10,1:31.757,91757.0
20,3,36,3,1:31.700,91700.0
20,3,37,2,1:31.635,91635.0
20,3,38,9,1:31.737,91737.0
20,3,39,5,1:31.573,91573.0
20,3,40,1,1:31.607,91607.0
20,3,41,2,1:31.274,91274.0
20,3,42,4,1:31.527,91527.0
20,3,43,6,1:31.425,91425.0
20,3,44,1,1:31.530,91530.0
20,3,45,9,1:31.304,91304.0
20,3,46,5,1:31.315,91315.0
20,3,47,6,1:31.342,91342.0
20,3,48,4,1:31.172,91172.0
20,3,49,9,1:31.224,91224.0
20,3,50,4,1:31.528,91528.0
20,3,51,2,1:31.278,91278.0
20,3,52,1,1:31.150,91150.0
20,3,53,4,1:31.304,91304.0
20,3,54,5,1:31.358,91358.0
20,3,55,3,1:31.307,91307.0
20,3,56,3,1:31.272,91272.0
20,3,57,5,1:31.321,
20,3,58,8,1:31.374,91374.0
20,4,1,7,1:31.876,91876.0
20,4,2,4,1:31.664,91664.0
20,4,3,6,1:31.767,91767.0
20,4,4,2,1:31.942,91942.0
20,4,5,8,1:31.741,91741.0
20,4,6,2,1:32.019,92019.0
20,4,7,1,1:31.846,91846.0
20,4,8,10,1:31.949,91949.0
20,4,9,6,1:32.043,92043.0
20,4,10,10,1:31.833,91833.0
20,4,11,4,1:31.951,91951.0
20,4,12,3,1:31.602,91602.0
20,4,13,9,1:31.857,91857.0
20,4,14,4,1:31.643,91643.0
20,4,15,1,1:31.581,91581.0
20,4,16,3,1:31.680,91680.0
20,4,17,10,1:31.812,91812.0
20,4,18,4,1:31.783,91783.0
20,4,19,10,1:31.792,91792.0
20,4,20,9,1:31.525,91525.0
20,4,21,10,1:31.409,91409.0
20,4,22,6,1:31.479,91479.0
20,4,23,3,1:31.469,91469.0
20,4,24,10,1:31.608,91608.0
20,4,25,6,1:31.509,91509.0
20,4,26,10,1:31.198,91198.0
20,4,27,2,1:31.360,91360.0
20,4,28,7,1:31.356,91356.0
20,4,29,4,1:31.465,91465.0
20,4,30,7,1:31.651,91651.0
20,4,31,10,1:31.478,91478.0
20,4,32,2,1:31.498,91498.0
20,4,33,9,1:31.534,91534.0
20,4,34,5,1:31.267,91267.0
20,4,35,9,1:31.334,91334.0
20,4,36,9,1:31.305,91305.0
20,4,37,4,1:31.252,91252.0
20,4,38,6,1:31.243,91243.0
20,4,39,1,1:31.172,91172.0
20,4,40,1,1:31.080,91080.0
20,4,41,8,1:30.981,90981.0
20,4,42,6,1:31.164,91164.0
20,4,43,10,1:31.153,91153.0
20,4,44,5,1:30.919,90919.0
20,4,45,4,1:30.999,90999.0
20,4,46,5,1:31.167,91167.0
20,4,47,3,1:31.094,91094.0
20,4,48,10,1:31.251,91251.0
20,4,49,10,1:30.978,90978.0
20,4,50,5,1:30.997,90997.0
20,4,51,8,1:31.142,91142.0
20,4,52,8,1:30.775,90775.0
20,4,53,10,1:30.888,90888.0
20,4,54,10,1:30.782,90782.0
20,4,55,3,1:31.093,91093.0
20,4,56,8,1:30.949,90949.0
20,4,57,10,1:31.074,91074.0
20,4,58,9,1:30.989,90989.0
20,5,1,8,1:32.128,92128.0
20,5,2,6,1:32.157,92157.0
20,5,3,2,1:32.378,92378.0
20,5,4,1,1:32.158,92158.0
20,5,5,8,1:32.214,92214.0
20,5,6,5,1:32.394,92394.0
20,5,7,3,1:32.526,92526.0
20,5,8,4,1:32.117,92117.0
20,5,9,10,1:32.351,92351.0
20,5,10,8,1:32.017,92017.0
20,5,11,3,1:32.302,92302.0
20,5,12,7,1:32.270,92270.0
20,5,13,7,1:32.126,92126.0
20,5,14,7,1:32.237,
20,5,15,2,1:31.897,91897.0
20,5,16,10,1:32.164,92164.0
20,5,17,7,1:32.361,92361.0
20,5,18,9,1:32.274,92274.0
20,5,19,4,1:32.090,92090.0
20,5,20,8,1:31.924,91924.0
20,5,21,10,1:31.876,91876.0
20,5,22,9,1:31.893,91893.0
20,5,23,8,1:31.756,91756.0
20,5,24,1,1:32.011,92011.0
20,5,25,2,1:31.867,91867.0
20,5,26,6,1:32.006,92006.0
20,5,27,7,1:31.761,91761.0
20,5,28,10,1:31.761,91761.0
20,5,29,4,1:31.884,91884.0
20,5,30,2,1:31.660,91660.0
20,5,31,8,1:31.961,91961.0
20,5,32,1,1:31.878,91878.0
20,5,33,8,1:31.874,91874.0
20,5,34,1,1:31.852,
20,5,35,8,1:31.916,91916.0
20,5,36,2,1:31.886,91886.0
20,5,37,1,1:31.853,91853.0
20,5,38,7,1:31.781,91781.0
20,5,39,3,1:31.660,91660.0
20,5,40,9,1:31.663,91663.0
20,5,41,8,1:31.405,91405.0
20,5,42,8,1:31.541,91541.0
20,5,43,10,1:31.611,91611.0
20,5,44,2,1:31.230,91230.0
20,5,45,6,1:31.492,91492.0
20,5,46,10,1:31.498,91498.0
20,5,47,4,1:31.542,91542.0
20,5,48,4,1:31.389,91389.0
20,5,49,10,1:31.475,91475.0
20,5,50,9,1:31.306,91306.0
20,5,51,2,1:31.549,91549.0
20,5,52,6,1:31.359,91359.0
20,5,53,2,1:31.440,91440.0
20,5,54,4,1:31.509,91509.0
20,5,55,9,1:31.364,91364.0
20,5,56,7,1:31.325,91325.0
20,5,57,2,1:31.279,91279.0
20,5,58,1,1:31.276,91276.0
20,6,1,8,1:32.225,92225.0
20,6,2,5,1:32.290,92290.0
20,6,3,1,1:32.095,92095.0
20,6,4,1,1:32.265,92265.0
20,6,5,2,1:32.288,92288.0
20,6,6,8,1:32.251,92251.0
20,6,7,2,1:32.189,
20,6,8,5,1:32.318,92318.0
20,6,9,6,1:32.208,92208.0
20,6,10,3,1:32.271,92271.0
20,6,11,9,1:32.555,92555.0
20,6,12,9,1:32.339,92339.0
20,6,13,4,1:32.236,92236.0
20,6,14,9,1:32.261,92261.0
20,6,15,6,1:32.287,92287.0
20,6,16,8,1:31.950,91950.0
20,6,17,9,1:32.158,92158.0
20,6,18,1,1:32.194,92194.0
20,6,19,5,1:32.048,92048.0
20,6,20,5,1:31.984,91984.0
20,6,21,7,1:31.964,91964.0
20,6,22,7,1:31.741,91741.0
20,6,23,10,1:31.902,91902.0
20,6,24,7,1:31.856,91856.0
20,6,25,8,1:31.865,91865.0
20,6,26,6,1:31.760,91760.0
20,6,27,1,1:31.823,91823.0
20,6,28,2,1:31.968,91968.0
20,6,29,7,1:32.074,92074.0
20,6,30,7,1:31.846,91846.0
20,6,31,2,1:31.687,91687.0
20,6,32,8,1:32.118,92118.0
20,6,33,4,1:31.764,91764.0
20,6,34,3,1:32.042,92042.0
20,6,35,9,1:31.669,91669.0
20,6,36,6,1:31.733,91733.0
20,6,37,6,1:31.687,91687.0
20,6,38,9,1:31.795,91795.0
20,6,39,1,1:31.634,91634.0
20,6,40,6,1:31.586,91586.0
20,6,41,9,1:31.591,91591.0
20,6,42,10,1:31.526,91526.0
20,6,43,8,1:31.627,91627.0
20,6,44,9,1:31.378,
20,6,45,7,1:31.514,91514.0
20,6,46,4,1:31.638,91638.0
20,6,47,6,1:31.522,91522.0
20,6,48,4,1:31.417,91417.0
20,6,49,4,1:31.330,91330.0
20,6,50,5,1:31.524,91524.0
20,6,51,3,1:31.360,91360.0
20,6,52,1,1:31.363,91363.0
20,6,53,3,1:31.315,91315.0
20,6,54,10,1:31.317,91317.0
20,6,55,5,1:31.411,91411.0
20,6,56,1,1:31.538,91538.0
20,6,57,7,1:31.415,91415.0
20,6,58,7,1:31.426,91426.0
20,7,1,9,1:32.158,92158.0
20,7,2,9,1:32.144,92144.0
20,7,3,8,1:32.029,92029.0
20,7,4,10,1:32.032,92032.0
20,7,5,8,1:31.916,91916.0
20,7,6,2,1:32.095,92095.0
20,7,7,5,1:32.183,92183.0
20,7,8,8,1:32.243,92243.0
20,7,9,8,1:32.246,92246.0
20,7,10,6,1:31.896,91896.0
20,7,11,4,1:32.171,92171.0
20,7,12,3,1:32.238,92238.0
20,7,13,4,1:32.102,92102.0
20,7,14,6,1:32.080,92080.0
20,7,15,9,1:32.094,92094.0
20,7,16,5,1:32.191,92191.0
20,7,17,9,1:32.121,92121.0
20,7,18,1,1:31.880,91880.0
20,7,19,1,1:32.060,92060.0
20,7,20,5,1:31.925,91925.0
20,7,21,9,1:31.535,91535.0
20,7,22,1,1:31.770,91770.0
20,7,23,1,1:31.699,91699.0
20,7,24,5,1:31.468,91468.0
20,7,25,8,1:31.644,91644.0
20,7,26,1,1:31.833,91833.0
20,7,27,9,1:31.598,91598.0
20,7,28,6,1:31.529,91529.0
20,7,29,5,1:31.733,91733.0
20,7,30,2,1:31.919,91919.0
20,7,31,6,1:31.643,91643.0
20,7,32,5,1:31.566,91566.0
20,7,33,4,1:31.539,91539.0
20,7,34,7,1:31.592,91592.0
20,7,35,10,1:31.548,91548.0
20,7,36,3,1:31.481,91481.0
20,7,37,3,1:31.710,91710.0
20,7,38,10,1:31.573,
20,7,39,2,1:31.594,91594.0
20,7,40,9,1:31.356,91356.0
20,7,41,7,1:31.367,91367.0
20,7,42,3,1:31.379,91379.0
20,7,43,7,1:31.361,91361.0
20,7,44,9,1:31.459,91459.0
20,7,45,10,1:31.283,91283.0
20,7,46,3,1:31.350,91350.0
20,7,47,5,1:31.528,91528.0
20,7,48,9,1:31.311,91311.0
20,7,49,3,1:31.189,91189.0
20,7,50,8,1:31.332,91332.0
20,7,51,1,1:31.277,91277.0
20,7,52,8,1:31.352,91352.0
20,7,53,3,1:31.248,91248.0
20,7,54,7,1:31.119,91119.0
20,7,55,1,1:31.348,91348.0
20,7,56,2,1:31.363,91363.0
20,7,57,7,1:31.329,91329.0
20,7,58,2,1:31.184,
20,8,1,6,1:32.664,92664.0
20,8,2,6,1:32.516,92516.0
20,8,3,10,1:32.634,92634.0
20,8,4,3,1:32.496,92496.0
20,8,5,4,1:32.540,92540.0
20,8,6,3,1:32.719,92719.0
20,8,7,9,1:32.567,92567.0
20,8,8,8,1:32.365,92365.0
20,8,9,9,1:32.735,92735.0
20,8,10,6,1:32.611,92611.0
20,8,11,4,1:32.240,92240.0
20,8,12,9,1:32.490,92490.0
20,8,13,10,1:32.579,
20,8,14,8,1:32.461,92461.0
20,8,15,1,1:32.555,92555.0
20,8,16,10,1:32.404,92404.0
20,8,17,2,1:32.488,92488.0
20,8,18,9,1:32.554,92554.0
20,8,19,7,1:32.578,92578.0
20,8,20,2,1:32.380,92380.0
20,8,21,9,1:31.984,91984.0
20,8,22,4,1:32.443,92443.0
20,8,23,6,1:32.232,92232.0
20,8,24,4,1:32.164,92164.0
20,8,25,2,1:32.136,92136.0
20,8,26,8,1:32.147,92147.0
20,8,27,8,1:32.212,92212.0
20,8,28,4,1:32.375,92375.0
20,8,29,1,1:32.141,
20,8,30,3,1:32.318,92318.0
20,8,31,1,1:31.966,91966.0
20,8,32,10,1:32.137,92137.0
20,8,33,8,1:32.147,92147.0
20,8,34,10,1:31.999,91999.0
20,8,35,9,1:31.903,91903.0
20,8,36,1,1:32.215,92215.0
20,8,37,3,1:31.918,91918.0
20,8,38,4,1:32.169,92169.0
20,8,39,5,1:31.970,91970.0
20,8,40,4,1:31.672,91672.0
20,8,41,10,1:31.721,91721.0
20,8,42,8,1:31.771,91771.0
20,8,43,9,1:31.656,91656.0
20,8,44,9,1:31.613,91613.0
20,8,45,7,1:31.823,91823.0
20,8,46,7,1:31.653,91653.0
20,8,47,8,1:31.790,91790.0
20,8,48,7,1:32.001,92001.0
20,8,49,1,1:31.604,91604.0
20,8,50,8,1:31.783,91783.0
20,8,51,3,1:31.853,91853.0
20,8,52,2,1:31.715,91715.0
20,8,53,9,1:31.638,91638.0
20,8,54,8,1:31.528,91528.0
20,8,55,1,1:31.613,91613.0
20,8,56,3,1:31.794,91794.0
20,8,57,6,1:31.707,91707.0
20,8,58,3,1:31.660,91660.0
20,9,1,4,1:32.718,92718.0
20,9,2,9,1:32.571,92571.0
20,9,3,1,1:32.762,92762.0
20,9,4,4,1:32.439,92439.0
20,9,5,8,1:32.522,92522.0
20,9,6,6,1:32.692,92692.0
20,9,7,1,1:32.612,92612.0
20,9,8,3,1:32.540,92540.0
20,9,9,6,1:32.522,92522.0
20,9,10,4,1:32.487,92487.0
20,9,11,5,1:32.551,92551.0
20,9,12,1,1:32.459,92459.0
20,9,13,3,1:32.755,92755.0
20,9,14,4,1:32.457,92457.0
20,9,15,5,1:32.563,92563.0
20,9,16,3,1:32.525,92525.0
20,9,17,1,1:32.766,92766.0
20,9,18,3,1:32.229,92229.0
20,9,19,1,1:32.452,92452.0
20,9,20,8,1:32.210,92210.0
20,9,21,3,1:32.196,92196.0
20,9,22,3,1:32.242,92242.0
20,9,23,9,1:32.054,92054.0
20,9,24,5,1:32.249,92249.0
20,9,25,9,1:32.131,92131.0
20,9,26,8,1:32.412,92412.0
20,9,27,4,1:32.281,92281.0
20,9,28,3,1:32.271,92271.0
20,9,29,7,1:32.301,92301.0
20,9,30,7,1:32.344,92344.0
20,9,31,9,1:32.079,92079.0
20,9,32,1,1:32.135,92135.0
20,9,33,5,1:32.232,92232.0
20,9,34,9,1:32.114,92114.0
20,9,35,2,1:32.306,92306.0
20,9,36,7,1:31.979,91979.0
20,9,37,3,1:31.940,
20,9,38,1,1:31.978,91978.0
20,9,39,4,1:32.237,92237.0
20,9,40,1,1:31.827,91827.0
20,9,41,10,1:31.826,91826.0
20,9,42,1,1:31.677,91677.0
20,9,43,10,1:31.977,91977.0
20,9,44,2,1:31.846,
20,9,45,8,1:31.769,91769.0
20,9,46,6,1:31.704,91704.0
20,9,47,2,1:31.817,91817.0
20,9,48,2,1:31.731,91731.0
20,9,49,9,1:32.019,92019.0
20,9,50,3,1:31.784,91784.0
20,9,51,6,1:31.697,91697.0
20,9,52,7,1:31.552,91552.0
20,9,53,7,1:31.693,91693.0
20,9,54,2,1:31.809,91809.0
20,9,55,1,1:31.807,91807.0
20,9,56,4,1:31.826,91826.0
20,9,57,3,1:31.746,91746.0
20,9,58,6,1:31.823,91823.0
20,10,1,1,1:31.963,91963.0
20,10,2,8,1:32.004,92004.0
20,10,3,3,1:31.658,91658.0
20,10,4,2,1:32.145,92145.0
20,10,5,3,1:31.813,91813.0
20,10,6,9,1:31.782,91782.0
20,10,7,7,1:31.538,91538.0
20,10,8,5,1:31.669,91669.0
20,10,9,8,1:31.668,91668.0
20,10,10,8,1:31.676,91676.0
20,10,11,5,1:31.708,91708.0
20,10,12,7,1:31.763,91763.0
20,10,13,7,1:31.793,91793.0
20,10,14,10,1:31.657,91657.0
20,10,15,9,1:31.759,91759.0
20,10,16,2,1:31.544,91544.0
20,10,17,1,1:31.669,91669.0
20,10,18,7,1:31.656,91656.0
20,10,19,5,1:31.750,91750.0
20,10,20,3,1:31.488,91488.0
20,10,21,4,1:31.428,91428.0
20,10,22,2,1:31.152,91152.0
20,10,23,5,1:31.461,91461.0
20,10,24,6,1:31.276,91276.0
20,10,25,5,1:31.464,91464.0
20,10,26,4,1:31.519,91519.0
20,10,27,5,1:31.409,91409.0
20,10,28,3,1:31.476,91476.0
20,10,29,8,1:31.404,91404.0
20,10,30,3,1:31.272,91272.0
20,10,31,9,1:31.145,91145.0
20,10,32,1,1:31.428,91428.0
20,10,33,7,1:31.438,91438.0
20,10,34,4,1:31.220,91220.0
20,10,35,2,1:31.467,91467.0
20,10,36,5,1:31.309,91309.0
20,10,37,3,1:31.342,91342.0
20,10,38,10,1:31.156,91156.0
20,10,39,3,1:31.053,91053.0
20,10,40,4,1:30.946,90946.0
20,10,41,9,1:31.117,91117.0
20,10,42,6,1:31.058,91058.0
20,10,43,10,1:31.179,91179.0
20,10,44,9,1:30.956,90956.0
20,10,45,9,1:30.994,90994.0
20,10,46,7,1:30.968,90968.0
20,10,47,10,1:31.220,91220.0
20,10,48,6,1:30.910,90910.0
20,10,49,6,1:30.992,90992.0
20,10,50,4,1:30.986,90986.0
20,10,51,8,1:30.898,90898.0
20,10,52,2,1:30.500,90500.0
20,10,53,3,1:30.839,90839.0
20,10,54,10,1:30.885,90885.0
20,10,55,2,1:30.812,90812.0
20,10,56,5,1:30.927,90927.0
20,10,57,2,1:30.804,90804.0
20,10,58,1,1:30.900,90900.0
21,1,1,9,1:29.876,89876.0
21,1,2,8,1:29.936,89936.0
21,1,3,10,1:29.838,89838.0
21,1,4,2,1:29.928,89928.0
21,1,5,7,1:29.913,89913.0
21,1,6,2,1:29.694,89694.0
21,1,7,8,1:29.621,89621.0
21,1,8,7,1:29.820,89820.0
21,1,9,3,1:29.899,89899.0
21,1,10,3,1:29.857,89857.0
21,1,11,6,1:30.049,90049.0
21,1,12,7,1:29.830,89830.0
21,1,13,8,1:29.540,89540.0
21,1,14,2,1:29.468,89468.0
21,1,15,9,1:29.532,89532.0
21,1,16,2,1:29.801,89801.0
21,1,17,7,1:29.554,89554.0
21,1,18,5,1:29.603,89603.0
21,1,19,10,1:29.708,89708.0
21,1,20,10,1:29.258,89258.0
21,1,21,3,1:29.392,89392.0
21,1,22,7,1:29.246,89246.0
21,1,23,5,1:29.304,89304.0
21,1,24,7,1:29.213,89213.0
21,1,25,3,1:29.330,89330.0
21,1,26,2,1:29.365,89365.0
21,1,27,1,1:29.405,
21,1,28,2,1:29.560,89560.0
21,1,29,10,1:29.334,89334.0
21,1,30,3,1:29.190,89190.0
21,1,31,7,1:29.425,89425.0
21,1,32,1,1:29.302,89302.0
21,1,33,4,1:29.141,89141.0
21,1,34,4,1:29.341,89341.0
21,1,35,9,1:29.084,89084.0
21,1,36,9,1:29.237,89237.0
21,1,37,1,1:29.273,89273.0
21,1,38,7,1:29.167,89167.0
21,1,39,5,1:29.108,89108.0
21,1,40,4,1:29.039,89039.0
21,1,41,1,1:29.028,89028.0
21,1,42,4,1:29.090,89090.0
21,1,43,8,1:28.860,88860.0
21,2,1,4,1:28.867,88867.0
21,2,2,6,1:28.893,88893.0
21,2,3,3,1:29.057,89057.0
21,2,4,8,1:28.830,88830.0
21,2,5,9,1:28.965,88965.0
21,2,6,9,1:28.781,88781.0
21,2,7,8,1:28.858,88858.0
21,2,8,6,1:29.025,89025.0
21,2,9,2,1:29.064,89064.0
21,2,10,1,1:28.792,88792.0
21,2,11,2,1:28.988,88988.0
21,2,12,3,1:28.720,88720.0
21,2,13,10,1:28.828,88828.0
21,2,14,9,1:28.745,88745.0
21,2,15,3,1:28.876,88876.0
21,2,16,1,1:28.757,88757.0
21,2,17,3,1:28.802,88802.0
21,2,18,5,1:28.559,88559.0
21,2,19,1,1:28.908,88908.0
21,2,20,10,1:28.586,88586.0
21,2,21,6,1:28.453,88453.0
21,2,22,9,1:28.770,88770.0
21,2,23,9,1:28.465,88465.0
21,2,24,9,1:28.630,88630.0
21,2,25,2,1:28.432,88432.0
21,2,26,2,1:28.584,88584.0
21,2,27,2,1:28.498,88498.0
21,2,28,1,1:28.458,88458.0
21,2,29,4,1:28.341,88341.0
21,2,30,5,1:28.555,88555.0
21,2,31,5,1:28.419,88419.0
21,2,32,3,1:28.272,88272.0
21,2,33,2,1:28.457,88457.0
21,2,34,3,1:28.548,88548.0
21,2,35,4,1:28.342,88342.0
21,2,36,1,1:28.682,88682.0
21,2,37,6,1:28.377,88377.0
21,2,38,3,1:28.476,88476.0
21,2,39,4,1:28.184,88184.0
21,2,40,5,1:28.269,88269.0
21,2,41,3,1:28.205,88205.0
21,2,42,5,1:28.103,88103.0
21,2,43,4,1:27.973,87973.0
21,2,44,10,1:28.244,88244.0
21,2,45,8,1:28.156,88156.0
21,2,46,6,1:28.281,88281.0
21,2,47,6,1:28.062,88062.0
21,2,48,3,1:28.118,88118.0
21,2,49,5,1:28.139,88139.0
21,2,50,9,1:28.239,88239.0
21,2,51,7,1:28.135,88135.0
21,3,1,3,1:29.950,89950.0
21,3,2,5,1:29.673,89673.0
21,3,3,1,1:29.823,89823.0
21,3,4,6,1:29.659,89659.0
21,3,5,10,1:30.080,90080.0
21,3,6,10,1:29.776,89776.0
21,3,7,8,1:30.088,90088.0
21,3,8,3,1:29.901,89901.0
21,3,9,2,1:29.818,89818.0
21,3,10,7,1:29.839,89839.0
21,3,11,8,1:29.919,89919.0
21,3,12,8,1:29.433,89433.0
21,3,13,7,1:29.749,89749.0
21,3,14,1,1:29.627,89627.0
21,3,15,3,1:29.709,89709.0
21,3,16,7,1:29.676,89676.0
21,3,17,7,1:29.725,89725.0
21,3,18,2,1:29.654,89654.0
21,3,19,5,1:29.714,89714.0
21,3,20,10,1:29.502,570660.0
21,3,21,3,1:29.618,89618.0
21,3,22,7,1:29.452,89452.0
21,3,23,7,1:29.302,89302.0
21,3,24,4,1:29.404,89404.0
21,3,25,4,1:29.322,89322.0
21,3,26,8,1:29.485,89485.0
21,3,27,9,1:29.644,89644.0
21,3,28,5,1:29.444,89444.0
21,3,29,3,1:29.478,89478.0
21,3,30,6,1:29.474,89474.0
21,3,31,4,1:29.234,89234.0
21,3,32,3,1:29.430,89430.0
21,3,33,2,1:29.175,89175.0
21,3,34,10,1:29.380,89380.0
21,3,35,3,1:29.159,89159.0
21,3,36,7,1:29.291,89291.0
21,3,37,7,1:29.470,89470.0
21,3,38,2,1:29.431,89431.0
21,3,39,3,1:29.381,89381.0
21,3,40,5,1:29.073,
21,3,41,6,1:28.945,88945.0
21,3,42,10,1:28.972,88972.0
21,3,43,1,1:29.166,89166.0
21,3,44,9,1:28.900,88900.0
21,3,45,2,1:28.973,88973.0
21,3,46,8,1:28.995,88995.0
21,3,47,10,1:29.174,89174.0
21,3,48,5,1:28.995,88995.0
21,3,49,8,1:29.016,89016.0
21,3,50,9,1:28.858,88858.0
21,3,51,1,1:29.101,89101.0
21,4,1,8,1:29.455,89455.0
21,4,2,2,1:29.694,89694.0
21,4,3,7,1:29.863,89863.0
21,4,4,7,1:29.881,89881.0
21,4,5,3,1:29.505,89505.0
21,4,6,2,1:29.724,89724.0
21,4,7,10,1:29.728,89728.0
21,4,8,8,1:29.805,89805.0
21,4,9,9,1:29.550,89550.0
21,4,10,5,1:29.638,89638.0
21,4,11,3,1:29.910,89910.0
21,4,12,4,1:29.647,89647.0
21,4,13,4,1:29.567,89567.0
21,4,14,6,1:29.429,89429.0
21,4,15,7,1:29.472,89472.0
21,4,16,5,1:29.640,89640.0
21,4,17,10,1:29.599,89599.0
21,4,18,10,1:29.488,89488.0
21,4,19,7,1:29.461,89461.0
21,4,20,3,1:29.424,89424.0
21,4,21,3,1:29.316,89316.0
21,4,22,7,1:29.242,89242.0
21,4,23,2,1:29.146,89146.0
21,4,24,1,1:29.109,89109.0
21,4,25,7,1:29.256,89256.0
21,4,26,1,1:29.410,89410.0
21,4,27,3,1:29.274,89274.0
21,4,28,10,1:29.323,89323.0
21,4,29,8,1:29.507,89507.0
21,4,30,10,1:29.277,89277.0
21,4,31,5,1:29.262,89262.0
21,4,32,3,1:28.916,88916.0
21,4,33,3,1:29.354,89354.0
21,4,34,6,1:29.287,89287.0
21,4,35,8,1:29.285,89285.0
21,4,36,1,1:29.331,89331.0
21,4,37,9,1:29.244,89244.0
21,4,38,5,1:29.145,89145.0
21,4,39,4,1:29.292,
21,4,40,3,1:28.988,88988.0
21,4,41,1,1:28.836,88836.0
21,4,42,6,1:29.026,89026.0
21,4,43,6,1:28.898,88898.0
21,4,44,5,1:28.888,88888.0
21,4,45,2,1:28.749,88749.0
21,4,46,5,1:28.946,88946.0
21,4,47,1,1:28.788,88788.0
21,4,48,5,1:28.969,88969.0
21,4,49,8,1:28.961,88961.0
21,4,50,5,1:28.859,88859.0
21,4,51,1,1:29.002,89002.0
21,5,1,5,1:29.643,89643.0
21,5,2,7,1:29.794,89794.0
21,5,3,8,1:29.550,89550.0
21,5,4,1,1:29.794,89794.0
21,5,5,6,1:29.620,89620.0
21,5,6,7,1:29.931,89931.0
21,5,7,8,1:29.752,89752.0
21,5,8,4,1:29.971,89971.0
21,5,9,8,1:29.630,89630.0
21,5,10,1,1:29.495,89495.0
21,5,11,6,1:29.399,89399.0
21,5,12,3,1:29.596,89596.0
21,5,13,9,1:29.623,89623.0
21,5,14,10,1:29.655,89655.0
21,5,15,7,1:29.468,89468.0
21,5,16,1,1:29.672,89672.0
21,5,17,2,1:29.504,89504.0
21,5,18,6,1:29.729,89729.0
21,5,19,3,1:29.641,89641.0
21,5,20,4,1:29.535,89535.0
21,5,21,3,1:29.298,89298.0
21,5,22,10,1:29.282,89282.0
21,5,23,5,1:29.189,89189.0
21,5,24,9,1:29.243,89243.0
21,5,25,3,1:29.340,89340.0
21,5,26,5,1:29.243,89243.0
21,5,27,3,1:29.377,89377.0
21,5,28,3,1:29.130,89130.0
21,5,29,1,1:29.059,89059.0
21,5,30,6,1:29.056,89056.0
21,5,31,7,1:29.441,89441.0
21,5,32,9,1:29.180,89180.0
21,5,33,6,1:29.390,89390.0
21,5,34,8,1:29.159,89159.0
21,5,35,2,1:29.408,89408.0
21,5,36,4,1:29.453,89453.0
21,5,37,3,1:29.246,89246.0
21,5,38,2,1:29.304,89304.0
21,5,39,8,1:29.136,89136.0
21,5,40,10,1:28.874,88874.0
21,5,41,3,1:28.761,88761.0
21,5,42,6,1:28.871,88871.0
21,5,43,6,1:29.067,89067.0
21,5,44,9,1:29.139,89139.0
21,5,45,4,1:28.589,88589.0
21,5,46,3,1:28.797,88797.0
21,5,47,3,1:29.011,89011.0
21,5,48,4,1:28.648,88648.0
21,5,49,4,1:28.786,88786.0
21,5,50,3,1:28.641,88641.0
21,5,51,9,1:29.040,89040.0
21,6,1,7,1:29.202,89202.0
21,6,2,4,1:29.246,89246.0
21,6,3,5,1:29.420,
21,6,4,2,1:28.941,
21,6,5,7,1:29.209,89209.0
21,6,6,7,1:29.234,89234.0
21,6,7,3,1:29.289,89289.0
21,6,8,7,1:29.128,89128.0
21,6,9,10,1:29.001,89001.0
21,6,10,5,1:29.140,89140.0
21,6,11,10,1:29.333,89333.0
21,6,12,10,1:29.234,89234.0
21,6,13,10,1:29.307,89307.0
21,6,14,10,1:29.050,89050.0
21,6,15,5,1:28.763,88763.0
21,6,16,7,1:29.028,89028.0
21,6,17,3,1:28.969,88969.0
21,6,18,4,1:29.035,89035.0
21,6,19,10,1:29.098,89098.0
21,6,20,7,1:28.959,
21,6,21,1,1:28.635,88635.0
21,6,22,5,1:28.967,88967.0
21,6,23,6,1:28.749,88749.0
21,6,24,5,1:28.977,88977.0
21,6,25,7,1:28.876,88876.0
21,6,26,10,1:28.748,88748.0
21,6,27,10,1:28.462,88462.0
21,6,28,1,1:28.709,88709.0
21,6,29,1,1:28.725,88725.0
21,6,30,10,1:28.875,88875.0
21,6,31,10,1:28.602,88602.0
21,6,32,1,1:28.807,88807.0
21,6,33,4,1:28.707,88707.0
21,6,34,4,1:28.771,88771.0
21,6,35,7,1:28.779,88779.0
21,6,36,2,1:28.616,88616.0
21,6,37,1,1:28.753,88753.0
21,6,38,8,1:28.560,88560.0
21,6,39,1,1:28.778,88778.0
21,6,40,10,1:28.418,88418.0
21,6,41,9,1:28.499,88499.0
21,6,42,1,1:28.340,88340.0
21,6,43,10,1:28.080,88080.0
21,6,44,6,1:28.481,
21,6,45,1,1:28.215,88215.0
21,6,46,8,1:28.433,88433.0
21,6,47,9,1:28.254,88254.0
21,6,48,1,1:28.450,88450.0
21,6,49,10,1:28.494,88494.0
21,6,50,6,1:28.468,88468.0
21,6,51,7,1:28.263,88263.0
21,7,1,2,1:29.868,89868.0
21,7,2,10,1:29.878,89878.0
21,7,3,2,1:29.787,89787.0
21,7,4,6,1:29.657,89657.0
21,7,5,6,1:29.760,89760.0
21,7,6,5,1:29.802,89802.0
21,7,7,8,1:29.759,89759.0
21,7,8,6,1:29.589,89589.0
21,7,9,5,1:29.777,89777.0
21,7,10,10,1:29.785,89785.0
21,7,11,7,1:29.805,89805.0
21,7,12,5,1:29.529,89529.0
21,7,13,9,1:29.646,89646.0
21,7,14,3,1:29.519,89519.0
21,7,15,7,1:29.689,89689.0
21,7,16,3,1:29.436,89436.0
21,7,17,10,1:29.702,89702.0
21,7,18,8,1:29.429,89429.0
21,7,19,6,1:29.656,89656.0
21,7,20,1,1:29.398,89398.0
21,7,21,6,1:29.447,89447.0
21,7,22,5,1:29.484,89484.0
21,7,23,5,1:29.516,89516.0
21,7,24,8,1:29.500,89500.0
21,7,25,6,1:29.328,89328.0
21,7,26,9,1:28.962,88962.0
21,7,27,5,1:29.389,89389.0
21,7,28,1,1:29.463,89463.0
21,7,29,7,1:29.302,89302.0
21,7,30,3,1:29.534,89534.0
21,7,31,3,1:29.247,89247.0
21,7,32,8,1:29.549,89549.0
21,7,33,4,1:29.102,89102.0
21,7,34,10,1:29.220,89220.0
21,7,35,7,1:29.219,89219.0
21,7,36,10,1:29.350,89350.0
21,7,37,6,1:29.246,89246.0
21,7,38,7,1:29.246,89246.0
21,7,39,8,1:29.049,89049.0
21,7,40,9,1:28.936,88936.0
21,7,41,4,1:28.947,88947.0
21,7,42,1,1:29.135,89135.0
21,7,43,9,1:28.800,88800.0
21,7,44,10,1:28.856,88856.0
21,7,45,2,1:29.127,89127.0
21,7,46,8,1:29.006,89006.0
21,7,47,9,1:28.964,88964.0
21,7,48,10,1:28.965,
21,7,49,7,1:28.842,88842.0
21,7,50,3,1:28.859,88859.0
21,7,51,9,1:28.757,88757.0
21,8,1,8,1:29.703,89703.0
21,8,2,1,1:29.542,89542.0
21,8,3,7,1:29.752,89752.0
21,8,4,7,1:29.418,89418.0
21,8,5,8,1:29.471,89471.0
21,8,6,5,1:29.663,89663.0
21,8,7,5,1:29.303,89303.0
21,8,8,10,1:29.793,89793.0
21,8,9,7,1:29.428,89428.0
21,8,10,2,1:29.299,89299.0
21,8,11,6,1:29.310,89310.0
21,8,12,7,1:29.573,89573.0
21,8,13,4,1:29.571,89571.0
21,8,14,8,1:29.508,89508.0
21,8,15,1,1:29.446,89446.0
21,8,16,3,1:29.436,89436.0
21,8,17,8,1:29.559,89559.0
21,8,18,10,1:29.498,89498.0
21,8,19,8,1:29.524,89524.0
21,8,20,4,1:29.219,89219.0
21,8,21,4,1:29.366,89366.0
21,8,22,5,1:29.186,89186.0
21,8,23,4,1:29.129,89129.0
21,8,24,1,1:29.057,89057.0
21,8,25,10,1:29.132,89132.0
21,8,26,2,1:29.234,89234.0
21,8,27,9,1:29.304,89304.0
21,8,28,10,1:29.244,89244.0
21,8,29,3,1:29.239,89239.0
21,8,30,7,1:29.204,89204.0
21,8,31,7,1:29.204,89204.0
21,8,32,7,1:29.090,89090.0
21,8,33,9,1:29.115,89115.0
21,8,34,10,1:28.910,88910.0
21,8,35,9,1:28.942,88942.0
21,8,36,5,1:29.191,89191.0
21,8,37,3,1:29.076,89076.0
21,8,38,4,1:28.984,88984.0
21,8,39,4,1:28.948,88948.0
21,8,40,2,1:28.965,88965.0
21,8,41,5,1:28.930,88930.0
21,8,42,10,1:28.923,88923.0
21,8,43,9,1:28.793,88793.0
21,8,44,10,1:28.932,88932.0
21,8,45,5,1:28.668,88668.0
21,8,46,1,1:28.577,88577.0
21,8,47,9,1:28.937,88937.0
21,8,48,7,1:28.908,88908.0
21,8,49,8,1:28.725,88725.0
21,8,50,8,1:29.047,89047.0
21,8,51,7,1:28.738,88738.0
21,9,1,1,1:29.756,89756.0
21,9,2,8,1:29.518,89518.0
21,9,3,5,1:29.471,89471.0
21,9,4,3,1:29.646,89646.0
21,9,5,5,1:29.540,89540.0
21,9,6,7,1:29.797,89797.0
21,9,7,9,1:29.563,89563.0
21,9,8,8,1:29.644,89644.0
21,9,9,2,1:29.463,89463.0
21,9,10,4,1:29.581,89581.0
21,9,11,9,1:29.310,89310.0
21,9,12,1,1:29.523,89523.0
21,9,13,5,1:29.458,89458.0
21,9,14,4,1:29.439,89439.0
21,9,15,8,1:29.468,89468.0
21,9,16,6,1:29.556,89556.0
21,9,17,6,1:29.392,89392.0
21,9,18,9,1:29.305,89305.0
21,9,19,10,1:29.429,89429.0
21,9,20,8,1:29.065,89065.0
21,9,21,6,1:29.193,89193.0
21,9,22,7,1:29.271,89271.0
21,9,23,9,1:29.026,89026.0
21,9,24,4,1:29.254,89254.0
21,9,25,2,1:29.085,89085.0
21,9,26,4,1:29.186,89186.0
21,9,27,9,1:28.943,88943.0
21,9,28,9,1:29.252,89252.0
21,9,29,7,1:29.282,89282.0
21,9,30,8,1:28.910,88910.0
21,9,31,7,1:29.039,89039.0
21,9,32,5,1:28.817,88817.0
21,9,33,6,1:28.815,88815.0
21,9,34,1,1:29.003,89003.0
21,9,35,1,1:28.966,88966.0
21,9,36,5,1:28.913,88913.0
21,9,37,3,1:28.984,88984.0
21,9,38,1,1:28.957,88957.0
21,9,39,9,1:28.858,88858.0
21,9,40,2,1:28.695,88695.0
21,9,41,10,1:28.594,88594.0
21,9,42,7,1:28.947,88947.0
21,9,43,7,1:28.831,88831.0
21,9,44,9,1:28.822,88822.0
21,9,45,1,1:28.652,88652.0
21,9,46,1,1:28.697,88697.0
21,9,47,5,1:28.575,88575.0
21,9,48,3,1:28.541,88541.0
21,9,49,9,1:28.590,88590.0
21,9,50,6,1:28.712,88712.0
21,9,51,8,1:28.643,88643.0
21,10,1,8,1:29.445,89445.0
21,10,2,9,1:29.196,89196.0
21,10,3,3,1:29.347,89347.0
21,10,4,3,1:29.386,89386.0
21,10,5,4,1:29.369,89369.0
21,10,6,10,1:29.327,89327.0
21,10,7,9,1:29.250,89250.0
21,10,8,9,1:29.114,89114.0
21,10,9,9,1:29.134,89134.0
21,10,10,7,1:29.337,89337.0
21,10,11,1,1:29.062,89062.0
21,10,12,3,1:29.186,89186.0
21,10,13,7,1:29.235,89235.0
21,10,14,5,1:29.222,89222.0
21,10,15,2,1:29.297,89297.0
21,10,16,4,1:29.168,89168.0
21,10,17,4,1:29.106,89106.0
21,10,18,2,1:29.111,89111.0
21,10,19,5,1:29.214,89214.0
21,10,20,2,1:28.953,88953.0
21,10,21,2,1:28.725,88725.0
21,10,22,2,1:28.801,88801.0
21,10,23,10,1:28.914,88914.0
21,10,24,7,1:29.086,89086.0
21,10,25,4,1:28.865,88865.0
21,10,26,8,1:28.669,88669.0
21,10,27,5,1:28.939,88939.0
21,10,28,8,1:28.608,88608.0
21,10,29,3,1:28.784,88784.0
21,10,30,3,1:28.722,88722.0
21,10,31,3,1:28.766,88766.0
21,10,32,4,1:28.699,88699.0
21,10,33,2,1:28.660,88660.0
21,10,34,9,1:28.620,88620.0
21,10,35,7,1:28.675,88675.0
21,10,36,7,1:28.796,88796.0
21,10,37,7,1:28.741,88741.0
21,10,38,4,1:28.936,88936.0
21,10,39,10,1:28.782,88782.0
21,10,40,8,1:28.542,88542.0
21,10,41,3,1:28.501,88501.0
21,10,42,7,1:28.434,88434.0
21,10,43,8,1:28.307,88307.0
21,10,44,1,1:28.417,88417.0
21,10,45,9,1:28.587,88587.0
21,10,46,10,1:28.330,88330.0
21,10,47,7,1:28.547,88547.0
21,10,48,5,1:28.621,88621.0
21,10,49,7,1:28.221,88221.0
21,10,50,6,1:28.424,88424.0
21,10,51,7,1:28.500,88500.0
22,1,1,10,1:33.161,93161.0
22,1,2,1,1:32.850,92850.0
22,1,3,3,1:33.108,93108.0
22,1,4,3,1:33.203,93203.0
22,1,5,10,1:33.031,93031.0
22,1,6,6,1:33.070,93070.0
22,1,7,8,1:32.940,92940.0
22,1,8,1,1:32.992,92992.0
22,1,9,9,1:32.885,92885.0
22,1,10,9,1:33.221,93221.0
22,1,11,7,1:33.105,93105.0
22,1,12,9,1:33.158,93158.0
22,1,13,3,1:32.865,92865.0
22,1,14,3,1:32.901,92901.0
22,1,15,9,1:33.188,93188.0
22,1,16,5,1:32.729,92729.0
22,1,17,1,1:33.108,93108.0
22,1,18,1,1:32.856,92856.0
22,1,19,6,1:32.979,92979.0
22,1,20,10,1:32.728,92728.0
22,1,21,10,1:32.547,92547.0
22,1,22,1,1:32.812,92812.0
22,1,23,10,1:32.690,92690.0
22,1,24,2,1:32.701,92701.0
22,1,25,4,1:32.459,92459.0
22,1,26,2,1:32.568,92568.0
22,1,27,3,1:32.706,92706.0
22,1,28,5,1:32.668,92668.0
22,1,29,2,1:32.593,92593.0
22,1,30,3,1:32.766,92766.0
22,1,31,10,1:32.496,92496.0
22,1,32,3,1:32.558,92558.0
22,1,33,1,1:32.631,92631.0
22,1,34,6,1:32.682,92682.0
22,1,35,6,1:32.713,92713.0
22,1,36,8,1:32.559,92559.0
22,1,37,4,1:32.480,92480.0
22,1,38,5,1:32.405,
22,1,39,8,1:32.622,92622.0
22,1,40,1,1:32.260,92260.0
22,1,41,6,1:32.282,92282.0
22,1,42,6,1:32.303,92303.0
22,1,43,6,1:32.282,92282.0
22,1,44,7,1:32.364,92364.0
22,1,45,3,1:32.290,92290.0
22,1,46,10,1:32.441,92441.0
22,1,47,5,1:32.095,92095.0
22,1,48,1,1:31.975,91975.0
22,1,49,1,1:32.263,92263.0
22,1,50,10,1:32.068,92068.0
22,1,51,10,1:32.352,92352.0
22,1,52,7,1:32.131,92131.0
22,1,53,3,1:32.178,92178.0
22,2,1,7,1:33.803,93803.0
22,2,2,9,1:34.064,94064.0
22,2,3,6,1:33.825,93825.0
22,2,4,9,1:34.008,94008.0
22,2,5,9,1:33.876,93876.0
22,2,6,2,1:33.743,93743.0
22,2,7,9,1:34.099,94099.0
22,2,8,8,1:33.801,93801.0
22,2,9,3,1:33.807,93807.0
22,2,10,7,1:33.756,93756.0
22,2,11,4,1:33.785,93785.0
22,2,12,1,1:33.599,93599.0
22,2,13,8,1:33.769,93769.0
22,2,14,2,1:33.803,93803.0
22,2,15,9,1:33.715,93715.0
22,2,16,1,1:33.855,93855.0
22,2,17,6,1:33.909,93909.0
22,2,18,9,1:33.793,93793.0
22,2,19,2,1:33.800,93800.0
22,2,20,3,1:33.240,93240.0
22,2,21,4,1:33.503,93503.0
22,2,22,8,1:33.724,
22,2,23,1,1:33.320,93320.0
22,2,24,1,1:33.490,93490.0
22,2,25,7,1:33.478,93478.0
22,2,26,2,1:33.452,93452.0
22,2,27,8,1:33.244,93244.0
22,2,28,5,1:33.448,93448.0
22,2,29,6,1:33.241,93241.0
22,2,30,5,1:33.352,93352.0
22,2,31,1,1:33.628,93628.0
22,2,32,3,1:33.499,93499.0
22,2,33,3,1:33.452,93452.0
22,2,34,6,1:33.410,93410.0
22,2,35,8,1:33.199,93199.0
22,2,36,6,1:33.300,93300.0
22,2,37,10,1:33.449,93449.0
22,2,38,10,1:33.216,93216.0
22,2,39,10,1:33.395,93395.0
22,2,40,7,1:33.175,93175.0
22,2,41,4,1:33.254,570660.0
22,2,42,6,1:33.056,93056.0
22,2,43,9,1:32.966,92966.0
22,2,44,6,1:32.930,92930.0
22,2,45,3,1:32.940,92940.0
22,2,46,5,1:33.107,93107.0
22,2,47,2,1:33.163,93163.0
22,2,48,1,1:32.815,92815.0
22,2,49,10,1:32.999,92999.0
22,2,50,9,1:32.926,92926.0
22,2,51,9,1:33.114,93114.0
22,2,52,6,1:33.070,93070.0
22,2,53,3,1:32.837,92837.0
22,3,1,4,1:34.588,94588.0
22,3,2,4,1:34.802,94802.0
22,3,3,9,1:34.665,94665.0
22,3,4,7,1:34.708,94708.0
22,3,5,5,1:35.110,95110.0
22,3,6,3,1:34.722,94722.0
22,3,7,6,1:34.572,
22,3,8,10,1:34.724,94724.0
22,3,9,9,1:34.548,94548.0
22,3,10,2,1:34.820,94820.0
22,3,11,9,1:34.797,94797.0
22,3,12,5,1:34.583,94583.0
22,3,13,2,1:34.849,94849.0
22,3,14,1,1:34.645,94645.0
22,3,15,1,1:34.738,94738.0
22,3,16,6,1:34.494,94494.0
22,3,17,7,1:34.560,94560.0
22,3,18,4,1:34.713,94713.0
22,3,19,4,1:34.669,94669.0
22,3,20,6,1:34.470,94470.0
22,3,21,3,1:34.309,94309.0
22,3,22,1,1:34.428,94428.0
22,3,23,3,1:34.515,94515.0
22,3,24,9,1:34.259,94259.0
22,3,25,9,1:34.450,94450.0
22,3,26,5,1:34.222,94222.0
22,3,27,7,1:34.146,94146.0
22,3,28,7,1:34.074,94074.0
22,3,29,1,1:34.060,94060.0
22,3,30,6,1:34.255,94255.0
22,3,31,10,1:34.108,94108.0
22,3,32,2,1:34.259,94259.0
22,3,33,7,1:34.161,94161.0
22,3,34,8,1:34.263,94263.0
22,3,35,1,1:34.338,94338.0
22,3,36,10,1:34.019,94019.0
22,3,37,1,1:34.242,94242.0
22,3,38,10,1:34.058,94058.0
22,3,39,10,1:34.188,94188.0
22,3,40,6,1:33.837,93837.0
22,3,41,4,1:33.938,93938.0
22,3,42,10,1:33.750,93750.0
22,3,43,5,1:33.740,93740.0
22,3,44,5,1:33.948,93948.0
22,3,45,5,1:33.955,93955.0
22,3,46,1,1:33.766,93766.0
22,3,47,8,1:33.988,93988.0
22,3,48,1,1:33.860,93860.0
22,3,49,8,1:33.832,93832.0
22,3,50,5,1:33.866,93866.0
22,3,51,6,1:34.029,94029.0
22,3,52,7,1:33.796,93796.0
22,3,53,9,1:33.884,93884.0
22,4,1,8,1:33.402,93402.0
22,4,2,6,1:33.310,93310.0
22,4,3,10,1:33.378,93378.0
22,4,4,1,1:33.360,93360.0
22,4,5,3,1:33.523,93523.0
22,4,6,7,1:33.380,93380.0
22,4,7,9,1:33.286,93286.0
22,4,8,1,1:33.415,93415.0
22,4,9,5,1:33.103,93103.0
22,4,10,9,1:33.298,93298.0
22,4,11,6,1:33.246,93246.0
22,4,12,4,1:33.049,93049.0
22,4,13,3,1:33.478,93478.0
22,4,14,10,1:33.241,93241.0
22,4,15,8,1:33.494,93494.0
22,4,16,4,1:33.435,93435.0
22,4,17,5,1:33.073,93073.0
22,4,18,7,1:33.281,93281.0
22,4,19,10,1:33.248,93248.0
22,4,20,1,1:32.755,92755.0
22,4,21,1,1:33.027,93027.0
22,4,22,10,1:33.047,93047.0
22,4,23,4,1:32.878,92878.0
22,4,24,4,1:32.826,92826.0
22,4,25,8,1:32.875,92875.0
22,4,26,7,1:32.812,92812.0
22,4,27,9,1:32.866,92866.0
22,4,28,6,1:32.796,92796.0
22,4,29,1,1:32.723,92723.0
22,4,30,7,1:32.811,92811.0
22,4,31,3,1:32.902,92902.0
22,4,32,1,1:33.018,93018.0
22,4,33,5,1:32.867,92867.0
22,4,34,6,1:32.786,92786.0
22,4,35,4,1:32.935,92935.0
22,4,36,4,1:32.724,92724.0
22,4,37,9,1:32.800,92800.0
22,4,38,6,1:33.107,93107.0
22,4,39,4,1:32.758,92758.0
22,4,40,4,1:32.768,92768.0
22,4,41,9,1:32.623,92623.0
22,4,42,4,1:32.381,92381.0
22,4,43,10,1:32.616,92616.0
22,4,44,3,1:32.584,92584.0
22,4,45,10,1:32.659,92659.0
22,4,46,10,1:32.603,92603.0
22,4,47,5,1:32.363,92363.0
22,4,48,4,1:32.651,92651.0
22,4,49,7,1:32.449,92449.0
22,4,50,10,1:32.463,92463.0
22,4,51,5,1:32.503,92503.0
22,4,52,7,1:32.474,92474.0
22,4,53,5,1:32.472,92472.0
22,5,1,3,1:33.118,93118.0
22,5,2,3,1:33.246,93246.0
22,5,3,2,1:33.176,93176.0
22,5,4,6,1:33.143,93143.0
22,5,5,8,1:33.075,93075.0
22,5,6,10,1:33.204,93204.0
22,5,7,9,1:33.025,93025.0
22,5,8,10,1:33.044,93044.0
22,5,9,7,1:32.830,92830.0
22,5,10,7,1:32.908,92908.0
22,5,11,9,1:33.095,93095.0
22,5,12,2,1:32.961,92961.0
22,5,13,6,1:32.987,92987.0
22,5,14,9,1:32.967,92967.0
22,5,15,6,1:32.894,92894.0
22,5,16,7,1:32.989,92989.0
22,5,17,3,1:33.102,93102.0
22,5,18,5,1:33.025,93025.0
22,5,19,2,1:33.288,93288.0
22,5,20,1,1:32.766,92766.0
22,5,21,1,1:32.536,92536.0
22,5,22,3,1:32.783,92783.0
22,5,23,9,1:32.680,92680.0
22,5,24,7,1:32.762,92762.0
22,5,25,6,1:32.545,92545.0
22,5,26,10,1:32.546,92546.0
22,5,27,9,1:32.596,92596.0
22,5,28,3,1:32.867,92867.0
22,5,29,7,1:32.551,92551.0
22,5,30,3,1:32.682,92682.0
22,5,31,6,1:32.734,92734.0
22,5,32,5,1:32.599,92599.0
22,5,33,4,1:32.761,92761.0
22,5,34,5,1:32.846,92846.0
22,5,35,10,1:32.684,92684.0
22,5,36,2,1:32.558,92558.0
22,5,37,2,1:32.432,92432.0
22,5,38,2,1:32.613,92613.0
22,5,39,10,1:32.578,92578.0
22,5,40,6,1:32.169,92169.0
22,5,41,3,1:32.314,92314.0
22,5,42,7,1:32.447,92447.0
22,5,43,7,1:32.393,92393.0
22,5,44,9,1:32.268,92268.0
22,5,45,5,1:32.093,92093.0
22,5,46,1,1:32.002,92002.0
22,5,47,2,1:32.248,92248.0
22,5,48,3,1:32.226,92226.0
22,5,49,3,1:32.532,92532.0
22,5,50,10,1:32.387,92387.0
22,5,51,3,1:32.144,92144.0
22,5,52,1,1:32.322,92322.0
22,5,53,2,1:32.126,92126.0
22,6,1,9,1:33.306,93306.0
22,6,2,2,1:33.085,93085.0
22,6,3,6,1:33.019,93019.0
22,6,4,6,1:33.042,93042.0
22,6,5,7,1:33.135,93135.0
22,6,6,5,1:33.184,570660.0
22,6,7,4,1:32.941,92941.0
22,6,8,4,1:33.126,93126.0
22,6,9,7,1:33.202,93202.0
22,6,10,8,1:33.098,93098.0
22,6,11,8,1:33.033,93033.0
22,6,12,8,1:33.321,93321.0
22,6,13,8,1:33.058,93058.0
22,6,14,3,1:33.111,93111.0
22,6,15,4,1:32.998,92998.0
22,6,16,10,1:32.865,92865.0
22,6,17,10,1:32.959,92959.0
22,6,18,8,1:33.268,93268.0
22,6,19,10,1:33.052,93052.0
22,6,20,4,1:32.642,92642.0
22,6,21,1,1:32.684,92684.0
22,6,22,10,1:32.728,92728.0
22,6,23,10,1:32.726,92726.0
22,6,24,1,1:32.736,92736.0
22,6,25,6,1:32.686,92686.0
22,6,26,10,1:32.885,92885.0
22,6,27,9,1:32.769,92769.0
22,6,28,3,1:32.478,92478.0
22,6,29,8,1:32.656,92656.0
22,6,30,9,1:32.865,92865.0
22,6,31,3,1:32.655,92655.0
22,6,32,6,1:32.513,92513.0
22,6,33,4,1:32.803,92803.0
22,6,34,5,1:32.802,92802.0
22,6,35,2,1:32.717,92717.0
22,6,36,7,1:32.844,92844.0
22,6,37,1,1:32.763,92763.0
22,6,38,2,1:32.591,92591.0
22,6,39,6,1:32.670,92670.0
22,6,40,1,1:32.258,92258.0
22,6,41,5,1:32.365,92365.0
22,6,42,1,1:32.156,92156.0
22,6,43,7,1:32.345,92345.0
22,6,44,7,1:32.480,
22,6,45,7,1:32.544,92544.0
22,6,46,10,1:32.425,92425.0
22,6,47,3,1:32.347,92347.0
22,6,48,5,1:32.304,92304.0
22,6,49,7,1:32.345,92345.0
22,6,50,2,1:32.255,92255.0
22,6,51,6,1:32.377,92377.0
22,6,52,8,1:32.193,92193.0
22,6,53,2,1:32.117,92117.0
22,7,1,3,1:33.162,93162.0
22,7,2,5,1:33.386,93386.0
22,7,3,3,1:33.369,93369.0
22,7,4,8,1:33.432,93432.0
22,7,5,8,1:33.256,93256.0
22,7,6,1,1:33.267,93267.0
22,7,7,9,1:33.450,93450.0
22,7,8,5,1:33.143,93143.0
22,7,9,3,1:33.034,93034.0
22,7,10,7,1:33.398,93398.0
22,7,11,8,1:33.497,93497.0
22,7,12,1,1:33.421,93421.0
22,7,13,2,1:33.445,93445.0
22,7,14,7,1:33.344,93344.0
22,7,15,9,1:33.076,93076.0
22,7,16,7,1:33.258,93258.0
22,7,17,6,1:33.202,93202.0
22,7,18,6,1:33.394,93394.0
22,7,19,7,1:33.107,93107.0
22,7,20,3,1:32.988,92988.0
22,7,21,7,1:32.839,92839.0
22,7,22,9,1:32.730,92730.0
22,7,23,2,1:32.984,92984.0
22,7,24,1,1:32.819,92819.0
22,7,25,10,1:32.685,92685.0
22,7,26,8,1:32.881,92881.0
22,7,27,7,1:32.808,92808.0
22,7,28,9,1:32.857,92857.0
22,7,29,7,1:32.934,92934.0
22,7,30,5,1:32.727,92727.0
22,7,31,10,1:32.855,92855.0
22,7,32,6,1:32.859,92859.0
22,7,33,4,1:32.854,92854.0
22,7,34,10,1:32.731,92731.0
22,7,35,9,1:32.719,92719.0
22,7,36,5,1:32.964,92964.0
22,7,37,5,1:32.870,92870.0
22,7,38,9,1:32.841,92841.0
22,7,39,6,1:32.839,92839.0
22,7,40,5,1:32.511,92511.0
22,7,41,10,1:32.485,92485.0
22,7,42,10,1:32.656,92656.0
22,7,43,7,1:32.546,92546.0
22,7,44,9,1:32.667,92667.0
22,7,45,7,1:32.344,92344.0
22,7,46,8,1:32.500,92500.0
22,7,47,9,1:32.567,92567.0
22,7,48,6,1:32.474,92474.0
22,7,49,4,1:32.423,92423.0
22,7,50,1,1:32.297,92297.0
22,7,51,8,1:32.411,92411.0
22,7,52,10,1:32.330,92330.0
22,7,53,6,1:32.484,92484.0
22,8,1,7,1:33.392,93392.0
22,8,2,9,1:33.276,93276.0
22,8,3,5,1:33.312,93312.0
22,8,4,6,1:33.593,93593.0
22,8,5,8,1:33.133,93133.0
22,8,6,4,1:33.537,93537.0
22,8,7,5,1:33.325,93325.0
22,8,8,1,1:33.348,570660.0
22,8,9,8,1:33.046,93046.0
22,8,10,5,1:33.250,93250.0
22,8,11,4,1:33.294,93294.0
22,8,12,9,1:33.444,93444.0
22,8,13,3,1:33.233,93233.0
22,8,14,5,1:33.365,93365.0
22,8,15,3,1:33.205,93205.0
22,8,16,2,1:33.181,93181.0
22,8,17,9,1:32.909,92909.0
22,8,18,9,1:33.225,93225.0
22,8,19,10,1:33.200,93200.0
22,8,20,5,1:32.976,92976.0
22,8,21,3,1:32.687,92687.0
22,8,22,9,1:33.118,93118.0
22,8,23,8,1:32.837,92837.0
22,8,24,4,1:33.066,93066.0
22,8,25,3,1:32.928,92928.0
22,8,26,2,1:32.979,92979.0
22,8,27,6,1:32.869,92869.0
22,8,28,4,1:33.026,93026.0
22,8,29,10,1:32.743,92743.0
22,8,30,6,1:32.864,92864.0
22,8,31,9,1:32.925,92925.0
22,8,32,3,1:32.674,92674.0
22,8,33,9,1:32.941,92941.0
22,8,34,5,1:32.693,92693.0
22,8,35,7,1:32.553,92553.0
22,8,36,6,1:32.930,92930.0
22,8,37,6,1:32.836,92836.0
22,8,38,7,1:32.827,92827.0
22,8,39,8,1:32.665,92665.0
22,8,40,4,1:32.481,92481.0
22,8,41,1,1:32.494,92494.0
22,8,42,8,1:32.548,92548.0
22,8,43,1,1:32.333,92333.0
22,8,44,4,1:32.502,92502.0
22,8,45,2,1:32.384,92384.0
22,8,46,7,1:32.464,92464.0
22,8,47,5,1:32.480,92480.0
22,8,48,3,1:32.552,92552.0
22,8,49,8,1:32.425,92425.0
22,8,50,2,1:32.314,92314.0
22,8,51,6,1:32.459,92459.0
22,8,52,5,1:32.320,92320.0
22,8,53,6,1:32.583,92583.0
22,9,1,1,1:33.337,93337.0
22,9,2,10,1:33.295,93295.0
22,9,3,8,1:33.458,93458.0
22,9,4,10,1:33.437,93437.0
22,9,5,2,1:33.472,93472.0
22,9,6,4,1:33.442,93442.0
22,9,7,1,1:33.239,93239.0
22,9,8,1,1:33.347,93347.0
22,9,9,1,1:33.456,93456.0
22,9,10,6,1:33.199,93199.0
22,9,11,2,1:33.387,93387.0
22,9,12,10,1:33.395,93395.0
22,9,13,5,1:33.352,93352.0
22,9,14,4,1:33.303,93303.0
22,9,15,9,1:33.337,93337.0
22,9,16,10,1:33.538,93538.0
22,9,17,6,1:33.357,
22,9,18,7,1:33.335,93335.0
22,9,19,9,1:33.293,93293.0
22,9,20,8,1:33.107,93107.0
22,9,21,8,1:33.213,93213.0
22,9,22,2,1:33.206,93206.0
22,9,23,10,1:32.930,92930.0
22,9,24,9,1:33.089,93089.0
22,9,25,7,1:32.993,92993.0
22,9,26,5,1:32.964,92964.0
22,9,27,2,1:33.122,93122.0
22,9,28,8,1:33.158,93158.0
22,9,29,1,1:32.961,92961.0
22,9,30,2,1:33.129,93129.0
22,9,31,5,1:32.917,92917.0
22,9,32,7,1:32.926,92926.0
22,9,33,6,1:32.930,92930.0
22,9,34,9,1:33.088,93088.0
22,9,35,5,1:33.051,93051.0
22,9,36,8,1:32.882,92882.0
22,9,37,8,1:32.942,92942.0
22,9,38,8,1:32.925,92925.0
22,9,39,6,1:32.890,92890.0
22,9,40,1,1:32.627,92627.0
22,9,41,9,1:32.690,92690.0
22,9,42,7,1:32.664,92664.0
22,9,43,5,1:32.622,92622.0
22,9,44,4,1:32.586,92586.0
22,9,45,5,1:32.565,92565.0
22,9,46,9,1:32.378,92378.0
22,9,47,8,1:32.606,92606.0
22,9,48,2,1:32.561,92561.0
22,9,49,10,1:32.295,
22,9,50,1,1:32.804,92804.0
22,9,51,5,1:32.532,92532.0
22,9,52,8,1:32.545,92545.0
22,9,53,5,1:32.655,92655.0
22,10,1,2,1:33.794,93794.0
22,10,2,3,1:33.655,93655.0
22,10,3,3,1:33.635,93635.0
22,10,4,3,1:33.774,93774.0
22,10,5,3,1:33.458,93458.0
22,10,6,3,1:33.583,93583.0
22,10,7,8,1:33.676,93676.0
22,10,8,5,1:33.845,93845.0
22,10,9,1,1:33.607,93607.0
22,10,10,5,1:33.718,93718.0
22,10,11,9,1:33.690,93690.0
22,10,12,8,1:33.569,93569.0
22,10,13,2,1:33.481,93481.0
22,10,14,9,1:33.643,93643.0
22,10,15,6,1:33.587,93587.0
22,10,16,1,1:33.665,93665.0
22,10,17,3,1:33.553,93553.0
22,10,18,9,1:33.537,93537.0
22,10,19,2,1:33.660,93660.0
22,10,20,6,1:33.338,93338.0
22,10,21,7,1:33.299,93299.0
22,10,22,2,1:33.262,93262.0
22,10,23,5,1:33.101,93101.0
22,10,24,8,1:33.117,93117.0
22,10,25,6,1:33.402,93402.0
22,10,26,8,1:33.197,93197.0
22,10,27,4,1:33.397,93397.0
22,10,28,4,1:33.160,93160.0
22,10,29,9,1:33.022,93022.0
22,10,30,5,1:33.458,93458.0
22,10,31,4,1:33.024,93024.0
22,10,32,7,1:33.226,93226.0
22,10,33,2,1:33.147,93147.0
22,10,34,1,1:33.187,93187.0
22,10,35,5,1:33.242,93242.0
22,10,36,10,1:33.208,93208.0
22,10,37,7,1:33.043,93043.0
22,10,38,7,1:32.961,92961.0
22,10,39,9,1:33.113,93113.0
22,10,40,7,1:33.026,93026.0
22,10,41,1,1:32.898,92898.0
22,10,42,1,1:32.895,92895.0
22,10,43,3,1:32.634,92634.0
22,10,44,3,1:32.843,92843.0
22,10,45,1,1:32.907,92907.0
22,10,46,5,1:32.762,92762.0
22,10,47,5,1:32.828,92828.0
22,10,48,2,1:32.943,92943.0
22,10,49,6,1:32.928,92928.0
22,10,50,1,1:32.827,92827.0
22,10,51,8,1:32.858,92858.0
22,10,52,1,1:33.016,93016.0
22,10,53,9,1:32.806,92806.0
23,1,1,4,1:32.824,92824.0
23,1,2,3,1:32.658,92658.0
23,1,3,8,1:32.825,92825.0
23,1,4,6,1:32.651,92651.0
23,1,5,9,1:32.740,92740.0
23,1,6,2,1:32.823,92823.0
23,1,7,2,1:32.729,92729.0
23,1,8,10,1:32.354,
23,1,9,2,1:32.557,92557.0
23,1,10,5,1:32.624,92624.0
23,1,11,4,1:32.790,92790.0
23,1,12,10,1:32.473,92473.0
23,1,13,5,1:32.549,92549.0
23,1,14,7,1:32.495,92495.0
23,1,15,4,1:32.690,92690.0
23,1,16,4,1:32.649,92649.0
23,1,17,4,1:32.623,92623.0
23,1,18,4,1:32.431,92431.0
23,1,19,4,1:32.536,92536.0
23,1,20,5,1:32.201,92201.0
23,1,21,1,1:32.222,92222.0
23,1,22,3,1:32.256,92256.0
23,1,23,9,1:32.399,92399.0
23,1,24,3,1:32.187,92187.0
23,1,25,10,1:32.387,92387.0
23,1,26,6,1:32.197,92197.0
23,1,27,2,1:32.186,92186.0
23,1,28,3,1:32.300,92300.0
23,1,29,3,1:32.177,92177.0
23,1,30,2,1:32.224,92224.0
23,1,31,5,1:32.202,92202.0
23,1,32,4,1:32.281,92281.0
23,1,33,7,1:32.309,92309.0
23,1,34,9,1:32.142,92142.0
23,1,35,3,1:32.045,92045.0
23,1,36,7,1:32.122,92122.0
23,1,37,1,1:32.196,92196.0
23,1,38,7,1:32.085,92085.0
23,1,39,10,1:31.955,91955.0
23,1,40,5,1:31.799,91799.0
23,1,41,9,1:31.840,91840.0
23,1,42,4,1:31.768,91768.0
23,1,43,4,1:31.953,91953.0
23,1,44,8,1:31.857,91857.0
23,1,45,9,1:31.822,91822.0
23,1,46,5,1:32.116,92116.0
23,1,47,8,1:32.019,92019.0
23,1,48,8,1:31.625,91625.0
23,1,49,7,1:31.750,91750.0
23,1,50,5,1:31.884,91884.0
23,1,51,5,1:31.850,91850.0
23,1,52,1,1:31.698,91698.0
23,1,53,5,1:31.869,91869.0
23,1,54,9,1:31.873,91873.0
23,1,55,8,1:31.794,91794.0
23,1,56,9,1:31.777,91777.0
23,1,57,8,1:31.975,91975.0
23,1,58,8,1:31.841,91841.0
23,1,59,10,1:31.750,91750.0
23,1,60,10,1:31.493,91493.0
23,1,61,6,1:31.397,91397.0
23,2,1,5,1:32.078,92078.0
23,2,2,8,1:32.460,
23,2,3,6,1:32.362,92362.0
23,2,4,2,1:32.337,92337.0
23,2,5,1,1:32.193,92193.0
23,2,6,3,1:32.211,92211.0
23,2,7,7,1:32.099,92099.0
23,2,8,2,1:32.081,92081.0
23,2,9,2,1:32.279,92279.0
23,2,10,3,1:32.088,
23,2,11,7,1:32.171,92171.0
23,2,12,9,1:32.055,92055.0
23,2,13,4,1:32.045,92045.0
23,2,14,6,1:32.191,92191.0
23,2,15,10,1:32.211,92211.0
23,2,16,7,1:32.217,92217.0
23,2,17,9,1:32.035,92035.0
23,2,18,5,1:32.173,92173.0
23,2,19,7,1:32.229,92229.0
23,2,20,10,1:31.918,91918.0
23,2,21,5,1:31.808,91808.0
23,2,22,7,1:31.984,91984.0
23,2,23,7,1:31.854,91854.0
23,2,24,5,1:31.900,91900.0
23,2,25,4,1:31.826,91826.0
23,2,26,5,1:31.931,91931.0
23,2,27,8,1:31.757,91757.0
23,2,28,10,1:31.878,91878.0
23,2,29,4,1:31.847,91847.0
23,2,30,5,1:31.889,91889.0
23,2,31,2,1:31.767,91767.0
23,2,32,9,1:31.876,91876.0
23,2,33,1,1:31.701,91701.0
23,2,34,7,1:31.760,91760.0
23,2,35,1,1:31.822,91822.0
23,2,36,10,1:31.891,91891.0
23,2,37,6,1:31.752,91752.0
23,2,38,4,1:31.702,91702.0
23,2,39,1,1:31.748,91748.0
23,2,40,9,1:31.378,91378.0
23,2,41,5,1:31.355,91355.0
23,2,42,3,1:31.527,91527.0
23,2,43,8,1:31.396,91396.0
23,2,44,2,1:31.444,91444.0
23,2,45,9,1:31.569,91569.0
23,2,46,5,1:31.371,91371.0
23,2,47,8,1:31.331,91331.0
23,2,48,3,1:31.506,91506.0
23,2,49,10,1:31.530,91530.0
23,2,50,1,1:31.568,91568.0
23,2,51,8,1:31.533,91533.0
23,2,52,9,1:31.571,91571.0
23,2,53,1,1:31.296,91296.0
23,2,54,9,1:31.180,91180.0
23,2,55,1,1:31.171,91171.0
23,2,56,1,1:31.130,91130.0
23,2,57,2,1:31.127,91127.0
23,2,58,3,1:31.361,91361.0
23,2,59,9,1:31.117,
23,2,60,3,1:31.067,91067.0
23,2,61,3,1:30.840,90840.0
23,3,1,8,1:32.768,92768.0
23,3,2,8,1:32.942,92942.0
23,3,3,4,1:32.904,
23,3,4,1,1:33.168,93168.0
23,3,5,10,1:32.689,92689.0
23,3,6,10,1:33.071,93071.0
23,3,7,3,1:32.816,92816.0
23,3,8,10,1:32.946,92946.0
23,3,9,8,1:33.011,93011.0
23,3,10,1,1:32.894,92894.0
23,3,11,6,1:32.637,92637.0
23,3,12,10,1:33.101,93101.0
23,3,13,9,1:32.661,92661.0
23,3,14,8,1:32.520,92520.0
23,3,15,1,1:32.652,92652.0
23,3,16,1,1:32.811,92811.0
23,3,17,4,1:32.753,92753.0
23,3,18,10,1:32.551,92551.0
23,3,19,3,1:32.865,92865.0
23,3,20,2,1:32.352,92352.0
23,3,21,5,1:32.530,92530.0
23,3,22,10,1:32.687,92687.0
23,3,23,5,1:32.580,92580.0
23,3,24,8,1:32.516,92516.0
23,3,25,3,1:32.499,92499.0
23,3,26,6,1:32.493,92493.0
23,3,27,2,1:32.566,92566.0
23,3,28,6,1:32.565,92565.0
23,3,29,9,1:32.381,92381.0
23,3,30,2,1:32.510,92510.0
23,3,31,6,1:32.361,92361.0
23,3,32,10,1:32.520,92520.0
23,3,33,6,1:32.595,
23,3,34,7,1:32.619,92619.0
23,3,35,8,1:32.554,92554.0
23,3,36,6,1:32.377,92377.0
23,3,37,2,1:32.445,92445.0
23,3,38,7,1:32.369,92369.0
23,3,39,2,1:32.205,92205.0
23,3,40,2,1:32.414,92414.0
23,3,41,3,1:32.134,92134.0
23,3,42,8,1:32.115,92115.0
23,3,43,2,1:32.011,92011.0
23,3,44,6,1:32.113,92113.0
23,3,45,7,1:32.071,92071.0
23,3,46,6,1:32.144,92144.0
23,3,47,5,1:32.101,92101.0
23,3,48,8,1:32.155,92155.0
23,3,49,1,1:32.042,92042.0
23,3,50,9,1:32.232,92232.0
23,3,51,9,1:31.933,91933.0
23,3,52,10,1:32.105,92105.0
23,3,53,9,1:31.955,91955.0
23,3,54,5,1:32.128,92128.0
23,3,55,2,1:31.997,91997.0
23,3,56,6,1:32.238,92238.0
23,3,57,2,1:31.805,91805.0
23,3,58,7,1:31.764,91764.0
23,3,59,5,1:32.015,92015.0
23,3,60,4,1:31.833,91833.0
23,3,61,3,1:31.724,91724.0
23,4,1,1,1:31.913,91913.0
23,4,2,1,1:31.804,91804.0
23,4,3,4,1:31.767,91767.0
23,4,4,10,1:31.458,91458.0
23,4,5,8,1:31.743,91743.0
23,4,6,9,1:31.707,91707.0
23,4,7,2,1:31.674,91674.0
23,4,8,2,1:31.711,91711.0
23,4,9,2,1:31.766,91766.0
23,4,10,10,1:31.693,91693.0
23,4,11,9,1:31.852,91852.0
23,4,12,3,1:31.738,91738.0
23,4,13,8,1:31.550,91550.0
23,4,14,10,1:31.432,91432.0
23,4,15,7,1:31.588,91588.0
23,4,16,9,1:31.782,91782.0
23,4,17,6,1:31.589,91589.0
23,4,18,7,1:31.639,91639.0
23,4,19,3,1:31.562,91562.0
23,4,20,2,1:31.378,91378.0
23,4,21,5,1:31.511,
23,4,22,2,1:31.323,91323.0
23,4,23,1,1:31.495,91495.0
23,4,24,2,1:31.173,91173.0
23,4,25,10,1:31.456,91456.0
23,4,26,5,1:31.466,91466.0
23,4,27,4,1:31.025,91025.0
23,4,28,4,1:31.146,91146.0
23,4,29,9,1:31.305,91305.0
23,4,30,8,1:31.174,91174.0
23,4,31,4,1:31.320,91320.0
23,4,32,5,1:31.218,91218.0
23,4,33,5,1:31.337,91337.0
23,4,34,6,1:31.285,
23,4,35,5,1:31.300,91300.0
23,4,36,9,1:31.218,91218.0
23,4,37,4,1:31.217,91217.0
23,4,38,3,1:31.350,91350.0
23,4,39,4,1:31.238,91238.0
23,4,40,4,1:30.887,90887.0
23,4,41,6,1:31.066,91066.0
23,4,42,10,1:31.025,91025.0
23,4,43,5,1:30.997,90997.0
23,4,44,4,1:30.974,90974.0
23,4,45,6,1:30.795,90795.0
23,4,46,1,1:30.696,90696.0
23,4,47,3,1:30.857,90857.0
23,4,48,2,1:30.966,90966.0
23,4,49,7,1:30.736,90736.0
23,4,50,3,1:30.883,90883.0
23,4,51,2,1:30.735,90735.0
23,4,52,6,1:30.648,90648.0
23,4,53,10,1:30.884,90884.0
23,4,54,10,1:30.890,90890.0
23,4,55,9,1:30.835,90835.0
23,4,56,7,1:30.642,90642.0
23,4,57,2,1:30.803,90803.0
23,4,58,4,1:30.822,90822.0
23,4,59,7,1:30.656,90656.0
23,4,60,4,1:30.491,90491.0
23,4,61,2,1:30.429,90429.0
23,5,1,7,1:32.097,92097.0
23,5,2,9,1:32.041,92041.0
23,5,3,5,1:31.681,91681.0
23,5,4,9,1:31.855,91855.0
23,5,5,10,1:32.174,92174.0
23,5,6,2,1:31.966,91966.0
23,5,7,1,1:31.914,91914.0
23,5,8,3,1:31.858,91858.0
23,5,9,5,1:31.709,91709.0
23,5,10,5,1:31.998,91998.0
23,5,11,9,1:31.763,91763.0
23,5,12,7,1:31.881,91881.0
23,5,13,7,1:31.871,91871.0
23,5,14,6,1:31.946,91946.0
23,5,15,4,1:31.694,91694.0
23,5,16,5,1:31.758,91758.0
23,5,17,3,1:31.887,91887.0
23,5,18,3,1:31.796,91796.0
23,5,19,1,1:31.884,91884.0
23,5,20,9,1:31.610,91610.0
23,5,21,6,1:31.644,91644.0
23,5,22,1,1:31.702,91702.0
23,5,23,3,1:31.540,91540.0
23,5,24,9,1:31.352,91352.0
23,5,25,6,1:31.274,91274.0
23,5,26,2,1:31.365,91365.0
23,5,27,1,1:31.431,91431.0
23,5,28,8,1:31.553,91553.0
23,5,29,7,1:31.582,91582.0
23,5,30,2,1:31.318,91318.0
23,5,31,3,1:31.521,91521.0
23,5,32,9,1:31.211,91211.0
23,5,33,2,1:31.591,91591.0
23,5,34,3,1:31.537,91537.0
23,5,35,9,1:31.328,91328.0
23,5,36,5,1:31.458,91458.0
23,5,37,7,1:31.384,91384.0
23,5,38,6,1:31.370,91370.0
23,5,39,5,1:31.458,91458.0
23,5,40,3,1:30.964,90964.0
23,5,41,1,1:30.734,90734.0
23,5,42,2,1:31.050,91050.0
23,5,43,10,1:31.055,91055.0
23,5,44,9,1:31.197,91197.0
23,5,45,9,1:30.919,90919.0
23,5,46,8,1:31.153,91153.0
23,5,47,3,1:31.107,91107.0
23,5,48,5,1:31.174,91174.0
23,5,49,5,1:31.059,91059.0
23,5,50,9,1:31.103,91103.0
23,5,51,7,1:31.109,91109.0
23,5,52,10,1:30.823,90823.0
23,5,53,3,1:30.999,90999.0
23,5,54,9,1:31.080,91080.0
23,5,55,10,1:31.092,91092.0
23,5,56,5,1:30.909,90909.0
23,5,57,10,1:31.060,91060.0
23,5,58,9,1:31.152,91152.0
23,5,59,9,1:31.185,91185.0
23,5,60,7,1:30.752,90752.0
23,5,61,8,1:30.936,90936.0
23,6,1,1,1:32.665,92665.0
23,6,2,4,1:32.709,92709.0
23,6,3,7,1:32.653,92653.0
23,6,4,10,1:32.467,92467.0
23,6,5,5,1:32.600,92600.0
23,6,6,2,1:32.661,92661.0
23,6,7,7,1:32.490,92490.0
23,6,8,9,1:32.555,92555.0
23,6,9,5,1:32.641,92641.0
23,6,10,2,1:32.548,92548.0
23,6,11,4,1:32.474,92474.0
23,6,12,3,1:32.553,92553.0
23,6,13,1,1:32.612,92612.0
23,6,14,7,1:32.582,92582.0
23,6,15,4,1:32.466,92466.0
23,6,16,9,1:32.765,92765.0
23,6,17,6,1:32.357,92357.0
23,6,18,6,1:32.307,92307.0
23,6,19,5,1:32.609,92609.0
23,6,20,10,1:32.179,
23,6,21,1,1:32.239,92239.0
23,6,22,2,1:32.365,92365.0
23,6,23,8,1:32.135,92135.0
23,6,24,1,1:32.227,92227.0
23,6,25,5,1:32.186,92186.0
23,6,26,2,1:32.235,92235.0
23,6,27,9,1:32.021,92021.0
23,6,28,7,1:32.143,92143.0
23,6,29,5,1:32.119,92119.0
23,6,30,7,1:32.217,92217.0
23,6,31,6,1:31.919,
23,6,32,6,1:32.123,92123.0
23,6,33,10,1:32.203,92203.0
23,6,34,5,1:32.232,92232.0
23,6,35,9,1:32.035,92035.0
23,6,36,5,1:32.162,92162.0
23,6,37,4,1:32.206,92206.0
23,6,38,2,1:32.230,92230.0
23,6,39,8,1:32.003,92003.0
23,6,40,7,1:31.570,91570.0
23,6,41,8,1:32.080,92080.0
23,6,42,10,1:32.047,92047.0
23,6,43,6,1:31.693,91693.0
23,6,44,9,1:31.916,91916.0
23,6,45,1,1:31.865,91865.0
23,6,46,5,1:31.836,91836.0
23,6,47,6,1:31.915,91915.0
23,6,48,4,1:31.912,91912.0
23,6,49,9,1:31.665,91665.0
23,6,50,2,1:31.468,91468.0
23,6,51,1,1:31.629,91629.0
23,6,52,1,1:31.802,91802.0
23,6,53,5,1:31.716,91716.0
23,6,54,7,1:31.833,91833.0
23,6,55,1,1:31.714,91714.0
23,6,56,2,1:31.922,91922.0
23,6,57,5,1:31.662,91662.0
23,6,58,7,1:31.659,91659.0
23,6,59,7,1:31.720,91720.0
23,6,60,2,1:31.313,91313.0
23,6,61,5,1:31.591,91591.0
23,7,1,4,1:32.232,92232.0
23,7,2,3,1:32.528,92528.0
23,7,3,4,1:32.320,92320.0
23,7,4,2,1:32.487,92487.0
23,7,5,2,1:32.561,92561.0
23,7,6,9,1:32.374,92374.0
23,7,7,1,1:32.433,92433.0
23,7,8,5,1:32.481,92481.0
23,7,9,3,1:32.459,92459.0
23,7,10,9,1:32.107,92107.0
23,7,11,6,1:32.429,92429.0
23,7,12,7,1:32.343,92343.0
23,7,13,5,1:32.091,92091.0
23,7,14,8,1:32.270,92270.0
23,7,15,1,1:32.548,92548.0
23,7,16,8,1:32.243,92243.0
23,7,17,1,1:32.085,92085.0
23,7,18,8,1:32.406,92406.0
23,7,19,7,1:32.289,92289.0
23,7,20,7,1:32.025,92025.0
23,7,21,6,1:32.187,92187.0
23,7,22,8,1:31.854,91854.0
23,7,23,1,1:31.875,91875.0
23,7,24,8,1:32.147,92147.0
23,7,25,10,1:31.875,91875.0
23,7,26,3,1:32.044,92044.0
23,7,27,6,1:31.874,91874.0
23,7,28,5,1:31.997,91997.0
23,7,29,9,1:31.984,91984.0
23,7,30,9,1:32.207,92207.0
23,7,31,7,1:31.921,91921.0
23,7,32,10,1:32.018,92018.0
23,7,33,6,1:32.159,92159.0
23,7,34,10,1:32.057,92057.0
23,7,35,4,1:31.846,91846.0
23,7,36,2,1:31.799,91799.0
23,7,37,1,1:31.932,91932.0
23,7,38,10,1:31.996,91996.0
23,7,39,5,1:32.128,92128.0
23,7,40,2,1:31.427,91427.0
23,7,41,9,1:31.635,91635.0
23,7,42,1,1:31.675,91675.0
23,7,43,5,1:31.624,91624.0
23,7,44,5,1:31.651,91651.0
23,7,45,7,1:31.614,91614.0
23,7,46,1,1:31.409,91409.0
23,8,1,1,1:32.349,92349.0
23,8,2,7,1:32.381,92381.0
23,8,3,10,1:32.320,92320.0
23,8,4,8,1:32.504,92504.0
23,8,5,2,1:32.391,92391.0
23,8,6,9,1:32.401,92401.0
23,8,7,7,1:32.297,
23,8,8,1,1:32.250,92250.0
23,8,9,5,1:32.114,92114.0
23,8,10,6,1:32.334,92334.0
23,8,11,10,1:32.250,92250.0
23,8,12,2,1:32.190,92190.0
23,8,13,5,1:32.056,92056.0
23,8,14,6,1:32.075,570660.0
23,8,15,8,1:32.293,92293.0
23,8,16,2,1:32.362,92362.0
23,8,17,9,1:32.352,92352.0
23,8,18,2,1:32.131,92131.0
23,8,19,2,1:32.284,92284.0
23,8,20,6,1:31.731,91731.0
23,8,21,4,1:31.998,91998.0
23,8,22,8,1:31.890,91890.0
23,8,23,7,1:32.079,92079.0
23,8,24,3,1:31.912,91912.0
23,8,25,1,1:31.783,91783.0
23,8,26,3,1:31.932,91932.0
23,8,27,2,1:31.836,91836.0
23,8,28,5,1:31.857,91857.0
23,8,29,1,1:31.948,91948.0
23,8,30,2,1:31.786,91786.0
23,8,31,9,1:31.804,91804.0
23,8,32,9,1:31.756,91756.0
23,8,33,8,1:31.783,91783.0
23,8,34,1,1:31.833,91833.0
23,8,35,3,1:31.642,91642.0
23,8,36,5,1:31.894,91894.0
23,8,37,5,1:31.670,91670.0
23,8,38,8,1:31.733,91733.0
23,8,39,10,1:31.901,91901.0
23,8,40,1,1:31.563,91563.0
23,8,41,1,1:31.541,91541.0
23,8,42,1,1:31.725,91725.0
23,8,43,1,1:31.628,91628.0
23,8,44,7,1:31.563,91563.0
23,8,45,6,1:31.649,91649.0
23,8,46,4,1:31.711,91711.0
23,8,47,8,1:31.866,91866.0
23,8,48,6,1:31.438,91438.0
23,8,49,1,1:31.381,91381.0
23,8,50,4,1:31.642,91642.0
23,8,51,3,1:31.442,91442.0
23,8,52,7,1:31.605,91605.0
23,8,53,10,1:31.338,91338.0
23,8,54,10,1:31.670,91670.0
23,8,55,6,1:31.444,91444.0
23,8,56,5,1:31.319,91319.0
23,8,57,6,1:31.419,91419.0
23,8,58,3,1:31.510,91510.0
23,8,59,3,1:31.442,91442.0
23,8,60,1,1:31.340,91340.0
23,8,61,5,1:31.204,91204.0
23,9,1,8,1:32.858,92858.0
23,9,2,4,1:32.934,92934.0
23,9,3,9,1:32.923,92923.0
23,9,4,5,1:33.011,93011.0
23,9,5,3,1:32.986,92986.0
23,9,6,9,1:32.863,92863.0
23,9,7,9,1:32.717,92717.0
23,9,8,4,1:32.650,92650.0
23,9,9,5,1:32.714,92714.0
23,9,10,1,1:32.564,92564.0
23,9,11,4,1:32.824,92824.0
23,9,12,4,1:32.746,92746.0
23,9,13,2,1:32.416,92416.0
23,9,14,10,1:32.564,92564.0
23,9,15,4,1:32.650,92650.0
23,9,16,5,1:32.423,92423.0
23,9,17,5,1:32.609,92609.0
23,9,18,2,1:32.615,92615.0
23,9,19,9,1:32.598,92598.0
23,9,20,8,1:32.489,
23,9,21,7,1:32.547,92547.0
23,9,22,3,1:32.447,92447.0
23,9,23,10,1:32.571,92571.0
23,9,24,8,1:32.209,92209.0
23,9,25,8,1:32.399,92399.0
23,9,26,9,1:32.344,92344.0
23,9,27,7,1:32.505,92505.0
23,9,28,5,1:32.610,92610.0
23,9,29,4,1:32.503,92503.0
23,9,30,8,1:32.219,92219.0
23,9,31,4,1:32.259,92259.0
23,9,32,9,1:32.506,92506.0
23,9,33,7,1:32.223,92223.0
23,9,34,9,1:32.197,92197.0
23,9,35,3,1:32.654,92654.0
23,9,36,9,1:32.292,92292.0
23,9,37,4,1:32.371,92371.0
23,9,38,5,1:32.414,92414.0
23,9,39,7,1:32.078,92078.0
23,9,40,2,1:31.955,91955.0
23,9,41,1,1:32.062,570660.0
23,9,42,10,1:32.210,
23,9,43,10,1:32.080,92080.0
23,9,44,8,1:32.131,92131.0
23,9,45,5,1:31.956,91956.0
23,9,46,10,1:32.103,92103.0
23,9,47,4,1:31.693,91693.0
23,9,48,9,1:31.894,91894.0
23,9,49,2,1:31.885,91885.0
23,9,50,7,1:31.899,91899.0
23,9,51,10,1:32.070,92070.0
23,9,52,6,1:31.993,91993.0
23,9,53,9,1:31.909,91909.0
23,9,54,8,1:32.115,92115.0
23,9,55,2,1:32.035,92035.0
23,9,56,1,1:31.790,91790.0
23,9,57,4,1:31.837,91837.0
23,9,58,3,1:32.041,92041.0
23,9,59,9,1:31.958,91958.0
23,9,60,9,1:31.734,91734.0
23,9,61,7,1:31.792,91792.0
23,10,1,5,1:32.071,92071.0
23,10,2,1,1:32.247,92247.0
23,10,3,8,1:32.140,92140.0
23,10,4,9,1:32.279,92279.0
23,10,5,9,1:32.325,92325.0
23,10,6,3,1:32.372,92372.0
23,10,7,10,1:32.207,92207.0
23,10,8,9,1:32.102,92102.0
23,10,9,1,1:32.226,92226.0
23,10,10,8,1:32.293,92293.0
23,10,11,9,1:32.253,92253.0
23,10,12,4,1:32.059,92059.0
23,10,13,9,1:32.217,92217.0
23,10,14,3,1:32.326,92326.0
23,10,15,1,1:31.955,91955.0
23,10,16,1,1:32.380,92380.0
23,10,17,7,1:32.143,92143.0
23,10,18,1,1:31.974,91974.0
23,10,19,2,1:32.189,92189.0
23,10,20,2,1:31.919,91919.0
23,10,21,4,1:31.843,91843.0
23,10,22,3,1:31.768,91768.0
23,10,23,10,1:31.942,91942.0
23,10,24,10,1:31.763,91763.0
23,10,25,7,1:31.852,91852.0
23,10,26,9,1:31.751,91751.0
23,10,27,1,1:31.666,91666.0
23,10,28,2,1:31.673,91673.0
23,10,29,2,1:31.754,91754.0
23,10,30,3,1:32.078,92078.0
23,10,31,10,1:31.632,91632.0
23,10,32,1,1:31.578,91578.0
23,10,33,2,1:31.707,91707.0
23,10,34,4,1:31.906,91906.0
23,10,35,3,1:31.500,91500.0
23,10,36,10,1:31.608,91608.0
23,10,37,7,1:31.775,91775.0
23,10,38,3,1:31.588,91588.0
23,10,39,1,1:31.546,91546.0
23,10,40,1,1:31.459,91459.0
23,10,41,10,1:31.626,91626.0
23,10,42,3,1:31.472,91472.0
23,10,43,1,1:31.613,91613.0
23,10,44,7,1:31.404,91404.0
23,10,45,10,1:31.345,91345.0
23,10,46,8,1:31.421,91421.0
23,10,47,2,1:31.441,91441.0
23,10,48,3,1:31.491,91491.0
23,10,49,7,1:31.320,91320.0
23,10,50,9,1:31.421,91421.0
23,10,51,3,1:31.188,91188.0
23,10,52,2,1:31.405,91405.0
23,10,53,8,1:31.339,91339.0
23,10,54,9,1:31.409,91409.0
23,10,55,8,1:31.319,91319.0
23,10,56,6,1:31.195,91195.0
23,10,57,4,1:31.392,91392.0
23,10,58,2,1:31.331,91331.0
23,10,59,1,1:31.212,91212.0
23,10,60,4,1:31.132,91132.0
23,10,61,3,1:31.141,91141.0
24,1,1,5,1:27.794,87794.0
24,1,2,7,1:28.115,88115.0
24,1,3,2,1:28.145,88145.0
24,1,4,7,1:27.826,87826.0
24,1,5,10,1:27.884,87884.0
24,1,6,9,1:27.745,87745.0
24,1,7,9,1:27.951,87951.0
24,1,8,1,1:28.148,88148.0
24,1,9,10,1:27.895,87895.0
24,1,10,10,1:27.882,87882.0
24,1,11,3,1:27.855,87855.0
24,1,12,7,1:27.922,87922.0
24,1,13,2,1:27.727,87727.0
24,1,14,3,1:27.943,87943.0
24,1,15,7,1:28.027,88027.0
24,1,16,3,1:27.974,87974.0
24,1,17,9,1:27.787,87787.0
24,1,18,10,1:27.994,87994.0
24,1,19,1,1:27.660,87660.0
24,1,20,1,1:27.712,87712.0
24,1,21,9,1:27.543,87543.0
24,1,22,10,1:27.529,87529.0
24,1,23,8,1:27.567,87567.0
24,1,24,4,1:27.656,87656.0
24,1,25,7,1:27.538,87538.0
24,1,26,1,1:27.570,87570.0
24,1,27,6,1:27.624,87624.0
24,1,28,2,1:27.721,87721.0
24,1,29,1,1:27.531,87531.0
24,1,30,5,1:27.696,87696.0
24,1,31,10,1:27.489,87489.0
24,1,32,3,1:27.408,87408.0
24,1,33,9,1:27.525,87525.0
24,1,34,1,1:27.395,87395.0
24,1,35,7,1:27.390,87390.0
24,1,36,8,1:27.387,87387.0
24,1,37,2,1:27.543,87543.0
24,1,38,10,1:27.583,87583.0
24,1,39,3,1:27.457,87457.0
24,1,40,7,1:27.250,87250.0
24,1,41,7,1:27.158,87158.0
24,1,42,8,1:27.377,87377.0
24,2,1,1,1:27.467,87467.0
24,2,2,9,1:27.629,87629.0
24,2,3,2,1:27.664,87664.0
24,2,4,7,1:27.619,87619.0
24,2,5,7,1:27.623,87623.0
24,2,6,6,1:27.831,87831.0
24,2,7,4,1:27.670,87670.0
24,2,8,4,1:27.557,87557.0
24,2,9,8,1:27.528,87528.0
24,2,10,5,1:27.496,87496.0
24,2,11,9,1:27.727,87727.0
24,2,12,1,1:27.509,87509.0
24,2,13,9,1:27.716,87716.0
24,2,14,8,1:27.789,87789.0
24,2,15,4,1:27.760,87760.0
24,2,16,8,1:27.680,87680.0
24,2,17,6,1:27.698,87698.0
24,2,18,4,1:27.650,87650.0
24,2,19,8,1:27.472,87472.0
24,2,20,4,1:27.419,87419.0
24,2,21,2,1:27.547,87547.0
24,2,22,7,1:27.438,87438.0
24,2,23,1,1:27.360,87360.0
24,2,24,9,1:27.169,87169.0
24,2,25,6,1:27.234,87234.0
24,2,26,7,1:27.396,87396.0
24,2,27,4,1:27.432,87432.0
24,2,28,1,1:27.452,87452.0
24,2,29,4,1:27.311,87311.0
24,2,30,2,1:27.289,87289.0
24,2,31,6,1:27.200,87200.0
24,2,32,3,1:27.235,87235.0
24,2,33,2,1:27.259,87259.0
24,2,34,5,1:27.174,87174.0
24,2,35,7,1:27.370,87370.0
24,2,36,7,1:27.283,87283.0
24,2,37,8,1:27.228,87228.0
24,2,38,5,1:27.066,87066.0
24,2,39,3,1:27.039,87039.0
24,2,40,1,1:26.928,86928.0
24,2,41,10,1:26.956,86956.0
24,2,42,1,1:27.068,87068.0
24,2,43,8,1:26.986,86986.0
24,2,44,9,1:26.872,86872.0
24,2,45,1,1:26.963,86963.0
24,2,46,8,1:26.987,86987.0
24,2,47,10,1:26.799,86799.0
24,2,48,9,1:26.747,86747.0
24,2,49,2,1:26.884,86884.0
24,2,50,5,1:26.922,86922.0
24,2,51,10,1:26.834,86834.0
24,3,1,8,1:27.694,87694.0
24,3,2,8,1:27.341,87341.0
24,3,3,3,1:27.513,87513.0
24,3,4,1,1:27.435,87435.0
24,3,5,1,1:27.569,87569.0
24,3,6,5,1:27.405,87405.0
24,3,7,1,1:27.409,87409.0
24,3,8,8,1:27.205,87205.0
24,3,9,10,1:27.426,87426.0
24,3,10,9,1:27.551,87551.0
24,3,11,1,1:27.259,87259.0
24,3,12,5,1:27.550,87550.0
24,3,13,5,1:27.433,87433.0
24,3,14,7,1:27.444,87444.0
24,3,15,7,1:27.436,87436.0
24,3,16,4,1:27.384,87384.0
24,3,17,9,1:27.244,87244.0
24,3,18,5,1:27.289,87289.0
24,3,19,3,1:27.336,87336.0
24,3,20,7,1:27.003,87003.0
24,3,21,10,1:27.032,87032.0
24,3,22,3,1:27.020,87020.0
24,3,23,6,1:27.194,87194.0
24,3,24,2,1:26.951,86951.0
24,3,25,3,1:27.290,87290.0
24,3,26,4,1:27.050,87050.0
24,3,27,10,1:27.268,87268.0
24,3,28,2,1:27.199,87199.0
24,3,29,9,1:27.108,87108.0
24,3,30,3,1:27.006,87006.0
24,3,31,10,1:26.759,86759.0
24,3,32,7,1:27.033,87033.0
24,3,33,3,1:27.025,87025.0
24,3,34,9,1:27.023,87023.0
24,3,35,1,1:27.057,87057.0
24,3,36,9,1:27.038,87038.0
24,3,37,3,1:26.955,86955.0
24,3,38,6,1:27.073,87073.0
24,3,39,7,1:26.907,86907.0
24,3,40,5,1:26.681,86681.0
24,3,41,10,1:26.768,86768.0
24,3,42,5,1:26.703,86703.0
24,3,43,6,1:26.864,
24,3,44,5,1:26.891,86891.0
24,3,45,5,1:26.681,86681.0
24,3,46,4,1:26.667,86667.0
24,3,47,7,1:26.608,86608.0
24,3,48,7,1:26.743,86743.0
24,3,49,8,1:26.893,86893.0
24,3,50,6,1:26.686,86686.0
24,3,51,1,1:26.591,86591.0
24,4,1,3,1:28.288,88288.0
24,4,2,2,1:28.342,88342.0
24,4,3,9,1:28.040,88040.0
24,4,4,9,1:28.289,88289.0
24,4,5,5,1:28.381,88381.0
24,4,6,8,1:28.209,88209.0
24,4,7,8,1:28.303,88303.0
24,4,8,2,1:28.395,88395.0
24,4,9,7,1:28.021,88021.0
24,4,10,10,1:28.212,88212.0
24,4,11,4,1:28.275,88275.0
24,4,12,1,1:28.020,88020.0
24,4,13,7,1:28.301,88301.0
24,4,14,9,1:28.176,88176.0
24,4,15,7,1:28.409,88409.0
24,4,16,8,1:28.044,88044.0
24,4,17,1,1:28.287,88287.0
24,4,18,2,1:28.129,88129.0
24,4,19,8,1:28.144,88144.0
24,4,20,3,1:27.922,87922.0
24,4,21,9,1:27.841,87841.0
24,4,22,1,1:27.842,87842.0
24,4,23,3,1:27.839,87839.0
24,4,24,6,1:27.599,87599.0
24,4,25,3,1:27.797,87797.0
24,4,26,4,1:27.628,87628.0
24,4,27,3,1:27.799,87799.0
24,4,28,9,1:27.989,87989.0
24,4,29,3,1:27.908,87908.0
24,4,30,7,1:27.986,87986.0
24,4,31,6,1:27.807,87807.0
24,4,32,1,1:28.012,88012.0
24,4,33,6,1:27.841,87841.0
24,4,34,9,1:27.739,87739.0
24,4,35,4,1:27.776,87776.0
24,4,36,9,1:27.552,87552.0
24,4,37,4,1:27.622,87622.0
24,4,38,5,1:27.770,87770.0
24,4,39,5,1:27.806,87806.0
24,4,40,7,1:27.506,87506.0
24,4,41,7,1:27.433,87433.0
24,4,42,9,1:27.559,87559.0
24,4,43,3,1:27.368,87368.0
24,4,44,3,1:27.337,87337.0
24,4,45,5,1:27.459,87459.0
24,4,46,6,1:27.463,87463.0
24,4,47,4,1:27.470,87470.0
24,4,48,4,1:27.642,87642.0
24,4,49,5,1:27.556,87556.0
24,4,50,2,1:27.424,87424.0
24,4,51,9,1:27.330,87330.0
24,5,1,7,1:27.445,87445.0
24,5,2,4,1:27.560,87560.0
24,5,3,2,1:27.485,87485.0
24,5,4,10,1:27.372,87372.0
24,5,5,8,1:27.425,87425.0
24,5,6,8,1:27.437,87437.0
24,5,7,4,1:27.418,87418.0
24,5,8,7,1:27.421,87421.0
24,5,9,6,1:27.323,87323.0
24,5,10,3,1:27.351,87351.0
24,5,11,7,1:27.416,87416.0
24,5,12,3,1:27.367,87367.0
24,5,13,8,1:27.253,87253.0
24,5,14,5,1:27.668,87668.0
24,5,15,4,1:27.399,87399.0
24,5,16,8,1:27.463,87463.0
24,5,17,6,1:27.471,87471.0
24,5,18,1,1:27.538,87538.0
24,5,19,4,1:27.438,87438.0
24,5,20,1,1:27.120,87120.0
24,5,21,10,1:27.064,87064.0
24,6,1,10,1:28.351,88351.0
24,6,2,4,1:28.364,88364.0
24,6,3,7,1:28.168,88168.0
24,6,4,4,1:28.254,88254.0
24,6,5,3,1:28.370,88370.0
24,6,6,9,1:28.191,88191.0
24,6,7,3,1:28.319,88319.0
24,6,8,5,1:28.195,88195.0
24,6,9,6,1:28.323,88323.0
24,6,10,10,1:28.334,88334.0
24,6,11,3,1:28.296,88296.0
24,6,12,3,1:28.241,88241.0
24,6,13,6,1:28.352,88352.0
24,6,14,4,1:28.349,88349.0
24,6,15,6,1:28.331,88331.0
24,6,16,9,1:28.270,88270.0
24,6,17,5,1:28.362,88362.0
24,6,18,4,1:28.231,88231.0
24,6,19,7,1:28.385,88385.0
24,6,20,8,1:28.055,88055.0
24,6,21,10,1:27.862,87862.0
24,6,22,5,1:28.037,88037.0
24,6,23,7,1:27.687,87687.0
24,6,24,6,1:28.019,88019.0
24,6,25,9,1:27.987,87987.0
24,6,26,6,1:27.819,87819.0
24,6,27,7,1:28.019,88019.0
24,6,28,2,1:28.001,88001.0
24,6,29,7,1:27.973,87973.0
24,6,30,4,1:28.048,88048.0
24,6,31,3,1:27.840,87840.0
24,6,32,6,1:28.062,88062.0
24,6,33,9,1:28.021,88021.0
24,6,34,5,1:28.193,88193.0
24,6,35,9,1:27.898,87898.0
24,6,36,6,1:27.869,570660.0
24,6,37,6,1:27.728,87728.0
24,6,38,10,1:27.787,87787.0
24,6,39,1,1:27.958,87958.0
24,6,40,8,1:27.672,87672.0
24,6,41,5,1:27.508,87508.0
24,6,42,1,1:27.262,87262.0
24,6,43,3,1:27.561,87561.0
24,6,44,2,1:27.539,87539.0
24,6,45,1,1:27.489,87489.0
24,6,46,4,1:27.697,87697.0
24,6,47,8,1:27.537,87537.0
24,6,48,8,1:27.467,87467.0
24,6,49,9,1:27.554,87554.0
24,6,50,3,1:27.768,87768.0
24,6,51,2,1:27.533,87533.0
24,7,1,3,1:28.169,88169.0
24,7,2,2,1:27.881,87881.0
24,7,3,6,1:27.794,87794.0
24,7,4,6,1:28.203,88203.0
24,7,5,7,1:27.890,87890.0
24,7,6,3,1:27.997,87997.0
24,7,7,4,1:27.754,87754.0
24,7,8,9,1:28.074,88074.0
24,7,9,5,1:27.989,87989.0
24,7,10,10,1:27.822,87822.0
24,7,11,2,1:27.972,87972.0
24,7,12,1,1:27.932,87932.0
24,7,13,8,1:27.895,87895.0
24,7,14,6,1:27.954,87954.0
24,7,15,7,1:27.962,570660.0
24,7,16,6,1:28.062,88062.0
24,7,17,1,1:27.765,87765.0
24,7,18,4,1:28.023,88023.0
24,7,19,3,1:27.780,87780.0
24,7,20,7,1:27.572,87572.0
24,7,21,3,1:27.561,87561.0
24,7,22,3,1:27.561,87561.0
24,7,23,8,1:27.699,87699.0
24,7,24,9,1:27.674,87674.0
24,7,25,3,1:27.546,87546.0
24,7,26,8,1:27.535,87535.0
24,7,27,1,1:27.698,87698.0
24,7,28,5,1:27.328,87328.0
24,7,29,10,1:27.611,87611.0
24,7,30,9,1:27.498,87498.0
24,7,31,1,1:27.701,87701.0
24,7,32,7,1:27.630,87630.0
24,7,33,10,1:27.751,87751.0
24,7,34,3,1:27.506,87506.0
24,7,35,10,1:27.513,87513.0
24,7,36,4,1:27.566,87566.0
24,7,37,1,1:27.767,87767.0
24,7,38,2,1:27.423,87423.0
24,7,39,9,1:27.423,570660.0
24,7,40,1,1:27.000,87000.0
24,7,41,9,1:27.180,87180.0
24,7,42,4,1:27.258,87258.0
24,7,43,6,1:27.454,87454.0
24,7,44,4,1:26.983,86983.0
24,7,45,8,1:27.096,87096.0
24,7,46,6,1:27.208,87208.0
24,7,47,2,1:27.384,87384.0
24,7,48,5,1:27.293,87293.0
24,7,49,6,1:27.147,87147.0
24,7,50,10,1:27.058,87058.0
24,7,51,7,1:27.274,87274.0
24,8,1,7,1:27.892,87892.0
24,8,2,7,1:27.825,87825.0
24,8,3,8,1:27.893,87893.0
24,8,4,10,1:27.839,87839.0
24,8,5,10,1:27.766,87766.0
24,8,6,5,1:27.927,87927.0
24,8,7,2,1:28.033,
24,8,8,4,1:27.860,87860.0
24,8,9,4,1:27.735,87735.0
24,8,10,10,1:27.931,87931.0
24,8,11,7,1:27.522,87522.0
24,8,12,6,1:27.876,87876.0
24,8,13,9,1:27.643,87643.0
24,8,14,1,1:27.817,87817.0
24,8,15,1,1:27.589,87589.0
24,8,16,1,1:27.806,87806.0
24,8,17,4,1:27.828,87828.0
24,8,18,2,1:27.749,87749.0
24,8,19,5,1:27.766,87766.0
24,8,20,3,1:27.480,87480.0
24,8,21,6,1:27.380,87380.0
24,8,22,7,1:27.550,87550.0
24,8,23,9,1:27.541,87541.0
24,8,24,8,1:27.412,87412.0
24,8,25,7,1:27.378,87378.0
24,8,26,6,1:27.244,87244.0
24,8,27,2,1:27.245,87245.0
24,8,28,5,1:27.252,87252.0
24,8,29,3,1:27.283,87283.0
24,8,30,4,1:27.354,87354.0
24,8,31,2,1:27.502,87502.0
24,8,32,8,1:27.292,
24,8,33,2,1:27.496,87496.0
24,8,34,10,1:27.202,87202.0
24,8,35,7,1:27.394,87394.0
24,8,36,4,1:27.267,87267.0
24,8,37,6,1:27.572,87572.0
24,8,38,7,1:27.314,87314.0
24,8,39,3,1:27.342,87342.0
24,8,40,10,1:27.000,87000.0
24,8,41,6,1:27.012,87012.0
24,8,42,9,1:26.886,86886.0
24,8,43,5,1:27.179,87179.0
24,8,44,2,1:27.022,87022.0
24,8,45,5,1:26.852,86852.0
24,8,46,5,1:27.192,87192.0
24,8,47,10,1:27.153,87153.0
24,8,48,4,1:26.846,86846.0
24,8,49,8,1:26.886,86886.0
24,8,50,6,1:27.090,87090.0
24,8,51,8,1:26.900,
24,9,1,5,1:27.943,87943.0
24,9,2,5,1:27.759,87759.0
24,9,3,6,1:28.038,88038.0
24,9,4,7,1:27.925,87925.0
24,9,5,3,1:27.870,87870.0
24,9,6,3,1:27.819,87819.0
24,9,7,4,1:27.876,87876.0
24,9,8,4,1:27.816,87816.0
24,9,9,8,1:27.943,
24,9,10,3,1:27.873,87873.0
24,9,11,2,1:27.954,87954.0
24,9,12,9,1:27.834,87834.0
24,9,13,10,1:27.903,87903.0
24,9,14,4,1:27.869,87869.0
24,9,15,7,1:27.758,87758.0
24,9,16,6,1:28.011,88011.0
24,9,17,1,1:27.854,87854.0
24,9,18,9,1:27.747,87747.0
24,9,19,6,1:27.897,87897.0
24,9,20,9,1:27.463,87463.0
24,9,21,7,1:27.525,87525.0
24,9,22,8,1:27.408,87408.0
24,9,23,4,1:27.562,87562.0
24,9,24,10,1:27.417,87417.0
24,9,25,7,1:27.361,
24,9,26,5,1:27.449,87449.0
24,9,27,1,1:27.535,87535.0
24,9,28,4,1:27.379,87379.0
24,9,29,7,1:27.500,87500.0
24,9,30,4,1:27.376,87376.0
24,9,31,6,1:27.323,87323.0
24,9,32,8,1:27.236,87236.0
24,9,33,9,1:27.139,87139.0
24,9,34,8,1:27.568,87568.0
24,9,35,9,1:27.209,87209.0
24,9,36,9,1:27.259,87259.0
24,9,37,8,1:27.411,87411.0
24,9,38,4,1:27.197,87197.0
24,9,39,10,1:27.312,87312.0
24,9,40,4,1:27.044,87044.0
24,9,41,5,1:27.167,87167.0
24,9,42,6,1:27.222,87222.0
24,9,43,6,1:27.073,87073.0
24,9,44,6,1:26.992,86992.0
24,9,45,1,1:26.967,86967.0
24,9,46,4,1:27.002,87002.0
24,9,47,5,1:27.080,87080.0
24,9,48,3,1:27.037,87037.0
24,9,49,10,1:27.016,87016.0
24,9,50,9,1:26.951,86951.0
24,9,51,4,1:26.903,86903.0
24,10,1,7,1:27.842,87842.0
24,10,2,8,1:27.824,87824.0
24,10,3,8,1:27.834,87834.0
24,10,4,9,1:27.675,87675.0
24,10,5,10,1:28.069,88069.0
24,10,6,9,1:27.886,87886.0
24,10,7,1,1:27.824,87824.0
24,10,8,2,1:27.674,87674.0
24,10,9,7,1:27.730,87730.0
24,10,10,9,1:27.618,87618.0
24,10,11,4,1:27.674,87674.0
24,10,12,10,1:27.825,87825.0
24,10,13,9,1:27.814,87814.0
24,10,14,9,1:27.561,87561.0
24,10,15,10,1:27.809,
24,10,16,5,1:27.695,87695.0
24,10,17,1,1:27.591,87591.0
24,10,18,7,1:27.768,87768.0
24,10,19,2,1:27.684,87684.0
24,10,20,5,1:27.575,87575.0
24,10,21,8,1:27.479,87479.0
24,10,22,5,1:27.365,87365.0
24,10,23,10,1:27.375,87375.0
24,10,24,8,1:27.455,87455.0
24,10,25,2,1:27.450,87450.0
24,10,26,10,1:27.513,87513.0
24,10,27,10,1:27.410,87410.0
24,10,28,2,1:27.490,87490.0
24,10,29,7,1:27.300,87300.0
24,10,30,10,1:27.367,87367.0
24,10,31,2,1:27.558,87558.0
24,10,32,5,1:27.541,87541.0
24,10,33,8,1:27.252,87252.0
24,10,34,3,1:27.238,87238.0
24,10,35,2,1:27.471,87471.0
24,10,36,10,1:27.422,87422.0
24,10,37,5,1:27.324,87324.0
24,10,38,9,1:26.985,86985.0
24,10,39,5,1:27.613,87613.0
24,10,40,8,1:26.711,86711.0
24,10,41,3,1:27.093,87093.0
24,10,42,6,1:26.963,86963.0
24,10,43,6,1:26.955,86955.0
24,10,44,2,1:27.177,87177.0
24,10,45,1,1:27.036,87036.0
24,10,46,6,1:27.152,87152.0
24,10,47,3,1:26.981,86981.0
24,10,48,2,1:26.973,86973.0
24,10,49,3,1:27.056,87056.0
24,10,50,7,1:27.061,87061.0
24,10,51,5,1:27.080,87080.0
2,6,47,5,1:19.002,79002.0
2,6,61,5,1:18.668,78668.0
4,5,27,8,1:22.664,82664.0
5,10,48,3,1:31.605,91605.0
16,3,24,5,1:32.252,92252.0
11,1,29,10,1:21.226,81226.0
17,10,2,2,1:27.461,87461.0
18,2,40,6,1:25.752,85752.0
22,6,22,10,1:32.728,92728.0
20,8,55,1,1:31.613,91613.0
7,5,2,4,1:33.348,93348.0
21,6,44,6,1:28.481,
17,7,8,5,1:28.727,88727.0
8,6,15,1,1:30.332,90332.0
17,3,43,3,1:27.249,87249.0
21,1,25,3,1:29.330,89330.0
16,5,50,2,1:32.674,92674.0
23,7,19,7,1:32.289,92289.0
23,4,43,5,1:30.997,90997.0
3,8,7,9,1:29.263,89263.0
7,10,20,6,1:33.113,93113.0
2,2,29,5,1:19.430,79430.0
21,9,2,8,1:29.518,89518.0
15,7,52,2,1:21.612,81612.0
16,9,25,6,1:32.449,92449.0
12,4,54,10,1:19.455,79455.0
12,7,58,4,1:19.355,79355.0
16,8,68,4,1:31.372,91372.0
11,5,21,2,1:20.678,80678.0
18,1,34,5,1:24.809,84809.0
19,3,42,10,1:30.633,90633.0
16,10,5,6,1:32.347,92347.0
15,5,19,3,1:22.442,82442.0
11,8,16,3,1:21.635,81635.0
2,5,37,2,1:19.189,79189.0
24,8,43,5,1:27.179,87179.0
1,2,35,4,1:31.608,91608.0
17,4,1,4,1:27.598,87598.0
14,10,63,5,1:28.397,88397.0
15,5,13,6,1:22.489,82489.0
1,3,12,10,1:32.605,92605.0
22,8,42,8,1:32.548,92548.0
15,7,18,3,1:22.235,82235.0
4,9,7,5,1:23.118,83118.0
2,6,10,3,1:19.453,79453.0
8,4,31,1,1:30.835,90835.0
13,8,48,2,1:21.771,81771.0
13,4,25,10,1:21.413,81413.0
23,9,9,5,1:32.714,92714.0
19,4,9,1,1:30.880,90880.0
9,5,24,8,1:19.083,79083.0
10,1,16,9,1:22.183,82183.0
11,10,40,9,1:20.783,80783.0
10,4,13,8,1:23.061,83061.0
13,9,8,1,1:22.966,82966.0
18,2,28,2,1:26.136,86136.0
10,3,7,7,1:21.863,81863.0
14,5,18,5,1:28.685,88685.0
22,7,11,8,1:33.497,93497.0
19,5,35,7,1:30.999,90999.0
22,9,33,6,1:32.930,92930.0
9,2,4,2,1:18.847,78847.0
2,2,45,4,1:18.957,78957.0
1,9,39,6,1:31.556,91556.0
8,2,51,5,1:29.529,89529.0
20,6,11,9,1:32.555,92555.0
10,10,32,1,1:22.034,82034.0
19,5,36,10,1:30.682,90682.0
2,2,15,8,1:19.775,79775.0
17,1,53,9,1:27.379,87379.0
5,1,48,2,1:31.544,91544.0
23,8,53,10,1:31.338,91338.0
12,8,7,10,1:20.083,80083.0
20,10,11,5,1:31.708,91708.0
14,8,15,1,1:29.270,89270.0
4,8,50,10,1:22.862,82862.0
19,4,46,2,1:30.105,90105.0
24,7,3,6,1:27.794,87794.0
8,10,19,4,1:30.872,90872.0
12,1,33,8,1:19.566,
1,5,27,7,1:31.576,91576.0
9,7,6,6,1:19.628,79628.0
18,8,37,9,1:25.872,85872.0
3,4,44,1,1:29.478,89478.0
7,10,29,9,1:33.062,93062.0
2,2,67,5,1:18.590,78590.0
23,6,16,9,1:32.765,92765.0
23,7,10,9,1:32.107,92107.0
11,9,45,4,1:21.328,81328.0
11,9,36,7,1:21.505,81505.0
9,2,8,2,1:19.115,79115.0
9,3,3,3,1:19.758,79758.0
13,7,55,1,1:21.230,81230.0
5,8,62,10,1:31.435,91435.0
13,6,33,7,1:22.364,82364.0
20,2,42,8,1:31.613,91613.0
22,2,2,9,1:34.064,94064.0
1,2,34,6,1:31.559,91559.0
18,8,10,1,1:26.312,86312.0
20,6,49,4,1:31.330,91330.0
10,3,31,10,1:21.847,81847.0
11,5,7,10,1:21.060,81060.0
2,4,61,4,1:17.893,77893.0
11,5,44,4,1:20.454,80454.0
5,1,19,2,1:32.250,
12,5,11,9,1:19.230,79230.0
9,5,25,1,1:19.342,79342.0
19,4,4,1,1:30.952,90952.0
14,10,23,9,1:29.333,89333.0
18,9,43,8,1:25.747,85747.0
22,5,44,9,1:32.268,92268.0
15,9,9,9,1:23.131,83131.0
23,5,5,10,1:32.174,92174.0
9,9,1,6,1:20.052,80052.0
1,6,14,4,1:32.334,92334.0
15,5,17,8,1:22.343,82343.0
17,8,54,10,1:27.355,87355.0
20,7,53,3,1:31.248,91248.0
7,4,46,5,1:32.608,92608.0
15,1,33,3,1:22.403,82403.0
13,2,29,6,1:21.455,81455.0
15,9,45,8,1:22.511,82511.0
3,6,11,9,1:29.360,89360.0
6,2,8,3,1:29.221,89221.0
15,9,58,10,1:22.042,82042.0
6,7,54,9,1:28.073,88073.0
2,1,25,4,1:19.011,79011.0
23,1,41,9,1:31.840,91840.0
13,9,25,6,1:22.743,82743.0
16,9,13,7,1:32.703,92703.0
12,7,8,1,1:20.175,80175.0
16,5,64,5,1:32.245,92245.0
13,10,27,5,1:22.227,82227.0
