LapNumber,LapTime,Stint,TyreLife,Sector1Time,Sector2Time,Sector3Time,SpeedFL,SpeedST,AirTemp,TrackTemp,Humidity,WindSpeed,Driver_ALO,Driver_GAS,Driver_HAM,Driver_LEC,Driver_NOR,Driver_PER,Driver_PIA,Driver_RUS,Driver_SAI,Driver_VER,Team_ALPINE,Team_ASTON MARTIN,Team_FERRARI,Team_MCLAREN,Team_MERCEDES,Team_RED BULL,Compound_HARD,Compound_MEDIUM,Compound_SOFT,FreshTyre_FALSE,FreshTyre_TRUE,TrackStatus_1,Rainfall_FALSE,IsPersonalBest_FALSE,IsPersonalBest_TRUE
-1.7008401285415224,-1.7700757712609845,-1.083073888747854,-1.5309725680972643,-1.8751204590626418,-1.98468823013906,-1.230002394062625,1.0278661832444684,-0.030804153932023865,0.22128946029500135,-0.7753914816965096,-0.2603235947053256,1.4423779808827286,False,False,True,False,False,False,False,False,False,False,False,False,False,False,True,False,False,False,True,False,True,True,True,True,False
-1.6378460497066512,-1.61229396110961,-1.083073888747854,-1.3852413613728796,-1.6280446827825292,-1.6821147754633163,-1.3830197082838014,0.06144192502889835,-0.6741184336159736,0.6458564480702934,-0.3267382238288832,0.027182383382885894,-0.17579211495715072,False,False,True,False,False,False,False,False,False,False,False,False,False,False,True,False,False,False,True,True,False,True,True,True,False
-1.57485197087178,-1.7146842847184751,-1.083073888747854,-1.2395101546484948,-1.6115729643638537,-1.940894703804402,-1.3889049896000076,0.3030479895827945,0.9341672655939064,0.07976713103657067,0.040341714426446525,-0.6370555659933259,-0.8115017954656746,False,False,True,False,False,False,False,False,False,False,False,False,False,False,True,False,False,False,True,True,False,True,True,True,False
-1.5118578920369088,-1.4645833303295772,-1.083073888747854,-1.09377894792411,-1.1119308389973774,-1.5865652634604468,-1.5654634290859675,-1.6679488528305333,-1.8702809224033252,0.009005966407354064,0.36663499287562784,-0.379291585638378,-0.4069592715057048,False,False,True,False,False,False,False,False,False,False,False,False,False,False,True,False,False,False,True,True,False,True,True,True,False
-1.4488638132020377,-0.8065996114004071,-1.083073888747854,-0.9480477411997252,-0.9307419363919668,-0.929662368440748,-0.42371885374334095,1.4602138777093245,0.1300244159889664,0.5043341188118627,0.692928271324812,-1.539229497235643,-0.7537100063285361,False,False,True,False,False,False,False,False,False,False,False,False,False,False,True,False,False,False,True,True,False,True,True,True,False
-1.3858697343671664,-1.0231299678847618,-1.083073888747854,-0.8023165344753403,-0.9362325091981789,-1.0132681914432586,-1.0534439545766443,-1.1847367237227555,0.9241154799738424,-1.3354561615477414,0.285061673263334,0.8203023229365712,1.153419035197036,False,False,True,False,False,False,False,False,False,False,False,False,False,False,True,False,False,False,True,True,False,True,True,True,False
-1.3228756555322951,-0.8535984484667867,-1.083073888747854,-0.6565853277509556,-0.8428927714923578,-0.8102254784371612,-0.8533443898258801,0.9134212052978837,0.2606976290497703,0.009005966407354064,1.1007948693862901,-0.1016996067945884,-1.4472114759741983,False,False,True,False,False,False,False,False,False,False,False,False,False,False,True,False,False,False,True,True,False,True,True,True,False
-1.259881576697424,-0.3735388984317216,-1.083073888747854,-0.5108541210265708,-0.34325064612588146,-0.18517242075173332,-0.6414742624427032,-0.307325226132302,-1.0661380727983854,0.9289011065871573,-2.7739378121977505,-0.43877558110490456,-0.17579211495715072,False,False,True,False,False,False,False,False,False,False,False,False,False,False,True,False,False,False,True,True,False,True,True,True,False
-1.1968874978625528,-0.3248615314701066,-1.083073888747854,-0.36512291430218596,-0.46404324786284146,-0.30859054042212514,-0.15299591319818442,-0.10386748756060801,1.8187244001593414,-1.0524115030308798,-2.7739378121977505,1.3854002798685723,-1.1004607411513672,False,False,True,False,False,False,False,False,False,False,False,False,False,False,True,False,False,False,True,True,False,True,True,True,False
-1.1338934190276817,0.1266630103460741,-1.083073888747854,-0.2193917075778012,0.01912715908495936,-0.07369799008172843,0.5650084073781093,-1.0575756371154441,0.3813190564905102,-0.5570833506263713,0.040341714426446525,-0.5676575712823781,1.3845861917455897,False,False,True,False,False,False,False,False,False,False,False,False,False,False,True,False,False,False,True,True,False,True,True,True,False
-1.0708993401928104,-0.1788294305853331,-1.083073888747854,-0.07366050085341637,-0.3322695005134377,-0.03388569341387561,-0.18242231977917425,1.0405822919051952,-0.5233416493150473,-0.7693668445140185,1.3455148282231775,-0.7361955584375366,-0.8692935846028131,False,False,True,False,False,False,False,False,False,False,False,False,False,False,True,False,False,False,True,True,False,True,True,True,False
-1.0079052613579391,0.08637829286061277,-1.083073888747854,0.07207070587096844,0.0136365862787277,-0.1334164350835218,0.5179261568485214,0.07415803368963239,-0.14137379575269968,-0.6278445152555853,0.978434889967845,0.27503236449341256,-0.29137569323142765,False,False,True,False,False,False,False,False,False,False,False,False,False,False,True,False,False,False,True,True,False,True,True,True,False
-0.944911182523068,0.17701890720290078,-1.083073888747854,0.21780191259535323,-0.06872200581464966,0.04972012958863512,0.6532876271210997,-0.8541178985437429,-0.14137379575269968,-0.8401280091432326,0.978434889967845,1.5043682708016242,0.4021257764142347,False,False,True,False,False,False,False,False,False,False,False,False,False,False,True,False,False,False,True,True,False,True,True,True,False
-0.8819171036881969,0.4355125110679285,-1.083073888747854,0.36353311931973803,0.7493733423128727,0.43191817760008444,0.11772702734697207,0.13773857699328812,0.692924410712421,-1.4769784908061745,0.6113549517125153,-0.12152760528343011,0.3443339872770961,False,False,True,False,False,False,False,False,False,False,False,False,False,False,True,False,False,False,True,True,False,True,True,False,True
-0.8189230248533256,0.5009751769818032,-1.083073888747854,0.5092643260441229,0.3595426730709126,0.3483123545975737,0.88869887976906,0.9388534226193519,1.6478440446182872,-0.9108891737724493,0.32584833306948235,0.3246023607155179,0.9222518786484815,False,False,True,False,False,False,False,False,False,False,False,False,False,False,True,False,False,False,True,True,False,True,True,True,False
-0.7559289460184544,-0.04286850907190107,-1.083073888747854,0.6549955327685076,0.3101275178148862,0.4597867852676069,0.1942356844575707,0.5192218368152226,-0.6540148623758513,1.424229258991666,0.16270169384488878,1.058238304802676,1.5001697700198668,False,False,True,False,False,False,False,False,False,False,False,False,False,False,True,False,False,False,True,True,False,True,True,True,False
-0.6929348671835832,0.7309337726279703,-1.083073888747854,0.8007267394928924,0.5187692844514357,0.6070922829386878,1.1358806950494331,0.9134212052978837,0.7833904812929802,0.7873787773287266,0.5705682919063669,-0.31980759017185145,-0.4647510606428434,False,False,True,False,False,False,False,False,False,False,False,False,False,False,True,False,False,False,True,True,False,True,True,True,False
-0.629940788348712,0.7074343540947925,-1.083073888747854,0.9464579462172773,0.8042790703751308,0.487655392935101,0.9298958489824625,2.3884898099427,1.1553065492352637,-1.2646949969185273,0.7337149311309604,0.5030543471150969,-0.4647510606428434,False,False,True,False,False,False,False,False,False,False,False,False,False,False,True,False,False,False,True,True,False,True,True,True,False
-0.5669467095138409,1.0146053249214113,-1.083073888747854,1.092189152941662,0.9909585457867731,1.0888210726197833,0.9181252863500499,0.4683574021722936,0.24059405780964224,0.3628117895534321,0.978434889967845,-0.67671156297101,0.17095861986568056,False,False,True,False,False,False,False,False,False,False,False,False,False,False,True,False,False,False,True,True,False,True,True,True,False
-0.5039526306789696,1.6121619676224133,-1.083073888747854,1.2379203596660469,1.8474879035578586,1.6899867523044938,1.2065040708438253,-0.25646079148938034,0.7733386956729161,0.7166176126995101,-1.5503380180133175,0.37417235693762324,-0.11800032582001213,False,False,True,False,False,False,False,False,False,False,False,False,False,False,True,False,False,False,True,True,False,True,True,True,False
-0.44095855184409843,1.405702790509424,-1.083073888747854,1.3836515663904316,1.67178957375866,1.1644644362887404,1.447800604807971,-0.3327574434537629,0.6326136969920539,0.7166176126995101,0.8968615703555511,-0.0917856075501672,-1.8517539999341683,False,False,True,False,False,False,False,False,False,False,False,False,False,False,True,False,False,False,True,True,False,True,True,True,False
-0.3779644730092272,1.8790482209635708,-1.083073888747854,1.5293827731148164,1.831016185139183,1.8930294653105915,1.859770296941912,0.2267513376184047,-1.3676916414002378,0.5750952834410794,-1.101684760145691,-1.3211215138583794,0.9800436677856204,False,False,True,False,False,False,False,False,False,False,False,False,False,False,True,False,False,False,True,True,False,True,True,True,False
-0.314970394174356,1.7095167015455957,-1.083073888747854,1.6751139798392012,2.006714514938382,1.4550942019641255,1.7302941079855403,1.4347816603878638,0.8135458381531665,0.29205062492421546,2.283608003764576,-1.0038735380369057,1.3267944026084513,False,False,True,False,False,False,False,False,False,False,False,False,False,False,True,False,False,False,True,True,False,True,True,True,False
-0.2519763153394848,2.0049379631056374,-1.083073888747854,1.820845186563586,1.9133747772325604,2.0920909486498838,1.9186231101039126,-0.3836218780966918,-0.3926684362542434,-0.6986056798848019,1.1007948693862901,0.027182383382885894,1.5001697700198668,False,False,True,False,False,False,False,False,False,False,False,False,False,False,True,False,False,False,True,True,False,True,True,True,False
-0.1889822365046136,1.628947266574673,-1.083073888747854,1.966576393287971,1.7431670202395937,1.5108314172991137,1.6479001695587563,-0.24374468282864628,0.08981727350871599,-1.1231726676600966,-0.48988486305347384,-0.6271415667489046,-0.002416747545734945,False,False,True,False,False,False,False,False,False,False,False,False,False,False,True,False,False,False,True,True,False,True,True,True,False
-0.1259881576697424,2.127470645457257,-1.083073888747854,2.1123076000123557,2.380073465761686,2.2035653793198886,1.6890971387721379,0.4810735108330277,1.0547886930346462,1.9903185760253914,1.46787480764162,0.6715923342702552,-0.4069592715057048,False,False,True,False,False,False,False,False,False,False,False,False,False,False,True,False,False,False,True,True,False,True,True,True,False
-0.0629940788348712,2.54710311926413,-1.083073888747854,2.2580388067367405,2.4843943490799703,2.565857278997426,2.5071512417238346,-0.8668340072044769,-0.4228237931144298,-1.1939338322893107,1.3455148282231775,-0.9939595387924844,0.6332929329627888,False,False,True,False,False,False,False,False,False,False,False,False,False,False,True,False,False,False,True,True,False,True,True,True,False
0.0,-0.9912378998754303,0.24659271574169903,-1.5309725680972643,-1.0734968293538143,-0.9256811387739429,-0.9239677656202724,-0.5997957253291198,0.4617333414510053,0.009005966407354064,0.24427501345718558,0.8797863184030971,0.11316683072854197,False,False,True,False,False,False,False,False,False,False,False,False,False,False,True,False,False,True,False,False,True,True,True,True,False
0.0629940788348712,-1.3303009387113807,0.24659271574169903,-1.3852413613728796,-1.0680062565475827,-1.363616402120437,-1.477184209342998,2.146883745388811,0.6225619113719899,-0.06175519822186254,-0.5714581826657706,-1.6978534851463805,-1.6783786325227528,False,False,True,False,False,False,False,False,False,False,False,False,False,False,True,False,False,True,False,True,False,True,True,False,True
0.1259881576697424,-0.6387466218776675,0.24659271574169903,-1.2395101546484948,-0.5958169952122452,-0.4837646457607002,-0.8533443898258801,-0.7396729205971654,-0.2519434375733812,0.6458564480702934,-0.7753914816965096,-0.9543035418148004,1.5579615591570057,False,False,True,False,False,False,False,False,False,False,False,False,False,False,True,False,False,True,False,True,False,True,True,True,False
0.1889822365046136,-0.8854905164760943,0.24659271574169903,-1.09377894792411,-0.6726850144993909,-1.0013245024429,-0.8710002337744781,-0.307325226132302,1.02463333617446,-0.8401280091432326,0.285061673263334,-1.7969934775905911,1.5001697700198668,False,False,True,False,False,False,False,False,False,False,False,False,False,False,True,False,False,True,False,True,False,True,True,True,False
0.2519763153394848,-0.8200278505622196,0.24659271574169903,-0.9480477411997252,-0.8483833442985894,-0.7544882631021447,-0.8180327019286839,0.5955184887796051,0.37126727087044614,1.4949904236208826,0.7337149311309604,0.7509043282256235,-1.0426689520142287,False,False,True,False,False,False,False,False,False,False,False,False,False,False,True,False,False,True,False,True,False,True,True,True,False
0.314970394174356,-0.7310657661151672,0.24659271574169903,-0.8023165344753403,-0.7770058978176558,-0.5872766170971515,-0.8298032645610757,-0.5997957253291198,1.0648404786547103,1.2119457651040186,0.0811283742325949,0.07675237960499123,-0.29137569323142765,False,False,True,False,False,False,False,False,False,False,False,False,False,False,True,False,False,True,False,True,False,True,True,True,False
0.3779644730092272,-0.3936812571744523,0.24659271574169903,-0.6565853277509556,-0.3322695005134377,-0.22100348775280934,-0.6709006690237139,0.4047768588686379,-0.030804153932023865,1.1411846004748047,-0.36752488363503155,0.12632237582709657,-0.522542849779982,False,False,True,False,False,False,False,False,False,False,False,False,False,False,True,False,False,True,False,True,False,True,True,False,True
0.44095855184409843,-0.8049210815051716,0.24659271574169903,-0.5108541210265708,-0.7824964706238875,-0.9057749904400306,-0.6120478558617134,0.5700862714581443,2.3313654667824872,-0.20327752748029324,0.978434889967845,0.5823663410704651,-0.7537100063285361,False,False,True,False,False,False,False,False,False,False,False,False,False,False,True,False,False,True,False,True,False,True,True,True,False
0.5039526306789696,-0.42725185507899544,0.24659271574169903,-0.36512291430218596,-0.4805149662815169,-0.30859054042212514,-0.4884569482215269,-0.5234990733647301,-0.5635487917952977,0.7873787773287266,1.3455148282231775,1.2267762919578344,-1.0426689520142287,False,False,True,False,False,False,False,False,False,False,False,False,False,False,True,False,False,True,False,True,False,True,True,True,False
0.5669467095138409,-0.2896124036703518,0.24659271574169903,-0.2193917075778012,-0.20049575316403392,-0.3722902150906953,-0.21773400767637038,0.6972473580654557,0.23054227218958392,0.29205062492421546,1.2639415086108807,0.22546236827130725,0.17095861986568056,False,False,True,False,False,False,False,False,False,False,False,False,False,False,True,False,False,True,False,True,False,True,True,True,False
0.629940788348712,-0.044547038967136576,0.24659271574169903,-0.07366050085341637,-0.07970315142709346,0.2129505459268515,-0.3472101966327632,1.1550272698517798,-0.8751541460172085,-0.7693668445140185,-1.2648313993702844,-1.7275954828796434,-0.6959182171913975,False,False,True,False,False,False,False,False,False,False,False,False,False,False,True,False,False,True,False,True,False,True,True,True,False
0.6929348671835832,-0.4138236159171829,0.24659271574169903,0.07207070587096844,-0.24991090842006033,-0.4837646457607002,-0.4354894163757327,-0.8795501158652037,-1.9506952073638146,0.4335729541826487,0.285061673263334,-0.7659375561707995,1.5579615591570057,False,False,True,False,False,False,False,False,False,False,False,False,False,False,True,False,False,True,False,True,False,True,True,True,False
0.7559289460184544,-0.09825999561441041,0.24659271574169903,0.21780191259535323,-0.34874121893211313,-0.06573553074817484,0.16480927787655997,0.3920607502079111,0.21043870094946157,-2.0430678078398974,1.304728168417029,-0.40903358337164164,1.0378354569227586,False,False,True,False,False,False,False,False,False,False,False,False,False,False,True,False,False,True,False,True,False,True,True,True,False
0.8189230248533256,-0.4104665561267119,0.24659271574169903,0.36353311931973803,-0.33776007331966934,-0.43200866009248867,-0.40606300979474286,-1.1084400717583658,1.9292940419800173,1.6365127528793133,0.7745015909371059,-0.5180875750602728,0.22875040900281915,False,False,True,False,False,False,False,False,False,False,False,False,False,False,True,False,False,True,False,True,False,True,True,True,False
0.8819171036881969,-0.04286850907190107,0.24659271574169903,0.5092643260441229,0.26071236255885977,0.28859390959580866,0.28840018551674645,0.2267513376184047,-1.1968112858591835,0.8581399419579407,1.0600082095801417,-0.8055935531484844,-0.8115017954656746,False,False,True,False,False,False,False,False,False,False,False,False,False,False,True,False,False,True,False,True,False,True,True,True,False
0.944911182523068,0.527831655305452,0.24659271574169903,0.6549955327685076,0.14541033362813147,0.5314489192697589,0.9416664116148542,-1.006711202472515,-0.9656202165977678,-0.6986056798848019,0.0811283742325949,-0.03230161208364065,0.6332929329627888,False,False,True,False,False,False,False,False,False,False,False,False,False,False,True,False,False,True,False,True,False,True,True,True,False
1.0079052613579391,-0.1939361996423811,0.24659271574169903,0.8007267394928924,-0.19500518035782174,-0.1453601240838805,-0.22950457030876212,0.9134212052978837,0.9341672655939064,0.07976713103657067,-0.36752488363503155,0.7509043282256235,-0.29137569323142765,False,False,True,False,False,False,False,False,False,False,False,False,False,False,True,False,False,True,False,True,False,True,True,True,False
1.0708993401928104,0.2911589400783666,0.24659271574169903,0.9464579462172773,0.32659923623356163,0.46774924460116046,0.011791963655383642,-0.44720242140034755,-1.6792969956221486,0.7873787773287266,-0.40831154344118,1.1772062957357292,-0.11800032582001213,False,False,True,False,False,False,False,False,False,False,False,False,False,False,True,False,False,True,False,True,False,True,True,True,False
1.1338934190276817,0.047772105270386944,0.24659271574169903,1.092189152941662,0.29914637220242285,0.045738899921858325,-0.18830760109538056,0.0868741423503592,1.0045297649343374,-0.7693668445140185,0.0811283742325949,-0.5081735758158523,0.4021257764142347,False,False,True,False,False,False,False,False,False,False,False,False,False,False,True,False,False,True,False,True,False,True,True,True,False
1.1968874978625528,0.2978730596592848,0.24659271574169903,1.2379203596660469,0.2936557993962107,0.567279986270835,-0.07060197477140039,-0.8795501158652037,1.5674297596577977,0.07976713103657067,1.1007948693862901,-0.1116136060390096,-1.505003265111337,False,False,True,False,False,False,False,False,False,False,False,False,False,False,True,False,False,True,False,True,False,True,True,True,False
1.259881576697424,0.6218293294381871,0.24659271574169903,1.3836515663904316,0.7329016238941972,0.591167364271524,0.5532378447457176,-1.070291745776171,-1.035982715938199,1.4949904236208826,1.671808106672359,-0.40903358337164164,-0.9848771628770902,False,False,True,False,False,False,False,False,False,False,False,False,False,False,True,False,False,True,False,True,False,True,True,True,False
1.3228756555322951,0.8182173271798112,0.24659271574169903,1.5293827731148164,0.8207507887938063,0.9056845079476264,0.676828752385904,-1.0957239630976316,-0.7344291473363463,0.7873787773287266,0.24427501345718558,-0.379291585638378,-0.060208536682873535,False,False,True,False,False,False,False,False,False,False,False,False,False,False,True,False,False,True,False,True,False,True,True,True,False
1.3858697343671664,0.9340358899505126,0.24659271574169903,1.6751139798392012,1.1392040115548523,1.0091964792840777,0.5944348139590991,0.7862601186905723,-0.9957755734579484,-0.2740386921095073,0.040341714426446525,-1.2913795161251165,0.11316683072854197,False,False,True,False,False,False,False,False,False,False,False,False,False,False,True,False,False,True,False,True,False,True,True,True,False
1.4488638132020377,1.0515329826164255,0.24659271574169903,1.820845186563586,1.1831285940046472,1.2799200966255222,0.559123126061903,0.2140352289576707,0.4215261989707549,0.22128946029500135,-1.5911246778194659,-0.5676575712823781,0.5177093546885116,False,False,True,False,False,False,False,False,False,False,False,False,False,False,True,False,False,True,False,True,False,True,True,True,False
1.5118578920369088,-0.04286850907190107,0.24659271574169903,1.966576393287971,0.7383921967004289,1.0330838572847951,1.1594218203142166,-0.26917690015010715,0.14007620160902473,0.22128946029500135,-1.6319113376256142,-1.1724115251920633,-1.2160443194256443,False,False,True,False,False,False,False,False,False,False,False,False,False,False,True,False,False,True,False,True,False,True,True,True,False
1.57485197087178,0.9642494280645847,0.24659271574169903,2.1123076000123557,1.128222865942389,0.9892903309501371,0.74156684686409,1.0151500745837345,0.1601797728491528,0.009005966407354064,-0.7753914816965096,-0.8551635493705897,-1.38941968683706,False,False,True,False,False,False,False,False,False,False,False,False,False,False,True,False,False,True,False,True,False,True,True,True,False
1.6378460497066512,1.0028556156548343,0.24659271574169903,2.2580388067367405,1.227053176454442,1.0529900056187356,0.676828752385904,-1.0957239630976316,1.4468083322170522,-1.7600231493230358,0.44820831248792464,0.8897003176475183,1.095627246059897,False,False,True,False,False,False,False,False,False,False,False,False,False,False,True,False,False,True,False,True,False,True,True,True,False
1.7008401285415224,0.9541782486932193,0.24659271574169903,2.403770013461125,1.1117511475237332,0.7265291729422746,1.1123395697846286,0.8879889879764229,-0.09111486765239094,-0.9816503384016633,1.0600082095801417,0.5724523418260445,1.3267944026084513,False,False,True,False,False,False,False,False,False,False,False,False,False,False,True,False,False,True,False,True,False,True,True,True,False
-1.7008401285415224,-1.6005442518430093,-1.083073888747854,-1.5309725680972643,-1.468818071402006,-1.797570435800098,-1.3477080203866052,-2.5882772171509587,0.4215261989707549,0.4335729541826487,-0.6530315022780674,-0.1016996067945884,0.5755011438256504,False,False,False,False,False,False,False,False,False,True,False,False,False,False,False,True,False,False,True,False,True,True,True,True,False
-1.6378460497066512,-1.5132606972911922,-1.083073888747854,-1.3852413613728796,-1.6335352555887412,-1.3954662394547082,-1.4595283653944,-2.214741525241974,-0.2418916519533172,-0.7693668445140185,-0.12280492479814413,1.4052282783574135,0.9222518786484815,False,False,False,False,False,False,False,False,False,True,False,False,False,False,False,True,False,False,True,True,False,True,True,True,False
-1.57485197087178,-1.093628223484319,-1.083073888747854,-1.2395101546484948,-1.3699877608899533,-1.1366863111136223,-0.6532448250751158,-1.04485952845471,0.18028334408927515,-0.2740386921095073,-0.40831154344118,-0.29006559243858854,1.5001697700198668,False,False,False,False,False,False,False,False,False,True,False,False,False,False,False,True,False,False,True,True,False,True,True,True,False
-1.5118578920369088,-1.7130057548232633,-1.083073888747854,-1.09377894792411,-1.6829504108447677,-1.6900772347968698,-1.6713984927775558,-0.027570835596218233,-0.6439630767557872,1.1411846004748047,-0.7346048218903612,-1.4698315025246953,0.45991756555137325,False,False,False,False,False,False,False,False,False,True,False,False,False,False,False,True,False,False,True,True,False,True,True,True,False
-1.4488638132020377,-1.011380258618161,-1.083073888747854,-0.9480477411997252,-0.9966288100666492,-0.9455872871078834,-1.047558673260459,1.9307098981563755,0.06971370226859364,0.7166176126995101,0.978434889967845,0.10649437733825415,0.748876511237066,False,False,False,False,False,False,False,False,False,True,False,False,False,False,False,True,False,False,True,True,False,True,True,True,False
-1.3858697343671664,-0.9190611143806613,-1.083073888747854,-0.8023165344753403,-1.0954591205787019,-0.9336435981075248,-0.6355889811265177,-2.1257287646168574,0.5622511976516228,-0.7693668445140185,0.692928271324812,0.8797863184030971,-0.8115017954656746,False,False,False,False,False,False,False,False,False,True,False,False,False,False,False,True,False,False,True,True,False,True,True,True,False
-1.3228756555322951,-0.8049210815051716,-1.083073888747854,-0.6565853277509556,-0.9197607907795035,-0.8341128564378786,-0.5649656053321255,0.5065057281544885,-1.1465523577588748,0.8581399419579407,0.16270169384488878,-1.1327555282143793,1.615753348294144,False,False,False,False,False,False,False,False,False,True,False,False,False,False,False,True,False,False,True,True,False,True,True,True,False
-1.259881576697424,-0.5279636487926488,-1.083073888747854,-0.5108541210265708,-0.8428927714923578,-0.4718209567603415,-0.21184872636018498,-0.9304145505081326,-0.3926684362542434,-0.9816503384016633,-0.3267382238288832,-1.6581974881686956,-0.4069592715057048,False,False,False,False,False,False,False,False,False,True,False,False,False,False,False,True,False,False,True,True,False,True,True,True,False
-1.1968874978625528,-0.4826433416215048,-1.083073888747854,-0.36512291430218596,-0.2993260636760867,-0.4121025117585481,-0.7238682008695081,0.5446540541366834,1.2357208341957588,-0.6278445152555853,0.44820831248792464,0.4435703516485703,0.05537504159140339,False,False,False,False,False,False,False,False,False,True,False,False,False,False,False,True,False,False,True,True,False,True,True,True,False
-1.1338934190276817,-0.3802530180126159,-1.083073888747854,-0.2193917075778012,0.041089450309866486,-0.08166044941531031,-1.2182318314302332,-2.202025416581247,0.8336494093932889,-0.9108891737724493,0.5705682919063669,-0.9146475448371155,0.748876511237066,False,False,False,False,False,False,False,False,False,True,False,False,False,False,False,True,False,False,True,True,False,True,True,True,False
-1.0708993401928104,0.32305100808769815,-1.083073888747854,-0.07366050085341637,0.3650332458771247,0.5593175269372531,-0.05883141213898774,-0.7269568119364314,1.838827971399464,-0.06175519822186254,-1.30561805917643,-0.44868958034932577,1.095627246059897,False,False,False,False,False,False,False,False,False,True,False,False,False,False,False,True,False,False,True,True,False,True,True,True,False
-1.0079052613579391,0.20387538552654963,-1.083073888747854,0.07207070587096844,0.2277689257215088,-0.041848152747457484,0.5650084073781093,2.096019310745882,1.8589315426395863,1.5657515882500967,0.488994972294073,-0.9245615440815367,-0.4069592715057048,False,False,False,False,False,False,False,False,False,True,False,False,False,False,False,True,False,False,True,True,False,True,True,True,False
-0.944911182523068,0.5076892965627213,-1.083073888747854,0.21780191259535323,0.3156180906210983,0.46774924460116046,0.7827638160774716,0.3920607502079111,-0.6037559342755424,0.7873787773287266,2.1204613645399855,-1.013787537281326,0.11316683072854197,False,False,False,False,False,False,False,False,False,True,False,False,False,False,False,True,False,False,True,True,False,True,True,True,False
-0.8819171036881969,0.6990417046186627,-1.083073888747854,0.36353311931973803,0.4968069932265285,0.6548670389401225,0.9828633808282567,-0.6506601599720415,-0.2720470088135036,0.3628117895534321,1.1415815291924385,-1.2814655168806952,0.6332929329627888,False,False,False,False,False,False,False,False,False,True,False,False,False,False,False,True,False,False,True,True,False,True,True,True,False
-0.8189230248533256,0.8064676179132103,-1.083073888747854,0.5092643260441229,0.9415433905307466,0.74245409160941,0.7533374094964818,-0.12929970488206885,-0.48313450683480264,0.9289011065871573,-1.8766312964625016,-1.5887994934577485,0.22875040900281915,False,False,False,False,False,False,False,False,False,True,False,False,False,False,False,True,False,False,True,True,False,True,True,True,False
-0.7559289460184544,1.0968532897875696,-1.083073888747854,0.6549955327685076,1.2215626036482297,0.8857783596137141,1.2594716026895987,-0.8541178985437429,1.8991386851198309,-1.8307843139522526,-0.5714581826657706,-0.06204360981690427,0.45991756555137325,False,False,False,False,False,False,False,False,False,True,False,False,False,False,False,True,False,False,True,True,False,True,True,True,False
-0.6929348671835832,0.6553999273427303,-1.083073888747854,0.8007267394928924,0.672505323025727,0.7623602399433506,0.48261446895132526,-0.2818930088108412,-0.9656202165977678,-0.4863221859971546,-1.224044739564136,-0.5180875750602728,1.4423779808827286,False,False,False,False,False,False,False,False,False,True,False,False,False,False,False,True,False,False,True,True,False,True,True,True,False
-0.629940788348712,1.2227430319296362,-1.083073888747854,0.9464579462172773,0.8756565168560448,1.0091964792840777,1.889196703522923,1.2949044651198183,-0.2418916519533172,0.4335729541826487,-1.5095513582071691,0.1560643735603595,0.22875040900281915,False,False,False,False,False,False,False,False,False,True,False,False,False,False,False,True,False,False,True,True,False,True,True,True,False
-0.5669467095138409,1.3637395431287271,-1.083073888747854,1.092189152941662,1.3478457781914017,1.5148126469659189,1.1299954137332267,-0.5489312906861982,-2.382921989026471,-1.0524115030308798,0.5705682919063669,0.3345163599599384,-0.8692935846028131,False,False,False,False,False,False,False,False,False,True,False,False,False,False,False,True,False,False,True,True,False,True,True,True,False
-0.5039526306789696,1.2865271679482755,-1.083073888747854,1.2379203596660469,1.4631478071221107,1.2241828812905338,1.1594218203142166,-1.1720206150620216,0.8135458381531665,-0.7693668445140185,0.24427501345718558,1.4547982745795187,1.095627246059897,False,False,False,False,False,False,False,False,False,True,False,False,False,False,False,True,False,False,True,True,False,True,True,True,False
-0.44095855184409843,2.0653650393338294,-1.083073888747854,1.3836515663904316,2.111035398256666,2.0403349629816723,1.9951317672144904,-0.3963379867574186,0.17023155846921112,0.15052829566578477,0.7745015909371059,-1.4896595010135378,-1.3316278976999214,False,False,False,False,False,False,False,False,False,True,False,False,False,False,False,True,False,False,True,True,False,True,True,True,False
-0.3779644730092272,1.1723871350728094,-1.083073888747854,1.5293827731148164,1.194109739617091,1.0967835319533652,1.2359304774248152,0.5700862714581443,-1.4078987838804824,-0.9108891737724493,0.0811283742325949,0.6616783350258341,-0.5803346389171203,False,False,False,False,False,False,False,False,False,True,False,False,False,False,False,True,False,False,True,True,False,True,True,True,False
-0.314970394174356,2.01836620226745,-1.083073888747854,1.6751139798392012,2.056129670194408,2.088109718983107,1.8185733277285305,-0.11658359622133482,0.20038691532939754,-0.2740386921095073,-1.020111440533397,1.058238304802676,1.4423779808827286,False,False,False,False,False,False,False,False,False,True,False,False,False,False,False,True,False,False,True,True,False,True,True,True,False
-0.2519763153394848,2.3758930699509193,-1.083073888747854,1.820845186563586,2.5118472131110896,2.6574255613335183,1.742064670617932,0.2776157722613264,0.1300244159889664,-0.41556102136794054,1.304728168417029,0.9690123116028873,0.45991756555137325,False,False,False,False,False,False,False,False,False,True,False,False,False,False,False,True,False,False,True,True,False,True,True,True,False
-0.1889822365046136,1.9982238435247193,-1.083073888747854,1.966576393287971,2.209865708768719,2.0721848003159717,1.6067032003453536,1.4347816603878638,-0.5635487917952977,-0.20327752748029324,-1.6726979974317626,1.2069482934689921,1.3845861917455897,False,False,False,False,False,False,False,False,False,True,False,False,False,False,False,True,False,False,True,True,False,True,True,True,False
-0.1259881576697424,2.290288045294314,-1.083073888747854,2.1123076000123557,2.100054252644222,2.195602919986335,2.5601187735696076,0.04872581636817154,0.7431833388127297,-0.34479985673872393,0.7745015909371059,1.5836802647569936,-1.736170421659891,False,False,False,False,False,False,False,False,False,True,False,False,False,False,False,True,False,False,True,True,False,True,True,True,False
-0.0629940788348712,1.847156152954263,-1.083073888747854,2.2580388067367405,1.863959621976534,1.7696113456402278,1.8950819848391083,0.1250224683325541,-0.7243773617162823,-0.2740386921095073,0.44820831248792464,1.3160022851576245,1.4423779808827286,False,False,False,False,False,False,False,False,False,True,False,False,False,False,False,True,False,False,True,True,False,True,True,True,False
0.0,-1.0684502750559057,0.24659271574169903,-1.5309725680972643,-1.1064402661911652,-0.9973432727760949,-1.0593292358928506,-1.0830078544369048,1.105047621134955,-1.9015454785814665,-0.12280492479814413,-1.7474234813684857,1.5001697700198668,False,False,False,False,False,False,False,False,False,True,False,False,False,False,False,True,False,True,False,False,True,True,True,True,False
0.0629940788348712,-0.7763860732863112,0.24659271574169903,-1.3852413613728796,-0.6177792864371329,-0.7306008851014273,-0.9533941722012622,-0.027570835596218233,-0.14137379575269968,0.009005966407354064,1.0192215497739934,-1.3409495123472217,-0.060208536682873535,False,False,False,False,False,False,False,False,False,True,False,False,False,False,False,True,False,True,False,True,False,True,True,True,False
0.1259881576697424,-0.591747784811288,0.24659271574169903,-1.2395101546484948,-0.39815637418813954,-0.7067135071007099,-0.5708508866483318,1.1677433785125066,-0.22178808071319484,-0.9816503384016633,0.8152882507432543,-0.7857655546596419,-0.6381264280542589,False,False,False,False,False,False,False,False,False,True,False,False,False,False,False,True,False,True,False,True,False,True,True,True,False
0.1889822365046136,-0.49607158078331726,0.24659271574169903,-1.09377894792411,-0.766024752205212,-0.4121025117585481,-0.27658682083837094,-0.18016413952499055,0.4717851270710636,-2.3261124663567614,1.671808106672359,0.09658037809383294,1.5001697700198668,False,False,False,False,False,False,False,False,False,True,False,False,False,False,False,True,False,True,False,True,False,True,True,False,True
0.2519763153394848,-0.43564450455512527,0.24659271574169903,-0.9480477411997252,-0.4420809566379343,-0.2289659470863912,-0.6826712316561057,-0.20559635684645142,1.5975851165179784,-0.20327752748029324,0.040341714426446525,-1.4896595010135378,-1.6783786325227528,False,False,False,False,False,False,False,False,False,True,False,False,False,False,False,True,False,True,False,True,False,True,True,True,False
0.314970394174356,-0.8552769783619983,0.24659271574169903,-0.8023165344753403,-0.551892412762431,-0.8102254784371612,-1.1829201435330372,-0.3327574434537629,-0.14137379575269968,1.778035082137744,0.8560749105494027,0.22546236827130725,-1.3316278976999214,False,False,False,False,False,False,False,False,False,True,False,False,False,False,False,True,False,True,False,True,False,True,True,True,False
0.3779644730092272,-0.6202827930301484,0.24659271574169903,-0.6565853277509556,-0.5409112671499872,-0.8699439234389547,-0.27658682083837094,-0.561647399346925,0.05966191664853531,0.7873787773287266,-0.44909820324732835,0.1858063712936224,1.5001697700198668,False,False,False,False,False,False,False,False,False,True,False,False,False,False,False,True,False,True,False,True,False,True,True,True,False
0.44095855184409843,-0.27450563461330374,0.24659271574169903,-0.5108541210265708,-0.51894897592508,-0.10156659774925086,-0.22361928899257671,0.32848020690425533,-1.1666559289990028,0.5750952834410794,-0.8161781415026581,-1.6581974881686956,-0.6959182171913975,False,False,False,False,False,False,False,False,False,True,False,False,False,False,False,True,False,True,False,True,False,True,True,True,False
0.5039526306789696,-0.7914928423433591,0.24659271574169903,-0.36512291430218596,-0.7330813153678611,-0.5474643204292704,-1.147608455635841,-0.4217702040788867,-2.372870203406413,-0.4863221859971546,-0.041231605185850256,0.8103883236921501,-1.38941968683706,False,False,False,False,False,False,False,False,False,True,False,False,False,False,False,True,False,True,False,True,False,True,True,True,False
0.5669467095138409,-0.20065031922327542,0.24659271574169903,-0.2193917075778012,-0.24991090842006033,-0.1413788944171037,-0.1941928824115869,0.4937896194937617,-0.26199522319344526,-0.2740386921095073,-0.612244842471919,1.1474642980024663,0.6910847220999277,False,False,False,False,False,False,False,False,False,True,False,False,False,False,False,True,False,True,False,True,False,True,True,True,False
0.629940788348712,0.15351948866972295,0.24659271574169903,-0.07366050085341637,0.15090090643436313,-0.037866923080652405,0.46495862500272717,-0.12929970488206885,0.6828726250923627,0.22128946029500135,-1.0608981003395455,-0.6271415667489046,-0.3491674823685662,False,False,False,False,False,False,False,False,False,True,False,False,False,False,False,True,False,True,False,True,False,True,True,True,False
0.6929348671835832,0.7124699437804751,0.24659271574169903,0.07207070587096844,0.6615241774132832,0.5473738379368944,1.0122897874092465,-0.12929970488206885,0.019454774168284884,-1.6892619846938193,0.7337149311309604,1.3854002798685723,-0.5803346389171203,False,False,False,False,False,False,False,False,False,True,False,False,False,False,False,True,False,True,False,True,False,True,True,True,False
0.7559289460184544,-0.21072149859464073,0.24659271574169903,0.21780191259535323,-0.4091375198005834,-0.1413788944171037,-0.05883141213898774,0.1250224683325541,-0.2720470088135036,0.3628117895534321,-0.36752488363503155,1.6035082632458346,-1.736170421659891,False,False,False,False,False,False,False,False,False,True,False,False,False,False,False,True,False,True,False,True,False,True,True,False,True
0.8189230248533256,-0.04286850907190107,0.24659271574169903,0.36353311931973803,0.2771840809775352,0.11740103392398209,0.2177768097223542,-0.25646079148938034,-0.6339112911357289,-0.6278445152555853,0.8560749105494027,-1.6681114874131167,0.4021257764142347,False,False,False,False,False,False,False,False,False,True,False,False,False,False,False,True,False,True,False,True,False,True,True,True,False
0.8819171036881969,0.44390516054408213,0.24659271574169903,0.5092643260441229,0.6285807405759323,0.47969293360151916,0.20600624708996243,2.0070065501207655,-2.171834491005178,-0.6986056798848019,0.692928271324812,-0.22066759772764077,0.9800436677856204,False,False,False,False,False,False,False,False,False,True,False,False,False,False,False,True,False,True,False,True,False,True,True,True,False
0.944911182523068,0.6973631747234271,0.24659271574169903,0.6549955327685076,0.705448759863078,0.6827356466076167,0.7121404402830793,-0.014854726935484194,0.8034940525331025,1.1411846004748047,-1.387191378788727,0.6815063335146757,1.095627246059897,False,False,False,False,False,False,False,False,False,True,False,False,False,False,False,True,False,True,False,True,False,True,True,True,False
1.0079052613579391,0.9155720611029935,0.24659271574169903,0.8007267394928924,0.8921282352747203,0.9574404936158661,0.8710430358204619,-0.14201581354279566,-0.4228237931144298,-0.7693668445140185,1.7533814262846557,0.07675237960499123,-0.6959182171913975,False,False,False,False,False,False,False,False,False,True,False,False,False,False,False,True,False,True,False,True,False,True,True,True,False
1.0708993401928104,0.6520428675522831,0.24659271574169903,0.9464579462172773,0.7164299054755218,0.814116225611562,0.34725299867874704,0.3157640982435213,-0.30220236567368997,-0.20327752748029324,0.32584833306948235,-1.6581974881686956,0.9222518786484815,False,False,False,False,False,False,False,False,False,True,False,False,False,False,False,True,False,True,False,True,False,True,True,True,False
1.1338934190276817,0.7460405416850183,0.24659271574169903,1.092189152941662,0.7658450607315482,0.7464353212761868,0.7180257215992856,0.8879889879764229,-0.7947398610567135,0.6458564480702934,1.304728168417029,0.3444303592043596,-1.8517539999341683,False,False,False,False,False,False,False,False,False,True,False,False,False,False,False,True,False,True,False,True,False,True,True,True,False
1.1968874978625528,0.5932943212193267,0.24659271574169903,1.2379203596660469,0.4858258476140847,0.7265291729422746,0.5179261568485214,-0.23102857416791947,-0.33235772253387635,1.1411846004748047,-0.041231605185850256,-0.30989359092743096,1.269002613471313,False,False,False,False,False,False,False,False,False,True,False,False,False,False,False,True,False,True,False,True,False,True,True,True,False
1.259881576697424,-0.04286850907190107,0.24659271574169903,1.3836515663904316,0.9360528177245345,0.7663414696101274,0.44141749973792277,-1.3881944622944495,-0.5434452205551696,-1.3354561615477414,0.5705682919063669,0.0370963826273064,-1.7939622107970297,False,False,False,False,False,False,False,False,False,True,False,False,False,False,False,True,False,True,False,True,False,True,True,True,False
1.3228756555322951,0.5664378428956778,0.24659271574169903,1.5293827731148164,0.5572032940949987,0.5035803116022365,0.676828752385904,0.9770017486015395,-0.44292736435455216,0.5043341188118627,-0.44909820324732835,-0.16118360226111494,-1.1582525302885056,False,False,False,False,False,False,False,False,False,True,False,False,False,False,False,True,False,True,False,True,False,True,True,True,False
1.3858697343671664,1.083425050625757,0.24659271574169903,1.6751139798392012,1.3478457781914017,0.925590656281567,1.018175068725453,-1.2610333756871381,0.4215261989707549,1.7072739175085274,0.8968615703555511,-0.8353355508817473,1.5001697700198668,False,False,False,False,False,False,False,False,False,True,False,False,False,False,False,True,False,True,False,True,False,True,True,True,False
1.4488638132020377,1.1505662464348434,0.24659271574169903,1.820845186563586,1.1721474483922032,1.2002955032898166,1.0358309126740508,0.7989762273513064,-2.503543416467211,-2.1845901370983305,-1.1832580797579877,-0.46851757883816747,1.3267944026084513,False,False,False,False,False,False,False,False,False,True,False,False,False,False,False,True,False,True,False,True,False,True,True,True,False
1.5118578920369088,1.5131287038039953,0.24659271574169903,1.966576393287971,1.4631478071221107,1.5466624843001897,1.4831122927051672,0.9897178572622736,2.0901226119010077,-0.06175519822186254,0.24427501345718558,-1.4301755055470113,0.3443339872770961,False,False,False,False,False,False,False,False,False,True,False,False,False,False,False,True,False,True,False,True,False,True,True,True,False
1.57485197087178,1.0750324011496033,0.24659271574169903,2.1123076000123557,1.1886191668108788,1.1326145989544412,0.8533871918718638,1.0024339659230077,0.20038691532939754,1.2119457651040186,-0.9793247807272487,-0.3495495879051151,0.9222518786484815,False,False,False,False,False,False,False,False,False,True,False,False,False,False,False,True,False,True,False,True,False,True,True,False,True
1.6378460497066512,1.194208023710752,0.24659271574169903,2.2580388067367405,1.4851100983470178,1.1166896802873059,0.9769780995120504,0.5192218368152226,0.37126727087044614,0.07976713103657067,-0.7753914816965096,1.1177223002692034,1.5001697700198668,False,False,False,False,False,False,False,False,False,True,False,False,False,False,False,True,False,True,False,True,False,True,True,True,False
1.7008401285415224,1.1572803660157616,0.24659271574169903,2.403770013461125,0.9470339633369783,1.2839013262923271,1.1770776642628147,0.6590990320832608,-0.09111486765239094,-0.5570833506263713,-2.7739378121977505,-0.3495495879051151,1.2112108243341742,False,False,False,False,False,False,False,False,False,True,False,False,False,False,False,True,False,True,False,True,False,True,True,True,False
-1.7008401285415224,-2.9133644461478245,-1.083073888747854,-1.5309725680972643,-2.8359707001520116,-2.9551129614181315,-2.8013725054877905,0.2140352289576707,-1.2872773564397426,1.2827069297332354,-0.3267382238288832,1.5836802647569936,-0.29137569323142765,False,False,False,True,False,False,False,False,False,False,False,False,True,False,False,False,False,False,True,False,True,True,True,True,False
-1.6378460497066512,-2.6227689580365667,-1.083073888747854,-1.3852413613728796,-2.7810649720897733,-2.7172344888276876,-2.165762123338281,1.2694722477983573,1.5674297596577977,-0.6278445152555853,1.1415815291924385,0.8302163221809917,-0.522542849779982,False,False,False,True,False,False,False,False,False,False,False,False,True,False,False,False,False,False,True,True,False,True,True,True,False
-1.57485197087178,-2.016819665859435,-1.083073888747854,-1.2395101546484948,-2.303385137948204,-2.0364442158072715,-1.559578147769782,-0.6125118339898539,0.7532351244327937,0.7873787773287266,1.0600082095801417,1.3754862806241506,-1.7939622107970297,False,False,False,True,False,False,False,False,False,False,False,False,True,False,False,False,False,False,True,True,False,True,True,True,False
-1.5118578920369088,-1.9966773071167043,-1.083073888747854,-1.09377894792411,-2.012384779218277,-2.032462986140495,-1.806759963050134,-2.240173742563435,1.0346851217945239,-1.0524115030308798,-0.00044494537970186677,-0.12152760528343011,-0.7537100063285361,False,False,False,True,False,False,False,False,False,False,False,False,True,False,False,False,False,False,True,True,False,True,True,True,False
-1.4488638132020377,-1.2765879820641068,-1.083073888747854,-0.9480477411997252,-1.0680062565475827,-1.3556539427868552,-1.294740488540811,-0.4217702040788867,1.0045297649343374,0.9289011065871573,0.44820831248792464,-1.5491434964800643,-0.9270853737399516,False,False,False,True,False,False,False,False,False,False,False,False,True,False,False,False,False,False,True,True,False,True,True,True,False
-1.3858697343671664,-1.2765879820641068,-1.083073888747854,-0.8023165344753403,-1.216251722315662,-1.2760293494511212,-1.2535435193274294,-0.18016413952499055,0.4717851270710636,-1.9015454785814665,-0.36752488363503155,1.3060882859132028,-1.1582525302885056,False,False,False,True,False,False,False,False,False,False,False,False,True,False,False,False,False,False,True,True,False,True,True,True,False
-1.3228756555322951,-1.6676854476521195,-1.083073888747854,-0.6565853277509556,-1.7104032748759066,-1.6343400194618816,-1.5713487104021737,0.5828023801188783,0.34111191401025975,1.070423435845588,-0.36752488363503155,0.027182383382885894,-1.505003265111337,False,False,False,True,False,False,False,False,False,False,False,False,True,False,False,False,False,False,True,True,False,True,True,True,False
-1.259881576697424,-1.0953067533795309,-1.083073888747854,-0.5108541210265708,-1.2107611495094304,-0.9893808134425414,-1.047558673260459,-0.5997957253291198,0.08981727350871599,-1.6185008200646052,1.8349547458969495,0.13623637507151706,0.748876511237066,False,False,False,True,False,False,False,False,False,False,False,False,True,False,False,False,False,False,True,True,False,True,True,True,False
-1.1968874978625528,-1.7079701651375807,-1.083073888747854,-0.36512291430218596,-1.6280446827825292,-1.658227397462599,-1.7655629938367525,0.646382923422534,0.4215261989707549,-0.9816503384016633,0.040341714426446525,-0.5478295727935364,0.4021257764142347,False,False,False,True,False,False,False,False,False,False,False,False,True,False,False,False,False,False,True,True,False,True,True,True,False
-1.1338934190276817,-1.2027326666741023,-1.083073888747854,-0.2193917075778012,-1.2272328679281057,-1.072986636445052,-1.2829699259084193,0.9897178572622736,0.6024583401318675,-0.2740386921095073,0.1219150340387433,-0.19092559999437786,0.5177093546885116,False,False,False,True,False,False,False,False,False,False,False,False,True,False,False,False,False,False,True,True,False,True,True,True,False
-1.0708993401928104,-0.9073114051140605,-1.083073888747854,-0.07366050085341637,-0.6891567329180663,-0.9256811387739429,-1.0416733919442525,-0.9685628764903202,-0.37256486501412106,2.0610797406546055,-0.7346048218903612,0.12632237582709657,-1.620586843385614,False,False,False,True,False,False,False,False,False,False,False,False,True,False,False,False,False,False,True,True,False,True,True,True,False
-1.0079052613579391,-0.6773528094678933,-1.083073888747854,0.07207070587096844,-0.711119024142954,-0.7306008851014273,-0.5002275108539396,0.4810735108330277,-1.0661380727983854,1.2119457651040186,-0.5306715228596223,0.0370963826273064,0.11316683072854197,False,False,False,True,False,False,False,False,False,False,False,False,True,False,False,False,False,False,True,True,False,True,True,True,False
-0.944911182523068,-0.7293872362199555,-1.083073888747854,0.21780191259535323,-0.5409112671499872,-0.6350513730985862,-1.0063617040470565,-1.1084400717583658,-1.4782612832209137,-1.1939338322893107,-0.7753914816965096,1.6035082632458346,-1.3316278976999214,False,False,False,True,False,False,False,False,False,False,False,False,True,False,False,False,False,False,True,True,False,True,True,True,False
-0.8819171036881969,-0.7444940052769796,-1.083073888747854,0.36353311931973803,-0.766024752205212,-0.7743944114360852,-0.6120478558617134,-1.515355548901761,1.1754101204753862,-1.1231726676600966,-1.224044739564136,0.5823663410704651,-0.6959182171913975,False,False,False,True,False,False,False,False,False,False,False,False,True,False,False,False,False,False,True,True,False,True,True,True,False
-0.8189230248533256,-0.2677915150323856,-1.083073888747854,0.5092643260441229,0.0026554406662838885,-0.32053422942248383,-0.4354894163757327,-1.6679488528305333,0.511992269551314,-0.34479985673872393,0.692928271324812,0.3047743622266755,0.5755011438256504,False,False,False,True,False,False,False,False,False,False,False,False,True,False,False,False,False,False,True,True,False,True,True,False,True
-0.7559289460184544,-0.3836100778030869,-1.083073888747854,0.6549955327685076,-0.18402403474535844,-0.2369284064199731,-0.770950451399096,0.8879889879764229,0.24059405780964224,-0.9108891737724493,0.36663499287562784,-0.7758515554152207,1.095627246059897,False,False,False,True,False,False,False,False,False,False,False,False,True,False,False,False,False,False,True,True,False,True,True,True,False
-0.6929348671835832,0.4204057420108805,-1.083073888747854,0.8007267394928924,0.5407315756763232,0.5155240006025952,0.16480927787655997,0.2648996636005996,0.7532351244327937,2.839452551575978,-0.6530315022780674,1.4448842753350981,-0.4647510606428434,False,False,False,True,False,False,False,False,False,False,False,False,True,False,False,False,False,False,True,True,False,True,True,True,False
-0.629940788348712,-0.13854471309987174,-1.083073888747854,0.9464579462172773,-0.2773637724511796,-0.11351028674960954,0.011791963655383642,-1.998567678009546,-0.714325576096224,-1.1939338322893107,-0.36752488363503155,-0.6965395614598524,0.45991756555137325,False,False,False,True,False,False,False,False,False,False,False,False,True,False,False,False,False,False,True,True,False,True,True,True,False
-0.5669467095138409,-1.7700757712609845,0.24659271574169903,-1.5309725680972643,-1.7762901485506084,-1.7537769094654683,-1.6772837740937623,-0.7396729205971654,0.09986905912878002,-0.34479985673872393,-1.6726979974317626,-0.5180875750602728,-1.1004607411513672,False,False,False,True,False,False,False,False,False,False,False,False,True,False,False,False,False,True,False,False,True,True,True,True,False
-0.5039526306789696,-1.8086819588512102,0.24659271574169903,-1.3852413613728796,-2.0617999344743034,-1.5985089524608056,-1.7420218685719482,1.9434260068171096,1.0346851217945239,1.5657515882500967,-0.12280492479814413,1.028496307069413,0.9800436677856204,False,False,False,True,False,False,False,False,False,False,False,False,True,False,False,False,False,True,False,True,False,True,True,True,False
-0.44095855184409843,-1.5569024745671007,0.24659271574169903,-1.2395101546484948,-1.5292143722704763,-1.4273160767890072,-1.6772837740937623,0.4810735108330277,-0.29215058005362593,1.778035082137744,-1.2648313993702844,1.4349702760906777,-1.2160443194256443,False,False,False,True,False,False,False,False,False,False,False,False,True,False,False,False,False,True,False,True,False,True,True,True,False
-0.3779644730092272,-1.983249067954892,0.24659271574169903,-1.09377894792411,-1.9574790511560192,-1.8851574884694138,-2.0304006530657026,0.6590990320832608,1.1452547636151997,0.5750952834410794,-0.9385381209211003,-0.7857655546596419,-0.6381264280542589,False,False,False,True,False,False,False,False,False,False,False,False,True,False,False,False,False,True,False,True,False,True,True,True,False
-0.314970394174356,-1.3991206644157026,0.24659271574169903,-0.9480477411997252,-1.4358746345646551,-1.5746215744600882,-1.00047642273085,0.2140352289576707,-1.5687273538014728,-1.1231726676600966,0.20348835365103718,0.4435703516485703,1.4423779808827286,False,False,False,True,False,False,False,False,False,False,False,False,True,False,False,False,False,True,False,True,False,True,True,True,False
-0.2519763153394848,-1.4091918437870679,0.24659271574169903,-0.8023165344753403,-1.084477974966258,-1.2999167274518386,-1.8185305256825468,-0.7269568119364314,-0.5233416493150473,0.29205062492421546,0.040341714426446525,0.840130321425413,0.6332929329627888,False,False,False,True,False,False,False,False,False,False,False,False,True,False,False,False,False,True,False,True,False,True,True,True,False
-0.1889822365046136,-1.0499864462083868,0.24659271574169903,-0.6565853277509556,-1.0185911012915563,-1.2680668901175678,-0.6826712316561057,2.587179007766624,-0.40272022187430745,-0.4863221859971546,0.4074216526817762,-0.9245615440815367,1.5001697700198668,False,False,False,True,False,False,False,False,False,False,False,False,True,False,False,False,False,True,False,True,False,True,True,True,False
-0.1259881576697424,-0.9794881906088295,0.24659271574169903,-0.5108541210265708,-0.8428927714923578,-1.0530804881111115,-0.9416236095688705,-2.3419026118492856,0.3210083427701374,-1.1231726676600966,-1.5911246778194659,-0.3594635871495363,-1.38941968683706,False,False,False,True,False,False,False,False,False,False,False,False,True,False,False,False,False,True,False,True,False,True,True,True,False
-0.0629940788348712,-0.9744526009231468,0.24659271574169903,-0.36512291430218596,-0.9801570916479737,-1.1486300001139809,-0.6414742624427032,0.8116923360120404,0.5521994120315588,-1.1231726676600966,1.9573147253153946,1.1474642980024663,-1.1582525302885056,False,False,False,True,False,False,False,False,False,False,False,False,True,False,False,False,False,True,False,True,False,True,True,True,False
0.0,-1.4108703736823034,0.24659271574169903,-0.2193917075778012,-1.4523463529833307,-1.3158416461190023,-1.4065608335486057,1.0914467265481242,-0.7645845041965328,-0.6986056798848019,-1.2648313993702844,-0.29997959168300975,-1.1004607411513672,False,False,False,True,False,False,False,False,False,False,False,False,True,False,False,False,False,True,False,True,False,True,True,True,False
0.0629940788348712,-1.3957636046252553,0.24659271574169903,-0.07366050085341637,-1.3919500521148604,-1.3755600911207957,-1.341822739070399,0.5192218368152226,-1.8803327080233836,0.7873787773287266,-0.2451649042165893,1.2069482934689921,0.6332929329627888,False,False,False,True,False,False,False,False,False,False,False,False,True,False,False,False,False,True,False,True,False,True,True,True,False
0.1259881576697424,-0.8485628587811039,0.24659271574169903,0.07207070587096844,-0.991138237260437,-0.8301316267711017,-0.6532448250751158,-0.4726346387218084,0.1300244159889664,-0.8401280091432326,-0.44909820324732835,-0.8452495501261684,0.6910847220999277,False,False,False,True,False,False,False,False,False,False,False,False,True,False,False,False,False,True,False,True,False,True,True,True,False
0.1889822365046136,-1.358835946930265,0.24659271574169903,0.21780191259535323,-1.2491951591530128,-1.112798933112905,-1.7479071498881544,-0.3963379867574186,0.37126727087044614,-0.41556102136794054,-2.4884311935547174,0.691420332759097,1.5579615591570057,False,False,False,True,False,False,False,False,False,False,False,False,True,False,False,False,False,True,False,True,False,True,True,True,False
0.2519763153394848,-0.8217063804574551,0.24659271574169903,0.36353311931973803,-0.9362325091981789,-0.7067135071007099,-0.8003768579800858,-0.9176984418473986,0.23054227218958392,0.009005966407354064,-0.7346048218903612,-0.002559614350377729,1.2112108243341742,False,False,False,True,False,False,False,False,False,False,False,False,True,False,False,False,False,True,False,True,False,True,True,True,False
0.314970394174356,-0.45075127361217326,0.24659271574169903,0.5092643260441229,-0.4201186654130467,-0.5872766170971515,-0.22950457030876212,-0.9685628764903202,1.0145815505544016,0.8581399419579407,-1.101684760145691,-0.934475543325958,0.28654219813995774,False,False,False,True,False,False,False,False,False,False,False,False,True,False,False,False,False,True,False,True,False,True,True,True,False
0.3779644730092272,-1.0818785142177183,0.24659271574169903,0.6549955327685076,-1.0734968293538143,-1.069005406778247,-1.0299028293118608,-0.37090576943595777,-1.317432713299929,0.29205062492421546,-0.5306715228596223,-0.6667975637265888,0.8066683003742043,False,False,False,True,False,False,False,False,False,False,False,False,True,False,False,False,False,True,False,True,False,True,True,True,False
0.44095855184409843,-0.3399683005271546,0.24659271574169903,0.8007267394928924,-0.44757152944416595,-0.40414005242499457,-0.08237253740379213,0.0868741423503592,0.6828726250923627,-0.20327752748029324,0.16270169384488878,-0.02238761283921944,1.3267944026084513,False,False,False,True,False,False,False,False,False,False,False,False,True,False,False,False,False,True,False,True,False,True,True,False,True
0.5039526306789696,-0.4289303849742309,0.24659271574169903,0.9464579462172773,-0.6836661601118347,-0.25285332508710856,-0.35898075926515494,1.5110783123522535,0.09986905912878002,1.1411846004748047,0.20348835365103718,-0.230581596972062,-1.6783786325227528,False,False,False,True,False,False,False,False,False,False,False,False,True,False,False,False,False,True,False,True,False,True,True,True,False
0.5669467095138409,-1.1506982399220402,1.5762593202312518,-1.5309725680972643,-0.8868173539421526,-0.9973432727760949,-1.5772339917183802,1.6128071816380969,1.4367565465969938,0.6458564480702934,-0.897751461114952,0.9789263108473077,1.5001697700198668,False,False,False,True,False,False,False,False,False,False,False,False,True,False,False,False,True,False,False,False,True,True,True,True,False
0.629940788348712,-1.358835946930265,1.5762593202312518,-1.3852413613728796,-1.1942894310907548,-1.399447469121513,-1.3889049896000076,0.8116923360120404,1.9292940419800173,-0.9816503384016633,-0.3267382238288832,-0.934475543325958,0.5755011438256504,False,False,False,True,False,False,False,False,False,False,False,False,True,False,False,False,True,False,False,True,False,True,True,True,False
0.6929348671835832,-1.041593796732257,1.5762593202312518,-1.2395101546484948,-0.9856476644542054,-1.0331743397771709,-1.0299028293118608,-1.820542156759313,-0.030804153932023865,0.22128946029500135,1.46787480764162,1.633250260979099,0.3443339872770961,False,False,False,True,False,False,False,False,False,False,False,False,True,False,False,False,True,False,False,True,False,True,True,True,False
0.7559289460184544,-1.4310127324250341,1.5762593202312518,-1.09377894792411,-1.188798858284523,-1.3875037801211545,-1.6596279301451642,0.6590990320832608,-0.20168450947307248,-0.34479985673872393,-1.5911246778194659,-1.013787537281326,0.5755011438256504,False,False,False,True,False,False,False,False,False,False,False,False,True,False,False,False,True,False,False,True,False,True,True,True,False
0.8189230248533256,-1.2749094521688713,1.5762593202312518,-0.9480477411997252,-1.3480254696650462,-1.40342869878829,-0.918082484304066,-0.1928802481857246,1.3663940472565628,0.7166176126995101,-0.6530315022780674,-1.1724115251920633,-0.8115017954656746,False,False,False,True,False,False,False,False,False,False,False,False,True,False,False,False,True,False,False,True,False,True,True,True,False
0.8819171036881969,-1.0785214544272712,1.5762593202312518,-0.8023165344753403,-1.1064402661911652,-1.1207613924464868,-0.9063119216716743,-0.20559635684645142,-1.035982715938199,0.29205062492421546,0.44820831248792464,-1.7077674843908008,-1.7939622107970297,False,False,False,True,False,False,False,False,False,False,False,False,True,False,False,False,True,False,False,True,False,True,True,True,False
0.944911182523068,-1.0399152668370215,1.5762593202312518,-0.6565853277509556,-1.0076099556791125,-0.8062442487703845,-1.3359374577542134,-1.4136266796159105,-2.0914202060446825,0.5750952834410794,-0.20437824441044092,1.1177223002692034,-0.7537100063285361,False,False,False,True,False,False,False,False,False,False,False,False,True,False,False,False,True,False,False,True,False,True,True,True,False
1.0079052613579391,-0.7142804671629075,1.5762593202312518,-0.5108541210265708,-0.8593644899110332,-0.6828261290999926,-0.5414244800673211,2.1214515280673427,-1.307380927679865,-0.06175519822186254,-1.020111440533397,-0.7064535607042737,-0.17579211495715072,False,False,False,True,False,False,False,False,False,False,False,False,True,False,False,False,True,False,False,True,False,True,True,True,False
1.0708993401928104,-0.8720622773142818,1.5762593202312518,-0.36512291430218596,-0.6232698592433645,-0.8420753157714604,-1.1122967677386448,-1.0194273111332492,0.40142262773063253,2.0610797406546055,-1.387191378788727,-0.7758515554152207,-1.7939622107970297,False,False,False,True,False,False,False,False,False,False,False,False,True,False,False,False,True,False,False,True,False,True,True,True,False
1.1338934190276817,-0.7461725351722152,1.5762593202312518,-0.2193917075778012,-0.6232698592433645,-0.5036707940946408,-1.1652642995844391,-0.014854726935484194,-0.8952577172573309,0.07976713103657067,1.5902347870600622,-0.3892055848827992,0.6332929329627888,False,False,False,True,False,False,False,False,False,False,False,False,True,False,False,False,True,False,False,True,False,True,True,False,True
1.1968874978625528,-0.04286850907190107,1.5762593202312518,-0.07366050085341637,-0.8593644899110332,-0.6868073587667977,-0.8945413590392826,-0.4853507473825424,-0.26199522319344526,-1.7600231493230358,-0.20437824441044092,1.3457442828908877,0.8066683003742043,False,False,False,True,False,False,False,False,False,False,False,False,True,False,False,False,True,False,False,True,False,True,True,True,False
1.259881576697424,-1.0499864462083868,1.5762593202312518,0.07207070587096844,-0.9636853732292983,-0.965493435441824,-1.1888054248492226,-0.7015245946149705,0.15012798722908877,-0.5570833506263713,-0.20437824441044092,-1.8069074768350115,-0.3491674823685662,False,False,False,True,False,False,False,False,False,False,False,False,True,False,False,False,True,False,False,True,False,True,True,True,False
1.3228756555322951,-0.19897178932806375,1.5762593202312518,0.21780191259535323,-0.22245804438894104,-0.16128504275104424,-0.1941928824115869,1.3203366824412863,1.02463333617446,-1.0524115030308798,-0.48988486305347384,1.1177223002692034,0.748876511237066,False,False,False,True,False,False,False,False,False,False,False,False,True,False,False,False,True,False,False,True,False,True,True,True,False
1.3858697343671664,-0.5497845374305911,1.5762593202312518,0.36353311931973803,-0.5683641311811064,-0.5275581720953582,-0.506112792170125,0.29033188092206047,0.2707494146698286,-2.750679454132053,-0.5306715228596223,-0.20083959923879907,1.095627246059897,False,False,False,True,False,False,False,False,False,False,False,False,True,False,False,False,True,False,False,True,False,True,True,True,False
1.4488638132020377,-1.1305558811793095,1.5762593202312518,0.5092643260441229,-0.8099493346550068,-1.1725173781146982,-1.330052176438007,-0.5107829647040033,0.6627690538522403,-0.2740386921095073,0.6521416115186637,0.8897003176475183,0.8066683003742043,False,False,False,True,False,False,False,False,False,False,False,False,True,False,False,False,True,False,False,True,False,True,True,True,False
1.5118578920369088,-0.3063977026226114,1.5762593202312518,0.6549955327685076,-0.38717522857569575,-0.5912578467639282,0.2472032163033649,0.06144192502889835,0.893960123113656,-0.7693668445140185,-1.101684760145691,0.5228823456039392,0.17095861986568056,False,False,False,True,False,False,False,False,False,False,False,False,True,False,False,False,True,False,False,True,False,True,True,True,False
1.57485197087178,-0.6689601599917635,1.5762593202312518,0.8007267394928924,-0.5354206943437555,-0.710694736767515,-0.688556512972312,0.7226795753869166,-1.4581577119807911,2.627169057688331,-0.897751461114952,-1.568971494968906,1.153419035197036,False,False,False,True,False,False,False,False,False,False,False,False,True,False,False,False,True,False,False,True,False,True,True,True,False
1.6378460497066512,-0.3567535994794381,1.5762593202312518,0.9464579462172773,0.11795746959701219,-0.40812128209177134,-0.7474093261342917,-1.9731354606880853,-0.05090772517214622,-0.7693668445140185,-0.9793247807272487,0.1560643735603595,-1.0426689520142287,False,False,False,True,False,False,False,False,False,False,False,False,True,False,False,False,True,False,False,True,False,True,True,True,False
1.7008401285415224,-0.2896124036703518,1.5762593202312518,1.092189152941662,-0.5299301215375434,-0.3404403777563961,0.08830062076598226,0.8116923360120404,-1.2269666427193697,0.4335729541826487,-0.9385381209211003,-0.2504095954609044,-0.17579211495715072,False,False,False,True,False,False,False,False,False,False,False,False,True,False,False,False,True,False,False,True,False,True,True,True,False
-1.7008401285415224,-1.313515639759121,-1.083073888747854,-1.5309725680972643,-1.3150820328276953,-1.4472222251229196,-1.0181322666794481,-1.4009105709551837,2.029811898180635,-0.9108891737724493,-1.998991275880944,-1.7771654791017486,0.9222518786484815,False,False,False,False,True,False,False,False,False,False,False,False,False,True,False,False,False,False,True,False,True,True,True,True,False
-1.6378460497066512,-1.177554718245689,-1.083073888747854,-1.3852413613728796,-1.3590066152775095,-1.4074099284550667,-0.5590803240159192,-0.09115137889987397,1.0648404786547103,-0.4863221859971546,0.20348835365103718,1.3854002798685723,-0.4069592715057048,False,False,False,False,True,False,False,False,False,False,False,False,False,True,False,False,False,False,True,True,False,True,True,True,False
-1.57485197087178,-1.1691620687695354,-1.083073888747854,-1.2395101546484948,-1.0076099556791125,-1.0968740144457694,-1.3653638643352033,0.2267513376184047,-1.3978469982604185,1.9195574113961746,0.040341714426446525,0.4534843508929915,0.9222518786484815,False,False,False,False,True,False,False,False,False,False,False,False,False,True,False,False,False,False,True,True,False,True,True,True,False
-1.5118578920369088,-0.8989187556379307,-1.083073888747854,-1.09377894792411,-0.7770058978176558,-0.6549575214324984,-1.3241668951218009,0.5700862714581443,-0.33235772253387635,-1.1939338322893107,-1.101684760145691,-1.2219815214141687,-0.29137569323142765,False,False,False,False,True,False,False,False,False,False,False,False,False,True,False,False,False,False,True,True,False,True,True,True,False
-1.4488638132020377,-0.7931713722385947,-1.083073888747854,-0.9480477411997252,-0.8044587618487752,-0.9057749904400306,-0.5473097613835274,-1.782393830777118,0.8034940525331025,0.7166176126995101,-0.36752488363503155,-0.9443895425703791,-0.11800032582001213,False,False,False,False,True,False,False,False,False,False,False,False,False,True,False,False,False,False,True,True,False,True,True,True,False
-1.3858697343671664,-0.42557332518375995,-1.083073888747854,-0.8023165344753403,-0.4420809566379343,-0.46783972709356475,-0.3001279461031544,-0.8032534639008211,0.4315779845908189,1.8487962467669605,0.0811283742325949,1.4944542715572036,0.17095861986568056,False,False,False,False,True,False,False,False,False,False,False,False,False,True,False,False,False,False,True,True,False,True,True,True,False
-1.3228756555322951,-0.8787763968951999,-1.083073888747854,-0.6565853277509556,-0.9691759460355298,-0.742544574101786,-0.9121972029878807,-0.1928802481857246,1.0346851217945239,-0.9108891737724493,0.5705682919063669,-0.30989359092743096,-0.17579211495715072,False,False,False,False,True,False,False,False,False,False,False,False,False,True,False,False,False,False,True,True,False,True,True,True,False
-1.259881576697424,-0.09825999561441041,-1.083073888747854,-0.5108541210265708,-0.3212883549009939,0.0019453735872004205,0.023562526287796298,0.09959025101109324,0.6125101257519315,0.7873787773287266,0.24427501345718558,-0.22066759772764077,-0.060208536682873535,False,False,False,False,True,False,False,False,False,False,False,False,False,True,False,False,False,False,True,True,False,True,True,True,False
-1.1968874978625528,-0.6488178012490328,-1.083073888747854,-0.36512291430218596,-0.6507227232744838,-0.7027322774339332,-0.5002275108539396,0.07415803368963239,1.3663940472565628,1.4949904236208826,1.0600082095801417,1.2366902912022564,1.095627246059897,False,False,False,False,True,False,False,False,False,False,False,False,False,True,False,False,False,False,True,True,False,True,True,True,False
-1.1338934190276817,0.1098777113937906,-1.083073888747854,-0.2193917075778012,0.03559887750363483,0.0656450482557706,0.282514904200561,1.7654004855668763,1.105047621134955,-0.4863221859971546,0.8968615703555511,1.3457442828908877,-0.11800032582001213,False,False,False,False,True,False,False,False,False,False,False,False,False,True,False,False,False,False,True,True,False,True,True,True,False
-1.0708993401928104,0.22905333395496297,-1.083073888747854,-0.07366050085341637,0.20031606169038954,0.021851521921140975,0.5944348139590991,-0.014854726935484194,1.6176886877581065,-1.2646949969185273,0.6113549517125153,0.542710344092781,0.5755011438256504,False,False,False,False,True,False,False,False,False,False,False,False,False,True,False,False,False,False,True,True,False,True,True,True,False
-1.0079052613579391,0.8736088137223205,-1.083073888747854,0.07207070587096844,0.9360528177245345,0.9056845079476264,0.7474521281802754,0.06144192502889835,0.9944779793142735,0.5043341188118627,0.6113549517125153,-1.7275954828796434,0.8066683003742043,False,False,False,False,True,False,False,False,False,False,False,False,False,True,False,False,False,False,True,True,False,True,True,True,False
-0.944911182523068,1.0699968114639207,-1.083073888747854,0.21780191259535323,1.2654871860980244,1.180389354955876,0.6827140337020895,-0.7523890292578922,0.5220440551713724,-0.6278445152555853,1.3455148282231775,-0.43877558110490456,1.153419035197036,False,False,False,False,True,False,False,False,False,False,False,False,False,True,False,False,False,False,True,True,False,True,True,True,False
-0.8819171036881969,0.7628258406373019,-1.083073888747854,0.36353311931973803,0.7274110510879851,0.8380036036122794,0.6885993150182957,-1.6552327441698065,-0.40272022187430745,-0.9816503384016633,-0.9385381209211003,-1.122841528969958,0.5755011438256504,False,False,False,False,True,False,False,False,False,False,False,False,False,True,False,False,False,False,True,True,False,True,True,True,False
-0.8189230248533256,0.796396438541845,-1.083073888747854,0.5092643260441229,0.6889770414444025,0.7583790102765455,0.971092818195844,-0.45991853006107436,0.28080120028989264,0.7166176126995101,0.1219150340387433,0.3543443584487808,0.11316683072854197,False,False,False,False,True,False,False,False,False,False,False,False,False,True,False,False,False,False,True,True,False,True,True,True,False
-0.7559289460184544,0.8668946941414023,-1.083073888747854,0.6549955327685076,0.8207507887938063,0.9693841826162248,0.7533374094964818,1.4983622036915194,0.9040119087337201,0.7166176126995101,0.44820831248792464,1.6035082632458346,0.05537504159140339,False,False,False,False,True,False,False,False,False,False,False,False,False,True,False,False,False,False,True,True,False,True,True,False,True
-0.6929348671835832,1.0330691537689303,-1.083073888747854,0.8007267394928924,1.1007700019112698,1.0967835319533652,0.8533871918718638,0.9642856399408127,-0.975672002217826,0.22128946029500135,-1.6319113376256142,-1.7275954828796434,0.9222518786484815,False,False,False,False,True,False,False,False,False,False,False,False,False,True,False,False,False,False,True,True,False,True,True,True,False
-0.629940788348712,1.2177074422439536,-1.083073888747854,0.9464579462172773,1.0184114098178925,1.26001394829161,1.347750822432589,2.1341676367280766,-1.3375362845400514,-0.41556102136794054,0.692928271324812,-1.5788854942133272,1.3267944026084513,False,False,False,False,True,False,False,False,False,False,False,False,False,True,False,False,False,False,True,True,False,True,True,True,False
-0.5669467095138409,-0.9157040545901903,0.24659271574169903,-1.5309725680972643,-0.8593644899110332,-0.9256811387739429,-0.8945413590392826,-0.9049823331866645,-0.17152915261288607,-0.8401280091432326,-1.020111440533397,-0.9146475448371155,1.095627246059897,False,False,False,False,True,False,False,False,False,False,False,False,False,True,False,False,False,True,False,False,True,True,True,True,False
-0.5039526306789696,-0.9190611143806613,0.24659271574169903,-1.3852413613728796,-0.8483833442985894,-1.0849303254454108,-0.6709006690237139,-0.7523890292578922,0.4617333414510053,-0.6278445152555853,-0.00044494537970186677,-0.528001574304694,0.9800436677856204,False,False,False,False,True,False,False,False,False,False,False,False,False,True,False,False,False,True,False,True,False,True,True,True,False
-0.44095855184409843,-0.6874239888392586,0.24659271574169903,-1.2395101546484948,-0.3761940829632324,-0.6788448994332158,-0.9710500161498602,-1.3246139189907937,0.4516815558309413,0.5750952834410794,1.9165280655092463,-1.271551517636274,1.0378354569227586,False,False,False,False,True,False,False,False,False,False,False,False,False,True,False,False,False,True,False,True,False,True,True,True,False
-0.3779644730092272,-0.8502413886763156,0.24659271574169903,-1.09377894792411,-0.8428927714923578,-0.858000234438596,-0.7768357327152815,-0.06571916157841312,-0.2418916519533172,-0.4863221859971546,0.978434889967845,0.6121083388037287,1.0378354569227586,False,False,False,False,True,False,False,False,False,False,False,False,False,True,False,False,False,True,False,True,False,True,True,True,False
-0.314970394174356,-0.5229280591069662,0.24659271574169903,-0.9480477411997252,-0.870345635523477,-0.6868073587667977,0.14126815261177647,1.9815743327993045,-1.2772255708196785,0.07976713103657067,0.7337149311309604,0.0370963826273064,0.6910847220999277,False,False,False,False,True,False,False,False,False,False,False,False,False,True,False,False,False,True,False,True,False,True,True,True,False
-0.2519763153394848,-0.3399683005271546,0.24659271574169903,-0.8023165344753403,-0.3761940829632324,-0.19711610975209198,-0.4708011042729288,-0.6506601599720415,-1.7295559237224574,0.3628117895534321,-0.6530315022780674,-1.1922395236809058,0.45991756555137325,False,False,False,False,True,False,False,False,False,False,False,False,False,True,False,False,False,True,False,True,False,True,True,True,False
-0.1889822365046136,-0.13350912341418908,0.24659271574169903,-0.6565853277509556,-0.2773637724511796,0.24480038326115072,-0.5002275108539396,-2.3037542858670905,1.2859797622960676,-0.34479985673872393,-0.6938181620842129,1.4052282783574135,0.22875040900281915,False,False,False,False,True,False,False,False,False,False,False,False,False,True,False,False,False,True,False,True,False,True,True,True,False
-0.1259881576697424,-0.15029442236644874,0.24659271574169903,-0.5108541210265708,-0.1785334619391463,-0.2369284064199731,0.047103651552579784,1.1550272698517798,0.6024583401318675,0.22128946029500135,1.0600082095801417,1.6233362617346772,1.4423779808827286,False,False,False,False,True,False,False,False,False,False,False,False,False,True,False,False,False,True,False,True,False,True,True,True,False
-0.0629940788348712,0.04441504547993978,0.24659271574169903,-0.36512291430218596,0.0136365862787277,0.057682588922217004,0.08241533944977593,0.5955184887796051,1.1553065492352637,0.009005966407354064,0.7745015909371059,0.4733123493818339,-1.6783786325227528,False,False,False,False,True,False,False,False,False,False,False,False,False,True,False,False,False,True,False,True,False,True,True,True,False
0.0,0.39858485337293814,0.24659271574169903,-0.2193917075778012,0.34307095465223714,0.3085000579297209,0.6120906579076972,1.5365105296737143,-1.428002355120605,1.3534680943624495,0.7337149311309604,0.4534843508929915,-0.29137569323142765,False,False,False,False,True,False,False,False,False,False,False,False,False,True,False,False,False,True,False,True,False,True,True,True,False
0.0629940788348712,-0.05629674823371356,0.24659271574169903,-0.07366050085341637,0.046580023116078645,-0.013979545079935051,-0.18830760109538056,0.25218355493986555,-1.0058273590780125,-1.406217326176958,-0.20437824441044092,-0.7361955584375366,-0.060208536682873535,False,False,False,False,True,False,False,False,False,False,False,False,False,True,False,False,False,True,False,True,False,True,True,True,False
0.1259881576697424,0.3213724781924626,0.24659271574169903,0.07207070587096844,0.34307095465223714,0.34433112493079693,0.282514904200561,-0.05300305291767908,-1.3475880701601097,-0.7693668445140185,-0.12280492479814413,-1.23189552065859,-1.7939622107970297,False,False,False,False,True,False,False,False,False,False,False,False,False,True,False,False,False,True,False,True,False,True,True,True,False
0.1889822365046136,0.8350026261320709,0.24659271574169903,0.21780191259535323,0.8756565168560448,0.7543977806097687,0.9004694424014518,0.23946744627913874,-2.6606025667806756,-0.06175519822186254,-0.16359158460429252,-1.0336155357701686,0.748876511237066,False,False,False,False,True,False,False,False,False,False,False,False,False,True,False,False,False,True,False,True,False,True,True,True,False
0.2519763153394848,0.31465835861154445,0.24659271574169903,0.36353311931973803,0.2277689257215088,0.4000683402658135,0.3001707481491591,0.3157640982435213,0.702976196332485,-0.6278445152555853,0.16270169384488878,1.6431642602235195,0.9222518786484815,False,False,False,False,True,False,False,False,False,False,False,False,False,True,False,False,False,True,False,True,False,True,True,True,False
0.314970394174356,0.6705066963997783,0.24659271574169903,0.5092643260441229,0.776826206343992,0.917628196947985,0.2001209657737561,-0.15473192220352971,0.2204904865695199,0.9996622712163714,0.488994972294073,-1.2517235191474323,-0.7537100063285361,False,False,False,False,True,False,False,False,False,False,False,False,False,True,False,False,False,True,False,True,False,True,True,True,False
0.3779644730092272,0.5815446119527258,0.24659271574169903,0.6549955327685076,0.6340713133821444,0.4478430962672482,0.7297962842316773,0.4683574021722936,-0.37256486501412106,-0.7693668445140185,-0.36752488363503155,-1.0930995312366951,-0.4647510606428434,False,False,False,False,True,False,False,False,False,False,False,False,False,True,False,False,False,True,False,True,False,True,True,True,False
0.44095855184409843,0.7460405416850183,0.24659271574169903,0.8007267394928924,0.7548639151191043,0.6986605652747521,0.8063049413422759,-0.12929970488206885,-0.9957755734579484,0.4335729541826487,-0.5306715228596223,-0.8650775486150102,0.22875040900281915,False,False,False,False,True,False,False,False,False,False,False,False,False,True,False,False,False,True,False,True,False,True,True,True,False
0.5039526306789696,0.11323477118426162,0.24659271574169903,0.9464579462172773,0.06854231434098577,-0.2369284064199731,0.7062551589668938,0.2648996636005996,-1.1666559289990028,0.4335729541826487,-0.7346048218903612,0.6815063335146757,-0.9848771628770902,False,False,False,False,True,False,False,False,False,False,False,False,False,True,False,False,False,True,False,True,False,True,True,True,False
0.5669467095138409,0.24919569269769362,1.5762593202312518,-1.5309725680972643,0.3540521002646809,0.2965563689293622,0.08830062076598226,-0.8922662245259377,-0.33235772253387635,0.3628117895534321,1.2639415086108807,-0.9939595387924844,-0.522542849779982,False,False,False,False,True,False,False,False,False,False,False,False,False,True,False,False,True,False,False,False,True,True,True,True,False
0.629940788348712,0.19044714636471327,1.5762593202312518,-1.3852413613728796,0.2771840809775352,0.24878161292792753,0.03533308892018804,0.37934464154717706,-0.6037559342755424,0.5750952834410794,0.36663499287562784,-0.9840455395480633,-0.5803346389171203,False,False,False,False,True,False,False,False,False,False,False,False,False,True,False,False,True,False,False,True,False,True,True,True,False
0.6929348671835832,-0.09825999561441041,1.5762593202312518,-1.2395101546484948,0.0136365862787277,-0.16128504275104424,-0.08825781871999847,-0.5997957253291198,0.6225619113719899,2.0610797406546055,0.285061673263334,0.7806463259588864,0.9222518786484815,False,False,False,False,True,False,False,False,False,False,False,False,False,True,False,False,True,False,False,True,False,True,True,True,False
0.7559289460184544,0.13505565982220394,1.5762593202312518,-1.09377894792411,0.06305174153475411,-0.02194200441351693,0.4708439063189335,1.7526843769061424,-0.3826166506341851,-0.6986056798848019,-0.36752488363503155,-0.12152760528343011,-0.002416747545734945,False,False,False,False,True,False,False,False,False,False,False,False,False,True,False,False,True,False,False,True,False,True,True,True,False
0.8189230248533256,0.20555391542176127,1.5762593202312518,-0.9480477411997252,-0.06323143300841799,-0.009998315413158255,0.8357313479232658,1.3203366824412863,0.5924065545118035,-1.406217326176958,1.182368188998584,-0.012473613594798937,-1.8517539999341683,False,False,False,False,True,False,False,False,False,False,False,False,False,True,False,False,True,False,False,True,False,True,True,True,False
0.8819171036881969,-0.06133233791939623,1.5762593202312518,-0.8023165344753403,-0.12362773387688822,0.22489423492721017,-0.3825218845299594,-0.07843527023913993,-0.7846880754366551,0.5750952834410794,0.285061673263334,-1.013787537281326,1.0378354569227586,False,False,False,False,True,False,False,False,False,False,False,False,False,True,False,False,True,False,False,True,False,True,True,True,False
0.944911182523068,0.6923275850377445,1.5762593202312518,-0.6565853277509556,0.776826206343992,0.5871861346047472,0.7592226908126881,0.036009707707437506,1.4468083322170522,0.29205062492421546,0.040341714426446525,-0.379291585638378,0.5755011438256504,False,False,False,False,True,False,False,False,False,False,False,False,False,True,False,False,True,False,False,True,False,True,True,True,False
1.0079052613579391,-0.02608321011961756,1.5762593202312518,-0.5108541210265708,0.046580023116078645,0.16119456025864,-0.3472101966327632,-0.10386748756060801,0.5421476264114947,-0.6986056798848019,0.44820831248792464,1.4944542715572036,1.153419035197036,False,False,False,False,True,False,False,False,False,False,False,False,False,True,False,False,True,False,False,True,False,True,True,False,True
1.0708993401928104,0.4959395872961205,1.5762593202312518,-0.36512291430218596,0.4419012651642704,0.42793694793330767,0.6650581897534914,-0.09115137889987397,0.41147441335069657,1.5657515882500967,0.978434889967845,1.5440242677793088,0.22875040900281915,False,False,False,False,True,False,False,False,False,False,False,False,False,True,False,False,True,False,False,True,False,True,True,True,False
1.1338934190276817,-0.24429209649920777,1.5762593202312518,-0.2193917075778012,-0.25540148122629197,-0.20109733941889707,-0.25304569557356654,1.803548811549064,-2.6606025667806756,-0.34479985673872393,-1.4279780385948753,-0.002559614350377729,0.05537504159140339,False,False,False,False,True,False,False,False,False,False,False,False,False,True,False,False,True,False,False,True,False,True,True,True,False
1.1968874978625528,0.7762540797991143,1.5762593202312518,-0.07366050085341637,0.8042790703751308,0.8021725366112034,0.7062551589668938,-2.3419026118492856,-0.040855939552082186,-0.41556102136794054,0.7337149311309604,0.4832263486262544,-0.4069592715057048,False,False,False,False,True,False,False,False,False,False,False,False,False,True,False,False,True,False,False,True,False,True,True,True,False
1.259881576697424,0.31633688850677993,1.5762593202312518,0.07207070587096844,0.3540521002646809,0.40404956993259034,0.16480927787655997,2.0197226587814994,-0.010700582691901508,0.29205062492421546,0.978434889967845,-1.4797455017691166,0.05537504159140339,False,False,False,False,True,False,False,False,False,False,False,False,False,True,False,False,True,False,False,True,False,True,True,True,False
1.3228756555322951,0.8971082322554983,1.5762593202312518,0.21780191259535323,0.6450524589946077,0.9813278716165835,1.0299456313578446,-2.5882772171509587,-0.111218438892519,-0.5570833506263713,0.5705682919063669,-0.03230161208364065,0.748876511237066,False,False,False,False,True,False,False,False,False,False,False,False,False,True,False,False,True,False,False,True,False,True,True,True,False
1.3858697343671664,0.4388695708583995,1.5762593202312518,0.36353311931973803,0.2662029353650719,0.2527628425947326,0.9122400050338644,0.13773857699328812,2.1303297543812523,0.7166176126995101,0.20348835365103718,1.1078083010247814,-1.6783786325227528,False,False,False,False,True,False,False,False,False,False,False,False,False,True,False,False,True,False,False,True,False,True,True,True,False
1.4488638132020377,0.4959395872961205,1.5762593202312518,0.5092643260441229,0.3101275178148862,0.32840620626366146,0.9593222555634523,-1.5789360922054168,0.23054227218958392,0.9996622712163714,0.36663499287562784,1.1970342942245715,-1.7939622107970297,False,False,False,False,True,False,False,False,False,False,False,False,False,True,False,False,True,False,False,True,False,True,True,True,False
1.5118578920369088,0.6016869706954565,1.5762593202312518,0.6549955327685076,0.5846561581261375,0.8817971299469091,0.2177768097223542,0.646382923422534,0.7431833388127297,1.6365127528793133,-0.7346048218903612,-1.053443534259011,1.153419035197036,False,False,False,False,True,False,False,False,False,False,False,False,False,True,False,False,True,False,False,True,False,True,True,True,False
1.57485197087178,1.1153171186350648,1.5762593202312518,0.8007267394928924,1.1392040115548523,1.1963142736230115,0.9534369742472459,-0.35818966077523096,-0.5233416493150473,0.22128946029500135,-0.2451649042165893,-1.3310355131028007,-1.3316278976999214,False,False,False,False,True,False,False,False,False,False,False,False,False,True,False,False,True,False,False,True,False,True,True,True,False
1.6378460497066512,0.8333240962368592,1.5762593202312518,0.9464579462172773,0.6395618861883761,0.8340223739454743,1.0358309126740508,-0.6760923772935097,0.25064584342970625,0.7166176126995101,0.5297816321002214,0.4237423531597286,-1.736170421659891,False,False,False,False,True,False,False,False,False,False,False,False,False,True,False,False,True,False,False,True,False,True,True,True,False
1.7008401285415224,1.2445639205675785,1.5762593202312518,1.092189152941662,1.4192232246723158,1.1684456659555174,1.1417659763656185,-0.11658359622133482,0.40142262773063253,0.4335729541826487,0.040341714426446525,-0.528001574304694,-0.8115017954656746,False,False,False,False,True,False,False,False,False,False,False,False,False,True,False,False,True,False,False,True,False,True,True,True,False
-1.7008401285415224,-1.5501883549861826,-1.083073888747854,-1.5309725680972643,-1.6774598380385557,-1.721927072131169,-1.065214517209057,0.1250224683325541,1.5272226171775474,1.070423435845588,0.285061673263334,0.9491843131140448,-0.522542849779982,True,False,False,False,False,False,False,False,False,False,False,True,False,False,False,False,False,False,True,False,True,True,True,True,False
-1.6378460497066512,-1.8086819588512102,-1.083073888747854,-1.3852413613728796,-1.5896106731389466,-1.9130260961369079,-1.7773335564691444,0.849840661994228,-0.1514255813727637,0.5043341188118627,-0.041231605185850256,1.6035082632458346,-1.3316278976999214,True,False,False,False,False,False,False,False,False,False,False,True,False,False,False,False,False,False,True,True,False,True,True,True,False
-1.57485197087178,-0.9291322937520267,-1.083073888747854,-1.2395101546484948,-0.711119024142954,-0.8699439234389547,-1.1770348622168307,-0.5234990733647301,-2.0311094923243096,0.4335729541826487,-0.48988486305347384,0.9987543093361502,-0.3491674823685662,True,False,False,False,False,False,False,False,False,False,False,True,False,False,False,False,False,False,True,True,False,True,True,True,False
-1.5118578920369088,-0.5229280591069662,-1.083073888747854,-1.09377894792411,-0.5134584031188678,-0.6430138324321398,-0.30601322741936077,0.9388534226193519,1.5674297596577977,0.22128946029500135,-1.7542713170440565,-0.230581596972062,-1.3316278976999214,True,False,False,False,False,False,False,False,False,False,False,True,False,False,False,False,False,False,True,True,False,True,True,True,False
-1.4488638132020377,-0.6303539724015138,-1.083073888747854,-0.9480477411997252,-0.44757152944416595,-0.5753329280967928,-0.8474591085096738,-2.1002965472953967,0.17023155846921112,-0.34479985673872393,-1.8358446366563532,-0.2801515931941673,-0.4069592715057048,True,False,False,False,False,False,False,False,False,False,False,True,False,False,False,False,False,False,True,True,False,True,True,True,False
-1.3858697343671664,-0.6857454589440232,-1.083073888747854,-0.8023165344753403,-0.5024772575064045,-0.8659626937721778,-0.5473097613835274,-0.07843527023913993,-1.297329142059801,0.6458564480702934,-1.917417956268647,1.5341102685348884,1.269002613471313,True,False,False,False,False,False,False,False,False,False,False,True,False,False,False,False,False,False,True,True,False,True,True,True,False
-1.3228756555322951,-0.3416468304223901,-1.083073888747854,-0.6565853277509556,-0.12362773387688822,-0.20507856908567387,-0.7297534821856936,0.023293599046703466,1.9594493988402037,-0.2740386921095073,0.8968615703555511,0.8599583199142554,-0.29137569323142765,True,False,False,False,False,False,False,False,False,False,False,True,False,False,False,False,False,False,True,True,False,True,True,True,False
-1.259881576697424,-0.516213939526048,-1.083073888747854,-0.5108541210265708,-0.4201186654130467,-0.3364591480896193,-0.835688545877282,1.142311161191046,1.02463333617446,1.9195574113961746,-0.5714581826657706,0.10649437733825415,1.5001697700198668,True,False,False,False,False,False,False,False,False,False,False,True,False,False,False,False,False,False,True,True,False,True,True,True,False
-1.1968874978625528,-0.42725185507899544,-1.083073888747854,-0.36512291430218596,-0.5409112671499872,-0.39617759309141265,-0.3001279461031544,1.625523290298831,-0.9957755734579484,-0.6986056798848019,-0.612244842471919,1.028496307069413,-0.17579211495715072,True,False,False,False,False,False,False,False,False,False,False,True,False,False,False,False,False,False,True,True,False,True,True,True,False
-1.1338934190276817,-0.31646888199397677,-1.083073888747854,-0.2193917075778012,-0.23892976280761652,-0.2289659470863912,-0.4825716669053415,0.04872581636817154,-1.3475880701601097,1.5657515882500967,-0.041231605185850256,1.4647122738239406,-1.4472114759741983,True,False,False,False,False,False,False,False,False,False,False,True,False,False,False,False,False,False,True,True,False,True,True,True,False
-1.0708993401928104,0.2995515895545203,-1.083073888747854,-0.07366050085341637,0.041089450309866486,0.33636866559721507,0.5414672821133049,-0.8922662245259377,0.3813190564905102,-1.406217326176958,0.6113549517125153,-0.5874855697712206,-1.38941968683706,True,False,False,False,False,False,False,False,False,False,False,True,False,False,False,False,False,False,True,True,False,True,True,True,False
-1.0079052613579391,0.5899372614288556,-1.083073888747854,0.07207070587096844,0.5187692844514357,0.6906981059411985,0.5238114381647069,-0.18016413952499055,-0.4630309355946802,0.7873787773287266,0.285061673263334,0.988840310091729,-1.6783786325227528,True,False,False,False,False,False,False,False,False,False,False,True,False,False,False,False,False,False,True,True,False,True,True,True,False
-0.944911182523068,-0.04286850907190107,-1.083073888747854,0.21780191259535323,0.6285807405759323,0.6946793356079753,0.44730278105412913,-1.998567678009546,0.37126727087044614,-2.6091571248736227,-0.6530315022780674,-1.3607775108360636,1.269002613471313,True,False,False,False,False,False,False,False,False,False,False,True,False,False,False,False,False,False,True,True,False,True,True,True,False
-0.8819171036881969,0.61847226964774,-1.083073888747854,0.36353311931973803,0.7878073519564553,0.5792236752711937,0.5061555942161297,0.7481117927083847,1.5473261884176697,-0.6986056798848019,-0.7753914816965096,1.5539382670237294,1.4423779808827286,True,False,False,False,False,False,False,False,False,False,False,True,False,False,False,False,False,False,True,True,False,True,True,True,False
-0.8189230248533256,1.0381047434546131,-1.083073888747854,0.5092643260441229,1.1392040115548523,0.8539285222794148,1.1888482268952272,2.4139220272641606,0.019454774168284884,0.7873787773287266,-0.00044494537970186677,-1.568971494968906,1.0378354569227586,True,False,False,False,False,False,False,False,False,False,False,True,False,False,False,False,False,False,True,True,False,True,True,True,False
-0.7559289460184544,0.5983299109050093,-1.083073888747854,0.6549955327685076,0.46386355638917753,0.451824325934025,0.9652075368796587,-0.25646079148938034,0.7934422669130384,-0.34479985673872393,0.040341714426446525,-0.6271415667489046,0.6910847220999277,True,False,False,False,False,False,False,False,False,False,False,True,False,False,False,False,False,False,True,True,False,True,True,True,False
-0.6929348671835832,1.1757441948632568,-1.083073888747854,0.8007267394928924,1.1831285940046472,0.9415155749487024,1.4889975740213734,-0.7651051379186262,0.05966191664853531,-0.5570833506263713,0.488994972294073,0.08666637884941174,-0.6959182171913975,True,False,False,False,False,False,False,False,False,False,False,True,False,False,False,False,False,False,True,True,False,True,True,True,False
-0.629940788348712,0.7947179086466095,-1.083073888747854,0.9464579462172773,0.7658450607315482,0.8937408189472678,0.6827140337020895,-0.3327574434537629,0.30090477153001505,-0.5570833506263713,0.0811283742325949,1.2267762919578344,-0.5803346389171203,True,False,False,False,False,False,False,False,False,False,False,True,False,False,False,False,False,False,True,True,False,True,True,True,False
-0.5669467095138409,1.5853054892987644,-1.083073888747854,1.092189152941662,1.430204370284779,1.5148126469659189,1.8185733277285305,-0.4344863127396135,-1.518468425701164,-1.1939338322893107,-0.5306715228596223,1.1573782972468867,0.6332929329627888,True,False,False,False,False,False,False,False,False,False,False,True,False,False,False,False,False,False,True,True,False,True,True,True,False
-0.5039526306789696,1.3385615947003375,-1.083073888747854,1.2379203596660469,1.216072030841998,1.32371362296018,1.4713417300727756,1.6509555076202918,0.6527172682321762,-1.8307843139522526,0.36663499287562784,0.43365635240414907,0.748876511237066,True,False,False,False,False,False,False,False,False,False,False,True,False,False,False,False,False,False,True,True,False,True,True,True,False
-0.44095855184409843,1.5366281223371732,-1.083073888747854,1.3836515663904316,1.3313740597727264,1.5347187952998311,1.7244088266693338,-1.273749484347872,0.491888698311186,-0.5570833506263713,-0.7753914816965096,0.1758923720492019,0.748876511237066,True,False,False,False,False,False,False,False,False,False,False,True,False,False,False,False,False,False,True,True,False,True,True,False,True
-0.3779644730092272,1.4762010461089812,-1.083073888747854,1.5293827731148164,1.0897888562988258,1.399356986629109,1.9774759232659131,-0.4344863127396135,0.05966191664853531,-0.34479985673872393,0.24427501345718558,-0.5577435720379577,0.11316683072854197,True,False,False,False,False,False,False,False,False,False,False,True,False,False,False,False,False,False,True,True,False,True,True,True,False
-0.314970394174356,1.7363731798692443,-1.083073888747854,1.6751139798392012,1.6113932728901899,1.7815550346405866,1.75972051456653,0.3157640982435213,1.4568601178371163,0.5043341188118627,-0.12280492479814413,1.4448842753350981,1.3267944026084513,True,False,False,False,False,False,False,False,False,False,False,True,False,False,False,False,False,False,True,True,False,True,True,True,False
-0.2519763153394848,2.0200447321626855,-1.083073888747854,1.820845186563586,2.407526329792805,1.9845977476466556,1.6008179190291683,0.6209507061010732,-0.34240950815393467,1.070423435845588,0.692928271324812,-1.0831855319922739,1.3845861917455897,True,False,False,False,False,False,False,False,False,False,False,True,False,False,False,False,False,False,True,True,False,True,True,True,False
-0.1889822365046136,2.2315394989613573,-1.083073888747854,1.966576393287971,2.275752582443421,2.048297422315254,2.3894456153998336,0.2140352289576707,0.23054227218958392,0.8581399419579407,1.0600082095801417,-0.7461095576819577,0.6332929329627888,True,False,False,False,False,False,False,False,False,False,False,True,False,False,False,False,False,False,True,True,False,True,True,True,False
-0.1259881576697424,2.145934474304752,-1.083073888747854,2.1123076000123557,2.3306583105056595,2.330964728657057,1.6067032003453536,0.9261373139586179,1.1653583348553278,-0.2740386921095073,0.16270169384488878,-0.6370555659933259,-0.4647510606428434,True,False,False,False,False,False,False,False,False,False,False,True,False,False,False,False,False,False,True,True,False,True,True,True,False
-0.0629940788348712,2.3708574802652365,-1.083073888747854,2.2580388067367405,2.0341673789695203,2.454382848327421,2.5365776483048244,-0.04028694425695227,1.4769636890772386,0.4335729541826487,1.7941680860908011,0.6815063335146757,-1.736170421659891,True,False,False,False,False,False,False,False,False,False,False,True,False,False,False,False,False,False,True,True,False,True,True,True,False
0.0,-1.1876258976170544,0.24659271574169903,-1.5309725680972643,-0.9801570916479737,-1.1725173781146982,-1.3477080203866052,-1.1211561804190997,-1.2370184283394339,0.8581399419579407,0.285061673263334,-1.6978534851463805,-0.5803346389171203,True,False,False,False,False,False,False,False,False,False,False,True,False,False,False,False,False,True,False,False,True,True,True,True,False
0.0629940788348712,-0.6353895620871964,0.24659271574169903,-1.3852413613728796,-0.7934776162363314,-0.6868073587667977,-0.32955435268416516,-0.9558467678295934,1.02463333617446,0.009005966407354064,-0.40831154344118,-0.528001574304694,-0.17579211495715072,True,False,False,False,False,False,False,False,False,False,False,True,False,False,False,False,False,True,False,True,False,True,True,True,False
0.1259881576697424,-0.4692151024596923,0.24659271574169903,-1.2395101546484948,-0.28834491806364293,-0.487745875427477,-0.5767361679645172,0.646382923422534,-0.09111486765239094,-0.9816503384016633,-0.7753914816965096,-1.7672514798573273,-1.1004607411513672,True,False,False,False,False,False,False,False,False,False,False,True,False,False,False,False,False,True,False,True,False,True,True,True,False
0.1889822365046136,-0.5716054260685572,0.24659271574169903,-1.09377894792411,-0.39815637418813954,-0.4240462007589068,-0.918082484304066,-1.1974528323834823,2.653022606624462,1.070423435845588,-0.2859515640227348,-1.0435295350145897,-0.9848771628770902,True,False,False,False,False,False,False,False,False,False,False,True,False,False,False,False,False,True,False,True,False,True,True,True,False
0.2519763153394848,-0.5783195456494754,0.24659271574169903,-0.9480477411997252,-0.6507227232744838,-0.7266196554346505,-0.22950457030876212,-0.34547355211449693,-0.26199522319344526,-1.2646949969185273,-0.041231605185850256,-1.8069074768350115,-1.736170421659891,True,False,False,False,False,False,False,False,False,False,False,True,False,False,False,False,False,True,False,True,False,True,True,True,False
0.314970394174356,-0.7209945867438018,0.24659271574169903,-0.8023165344753403,-0.6122887136309012,-1.1088177034461282,-0.20596344504397865,2.286760940656849,-0.06095951079221026,-0.5570833506263713,0.6521416115186637,-1.7870794783461699,-0.4647510606428434,True,False,False,False,False,False,False,False,False,False,False,True,False,False,False,False,False,True,False,True,False,True,True,True,False
0.3779644730092272,-0.19897178932806375,0.24659271574169903,-0.6565853277509556,-0.3761940829632324,-0.09360413841566899,-0.12356950661719461,-0.4344863127396135,0.5320958407914365,-0.9108891737724493,-1.1424714199518393,-0.05212961057248307,-0.2335839040942893,True,False,False,False,False,False,False,False,False,False,False,True,False,False,False,False,False,True,False,True,False,True,True,True,False
0.44095855184409843,-0.06972498739554991,0.24659271574169903,-0.5108541210265708,0.05756116872854196,-0.12147274608316314,-0.09414310003618388,-0.23102857416791947,0.34111191401025975,-0.8401280091432326,-1.713484657237908,1.0978943017803608,-1.1004607411513672,True,False,False,False,False,False,False,False,False,False,False,True,False,False,False,False,False,True,False,True,False,True,True,True,False
0.5039526306789696,-0.08483175645259791,0.24659271574169903,-0.36512291430218596,-0.28834491806364293,-0.025923234080293726,0.08241533944977593,0.44292518485083276,0.3913708421105685,1.8487962467669605,0.040341714426446525,0.3246023607155179,0.6332929329627888,True,False,False,False,False,False,False,False,False,False,False,True,False,False,False,False,False,True,False,True,False,True,True,True,False
0.5669467095138409,-0.08483175645259791,0.24659271574169903,-0.2193917075778012,0.06305174153475411,-0.06971676041495163,-0.23538985162496845,0.8116923360120404,1.0145815505544016,0.4335729541826487,1.9573147253153946,-0.05212961057248307,1.3845861917455897,True,False,False,False,False,False,False,False,False,False,False,True,False,False,False,False,False,True,False,True,False,True,True,True,False
0.629940788348712,-0.0009052616912042245,0.24659271574169903,-0.07366050085341637,0.15639147924057528,0.2129505459268515,-0.4531452603243307,0.32848020690425533,1.30608333353619,1.9195574113961746,0.0811283742325949,1.6035082632458346,-1.1004607411513672,True,False,False,False,False,False,False,False,False,False,False,True,False,False,False,False,False,True,False,True,False,True,True,False,True
0.6929348671835832,0.27101658133563594,0.24659271574169903,0.07207070587096844,-0.019306850558623242,0.057682588922217004,0.9181252863500499,-1.1720206150620216,0.28080120028989264,0.7873787773287266,-1.7950579768502049,-0.42886158186048334,-1.3316278976999214,True,False,False,False,False,False,False,False,False,False,False,True,False,False,False,False,False,True,False,True,False,True,True,True,False
0.7559289460184544,0.07295005369880028,0.24659271574169903,0.21780191259535323,0.24973121694641595,0.08953242625648794,-0.11179894398478195,1.0532984005659294,0.7833904812929802,0.6458564480702934,-0.08201826499199574,1.1276362995136238,-0.5803346389171203,True,False,False,False,False,False,False,False,False,False,False,True,False,False,False,False,False,True,False,True,False,True,True,True,False
0.8189230248533256,0.6990417046186627,0.24659271574169903,0.36353311931973803,0.49131642042029683,0.5792236752711937,1.100569007152237,0.010577490385976655,-1.3576398557801737,0.6458564480702934,-1.224044739564136,-0.12152760528343011,-0.6381264280542589,True,False,False,False,False,False,False,False,False,False,False,True,False,False,False,False,False,True,False,True,False,True,True,True,False
0.8819171036881969,0.2005183257360786,0.24659271574169903,0.5092643260441229,0.408957828326939,0.16915701959222187,0.047103651552579784,-0.9176984418473986,-2.041161277944374,-0.9108891737724493,1.6310214468662105,-0.5478295727935364,0.5177093546885116,True,False,False,False,False,False,False,False,False,False,False,True,False,False,False,False,False,True,False,True,False,True,True,True,False
0.944911182523068,0.03434386610857445,0.24659271574169903,0.6549955327685076,-0.057740860202186335,-0.009998315413158255,0.2236620910385605,-0.15473192220352971,-0.9957755734579484,0.7873787773287266,-0.6938181620842129,-1.0930995312366951,1.3845861917455897,True,False,False,False,False,False,False,False,False,False,False,True,False,False,False,False,False,True,False,True,False,True,True,True,False
1.0079052613579391,0.7695399602181962,0.24659271574169903,0.8007267394928924,0.6340713133821444,0.8857783596137141,0.7356815655478837,-1.7060971788127282,-0.3223059369138123,-1.1231726676600966,-0.12280492479814413,-1.4599175032802743,-0.9848771628770902,True,False,False,False,False,False,False,False,False,False,False,True,False,False,False,False,False,True,False,True,False,True,True,True,False
1.0708993401928104,0.9055008817316281,0.24659271574169903,0.9464579462172773,1.1007700019112698,0.8658722112797735,0.7474521281802754,-0.8414017898830087,0.23054227218958392,-2.0430678078398974,1.386301488029323,-1.5194014987468007,0.6332929329627888,True,False,False,False,False,False,False,False,False,False,False,True,False,False,False,False,False,True,False,True,False,True,True,True,False
1.1338934190276817,0.8098246777036575,0.24659271574169903,1.092189152941662,0.6670147502194954,0.74245409160941,1.0593720379388345,0.7862601186905723,-0.09111486765239094,0.7166176126995101,1.5494481272539167,1.1078083010247814,-0.060208536682873535,True,False,False,False,False,False,False,False,False,False,False,True,False,False,False,False,False,True,False,True,False,True,True,True,False
1.1968874978625528,0.9944629661786807,0.24659271574169903,1.2379203596660469,0.9635056817556539,1.0291026276180182,0.9652075368796587,1.4729299863700587,-1.5687273538014728,0.3628117895534321,-1.101684760145691,-0.458603579593747,0.5755011438256504,True,False,False,False,False,False,False,False,False,False,False,True,False,False,False,False,False,True,False,True,False,True,True,True,False
1.259881576697424,0.7107914138852397,0.24659271574169903,1.3836515663904316,0.9085999536933957,0.7743039289437093,0.411991093156933,-1.2101689410442165,-0.7645845041965328,1.1411846004748047,-0.3267382238288832,1.2664322889355193,-0.4069592715057048,True,False,False,False,False,False,False,False,False,False,False,True,False,False,False,False,False,True,False,True,False,True,True,True,False
1.3228756555322951,1.1791012546537039,0.24659271574169903,1.5293827731148164,1.534525253603044,1.1127084506205007,0.8828135984528745,-0.6506601599720415,0.08981727350871599,-0.41556102136794054,-1.5911246778194659,0.5228823456039392,-1.2160443194256443,True,False,False,False,False,False,False,False,False,False,False,True,False,False,False,False,False,True,False,True,False,True,True,True,False
1.3858697343671664,0.8702517539318495,0.24659271574169903,1.6751139798392012,1.0513548466552434,0.6230172016058233,1.0358309126740508,0.16317079431474898,0.1300244159889664,-0.6278445152555853,0.36663499287562784,0.8698723191586766,-0.5803346389171203,True,False,False,False,False,False,False,False,False,False,False,True,False,False,False,False,False,True,False,True,False,True,True,True,False
1.4488638132020377,1.0213194445023295,0.24659271574169903,1.820845186563586,1.2599966132917928,0.8658722112797735,0.9828633808282567,-0.4726346387218084,-0.8449987891570222,-0.6278445152555853,2.283608003764576,1.335830283646467,-0.522542849779982,True,False,False,False,False,False,False,False,False,False,False,True,False,False,False,False,False,True,False,True,False,True,True,True,False
1.5118578920369088,1.1656730154918913,0.24659271574169903,1.966576393287971,1.0678265650739187,1.100764761620142,1.347750822432589,0.7099634667261898,-0.8248952179168998,0.4335729541826487,0.692928271324812,-0.7461095576819577,0.45991756555137325,True,False,False,False,False,False,False,False,False,False,False,True,False,False,False,False,False,True,False,True,False,True,True,True,False
1.57485197087178,1.2042792030821172,0.24659271574169903,2.1123076000123557,0.9140905264996274,1.1127084506205007,1.6302443256101582,0.2776157722613264,1.3462904760164347,0.5750952834410794,0.488994972294073,1.6134222624902566,0.5755011438256504,True,False,False,False,False,False,False,False,False,False,False,True,False,False,False,False,False,True,False,True,False,True,True,True,False
1.6378460497066512,1.2210645020344006,0.24659271574169903,2.2580388067367405,0.9195810993058591,1.068914924285871,1.7538352332503446,0.4047768588686379,1.115099406755019,0.3628117895534321,-1.101684760145691,-0.30989359092743096,0.9222518786484815,True,False,False,False,False,False,False,False,False,False,False,True,False,False,False,False,False,True,False,True,False,True,True,True,False
1.7008401285415224,1.571877250136952,0.24659271574169903,2.403770013461125,1.6662990009524479,1.8014611829744989,1.0946837258360305,-0.37090576943595777,1.2558244054358814,-0.20327752748029324,0.040341714426446525,0.7509043282256235,-1.736170421659891,True,False,False,False,False,False,False,False,False,False,False,True,False,False,False,False,False,True,False,True,False,True,True,False,True
-1.7008401285415224,-0.6152472033444658,-1.083073888747854,-1.5309725680972643,-0.6891567329180663,-0.40414005242499457,-0.7944915766638795,-0.09115137889987397,-0.694222004856096,0.07976713103657067,1.9573147253153946,-1.2517235191474323,0.05537504159140339,False,False,False,False,False,False,False,True,False,False,True,False,False,False,False,False,False,False,True,False,True,True,True,True,False
-1.6378460497066512,-0.19561472953759274,-1.083073888747854,-1.3852413613728796,-0.41462809260681505,-0.3364591480896193,0.28840018551674645,-1.4644911142588393,-0.26199522319344526,0.4335729541826487,-1.3464047189825785,0.3146883614710967,-0.4647510606428434,False,False,False,False,False,False,False,True,False,False,True,False,False,False,False,False,False,False,True,True,False,True,True,True,False
-1.57485197087178,-1.1120920523318143,-1.083073888747854,-1.2395101546484948,-1.2327234407343375,-0.9734558947753776,-1.1064114864224386,-0.1928802481857246,0.009402988548226562,-1.4769784908061745,0.32584833306948235,0.39400035542646494,-0.8115017954656746,False,False,False,False,False,False,False,True,False,False,True,False,False,False,False,False,False,False,True,True,False,True,True,True,False
-1.5118578920369088,-0.4977501106785528,-1.083073888747854,-1.09377894792411,-0.3707035101570203,-0.6310701434317811,-0.3825218845299594,-0.4344863127396135,0.6627690538522403,-1.9723066432106833,-1.2648313993702844,1.1970342942245715,1.269002613471313,False,False,False,False,False,False,False,True,False,False,True,False,False,False,False,False,False,False,True,True,False,True,True,True,False
-1.4488638132020377,-0.5951048446017351,-1.083073888747854,-0.9480477411997252,-0.551892412762431,-0.42802743042568364,-0.8298032645610757,1.3203366824412863,-1.8702809224033252,-0.4863221859971546,1.0192215497739934,1.633250260979099,1.3267944026084513,False,False,False,False,False,False,False,True,False,False,True,False,False,False,False,False,False,False,True,True,False,True,True,True,False
-1.3858697343671664,0.03434386610857445,-1.083073888747854,-0.8023165344753403,0.3101275178148862,-0.006017085746381459,-0.1706517571467825,-1.4899233315803002,-0.43287557873449384,0.7873787773287266,-2.406857873942422,-1.1724115251920633,0.9222518786484815,False,False,False,False,False,False,False,True,False,False,True,False,False,False,False,False,False,False,True,True,False,True,True,True,False
-1.3228756555322951,-0.09154587603349224,-1.083073888747854,-0.6565853277509556,-0.04126914178351086,-0.0776792197485335,-0.12945478793338003,-0.2818930088108412,-0.7243773617162823,1.1411846004748047,1.304728168417029,-1.5194014987468007,0.11316683072854197,False,False,False,False,False,False,False,True,False,False,True,False,False,False,False,False,False,False,True,True,False,True,True,True,False
-1.259881576697424,-0.05797527812894907,-1.083073888747854,-0.5108541210265708,-0.05225028739597418,0.19702562725971604,-0.40606300979474286,-1.3246139189907937,-0.98572378783789,-0.13251636285107662,-0.5306715228596223,-0.6866255622154313,-0.8115017954656746,False,False,False,False,False,False,False,True,False,False,True,False,False,False,False,False,False,False,True,True,False,True,True,True,False
-1.1968874978625528,0.03937945579425711,-1.083073888747854,-0.36512291430218596,0.008146013472515548,0.005926603253977216,0.1530387152441682,-0.20559635684645142,-0.21173629509313652,-0.06175519822186254,0.488994972294073,1.2961742866687822,0.6910847220999277,False,False,False,False,False,False,False,True,False,False,True,False,False,False,False,False,False,False,True,True,False,True,True,True,False
-1.1338934190276817,0.6839349355616147,-1.083073888747854,-0.2193917075778012,0.760354487925336,0.7026417949415572,0.576778970010501,-0.3963379867574186,-0.3826166506341851,0.07976713103657067,1.7941680860908011,-0.7064535607042737,1.3845861917455897,False,False,False,False,False,False,False,True,False,False,True,False,False,False,False,False,False,False,True,True,False,True,True,True,False
-1.0708993401928104,0.47747575844862533,-1.083073888747854,-0.07366050085341637,0.4858258476140847,0.634960890606182,0.2530884976195503,-0.2818930088108412,0.3913708421105685,0.8581399419579407,-0.3267382238288832,0.25520436600457014,0.8066683003742043,False,False,False,False,False,False,False,True,False,False,True,False,False,False,False,False,False,False,True,True,False,True,True,True,False
-1.0079052613579391,0.47747575844862533,-1.083073888747854,0.07207070587096844,0.7274110510879851,0.7384728619426332,-0.16476647583057616,0.9897178572622736,-1.2772255708196785,1.424229258991666,-0.08201826499199574,-0.3396355886606939,1.4423779808827286,False,False,False,False,False,False,False,True,False,False,True,False,False,False,False,False,False,False,True,True,False,True,True,True,False
-0.944911182523068,1.1807797845489394,-1.083073888747854,0.21780191259535323,1.1337134387486207,1.399356986629109,0.8945841610852663,-1.4263427882766444,-1.4179505695005465,-0.06175519822186254,1.4270881478354716,-1.3112075146139581,-1.0426689520142287,False,False,False,False,False,False,False,True,False,False,True,False,False,False,False,False,False,False,True,True,False,True,True,True,False
-0.8819171036881969,1.182458314444175,-1.083073888747854,0.36353311931973803,1.0348831282365678,1.0848398429530066,1.4713417300727756,-0.307325226132302,0.7230797675726074,-0.8401280091432326,0.692928271324812,-0.012473613594798937,0.9800436677856204,False,False,False,False,False,False,False,True,False,False,True,False,False,False,False,False,False,False,True,True,False,True,True,True,False
-0.8189230248533256,1.35198983386215,-1.083073888747854,0.5092643260441229,1.2764683317104684,1.2560327186248048,1.5478503871833742,-0.12929970488206885,1.9695011844602677,-1.4769784908061745,-0.16359158460429252,-0.9443895425703791,1.269002613471313,False,False,False,False,False,False,False,True,False,False,True,False,False,False,False,False,False,False,True,True,False,True,True,True,False
-0.7559289460184544,1.3922745513476114,-1.083073888747854,0.6549955327685076,1.3917703606411966,1.4590754316309023,1.265356884005805,0.175886902975483,0.7833904812929802,0.6458564480702934,0.040341714426446525,1.5440242677793088,0.22875040900281915,False,False,False,False,False,False,False,True,False,False,True,False,False,False,False,False,False,False,True,True,False,True,True,True,False
-0.6929348671835832,1.4224880894617074,-1.083073888747854,0.8007267394928924,1.3478457781914017,1.2480702592912511,1.7302941079855403,0.5700862714581443,-0.8449987891570222,-0.34479985673872393,-1.5095513582071691,-0.14135560377227252,1.5001697700198668,False,False,False,False,False,False,False,True,False,False,True,False,False,False,False,False,False,False,True,True,False,True,True,True,False
-0.629940788348712,2.2197897896947567,-1.083073888747854,0.9464579462172773,2.2318279999936066,2.2115278386534705,2.154034362751873,-0.4726346387218084,-0.09111486765239094,-0.34479985673872393,1.2231548488047324,-0.2702375939497461,0.9222518786484815,False,False,False,False,False,False,False,True,False,False,True,False,False,False,False,False,False,False,True,True,False,True,True,True,False
-0.5669467095138409,-0.7562437145435804,0.24659271574169903,-1.5309725680972643,-0.8044587618487752,-0.6191264544314224,-0.8415738271934883,-0.3200413347930361,-1.116397000898694,-0.2740386921095073,-0.40831154344118,0.3246023607155179,0.05537504159140339,False,False,False,False,False,False,False,True,False,False,True,False,False,False,False,False,False,True,False,False,True,True,True,True,False
-0.5039526306789696,-0.3450038902128372,0.24659271574169903,-1.3852413613728796,-0.17304288913291463,-0.32849668875603744,-0.506112792170125,-0.16744803086426374,-0.040855939552082186,-0.6986056798848019,0.8560749105494027,-1.0930995312366951,-0.8115017954656746,False,False,False,False,False,False,False,True,False,False,True,False,False,False,False,False,False,True,False,True,False,True,True,True,False
-0.44095855184409843,-0.03111879980530023,0.24659271574169903,-1.2395101546484948,0.01912715908495936,0.017870292254335892,-0.11768422530098828,-0.4726346387218084,0.009402988548226562,-1.2646949969185273,0.20348835365103718,1.246604290446677,-0.2335839040942893,False,False,False,False,False,False,False,True,False,False,True,False,False,False,False,False,False,True,False,True,False,True,True,True,False
-0.3779644730092272,-0.3416468304223901,0.24659271574169903,-1.09377894792411,-0.28834491806364293,-0.2926656217549614,-0.4178335724271346,1.4474977690485977,0.8135458381531665,0.009005966407354064,-1.4279780385948753,1.4547982745795187,-0.2335839040942893,False,False,False,False,False,False,False,True,False,False,True,False,False,False,False,False,False,True,False,True,False,True,True,True,False
-0.314970394174356,-0.037832919386218404,0.24659271574169903,-0.9480477411997252,-0.19500518035782174,-0.11351028674960954,0.282514904200561,-1.070291745776171,-1.0460345015582573,-2.0430678078398974,0.8152882507432543,1.4647122738239406,-1.1582525302885056,False,False,False,False,False,False,False,True,False,False,True,False,False,False,False,False,False,True,False,True,False,True,True,False,True
-0.2519763153394848,-0.20568590890895808,0.24659271574169903,-0.8023165344753403,-0.024797423364835394,-0.02990446374709881,-0.6179331371779198,-1.3627622449729888,-1.699400566862271,-1.5477396554353886,-0.2859515640227348,-0.5874855697712206,-1.620586843385614,False,False,False,False,False,False,False,True,False,False,True,False,False,False,False,False,False,True,False,True,False,True,True,True,False
-0.1889822365046136,0.004130327994478443,0.24659271574169903,-0.6565853277509556,0.2277689257215088,-0.0856416790820871,-0.0764872560875858,0.7353956840476507,-0.6339112911357289,-0.34479985673872393,0.040341714426446525,-0.7758515554152207,0.9222518786484815,False,False,False,False,False,False,False,True,False,False,True,False,False,False,False,False,False,True,False,True,False,True,True,True,False
-0.1259881576697424,0.2760521710213186,0.24659271574169903,-0.5108541210265708,0.39797668271447567,0.44386186660044313,-0.08237253740379213,-0.5107829647040033,1.5975851165179784,-0.7693668445140185,-1.7950579768502049,1.3259162844020451,-0.5803346389171203,False,False,False,False,False,False,False,True,False,False,True,False,False,False,False,False,False,True,False,True,False,True,True,True,False
-0.0629940788348712,0.2542312823833763,0.24659271574169903,-0.36512291430218596,0.2442406441401843,0.3204437469300796,0.1942356844575707,0.2776157722613264,-1.8903844936434475,-0.06175519822186254,-1.387191378788727,0.056924381116148816,0.11316683072854197,False,False,False,False,False,False,False,True,False,False,True,False,False,False,False,False,False,True,False,True,False,True,True,True,False
0.0,0.09644947223197811,0.24659271574169903,-0.2193917075778012,0.4199389739393828,0.18508193825935734,-0.35309547794894863,-1.299181701669333,-0.030804153932023865,0.7166176126995101,1.304728168417029,-0.7361955584375366,1.2112108243341742,False,False,False,False,False,False,False,True,False,False,True,False,False,False,False,False,False,True,False,True,False,True,True,True,False
0.0629940788348712,0.361657195677924,0.24659271574169903,-0.07366050085341637,0.6999581870568463,0.3721997325982911,0.005906682339198224,-1.7060971788127282,-0.6238595055156648,1.1411846004748047,0.285061673263334,0.4237423531597286,-0.5803346389171203,False,False,False,False,False,False,False,True,False,False,True,False,False,False,False,False,False,True,False,True,False,True,True,False,True
0.1259881576697424,0.5446169542577116,0.24659271574169903,0.07207070587096844,0.34856152745844926,0.47969293360151916,0.8651577545042766,0.06144192502889835,1.0547886930346462,0.9996622712163714,0.8152882507432543,-0.3693775863939568,-0.4647510606428434,False,False,False,False,False,False,False,True,False,False,True,False,False,False,False,False,False,True,False,True,False,True,True,True,False
0.1889822365046136,0.5160819460388512,0.24659271574169903,0.21780191259535323,0.34307095465223714,0.49561785226868293,0.7474521281802754,1.193175595833975,-0.9656202165977678,-0.6278445152555853,1.386301488029323,0.4534843508929915,-1.505003265111337,False,False,False,False,False,False,False,True,False,False,True,False,False,False,False,False,False,True,False,True,False,True,True,True,False
0.2519763153394848,1.2412068607771314,0.24659271574169903,0.36353311931973803,1.2929400501291437,1.3834320679619734,0.9534369742472459,-0.05300305291767908,-0.8349470035369638,-0.2740386921095073,-0.12280492479814413,1.1672922964913086,-1.6783786325227528,False,False,False,False,False,False,False,True,False,False,True,False,False,False,False,False,False,True,False,True,False,True,True,True,False
0.314970394174356,0.5429384243625,0.24659271574169903,0.5092643260441229,0.760354487925336,0.5075615412690416,0.3649088426273451,-0.6506601599720415,-1.7094523524823348,1.4949904236208826,0.5297816321002214,1.2366902912022564,-0.060208536682873535,False,False,False,False,False,False,False,True,False,False,True,False,False,False,False,False,False,True,False,True,False,True,True,True,False
0.3779644730092272,1.004534145550046,0.24659271574169903,0.6549955327685076,0.7658450607315482,0.9773466419497785,1.2888980092706093,0.7099634667261898,0.3913708421105685,-2.1845901370983305,0.4074216526817762,-0.02238761283921944,0.9222518786484815,False,False,False,False,False,False,False,True,False,False,True,False,False,False,False,False,False,True,False,True,False,True,True,True,False
0.44095855184409843,0.9978200259691516,0.24659271574169903,0.8007267394928924,0.8591847984373694,0.9216094266147902,1.2477010400572068,0.8244084446727672,-0.17152915261288607,0.4335729541826487,-0.12280492479814413,-0.6172275675044835,-0.6381264280542589,False,False,False,False,False,False,False,True,False,False,True,False,False,False,False,False,False,True,False,True,False,True,True,True,False
0.5039526306789696,1.022997974397565,0.24659271574169903,0.9464579462172773,1.0897888562988258,0.9375343452819256,1.0593720379388345,-0.05300305291767908,-0.30220236567368997,0.5043341188118627,-1.387191378788727,-1.202153522925327,0.6332929329627888,False,False,False,False,False,False,False,True,False,False,True,False,False,False,False,False,False,True,False,True,False,True,True,True,False
0.5669467095138409,-0.0831532265573624,1.5762593202312518,-1.5309725680972643,-0.47502439347528524,0.17313824925899868,-0.00586388029321443,-0.37090576943595777,-0.3926684362542434,0.4335729541826487,0.978434889967845,0.7707323267144659,0.22875040900281915,False,False,False,False,False,False,False,True,False,False,True,False,False,False,False,False,True,False,False,False,True,True,True,True,False
0.629940788348712,0.16526919793629993,1.5762593202312518,-1.3852413613728796,0.0136365862787277,0.12536349325756396,0.411991093156933,-0.23102857416791947,0.3511636996303238,0.15052829566578477,-1.1832580797579877,-0.03230161208364065,1.0378354569227586,False,False,False,False,False,False,False,True,False,False,True,False,False,False,False,False,True,False,False,True,False,True,True,True,False
0.6929348671835832,0.7594687808468308,1.5762593202312518,-1.2395101546484948,1.1611663027797399,0.8897595892804909,0.13538287129557014,1.549226638334441,0.8336494093932889,0.9996622712163714,0.8560749105494027,-1.1823255244364845,0.17095861986568056,False,False,False,False,False,False,False,True,False,False,True,False,False,False,False,False,True,False,False,True,False,True,True,True,False
0.7559289460184544,0.3113012988210973,1.5762593202312518,-1.09377894792411,0.4199389739393828,0.6230172016058233,-0.25304569557356654,0.8116923360120404,0.48183691269112766,0.22128946029500135,1.386301488029323,0.7806463259588864,0.8644600895113431,False,False,False,False,False,False,False,True,False,False,True,False,False,False,False,False,True,False,False,True,False,True,True,True,False
0.8189230248533256,0.2777307009165541,1.5762593202312518,-0.9480477411997252,0.2662029353650719,0.3522935842643788,0.2001209657737561,0.43020907619010595,0.08981727350871599,-0.4863221859971546,-0.00044494537970186677,-1.7573374806129063,-0.002416747545734945,False,False,False,False,False,False,False,True,False,False,True,False,False,False,False,False,True,False,False,True,False,True,True,True,False
0.8819171036881969,0.6386146283904707,1.5762593202312518,-0.8023165344753403,0.8152602159875746,0.6827356466076167,0.3943352492083349,1.3966333344056687,-0.12127022451257732,1.2119457651040186,1.7941680860908011,0.38408635618204373,1.3267944026084513,False,False,False,False,False,False,False,True,False,False,True,False,False,False,False,False,True,False,False,True,False,True,True,True,False
0.944911182523068,0.25087422259290526,1.5762593202312518,-0.6565853277509556,-0.00283513213994777,0.40404956993259034,0.3178265920977572,0.010577490385976655,1.225669048575695,-1.0524115030308798,-1.4687646984010236,1.4547982745795187,-1.0426689520142287,False,False,False,False,False,False,False,True,False,False,True,False,False,False,False,False,True,False,False,True,False,True,True,True,False
1.0079052613579391,0.7913608488561623,1.5762593202312518,-0.5108541210265708,0.9305622449183029,0.8977220486140728,0.48261446895132526,-0.05300305291767908,-0.2820987944335676,-1.1939338322893107,0.5297816321002214,1.0780663032915185,-0.6381264280542589,False,False,False,False,False,False,False,True,False,False,True,False,False,False,False,False,True,False,False,True,False,True,True,True,False
1.0708993401928104,0.5093678264579569,1.5762593202312518,-0.36512291430218596,0.4473918379705021,0.7344916322758281,0.2530884976195503,-0.7142407032756973,-0.2519434375733812,0.5043341188118627,-0.7753914816965096,1.1573782972468867,0.6332929329627888,False,False,False,False,False,False,False,True,False,False,True,False,False,False,False,False,True,False,False,True,False,True,True,True,False
1.1338934190276817,0.9373929497409597,1.5762593202312518,-0.2193917075778012,1.128222865942389,1.1326145989544412,0.44141749973792277,0.4810735108330277,0.34111191401025975,1.2827069297332354,0.040341714426446525,0.25520436600457014,-1.2160443194256443,False,False,False,False,False,False,False,True,False,False,True,False,False,False,False,False,True,False,False,True,False,True,True,True,False
1.1968874978625528,0.6856134654568263,1.5762593202312518,-0.07366050085341637,0.8097696431813429,0.591167364271524,0.7003698776506876,-0.21831246550718544,0.08981727350871599,-0.8401280091432326,-1.2648313993702844,0.6418503365369916,-0.060208536682873535,False,False,False,False,False,False,False,True,False,False,True,False,False,False,False,False,True,False,False,True,False,True,True,True,False
1.259881576697424,0.9038223518364166,1.5762593202312518,0.07207070587096844,0.7987884975688991,0.9454968046155076,0.9475516929310606,-0.05300305291767908,0.5924065545118035,1.6365127528793133,-0.897751461114952,1.1672922964913086,-1.2160443194256443,False,False,False,False,False,False,False,True,False,False,True,False,False,False,False,False,True,False,False,True,False,True,True,True,False
1.3228756555322951,1.4409519183092026,1.5762593202312518,0.21780191259535323,1.1996003124233225,1.2918637856258808,1.889196703522923,1.1550272698517798,-0.07101129641226858,0.22128946029500135,-0.6938181620842129,0.4435703516485703,0.05537504159140339,False,False,False,False,False,False,False,True,False,False,True,False,False,False,False,False,True,False,False,True,False,True,True,True,False
1.3858697343671664,1.0062126754452816,1.5762593202312518,0.36353311931973803,1.1831285940046472,0.9574404936158661,0.8769283171366683,0.25218355493986555,0.4617333414510053,-0.41556102136794054,-1.5095513582071691,-0.22066759772764077,1.5579615591570057,False,False,False,False,False,False,False,True,False,False,True,False,False,False,False,False,True,False,False,True,False,True,True,True,False
1.4488638132020377,1.1237097681112185,1.5762593202312518,0.5092643260441229,1.0184114098178925,1.2281641109573107,1.0652573192550407,1.60009107297737,-0.12127022451257732,0.4335729541826487,-0.7346048218903612,-1.42026150630259,-1.8517539999341683,False,False,False,False,False,False,False,True,False,False,True,False,False,False,False,False,True,False,False,True,False,True,True,True,False
1.5118578920369088,1.2714203988912274,1.5762593202312518,0.6549955327685076,1.2984306229353755,1.4113006756294675,1.0122897874092465,-0.1928802481857246,0.4315779845908189,0.07976713103657067,-0.612244842471919,-1.6284554904354327,0.4021257764142347,False,False,False,False,False,False,False,True,False,False,True,False,False,False,False,False,True,False,False,True,False,True,True,True,False
1.57485197087178,0.9860703167025509,1.5762593202312518,0.8007267394928924,1.0678265650739187,0.8260599146119207,1.1241101324170204,0.6209507061010732,-0.5635487917952977,2.627169057688331,1.182368188998584,0.9690123116028873,-0.522542849779982,False,False,False,False,False,False,False,True,False,False,True,False,False,False,False,False,True,False,False,True,False,True,True,True,False
1.6378460497066512,1.1455306567491608,1.5762593202312518,0.9464579462172773,1.1886191668108788,1.2759388669587453,0.88869887976906,0.23946744627913874,-0.37256486501412106,-0.41556102136794054,0.0811283742325949,0.5724523418260445,-0.8692935846028131,False,False,False,False,False,False,False,True,False,False,True,False,False,False,False,False,True,False,False,True,False,True,True,True,False
1.7008401285415224,1.1337809474825837,1.5762593202312518,1.092189152941662,1.2215626036482297,1.068914924285871,1.118224851100835,1.9942904414600313,-0.43287557873449384,-0.20327752748029324,-0.5306715228596223,1.4944542715572036,1.153419035197036,False,False,False,False,False,False,False,True,False,False,True,False,False,False,False,False,True,False,False,True,False,True,True,True,False
-1.7008401285415224,-0.6941381084201768,-1.083073888747854,-1.5309725680972643,-0.4310998110254905,-0.6469950620989449,-0.982820578782252,-1.56621998354469,0.08981727350871599,0.6458564480702934,-0.8161781415026581,1.633250260979099,-1.4472114759741983,False,False,False,False,False,False,False,False,True,False,False,False,False,False,True,False,False,False,True,False,True,True,True,True,False
-1.6378460497066512,-0.7797431330767582,-1.083073888747854,-1.3852413613728796,-0.5848358495997819,-0.8341128564378786,-0.8415738271934883,1.854413246191993,0.06971370226859364,0.6458564480702934,-0.8161781415026581,1.633250260979099,0.748876511237066,False,False,False,False,False,False,False,False,True,False,False,False,False,False,True,False,False,False,True,True,False,True,True,True,False
-1.57485197087178,-0.08986734613828058,-1.083073888747854,-1.2395101546484948,0.0026554406662838885,0.08156996692293435,-0.40606300979474286,0.16317079431474898,-0.8248952179168998,0.5043341188118627,0.488994972294073,0.840130321425413,0.748876511237066,False,False,False,False,False,False,False,False,True,False,False,False,False,False,True,False,False,False,True,True,False,True,True,True,False
-1.5118578920369088,0.3415148369351933,-1.083073888747854,-1.09377894792411,0.11795746959701219,0.3841434215986497,0.5355820007971195,-1.8078260480985788,0.6627690538522403,1.9903185760253914,-0.44909820324732835,-1.7077674843908008,-1.620586843385614,False,False,False,False,False,False,False,False,True,False,False,False,False,False,True,False,False,False,True,True,False,True,True,True,False
-1.4488638132020377,-0.20232884911851093,-1.083073888747854,-0.9480477411997252,-0.28834491806364293,-0.232947176753168,-0.023519724241812503,-1.4136266796159105,0.4516815558309413,0.07976713103657067,0.8560749105494027,0.7509043282256235,-1.0426689520142287,False,False,False,False,False,False,False,False,True,False,False,False,False,False,True,False,False,False,True,True,False,True,True,True,False
-1.3858697343671664,0.19044714636471327,-1.083073888747854,-0.8023165344753403,0.408957828326939,0.4199744885997258,-0.35898075926515494,0.7353956840476507,0.009402988548226562,-1.8307843139522526,1.182368188998584,0.8103883236921501,-0.6381264280542589,False,False,False,False,False,False,False,False,True,False,False,False,False,False,True,False,False,False,True,True,False,True,True,True,False
-1.3228756555322951,-0.04286850907190107,-1.083073888747854,-0.6565853277509556,0.0520705959223103,-0.14934135375068558,0.052988932868786115,0.15045468565401493,0.24059405780964224,0.3628117895534321,0.16270169384488878,1.2862602874243616,-0.002416747545734945,False,False,False,False,False,False,False,False,True,False,False,False,False,False,True,False,False,False,True,True,False,True,True,True,False
-1.259881576697424,0.28612335039268394,-1.083073888747854,-0.5108541210265708,0.11246689679078052,0.44386186660044313,0.2589737789357566,-1.1974528323834823,1.1251511923750774,1.070423435845588,0.7745015909371059,0.840130321425413,-1.7939622107970297,False,False,False,False,False,False,False,False,True,False,False,False,False,False,True,False,False,False,True,True,False,True,True,True,False
-1.1968874978625528,-0.01936909053872324,-1.083073888747854,-0.36512291430218596,0.11246689679078052,0.1094385745904285,-0.3177837900517525,0.2140352289576707,-0.3223059369138123,-2.113828972469114,1.0600082095801417,-0.7163675599486942,0.4021257764142347,False,False,False,False,False,False,False,False,True,False,False,False,False,False,True,False,False,False,True,True,False,True,True,True,False
-1.1338934190276817,0.47244016876294265,-1.083073888747854,-0.2193917075778012,0.6779958958319586,0.43988063693366636,0.31194131078155085,0.3030479895827945,0.511992269551314,-1.4769784908061745,-0.48988486305347384,1.2267762919578344,0.5755011438256504,False,False,False,False,False,False,False,False,True,False,False,False,False,False,True,False,False,False,True,True,False,True,True,True,False
-1.0708993401928104,0.5362243047815818,-1.083073888747854,-0.07366050085341637,0.4693541291954092,0.5035803116022365,0.6650581897534914,0.3920607502079111,1.18546190609545,1.5657515882500967,2.773047921438351,-1.0633575335034315,0.748876511237066,False,False,False,False,False,False,False,False,True,False,False,False,False,False,True,False,False,False,True,True,False,True,True,True,False
-1.0079052613579391,1.382203371976246,-1.083073888747854,0.07207070587096844,1.4851100983470178,1.2998262449594626,1.365406666381187,0.9642856399408127,0.049610131028471276,-2.750679454132053,0.488994972294073,-1.241809519903011,-0.8692935846028131,False,False,False,False,False,False,False,False,True,False,False,False,False,False,True,False,False,False,True,True,False,True,True,True,False
-0.944911182523068,1.439273388413967,-1.083073888747854,0.21780191259535323,1.4356949430909913,1.4511129722973204,1.3889477916459914,2.083303202085155,-1.6792969956221486,0.29205062492421546,0.36663499287562784,-0.042215611328061856,0.9222518786484815,False,False,False,False,False,False,False,False,True,False,False,False,False,False,True,False,False,False,True,True,False,True,True,True,False
-0.8819171036881969,1.0783894609400744,-1.083073888747854,0.36353311931973803,0.9305622449183029,1.076877383619453,1.2182746334762171,-0.40905409541815263,0.7733386956729161,-0.7693668445140185,-0.3267382238288832,0.3543443584487808,-0.9848771628770902,False,False,False,False,False,False,False,False,True,False,False,False,False,False,True,False,False,False,True,True,False,True,True,True,False
-0.8189230248533256,1.0599256320925554,-1.083073888747854,0.5092643260441229,1.0074302642054487,0.9335531156151489,1.2947832905867949,0.9897178572622736,-0.8751541460172085,0.8581399419579407,-0.00044494537970186677,1.0086683085805714,-1.7939622107970297,False,False,False,False,False,False,False,False,True,False,False,False,False,False,True,False,False,False,True,True,False,True,True,True,False
-0.7559289460184544,1.7447658293453743,-1.083073888747854,0.6549955327685076,1.6662990009524479,1.7457239676395104,1.7832616398313343,-0.04028694425695227,1.316135119156254,1.9195574113961746,0.6521416115186637,-0.4883455773270099,1.3267944026084513,False,False,False,False,False,False,False,False,True,False,False,False,False,False,True,False,False,False,True,True,False,True,True,True,False
-0.6929348671835832,1.7397302396596916,-1.083073888747854,0.8007267394928924,1.9243559228450238,1.5347187952998311,1.7950322024637262,1.0151500745837345,0.7632869100528578,0.5043341188118627,-0.3267382238288832,0.08666637884941174,-0.6959182171913975,False,False,False,False,False,False,False,False,True,False,False,False,False,False,True,False,False,False,True,True,False,True,True,True,False
-0.629940788348712,1.9344397075060802,-1.083073888747854,0.9464579462172773,2.176922271931368,1.9845977476466556,1.5478503871833742,-0.8541178985437429,-0.040855939552082186,1.6365127528793133,-1.0608981003395455,-0.6866255622154313,-0.4647510606428434,False,False,False,False,False,False,False,False,True,False,False,False,False,False,True,False,False,False,True,True,False,True,True,True,False
-0.5669467095138409,-0.04790409875758374,0.24659271574169903,-1.5309725680972643,-0.2663826268387358,-0.09758536808244578,0.28840018551674645,-0.7015245946149705,-1.317432713299929,-1.7600231493230358,0.040341714426446525,-1.5491434964800643,-0.7537100063285361,False,False,False,False,False,False,False,False,True,False,False,False,False,False,True,False,False,True,False,False,True,True,True,True,False
-0.5039526306789696,0.019237097051526444,0.24659271574169903,-1.3852413613728796,0.03559887750363483,-0.09360413841566899,0.2001209657737561,-0.44720242140034755,-0.6439630767557872,1.424229258991666,0.36663499287562784,-1.1922395236809058,0.11316683072854197,False,False,False,False,False,False,False,False,True,False,False,False,False,False,True,False,False,True,False,True,False,True,True,True,False
-0.44095855184409843,0.18541155667903061,0.24659271574169903,-1.2395101546484948,-0.2279486171951727,0.2049880865932979,0.6238612205401098,0.34119631556498214,-0.9455166453576397,0.9996622712163714,-0.16359158460429252,-1.7375094821240644,1.095627246059897,False,False,False,False,False,False,False,False,True,False,False,False,False,False,True,False,False,True,False,True,False,True,True,True,False
-0.3779644730092272,0.3213724781924626,0.24659271574169903,-1.09377894792411,0.6944676142506342,0.451824325934025,-0.25893097688977285,-0.8159695725615479,-1.6893487812422125,-1.8307843139522526,0.488994972294073,1.2862602874243616,-0.4647510606428434,False,False,False,False,False,False,False,False,True,False,False,False,False,False,True,False,False,True,False,True,False,True,True,True,False
-0.314970394174356,0.20891097521223229,0.24659271574169903,-0.9480477411997252,0.20031606169038954,0.3960871105990084,-0.03529028687420425,-0.5870796166683858,-1.10634521527863,0.3628117895534321,2.1204613645399855,1.4052282783574135,0.05537504159140339,False,False,False,False,False,False,False,False,True,False,False,False,False,False,True,False,False,True,False,True,False,True,True,True,False
-0.2519763153394848,0.4405481007536111,0.24659271574169903,-0.8023165344753403,0.42542954674561445,0.4995990819354597,0.3884499678921286,-0.8159695725615479,-0.20168450947307248,-1.7600231493230358,-2.080564595493241,-1.7672514798573273,-0.8692935846028131,False,False,False,False,False,False,False,False,True,False,False,False,False,False,True,False,False,True,False,True,False,True,True,True,False
-0.1889822365046136,0.7309337726279703,0.24659271574169903,-0.6565853277509556,0.6889770414444025,0.6867168762743935,0.8475019105556785,0.5955184887796051,0.1601797728491528,-1.0524115030308798,-1.1424714199518393,1.6233362617346772,-1.1582525302885056,False,False,False,False,False,False,False,False,True,False,False,False,False,False,True,False,False,True,False,True,False,True,True,True,False
-0.1259881576697424,0.6805778757711437,0.24659271574169903,-0.5108541210265708,0.7219204782817534,0.9136469672812083,0.2942854668329528,0.2648996636005996,0.3109565571500791,2.0610797406546055,-1.3464047189825785,1.5043682708016242,-1.5627950542484756,False,False,False,False,False,False,False,False,True,False,False,False,False,False,True,False,False,True,False,True,False,True,True,True,False
-0.0629940788348712,0.12162742066039145,0.24659271574169903,-0.36512291430218596,0.07403288714721742,0.12536349325756396,0.2001209657737561,0.36662853288645025,0.05966191664853531,-0.34479985673872393,-2.080564595493241,-1.4400895047914324,-0.8115017954656746,False,False,False,False,False,False,False,False,True,False,False,False,False,False,True,False,False,True,False,True,False,True,True,True,False
0.0,0.4036204430586208,0.24659271574169903,-0.2193917075778012,0.5517127212887866,0.2647065315950913,0.46495862500272717,-0.1928802481857246,-1.0460345015582573,0.4335729541826487,-0.12280492479814413,0.0370963826273064,-0.060208536682873535,False,False,False,False,False,False,False,False,True,False,False,False,False,False,True,False,False,True,False,True,False,True,True,True,False
0.0629940788348712,1.155601836120526,0.24659271574169903,-0.07366050085341637,1.122732293136177,1.20825796262337,1.0887984445198242,-0.014854726935484194,-1.096293429658566,0.9996622712163714,-0.612244842471919,-0.3495495879051151,1.2112108243341742,False,False,False,False,False,False,False,False,True,False,False,False,False,False,True,False,False,True,False,True,False,True,True,True,False
0.1259881576697424,0.6503643376570477,0.24659271574169903,0.07207070587096844,0.28816522658997906,0.6946793356079753,0.971092818195844,-0.21831246550718544,-1.116397000898694,-0.34479985673872393,1.9165280655092463,0.027182383382885894,-0.8692935846028131,False,False,False,False,False,False,False,False,True,False,False,False,False,False,True,False,False,True,False,True,False,True,True,True,False
0.1889822365046136,0.8668946941414023,0.24659271574169903,0.21780191259535323,0.8042790703751308,0.8817971299469091,0.9063547237176581,-1.3246139189907937,0.290852985909951,0.009005966407354064,-0.041231605185850256,1.1474642980024663,1.153419035197036,False,False,False,False,False,False,False,False,True,False,False,False,False,False,True,False,False,True,False,True,False,True,True,True,False
0.2519763153394848,1.2378498009866843,0.24659271574169903,0.36353311931973803,1.2709777589042561,1.2042767329565933,1.2300451961086087,-0.5107829647040033,0.6225619113719899,1.2827069297332354,-0.16359158460429252,-1.1624975259476422,-0.8115017954656746,False,False,False,False,False,False,False,False,True,False,False,False,False,False,True,False,False,True,False,True,False,True,True,True,False
0.314970394174356,1.1119600588446175,0.24659271574169903,0.5092643260441229,0.8591847984373694,1.1127084506205007,1.365406666381187,1.1804594871732408,-0.48313450683480264,-0.34479985673872393,-0.2451649042165893,-0.8948195463482738,-1.1582525302885056,False,False,False,False,False,False,False,False,True,False,False,False,False,False,True,False,False,True,False,True,False,True,True,True,False
0.3779644730092272,-0.04286850907190107,0.24659271574169903,0.6549955327685076,1.3149023413540508,1.3038074746262396,0.7062551589668938,-0.21831246550718544,-1.4078987838804824,-1.406217326176958,-0.2859515640227348,0.27503236449341256,1.5001697700198668,False,False,False,False,False,False,False,False,True,False,False,False,False,False,True,False,False,True,False,True,False,True,True,True,False
0.44095855184409843,1.375489252395328,0.24659271574169903,0.8007267394928924,1.2984306229353755,1.3476010009608974,1.4713417300727756,1.4093494430664029,0.9643226224540928,0.15052829566578477,0.24427501345718558,0.4534843508929915,1.4423779808827286,False,False,False,False,False,False,False,False,True,False,False,False,False,False,True,False,False,True,False,True,False,True,True,True,False
0.5039526306789696,1.04985445272119,0.24659271574169903,0.9464579462172773,1.128222865942389,0.8618909816129968,1.2300451961086087,1.116878943869585,2.522349393563664,0.6458564480702934,0.285061673263334,0.1858063712936224,0.5177093546885116,False,False,False,False,False,False,False,False,True,False,False,False,False,False,True,False,False,True,False,True,False,True,True,True,False
0.5669467095138409,0.39858485337293814,1.5762593202312518,-1.5309725680972643,0.408957828326939,0.3562748139311556,0.46495862500272717,-0.7015245946149705,-1.6792969956221486,-0.4863221859971546,0.1219150340387433,-1.0237015365257474,1.3267944026084513,False,False,False,False,False,False,False,False,True,False,False,False,False,False,True,False,True,False,False,False,True,True,True,True,False
0.629940788348712,0.24919569269769362,1.5762593202312518,-1.3852413613728796,0.2058066344966017,0.4239557182665309,0.06475949550117786,-0.7905373552400871,1.7483619008189046,-1.4769784908061745,-2.080564595493241,-0.3594635871495363,1.269002613471313,False,False,False,False,False,False,False,False,True,False,False,False,False,False,True,False,True,False,False,True,False,True,True,True,False
0.6929348671835832,0.18876861646950163,1.5762593202312518,-1.2395101546484948,0.15090090643436313,0.17711947892577548,0.264859060251963,1.7145360509239476,0.9341672655939064,-0.5570833506263713,1.7941680860908011,0.6815063335146757,-0.3491674823685662,False,False,False,False,False,False,False,False,True,False,False,False,False,False,True,False,True,False,False,True,False,True,True,False,True
0.7559289460184544,0.5664378428956778,1.5762593202312518,-1.09377894792411,0.5187692844514357,0.5593175269372531,0.6356317831725016,-0.9176984418473986,-0.5233416493150473,1.4949904236208826,-0.6530315022780674,-0.8551635493705897,-1.4472114759741983,False,False,False,False,False,False,False,False,True,False,False,False,False,False,True,False,True,False,False,True,False,True,True,True,False
0.8189230248533256,0.9608923682741375,1.5762593202312518,-0.9480477411997252,1.1007700019112698,0.9454968046155076,0.823960785290874,1.142311161191046,0.9844261936942151,0.6458564480702934,1.0192215497739934,0.8698723191586766,0.28654219813995774,False,False,False,False,False,False,False,False,True,False,False,False,False,False,True,False,True,False,False,True,False,True,True,True,False
0.8819171036881969,0.7191840633613933,1.5762593202312518,-0.8023165344753403,0.83173193440625,0.7663414696101274,0.5355820007971195,-1.4644911142588393,1.4769636890772386,-0.9816503384016633,2.3243946635707244,1.5043682708016242,-0.060208536682873535,False,False,False,False,False,False,False,False,True,False,False,False,False,False,True,False,True,False,False,True,False,True,True,True,False
0.944911182523068,0.9810347270168682,1.5762593202312518,-0.6565853277509556,0.9799774001743293,1.0928023022865885,0.8063049413422759,0.7226795753869166,-1.3676916414002378,-2.8214406187612697,0.44820831248792464,-0.05212961057248307,0.9800436677856204,False,False,False,False,False,False,False,False,True,False,False,False,False,False,True,False,True,False,False,True,False,True,True,True,False
1.0079052613579391,1.2965983473196407,1.5762593202312518,-0.5108541210265708,1.4192232246723158,1.1684456659555174,1.3300949784839908,0.2140352289576707,0.3612154852503878,0.009005966407354064,-1.0608981003395455,-1.6185414911910114,-0.6381264280542589,False,False,False,False,False,False,False,False,True,False,False,False,False,False,True,False,True,False,False,True,False,True,True,True,False
1.0708993401928104,1.053211512511661,1.5762593202312518,-0.36512291430218596,1.1831285940046472,1.0131777089508545,0.9534369742472459,0.3920607502079111,0.08981727350871599,0.9289011065871573,-1.020111440533397,-0.6271415667489046,-0.3491674823685662,False,False,False,False,False,False,False,False,True,False,False,False,False,False,True,False,True,False,False,True,False,True,True,True,False
1.1338934190276817,0.9608923682741375,1.5762593202312518,-0.2193917075778012,0.7493733423128727,1.0928023022865885,0.9769780995120504,-1.6298005268483458,-1.4782612832209137,-1.1231726676600966,0.8152882507432543,1.4746262730683612,-1.38941968683706,False,False,False,False,False,False,False,False,True,False,False,False,False,False,True,False,True,False,False,True,False,True,True,True,False
1.1968874978625528,1.064961221778238,1.5762593202312518,-0.07366050085341637,0.8536942256311572,1.2122391922901752,1.0593720379388345,1.0660145092266633,1.7483619008189046,-0.20327752748029324,-0.9793247807272487,0.3146883614710967,-1.0426689520142287,False,False,False,False,False,False,False,False,True,False,False,False,False,False,True,False,True,False,False,True,False,True,True,True,False
1.259881576697424,0.8484308652939072,1.5762593202312518,0.07207070587096844,0.776826206343992,0.9056845079476264,0.8357313479232658,-0.3963379867574186,1.3462904760164347,1.4949904236208826,-1.6726979974317626,1.6134222624902566,-0.8115017954656746,False,False,False,False,False,False,False,False,True,False,False,False,False,False,True,False,True,False,False,True,False,True,True,True,False
1.3228756555322951,1.0767109310448388,1.5762593202312518,0.21780191259535323,0.8262413616000184,1.0808586132862297,1.3242096971678055,-0.8795501158652037,-0.6439630767557872,-0.4863221859971546,-0.6938181620842129,0.4534843508929915,0.6332929329627888,False,False,False,False,False,False,False,False,True,False,False,False,False,False,True,False,True,False,False,True,False,True,True,True,False
1.3858697343671664,1.2311356814057661,1.5762593202312518,0.36353311931973803,1.128222865942389,1.0848398429530066,1.5360798245509615,-2.5882772171509587,1.2658761910559453,-1.6892619846938193,0.5705682919063669,1.0879803025359405,-1.273836108562783,False,False,False,False,False,False,False,False,True,False,False,False,False,False,True,False,True,False,False,True,False,True,True,True,False
1.4488638132020377,1.3603824833382798,1.5762593202312518,0.5092643260441229,1.1337134387486207,1.4590754316309023,1.430144760859394,0.3920607502079111,-2.6606025667806756,-1.1939338322893107,2.7322612616322024,-1.1724115251920633,1.615753348294144,False,False,False,False,False,False,False,False,True,False,False,False,False,False,True,False,True,False,False,True,False,True,True,True,False
1.5118578920369088,0.9676064878550557,1.5762593202312518,0.6549955327685076,0.7329016238941972,0.9335531156151489,1.265356884005805,-0.7269568119364314,0.07976548788865767,-1.3354561615477414,0.488994972294073,0.3047743622266755,-1.5627950542484756,False,False,False,False,False,False,False,False,True,False,False,False,False,False,True,False,True,False,False,True,False,True,True,True,False
1.57485197087178,1.6641963943744515,1.5762593202312518,0.8007267394928924,1.8419973307516464,1.6979492116380759,1.383062510329785,0.5955184887796051,-1.5687273538014728,0.9289011065871573,0.5705682919063669,-0.6370555659933259,-0.4069592715057048,False,False,False,False,False,False,False,False,True,False,False,False,False,False,True,False,True,False,False,True,False,True,True,True,False
1.6378460497066512,1.4040242606141884,1.5762593202312518,0.9464579462172773,1.3478457781914017,1.399356986629109,1.4419153234917856,0.2648996636005996,-2.2723523472057954,0.6458564480702934,1.304728168417029,-0.6172275675044835,-1.1004607411513672,False,False,False,False,False,False,False,False,True,False,False,False,False,False,True,False,True,False,False,True,False,True,True,True,False
1.7008401285415224,1.798478785992648,1.5762593202312518,1.092189152941662,1.7541481658520375,1.7417427379727055,1.889196703522923,-0.9049823331866645,2.4117797517429826,1.424229258991666,-0.40831154344118,0.28494636373783305,-0.002416747545734945,False,False,False,False,False,False,False,False,True,False,False,False,False,False,True,False,True,False,False,True,False,True,True,True,False
-1.7008401285415224,-2.475058327256534,-1.083073888747854,-1.5309725680972643,-2.704196952802608,-2.6137225174912646,-1.8773833388445265,-0.18016413952499055,0.28080120028989264,-0.34479985673872393,1.4270881478354716,-1.6879394859019592,1.269002613471313,False,False,False,False,False,True,False,False,False,False,False,False,False,False,False,True,False,False,True,False,True,True,True,False,True
-1.6378460497066512,-2.58080571065587,-1.083073888747854,-1.3852413613728796,-2.468102322134939,-2.593816369157324,-2.542420127575026,1.0405822919051952,-1.5084166400810999,-0.4863221859971546,-1.6726979974317626,1.4547982745795187,-0.2335839040942893,False,False,False,False,False,True,False,False,False,False,False,False,False,False,False,True,False,False,True,True,False,True,True,True,False
-1.57485197087178,-1.9161078721457818,-1.083073888747854,-1.2395101546484948,-1.6554975468136484,-1.980707000472255,-1.9774331212199086,-0.15473192220352971,-0.0006487970718374737,0.07976713103657067,-0.3267382238288832,-0.21075359848322028,-0.4069592715057048,False,False,False,False,False,True,False,False,False,False,False,False,False,False,False,True,False,False,True,True,False,True,True,True,False
-1.5118578920369088,-2.1762800059060448,-1.083073888747854,-1.09377894792411,-2.0727810800867474,-2.0404254454740482,-2.35997640677286,-0.16744803086426374,1.1452547636151997,-0.2740386921095073,0.20348835365103718,1.2664322889355193,1.4423779808827286,False,False,False,False,False,True,False,False,False,False,False,False,False,False,False,True,False,False,True,True,False,True,True,True,False
-1.4488638132020377,-2.4414877293519908,-1.083073888747854,-0.9480477411997252,-2.5230080501971974,-2.5221542351551722,-2.0951387475438885,-0.7269568119364314,-0.8449987891570222,-1.3354561615477414,-0.36752488363503155,-0.7956795539040631,0.5755011438256504,False,False,False,False,False,True,False,False,False,False,False,False,False,False,False,True,False,False,True,True,False,True,True,True,False
-1.3858697343671664,-0.04286850907190107,-1.083073888747854,-0.8023165344753403,-2.089252798505423,-1.9966319191394186,-1.477184209342998,-0.6379440513113147,-0.2720470088135036,0.07976713103657067,-0.6938181620842129,1.1177223002692034,0.28654219813995774,False,False,False,False,False,True,False,False,False,False,False,False,False,False,False,True,False,False,True,True,False,True,True,True,False
-1.3228756555322951,-1.7851825403180324,-1.083073888747854,-0.6565853277509556,-1.8366864494190787,-1.658227397462599,-1.806759963050134,0.3157640982435213,-1.1365005721388164,-0.7693668445140185,-1.0608981003395455,0.4435703516485703,0.748876511237066,False,False,False,False,False,True,False,False,False,False,False,False,False,False,False,True,False,False,True,True,False,True,True,True,False
-1.259881576697424,-1.5350815859291345,-1.083073888747854,-0.5108541210265708,-1.446855780177099,-1.6263775601282997,-1.394790270916193,0.43020907619010595,0.5320958407914365,-2.3261124663567614,-0.36752488363503155,-1.1823255244364845,-0.6959182171913975,False,False,False,False,False,True,False,False,False,False,False,False,False,False,False,True,False,False,True,True,False,True,True,True,False
-1.1968874978625528,-0.7008522280010712,-1.083073888747854,-0.36512291430218596,-0.6562132960807154,-0.742544574101786,-0.6238184184941051,-0.7651051379186262,-0.5333934349351114,-0.9108891737724493,0.040341714426446525,1.058238304802676,1.3267944026084513,False,False,False,False,False,True,False,False,False,False,False,False,False,False,False,True,False,False,True,True,False,True,True,True,False
-1.1338934190276817,-0.905632875218825,-1.083073888747854,-0.2193917075778012,-1.2217422951218742,-0.8102254784371612,-0.6355889811265177,-0.7015245946149705,1.0547886930346462,-1.1939338322893107,-0.3267382238288832,-0.05212961057248307,0.6332929329627888,False,False,False,False,False,True,False,False,False,False,False,False,False,False,False,True,False,False,True,True,False,True,True,True,False
-1.0708993401928104,-1.159090889398194,-1.083073888747854,-0.07366050085341637,-1.2601763047654566,-1.0092869617764537,-1.1888054248492226,-0.6125118339898539,1.6880511870985377,0.6458564480702934,-1.101684760145691,0.9690123116028873,0.4021257764142347,False,False,False,False,False,True,False,False,False,False,False,False,False,False,False,True,False,False,True,True,False,True,True,True,False
-1.0079052613579391,-0.9039543453236133,-1.083073888747854,0.07207070587096844,-0.7495530337865366,-0.9814183541089595,-0.8768855150906845,-0.7523890292578922,-0.694222004856096,-0.5570833506263713,0.24427501345718558,-0.02238761283921944,-0.11800032582001213,False,False,False,False,False,True,False,False,False,False,False,False,False,False,False,True,False,False,True,True,False,True,True,True,False
-0.944911182523068,-0.4776077519358221,-1.083073888747854,0.21780191259535323,-0.5354206943437555,-0.4359898897592655,-0.42371885374334095,0.010577490385976655,-1.3375362845400514,0.3628117895534321,-1.1424714199518393,0.37417235693762324,0.5755011438256504,False,False,False,False,False,True,False,False,False,False,False,False,False,False,False,True,False,False,True,True,False,True,True,True,False
-0.8819171036881969,-0.3114332923082941,-1.083073888747854,0.36353311931973803,-0.21147689877649722,-0.16526627241782105,-0.588506730596909,-0.777821246579353,-0.19163272385300845,0.5750952834410794,2.3243946635707244,-0.5180875750602728,-0.3491674823685662,False,False,False,False,False,True,False,False,False,False,False,False,False,False,False,True,False,False,True,True,False,True,True,True,False
-0.8189230248533256,-0.004262321481675238,-1.083073888747854,0.5092643260441229,0.20031606169038954,-0.017960774746740134,-0.1706517571467825,0.37934464154717706,1.5473261884176697,0.6458564480702934,-0.6938181620842129,0.047010381871727604,1.3267944026084513,False,False,False,False,False,True,False,False,False,False,False,False,False,False,False,True,False,False,True,True,False,True,True,True,False
-0.7559289460184544,-0.6034974940778888,-1.083073888747854,0.6549955327685076,-0.49698668470019236,-0.5753329280967928,-0.6944417942884974,2.0705870934244213,0.713027981952549,-0.06175519822186254,-0.00044494537970186677,-1.7771654791017486,-1.6783786325227528,False,False,False,False,False,True,False,False,False,False,False,False,False,False,False,True,False,False,True,True,False,True,True,True,False
-0.6929348671835832,-0.2862553438798808,-1.083073888747854,0.8007267394928924,-0.35972236454455697,-0.22498471741961443,-0.2471604142573602,0.2267513376184047,-0.4630309355946802,-2.0430678078398974,-0.8569648013088065,0.4633983501374127,0.11316683072854197,False,False,False,False,False,True,False,False,False,False,False,False,False,False,False,True,False,False,True,True,False,True,True,True,False
-0.629940788348712,-0.009297911167357906,-1.083073888747854,0.9464579462172773,-0.09068429703953727,0.10545734492362342,-0.05883141213898774,0.8116923360120404,-1.3375362845400514,1.1411846004748047,0.8968615703555511,-1.5788854942133272,0.17095861986568056,False,False,False,False,False,True,False,False,False,False,False,False,False,False,False,True,False,False,True,True,False,True,True,True,False
-0.5669467095138409,-1.9161078721457818,0.24659271574169903,-1.5309725680972643,-1.9794413423809263,-1.9329322444708201,-1.706710180674752,-1.3881944622944495,0.1601797728491528,0.7873787773287266,0.285061673263334,-1.3012935153695377,0.8066683003742043,False,False,False,False,False,True,False,False,False,False,False,False,False,False,False,True,False,True,False,False,True,True,True,True,False
-0.5039526306789696,-1.5283674663482403,0.24659271574169903,-1.3852413613728796,-1.7104032748759066,-1.6622086271293757,-1.0299028293118608,0.18860301163620982,-0.2820987944335676,-0.9816503384016633,0.9376482301616995,-0.904733545592695,1.4423779808827286,False,False,False,False,False,True,False,False,False,False,False,False,False,False,False,True,False,True,False,True,False,True,True,True,False
-0.44095855184409843,-1.9312146412028297,0.24659271574169903,-1.2395101546484948,-2.2100454002423633,-2.0643128234747654,-1.3241668951218009,-0.5362151820254641,0.06971370226859364,0.5750952834410794,-0.6530315022780674,0.5625383425816234,0.05537504159140339,False,False,False,False,False,True,False,False,False,False,False,False,False,False,False,True,False,True,False,True,False,True,True,True,False
-0.3779644730092272,-1.1641264790838526,0.24659271574169903,-1.09377894792411,-0.8758362083297087,-1.1565924594475627,-1.4006755522323995,0.8752728793156961,-0.34240950815393467,-0.06175519822186254,-0.40831154344118,-0.03230161208364065,-1.1004607411513672,False,False,False,False,False,True,False,False,False,False,False,False,False,False,False,True,False,True,False,True,False,True,True,True,False
-0.314970394174356,-1.5015109880245914,0.24659271574169903,-0.9480477411997252,-1.3205726056339269,-1.3476914834532734,-1.8244158069987322,0.3030479895827945,0.24059405780964224,-0.6278445152555853,-1.4279780385948753,-0.002559614350377729,1.3845861917455897,False,False,False,False,False,True,False,False,False,False,False,False,False,False,False,True,False,True,False,True,False,True,True,False,True
-0.2519763153394848,-1.5132606972911922,0.24659271574169903,-0.8023165344753403,-1.6335352555887412,-1.502959440457936,-1.3065110511732236,0.5700862714581443,-0.3223059369138123,0.7873787773287266,0.488994972294073,1.4944542715572036,1.5001697700198668,False,False,False,False,False,True,False,False,False,False,False,False,False,False,False,True,False,True,False,True,False,True,True,False,True
-0.1889822365046136,-0.8787763968951999,0.24659271574169903,-0.6565853277509556,-0.7934776162363314,-0.7345821147682324,-1.1122967677386448,-0.6379440513113147,-1.1365005721388164,-0.20327752748029324,0.488994972294073,-1.23189552065859,-1.7939622107970297,False,False,False,False,False,True,False,False,False,False,False,False,False,False,False,True,False,True,False,True,False,True,True,True,False
-0.1259881576697424,-1.1423055904459103,0.24659271574169903,-0.5108541210265708,-1.2217422951218742,-0.8261503971042967,-1.441872521445802,0.7989762273513064,-0.23183986633325887,0.22128946029500135,0.16270169384488878,-0.2404955962164832,-1.736170421659891,False,False,False,False,False,True,False,False,False,False,False,False,False,False,False,True,False,True,False,True,False,True,True,True,False
-0.0629940788348712,-1.0969852832747664,0.24659271574169903,-0.36512291430218596,-0.9636853732292983,-1.041136799110753,-1.2417729566950166,2.2486126146746543,-0.312254151293754,-0.2740386921095073,-0.2451649042165893,1.3457442828908877,1.5579615591570057,False,False,False,False,False,True,False,False,False,False,False,False,False,False,False,True,False,True,False,True,False,True,True,True,False
0.0,-1.1036994028556846,0.24659271574169903,-0.2193917075778012,-0.8593644899110332,-1.1366863111136223,-1.230002394062625,1.9561421154778436,0.37126727087044614,-0.34479985673872393,0.5297816321002214,0.5922803403148863,1.153419035197036,False,False,False,False,False,True,False,False,False,False,False,False,False,False,False,True,False,True,False,True,False,True,True,True,False
0.0629940788348712,-1.1053779327508961,0.24659271574169903,-0.07366050085341637,-0.7330813153678611,-1.0291931101103942,-1.541922303821184,-0.5489312906861982,-0.34240950815393467,0.5750952834410794,-0.7346048218903612,1.0483243055582556,-1.2160443194256443,False,False,False,False,False,True,False,False,False,False,False,False,False,False,False,True,False,True,False,True,False,True,True,True,False
0.1259881576697424,-1.1271988213888624,0.24659271574169903,0.07207070587096844,-1.0954591205787019,-1.1486300001139809,-1.047558673260459,0.13773857699328812,-1.1867595002391251,-0.7693668445140185,0.978434889967845,0.4237423531597286,-1.4472114759741983,False,False,False,False,False,True,False,False,False,False,False,False,False,False,False,True,False,True,False,True,False,True,True,True,False
0.1889822365046136,-0.8569555082572338,0.24659271574169903,0.21780191259535323,-0.8154399074612385,-0.8500377751050141,-0.8474591085096738,-0.40905409541815263,0.511992269551314,0.5750952834410794,-1.3464047189825785,-1.4500035040358537,-0.2335839040942893,False,False,False,False,False,True,False,False,False,False,False,False,False,False,False,True,False,True,False,True,False,True,True,True,False
0.2519763153394848,-0.6941381084201768,0.24659271574169903,0.36353311931973803,-0.63974157766204,-0.5315394017621349,-0.9298530469364786,-0.20559635684645142,-0.6238595055156648,0.009005966407354064,-1.4687646984010236,1.187120294980151,0.748876511237066,False,False,False,False,False,True,False,False,False,False,False,False,False,False,False,True,False,True,False,True,False,True,True,True,False
0.314970394174356,-1.174197658455218,0.24659271574169903,0.5092643260441229,-1.3041008872152515,-1.2401982824500453,-0.8592296711420864,0.4683574021722936,0.9643226224540928,0.4335729541826487,-0.12280492479814413,-1.1525835267032216,0.9800436677856204,False,False,False,False,False,True,False,False,False,False,False,False,False,False,False,True,False,True,False,True,False,True,True,True,False
0.3779644730092272,-0.7260301764294844,0.24659271574169903,0.6549955327685076,-0.9801570916479737,-0.4837646457607002,-0.7532946074504979,-2.1002965472953967,1.6679476158584152,0.009005966407354064,0.692928271324812,-0.43877558110490456,0.4021257764142347,False,False,False,False,False,True,False,False,False,False,False,False,False,False,False,True,False,True,False,True,False,True,True,True,False
0.44095855184409843,-0.6958166383153884,0.24659271574169903,0.8007267394928924,-0.6013075680184573,-0.8818876124393132,-0.4590305416405371,1.0914467265481242,-1.8099702086829526,-0.7693668445140185,0.6521416115186637,0.29486036298225426,1.5579615591570057,False,False,False,False,False,True,False,False,False,False,False,False,False,False,False,True,False,True,False,True,False,True,True,True,False
0.5039526306789696,-0.3651462489555679,0.24659271574169903,0.9464579462172773,-0.4420809566379343,-0.3404403777563961,-0.2707015395221646,1.8798454635134538,0.37126727087044614,-0.2740386921095073,-1.5503380180133175,0.29486036298225426,-0.9270853737399516,False,False,False,False,False,True,False,False,False,False,False,False,False,False,False,True,False,True,False,True,False,True,True,True,False
0.5669467095138409,-1.189304427512266,1.5762593202312518,-1.5309725680972643,-1.3041008872152515,-1.069005406778247,-1.1593790182682326,-1.006711202472515,-0.22178808071319484,1.424229258991666,-0.897751461114952,0.4237423531597286,0.5755011438256504,False,False,False,False,False,True,False,False,False,False,False,False,False,False,False,True,True,False,False,False,True,True,True,True,False
0.629940788348712,-1.1389485306554632,1.5762593202312518,-1.3852413613728796,-1.0789874021600265,-1.3317665647861379,-0.835688545877282,0.29033188092206047,-1.7999184230628884,1.5657515882500967,0.16270169384488878,-0.12152760528343011,-1.4472114759741983,False,False,False,False,False,True,False,False,False,False,False,False,False,False,False,True,True,False,False,True,False,True,True,True,False
0.6929348671835832,-1.1070564626461317,1.5762593202312518,-1.2395101546484948,-0.7879870434300997,-1.283991808784703,-1.1064114864224386,0.34119631556498214,0.4717851270710636,-0.34479985673872393,-1.2648313993702844,0.3543443584487808,0.5177093546885116,False,False,False,False,False,True,False,False,False,False,False,False,False,False,False,True,True,False,False,True,False,True,True,True,False
0.7559289460184544,-1.1758761883504536,1.5762593202312518,-1.09377894792411,-1.1503648486409601,-1.140667540780399,-1.1711495809006245,1.5619427469951752,0.5823547688917452,0.7166176126995101,-1.2648313993702844,1.1474642980024663,1.615753348294144,False,False,False,False,False,True,False,False,False,False,False,False,False,False,False,True,True,False,False,True,False,True,True,True,False
0.8189230248533256,-1.358835946930265,1.5762593202312518,-0.9480477411997252,-1.1503648486409601,-1.4352785361225608,-1.3712491456514095,-1.528071657562495,-0.43287557873449384,0.7166176126995101,0.6521416115186637,-1.4004335078137484,-1.1582525302885056,False,False,False,False,False,True,False,False,False,False,False,False,False,False,False,True,True,False,False,True,False,True,True,True,False
0.8819171036881969,-0.6102116136587831,1.5762593202312518,-0.8023165344753403,-0.47502439347528524,-0.746525803768591,-0.4943422295377332,-1.7188132874734623,-0.70427379047616,-0.9816503384016633,1.0600082095801417,-1.1724115251920633,0.22875040900281915,False,False,False,False,False,True,False,False,False,False,False,False,False,False,False,True,True,False,False,True,False,True,True,True,False
0.944911182523068,-1.0466293864179397,1.5762593202312518,-0.6565853277509556,-1.117421411803609,-0.8858688421060901,-1.1240673303710367,0.35391242422571617,1.0045297649343374,-0.2740386921095073,1.5086614674477683,1.6233362617346772,0.5755011438256504,False,False,False,False,False,True,False,False,False,False,False,False,False,False,False,True,True,False,False,True,False,True,True,True,False
1.0079052613579391,-1.0399152668370215,1.5762593202312518,-0.5108541210265708,-1.0734968293538143,-0.961512205775019,-1.0416733919442525,0.34119631556498214,0.8336494093932889,-0.20327752748029324,-0.5306715228596223,1.5043682708016242,1.5001697700198668,False,False,False,False,False,True,False,False,False,False,False,False,False,False,False,True,True,False,False,True,False,True,True,True,False
1.0708993401928104,-0.6118901435540186,1.5762593202312518,-0.36512291430218596,-0.8428927714923578,-0.5554267797628523,-0.38840716584614476,0.4937896194937617,0.6024583401318675,-0.2740386921095073,1.304728168417029,1.4151422776018352,0.3443339872770961,False,False,False,False,False,True,False,False,False,False,False,False,False,False,False,True,True,False,False,True,False,True,True,False,True
1.1338934190276817,-1.4897612787579906,1.5762593202312518,-0.2193917075778012,-1.254685731959225,-1.475090832790442,-1.6713984927775558,0.4683574021722936,0.44162977021087724,0.009005966407354064,0.32584833306948235,1.1177223002692034,-1.1004607411513672,False,False,False,False,False,True,False,False,False,False,False,False,False,False,False,True,True,False,False,True,False,True,True,True,False
1.1968874978625528,-0.5061427601546826,1.5762593202312518,-0.07366050085341637,-0.6013075680184573,-0.7266196554346505,-0.017634442925606175,1.2440400304768966,-0.4228237931144298,-1.1231726676600966,0.20348835365103718,-1.261637518391853,-1.736170421659891,False,False,False,False,False,True,False,False,False,False,False,False,False,False,False,True,True,False,False,True,False,True,True,True,False
1.259881576697424,-0.1788294305853331,1.5762593202312518,0.07207070587096844,-0.14559002510179533,-0.16924750208459782,-0.18830760109538056,0.4937896194937617,-0.5032380780749249,0.5750952834410794,2.202034684152279,-1.271551517636274,-0.4647510606428434,False,False,False,False,False,True,False,False,False,False,False,False,False,False,False,True,True,False,False,True,False,True,True,True,False
1.3228756555322951,-0.9408820030186037,1.5762593202312518,0.21780191259535323,-0.7824964706238875,-1.1366863111136223,-0.7474093261342917,0.9642856399408127,0.24059405780964224,1.1411846004748047,-1.998991275880944,1.0879803025359405,1.5001697700198668,False,False,False,False,False,True,False,False,False,False,False,False,False,False,False,True,True,False,False,True,False,True,True,False,True
1.3858697343671664,-0.6656031002012924,1.5762593202312518,0.36353311931973803,-0.7495530337865366,-0.5355206314289117,-0.7062123569209101,2.566515331192933,-0.12127022451257732,0.8581399419579407,-0.20437824441044092,-1.5194014987468007,0.3443339872770961,False,False,False,False,False,True,False,False,False,False,False,False,False,False,False,True,True,False,False,True,False,True,True,True,False
1.4488638132020377,-0.6504963311442444,1.5762593202312518,0.5092643260441229,-0.7715153250114242,-0.5713516984299877,-0.5708508866483318,0.849840661994228,-0.30220236567368997,2.839452551575978,-0.8569648013088065,0.1858063712936224,-0.9270853737399516,False,False,False,False,False,True,False,False,False,False,False,False,False,False,False,True,True,False,False,True,False,True,True,False,True
1.5118578920369088,-0.7612793042292632,1.5762593202312518,0.6549955327685076,-0.44757152944416595,-0.6907885884335745,-1.1358378930034283,0.9642856399408127,-1.7496594949625797,1.778035082137744,-1.5503380180133175,0.9690123116028873,-0.6381264280542589,False,False,False,False,False,True,False,False,False,False,False,False,False,False,False,True,True,False,False,True,False,True,True,True,False
1.57485197087178,-0.3785744881174043,1.5762593202312518,0.8007267394928924,-0.14559002510179533,-0.384233904091054,-0.5708508866483318,-0.6760923772935097,-0.2820987944335676,-1.1231726676600966,1.0192215497739934,0.7905603252033077,0.8644600895113431,False,False,False,False,False,True,False,False,False,False,False,False,False,False,False,True,True,False,False,True,False,True,True,True,False
1.6378460497066512,-0.6907810486297058,1.5762593202312518,0.9464579462172773,-0.551892412762431,-0.7505070334353678,-0.688556512972312,-0.34547355211449693,-0.0006487970718374737,-1.1231726676600966,-1.5503380180133175,-0.4784315780825887,-0.11800032582001213,False,False,False,False,False,True,False,False,False,False,False,False,False,False,False,True,True,False,False,True,False,True,True,True,False
1.7008401285415224,-0.4289303849742309,1.5762593202312518,1.092189152941662,-0.5793452767935697,-0.4121025117585481,-0.24127513294117478,-0.9812789851510543,1.2156172629556365,-0.13251636285107662,0.040341714426446525,-0.3693775863939568,-0.9270853737399516,False,False,False,False,False,True,False,False,False,False,False,False,False,False,False,True,True,False,False,True,False,True,True,False,True
-1.7008401285415224,-1.7583260619944074,-1.083073888747854,-1.5309725680972643,-1.7104032748759066,-1.6900772347968698,-1.806759963050134,-1.1593045064012875,0.9542708368340288,-0.5570833506263713,0.36663499287562784,0.3246023607155179,-0.17579211495715072,False,False,False,False,False,False,True,False,False,False,False,False,True,False,False,False,False,False,True,False,True,True,True,True,False
-1.6378460497066512,-1.3991206644157026,-1.083073888747854,-1.3852413613728796,-1.413912343339748,-1.3476914834532734,-1.3653638643352033,0.34119631556498214,1.2658761910559453,1.070423435845588,1.46787480764162,0.4733123493818339,1.153419035197036,False,False,False,False,False,False,True,False,False,False,False,False,True,False,False,False,False,False,True,True,False,True,True,True,False
-1.57485197087178,-1.7499334125182537,-1.083073888747854,-1.2395101546484948,-1.6829504108447677,-1.940894703804402,-1.4242166774972038,0.4047768588686379,1.4568601178371163,-0.9108891737724493,-0.7346048218903612,0.7806463259588864,-1.273836108562783,False,False,False,False,False,False,True,False,False,False,False,False,True,False,False,False,False,False,True,True,False,True,True,True,False
-1.5118578920369088,-1.0180943781990792,-1.083073888747854,-1.09377894792411,-1.1503648486409601,-0.8500377751050141,-1.047558673260459,1.383917225744942,-0.08106308203233262,1.4949904236208826,-1.4687646984010236,1.3259162844020451,0.17095861986568056,False,False,False,False,False,False,True,False,False,False,False,False,True,False,False,False,False,False,True,True,False,True,True,False,True
-1.4488638132020377,-1.2396603243690927,-1.083073888747854,-0.9480477411997252,-1.128402557416053,-1.1088177034461282,-1.4595283653944,-0.2946091174715752,0.3813190564905102,0.009005966407354064,0.6113549517125153,-0.05212961057248307,-0.9848771628770902,False,False,False,False,False,False,True,False,False,False,False,False,True,False,False,False,False,False,True,True,False,True,True,True,False
-1.3858697343671664,-1.162447949188641,-1.083073888747854,-0.8023165344753403,-1.1064402661911652,-1.3078791867854205,-0.9239677656202724,-0.12929970488206885,-1.8803327080233836,2.4856467284299,1.2639415086108807,-1.0732715327478528,-0.9848771628770902,False,False,False,False,False,False,True,False,False,False,False,False,True,False,False,False,False,False,True,True,False,True,True,True,False
-1.3228756555322951,-1.1036994028556846,-1.083073888747854,-0.6565853277509556,-0.9362325091981789,-1.1446487704472041,-1.1417231743196345,-0.8286856812222819,-0.6841702192360376,1.9195574113961746,0.44820831248792464,0.25520436600457014,-0.7537100063285361,False,False,False,False,False,False,True,False,False,False,False,False,True,False,False,False,False,False,True,True,False,True,True,True,False
-1.259881576697424,-1.0885926337986365,-1.083073888747854,-0.5108541210265708,-1.161345994253404,-1.0889115551121875,-0.9298530469364786,-0.40905409541815263,-0.9254130741175173,-0.7693668445140185,-0.8161781415026581,0.36425835769320203,-1.6783786325227528,False,False,False,False,False,False,True,False,False,False,False,False,True,False,False,False,False,False,True,True,False,True,True,True,False
-1.1968874978625528,-0.5564986570115092,-1.083073888747854,-0.36512291430218596,-0.5958169952122452,-0.4797834160939234,-0.5708508866483318,0.6845312494047289,-0.2820987944335676,0.07976713103657067,1.2231548488047324,0.4832263486262544,-0.9848771628770902,False,False,False,False,False,False,True,False,False,False,False,False,True,False,False,False,False,False,True,True,False,True,True,False,True
-1.1338934190276817,-0.2610773954514674,-1.083073888747854,-0.2193917075778012,-0.24442033561384818,-0.30859054042212514,-0.1706517571467825,-0.07843527023913993,1.0145815505544016,0.29205062492421546,-1.7950579768502049,0.6815063335146757,-0.060208536682873535,False,False,False,False,False,False,True,False,False,False,False,False,True,False,False,False,False,False,True,True,False,True,True,True,False
-1.0708993401928104,-0.021047620433934894,-1.083073888747854,-0.07366050085341637,0.1399197608218998,-0.041848152747457484,-0.12945478793338003,-1.4263427882766444,-1.900436279263506,-0.5570833506263713,-0.5714581826657706,0.25520436600457014,-1.4472114759741983,False,False,False,False,False,False,True,False,False,False,False,False,True,False,False,False,False,False,True,True,False,True,True,False,True
-1.0079052613579391,0.10819918149857895,-1.083073888747854,0.07207070587096844,-0.16755231632668297,0.08555119658971115,0.46495862500272717,0.2776157722613264,-0.33235772253387635,-0.41556102136794054,2.773047921438351,0.6121083388037287,-0.29137569323142765,False,False,False,False,False,False,True,False,False,False,False,False,True,False,False,False,False,False,True,True,False,True,True,True,False
-0.944911182523068,0.24248157311677546,-1.083073888747854,0.21780191259535323,0.15639147924057528,0.3721997325982911,0.16480927787655997,-2.2274576339027083,-0.5032380780749249,-0.6986056798848019,-1.7542713170440565,-0.7064535607042737,0.17095861986568056,False,False,False,False,False,False,True,False,False,False,False,False,True,False,False,False,False,False,True,True,False,True,True,True,False
-0.8819171036881969,0.43719104096316397,-1.083073888747854,0.36353311931973803,0.3595426730709126,0.43191817760008444,0.5414672821133049,1.5110783123522535,-1.6692452100020903,0.5043341188118627,0.1219150340387433,1.1177223002692034,0.748876511237066,False,False,False,False,False,False,True,False,False,False,False,False,True,False,False,False,False,False,True,True,False,True,True,True,False
-0.8189230248533256,0.33480071735427513,-1.083073888747854,0.5092643260441229,0.3650332458771247,0.24878161292792753,0.44141749973792277,0.7353956840476507,0.6326136969920539,-0.9816503384016633,-1.020111440533397,-0.7659375561707995,-1.7939622107970297,False,False,False,False,False,False,True,False,False,False,False,False,True,False,False,False,False,False,True,True,False,True,True,True,False
-0.7559289460184544,0.648685807761836,-1.083073888747854,0.6549955327685076,0.8262413616000184,0.7225479432754695,0.3531382799949324,0.29033188092206047,-0.513289863694989,0.4335729541826487,0.5705682919063669,1.1672922964913086,0.5177093546885116,False,False,False,False,False,False,True,False,False,False,False,False,True,False,False,False,False,False,True,True,False,True,True,True,False
-0.6929348671835832,0.8769658735127677,-1.083073888747854,0.8007267394928924,1.1831285940046472,0.6867168762743935,0.823960785290874,0.4556412935115668,-0.030804153932023865,0.7873787773287266,0.0811283742325949,1.5341102685348884,0.6332929329627888,False,False,False,False,False,False,True,False,False,False,False,False,True,False,False,False,False,False,True,True,False,True,True,False,True
-0.629940788348712,1.0851035805209688,-1.083073888747854,0.9464579462172773,0.7493733423128727,1.0888210726197833,1.4242594795431875,-1.7569616134556572,0.8135458381531665,-1.6185008200646052,0.978434889967845,1.5539382670237294,1.4423779808827286,False,False,False,False,False,False,True,False,False,False,False,False,True,False,False,False,False,False,True,True,False,True,True,True,False
-0.5669467095138409,-1.093628223484319,0.24659271574169903,-1.5309725680972643,-1.0899685477724899,-0.9575309761082421,-1.2182318314302332,0.036009707707437506,-0.1514255813727637,-0.20327752748029324,-0.6530315022780674,0.37417235693762324,0.748876511237066,False,False,False,False,False,False,True,False,False,False,False,False,True,False,False,False,False,True,False,False,True,True,True,True,False
-0.5039526306789696,-0.4843218715167403,0.24659271574169903,-1.3852413613728796,-0.6671944416931592,-0.567370468763211,-0.11179894398478195,-0.777821246579353,0.8437011950133473,1.5657515882500967,1.1415815291924385,-0.1314416045278513,-0.4069592715057048,False,False,False,False,False,False,True,False,False,False,False,False,True,False,False,False,False,True,False,True,False,True,True,True,False
-0.44095855184409843,-1.0348796771513389,0.24659271574169903,-1.2395101546484948,-1.0680062565475827,-1.0490992584443348,-0.8945413590392826,0.8625567706549621,0.4315779845908189,0.15052829566578477,-1.7542713170440565,-0.8452495501261684,-0.060208536682873535,False,False,False,False,False,False,True,False,False,False,False,False,True,False,False,False,False,True,False,True,False,True,True,True,False
-0.3779644730092272,-0.9375249432281565,0.24659271574169903,-1.09377894792411,-0.8374021986861261,-1.1964047561154156,-0.5943920119131153,0.43020907619010595,0.28080120028989264,1.2827069297332354,0.488994972294073,1.1177223002692034,1.269002613471313,False,False,False,False,False,False,True,False,False,False,False,False,True,False,False,False,False,True,False,True,False,True,True,True,False
-0.314970394174356,-1.0818785142177183,0.24659271574169903,-0.9480477411997252,-1.2107611495094304,-1.076967866111829,-0.8651149524582719,-0.6252279426505807,-0.43287557873449384,0.29205062492421546,-0.40831154344118,0.3047743622266755,0.8066683003742043,False,False,False,False,False,False,True,False,False,False,False,False,True,False,False,False,False,True,False,True,False,True,True,True,False
-0.2519763153394848,-1.3538003572445823,0.24659271574169903,-0.8023165344753403,-1.2107611495094304,-1.1207613924464868,-1.7596777125205463,-0.8541178985437429,-1.4883130688409776,0.3628117895534321,-0.5714581826657706,0.25520436600457014,1.153419035197036,False,False,False,False,False,False,True,False,False,False,False,False,True,False,False,False,False,True,False,True,False,True,True,True,False
-0.1889822365046136,-0.7159589970581192,0.24659271574169903,-0.6565853277509556,-0.5464018399562188,-0.7743944114360852,-0.7532946074504979,-1.1720206150620216,0.30090477153001505,-0.2740386921095073,-0.48988486305347384,-1.7870794783461699,1.095627246059897,False,False,False,False,False,False,True,False,False,False,False,False,True,False,False,False,False,True,False,True,False,True,True,True,False
-0.1259881576697424,-0.36178918916512076,0.24659271574169903,-0.5108541210265708,-0.39815637418813954,-0.20905979875245065,-0.4943422295377332,1.116878943869585,-1.0158791446980764,-1.0524115030308798,0.5705682919063669,-0.17109760150553543,1.0378354569227586,False,False,False,False,False,False,True,False,False,False,False,False,True,False,False,False,False,True,False,True,False,True,True,True,False
-0.0629940788348712,-0.8485628587811039,0.24659271574169903,-0.36512291430218596,-0.9417230820044106,-0.7266196554346505,-0.8592296711420864,-0.12929970488206885,0.7331315531926714,0.7873787773287266,0.6113549517125153,0.20563436978246483,0.6332929329627888,False,False,False,False,False,False,True,False,False,False,False,False,True,False,False,False,False,True,False,True,False,True,True,True,False
0.0,-0.16875825121396776,0.24659271574169903,-0.2193917075778012,-0.2663826268387358,-0.21702225808603254,0.047103651552579784,-2.5580764590817138,1.6779994014784736,-0.9816503384016633,0.7745015909371059,0.26511836524899135,-0.6959182171913975,False,False,False,False,False,False,True,False,False,False,False,False,True,False,False,False,False,True,False,True,False,True,True,True,False
0.0629940788348712,-0.37689595822216876,0.24659271574169903,-0.07366050085341637,-0.3816846557694641,-0.31257177008890197,-0.4178335724271346,-0.21831246550718544,-0.5434452205551696,1.1411846004748047,-1.224044739564136,1.2565182896910974,0.22875040900281915,False,False,False,False,False,False,True,False,False,False,False,False,True,False,False,False,False,True,False,True,False,True,True,True,False
0.1259881576697424,-0.0663679276050789,0.24659271574169903,0.07207070587096844,0.03559887750363483,-0.061754301081369756,-0.1412253505657927,-1.9604193520273512,-0.10116665327245497,-1.3354561615477414,0.1219150340387433,0.9491843131140448,1.3845861917455897,False,False,False,False,False,False,True,False,False,False,False,False,True,False,False,False,False,True,False,True,False,True,True,True,False
0.1889822365046136,-0.08818881624304507,0.24659271574169903,0.21780191259535323,0.34307095465223714,-0.3006280810885433,-0.20007816372777232,1.587374964316636,-0.6540148623758513,0.6458564480702934,0.44820831248792464,-0.3594635871495363,-1.505003265111337,False,False,False,False,False,False,True,False,False,False,False,False,True,False,False,False,False,True,False,True,False,True,True,True,False
0.2519763153394848,-0.2996835830417171,0.24659271574169903,0.36353311931973803,-0.34325064612588146,-0.44395234909284736,0.005906682339198224,0.6209507061010732,-0.23183986633325887,-0.9108891737724493,0.8152882507432543,-1.648283488924275,-1.0426689520142287,False,False,False,False,False,False,True,False,False,False,False,False,True,False,False,False,False,True,False,True,False,True,True,True,False
0.314970394174356,-0.3047191727273998,0.24659271574169903,0.5092643260441229,-0.39815637418813954,-0.32849668875603744,-0.12356950661719461,0.32848020690425533,-2.0210577067042514,0.7166176126995101,0.285061673263334,-1.3310355131028007,-1.4472114759741983,False,False,False,False,False,False,True,False,False,False,False,False,True,False,False,False,False,True,False,True,False,True,True,True,False
0.3779644730092272,0.4019419131633853,0.24659271574169903,0.6549955327685076,0.26071236255885977,0.42793694793330767,0.5238114381647069,-0.574363508007659,1.1553065492352637,0.5043341188118627,-0.897751461114952,0.1560643735603595,1.2112108243341742,False,False,False,False,False,False,True,False,False,False,False,False,True,False,False,False,False,True,False,True,False,True,True,True,False
0.44095855184409843,-0.13686618320463623,0.24659271574169903,0.8007267394928924,-0.1895146075515901,-0.12147274608316314,-0.06471669345519407,0.023293599046703466,1.3261869047763124,-0.2740386921095073,-0.5306715228596223,-0.1016996067945884,-0.2335839040942893,False,False,False,False,False,False,True,False,False,False,False,False,True,False,False,False,False,True,False,True,False,True,True,True,False
0.5039526306789696,0.39858485337293814,0.24659271574169903,0.9464579462172773,0.09050460556587339,0.3562748139311556,0.8063049413422759,-0.6252279426505807,0.9944779793142735,-0.41556102136794054,-0.16359158460429252,-0.7857655546596419,-0.2335839040942893,False,False,False,False,False,False,True,False,False,False,False,False,True,False,False,False,False,True,False,True,False,True,True,True,False
0.5669467095138409,-0.769671953705393,1.5762593202312518,-1.5309725680972643,-0.831911625879914,-0.814206708103938,-0.5767361679645172,-0.574363508007659,-0.7846880754366551,-0.41556102136794054,1.3455148282231775,0.7013343320035181,-1.4472114759741983,False,False,False,False,False,False,True,False,False,False,False,False,True,False,False,False,True,False,False,False,True,True,True,True,False
0.629940788348712,-0.5262851188974133,1.5762593202312518,-1.3852413613728796,-0.3157977820947622,-0.487745875427477,-0.7532946074504979,0.36662853288645025,-0.9455166453576397,0.15052829566578477,-0.612244842471919,-0.8948195463482738,-1.3316278976999214,False,False,False,False,False,False,True,False,False,False,False,False,True,False,False,False,True,False,False,True,False,True,True,True,False
0.6929348671835832,-0.4104665561267119,1.5762593202312518,-1.2395101546484948,-0.45306210225037813,-0.5474643204292704,-0.11768422530098828,0.4683574021722936,0.9241154799738424,1.070423435845588,-0.2451649042165893,0.43365635240414907,1.095627246059897,False,False,False,False,False,False,True,False,False,False,False,False,True,False,False,False,True,False,False,True,False,True,True,True,False
0.7559289460184544,-0.17547237079486208,1.5762593202312518,-1.09377894792411,0.024617731891191017,-0.19313488008531518,-0.3177837900517525,-1.6043683095268777,0.9442190512139648,0.3628117895534321,0.978434889967845,-1.7474234813684857,-0.9270853737399516,False,False,False,False,False,False,True,False,False,False,False,False,True,False,False,False,True,False,False,True,False,True,True,True,False
0.8189230248533256,-0.4104665561267119,1.5762593202312518,-0.9480477411997252,-0.3048166364823184,-0.35238406675675477,-0.5590803240159192,0.7226795753869166,-0.5635487917952977,-1.1231726676600966,0.9376482301616995,1.187120294980151,-0.3491674823685662,False,False,False,False,False,False,True,False,False,False,False,False,True,False,False,False,True,False,False,True,False,True,True,True,False
0.8819171036881969,-0.3349327108414719,1.5762593202312518,-0.8023165344753403,-0.4310998110254905,-0.3364591480896193,-0.18830760109538056,0.4556412935115668,-1.719504138102399,0.07976713103657067,0.488994972294073,-0.379291585638378,1.269002613471313,False,False,False,False,False,False,True,False,False,False,False,False,True,False,False,False,True,False,False,True,False,True,True,True,False
0.944911182523068,-0.5329992384783314,1.5762593202312518,-0.6565853277509556,-0.4914961118939607,-0.3364591480896193,-0.8062621392962922,-0.04028694425695227,0.9844261936942151,-0.6986056798848019,-0.3267382238288832,1.5935942640014142,-1.620586843385614,False,False,False,False,False,False,True,False,False,False,False,False,True,False,False,False,True,False,False,True,False,True,True,False,True
1.0079052613579391,0.03098680631810343,1.5762593202312518,-0.5108541210265708,-0.1400994522955637,0.29257513926258544,-0.13534006924958636,-0.4344863127396135,0.491888698311186,-0.41556102136794054,0.8560749105494027,0.9293563146252024,-0.11800032582001213,False,False,False,False,False,False,True,False,False,False,False,False,True,False,False,False,True,False,False,True,False,True,True,True,False
1.0708993401928104,0.26094540196427063,1.5762593202312518,-0.36512291430218596,0.1014857511783367,0.5035803116022365,0.09418590208218858,0.8371245533335012,1.3663940472565628,0.4335729541826487,-0.9793247807272487,-0.825421551637326,-1.6783786325227528,False,False,False,False,False,False,True,False,False,False,False,False,True,False,False,False,True,False,False,True,False,True,True,True,False
1.1338934190276817,-0.21240002848987624,1.5762593202312518,-0.2193917075778012,-0.28285434525741127,0.11740103392398209,-0.5767361679645172,1.2186078131554356,-0.09111486765239094,-1.0524115030308798,-0.2451649042165893,-1.7573374806129063,-1.4472114759741983,False,False,False,False,False,False,True,False,False,False,False,False,True,False,False,False,True,False,False,True,False,True,True,False,True
1.1968874978625528,-0.15365148215691976,1.5762593202312518,-0.07366050085341637,0.05756116872854196,-0.12943520541674502,-0.37663660321375303,1.2567561391376305,0.10992084474884406,0.15052829566578477,0.44820831248792464,1.6134222624902566,-1.7939622107970297,False,False,False,False,False,False,True,False,False,False,False,False,True,False,False,False,True,False,False,True,False,True,True,True,False
1.259881576697424,-0.13350912341418908,1.5762593202312518,0.07207070587096844,-0.10166544265198109,-0.22100348775280934,0.005906682339198224,1.2821883564590915,-0.9455166453576397,-0.06175519822186254,0.5297816321002214,-0.8650775486150102,-0.060208536682873535,False,False,False,False,False,False,True,False,False,False,False,False,True,False,False,False,True,False,False,True,False,True,True,True,False
1.3228756555322951,0.4153701523251978,1.5762593202312518,0.21780191259535323,0.23325949852774047,0.5035803116022365,0.5002703128999233,0.35391242422571617,-0.4630309355946802,0.15052829566578477,-1.4687646984010236,-0.528001574304694,0.6332929329627888,False,False,False,False,False,False,True,False,False,False,False,False,True,False,False,False,True,False,False,True,False,True,True,True,False
1.3858697343671664,0.12834154024130962,1.5762593202312518,0.36353311931973803,-0.09068429703953727,0.28859390959580866,0.1530387152441682,0.4937896194937617,-0.8349470035369638,-0.9816503384016633,-1.4687646984010236,-1.3607775108360636,0.3443339872770961,False,False,False,False,False,False,True,False,False,False,False,False,True,False,False,False,True,False,False,True,False,True,True,True,False
1.4488638132020377,0.00916591768016111,1.5762593202312518,0.5092643260441229,0.23325949852774047,-0.18915365041853838,0.08830062076598226,0.0868741423503592,-0.4228237931144298,0.5750952834410794,-1.9582046160747955,-0.8353355508817473,-0.29137569323142765,False,False,False,False,False,False,True,False,False,False,False,False,True,False,False,False,True,False,False,True,False,True,True,True,False
1.5118578920369088,0.11827036086994429,1.5762593202312518,0.6549955327685076,-0.06323143300841799,0.14526964159150452,0.30605602946534455,-1.1084400717583658,1.105047621134955,0.5043341188118627,-0.6530315022780674,1.1970342942245715,-1.0426689520142287,False,False,False,False,False,False,True,False,False,False,False,False,True,False,False,False,True,False,False,True,False,True,True,True,False
1.57485197087178,0.4002633832681498,1.5762593202312518,0.8007267394928924,0.3320898090397738,0.4000683402658135,0.48849975026753156,1.8798454635134538,-0.111218438892519,0.5750952834410794,-1.2648313993702844,-0.07195760906132477,-0.17579211495715072,False,False,False,False,False,False,True,False,False,False,False,False,True,False,False,False,True,False,False,True,False,True,True,True,False
1.6378460497066512,0.331443657563828,1.5762593202312518,0.9464579462172773,0.29914637220242285,0.2647065315950913,0.48261446895132526,0.09959025101109324,1.4267047609769299,-0.4863221859971546,0.692928271324812,-1.23189552065859,-0.2335839040942893,False,False,False,False,False,False,True,False,False,False,False,False,True,False,False,False,True,False,False,True,False,True,True,True,False
1.7008401285415224,0.15184095877448744,1.5762593202312518,1.092189152941662,0.046580023116078645,-0.061754301081369756,0.6003200952753054,1.6891038336024866,0.6527172682321762,0.07976713103657067,0.0811283742325949,-0.22066759772764077,-0.522542849779982,False,False,False,False,False,False,True,False,False,False,False,False,True,False,False,False,True,False,False,True,False,True,True,True,False
-1.7008401285415224,-1.9345717009932768,-1.083073888747854,-1.5309725680972643,-1.8366864494190787,-1.8294202731343971,-2.0774829035952904,-1.9222710260451563,-0.7243773617162823,-0.7693668445140185,0.1219150340387433,0.4435703516485703,-1.1004607411513672,False,True,False,False,False,False,False,False,False,False,False,False,False,True,False,False,False,False,True,False,True,True,True,True,False
-1.6378460497066512,2.912812820186807,-1.083073888747854,-1.3852413613728796,-1.9959130607996016,-1.8254390434676204,-1.6949396180423604,0.5700862714581443,0.6828726250923627,0.7873787773287266,0.1219150340387433,-0.7361955584375366,0.05537504159140339,False,True,False,False,False,False,False,False,False,False,False,False,False,True,False,False,False,False,True,True,False,True,True,True,False
-1.57485197087178,-1.1909829574075015,-1.083073888747854,-1.2395101546484948,-1.0185911012915563,-1.3277853351193611,-1.0887556424738405,-0.9939950938117883,0.17023155846921112,0.8581399419579407,0.1219150340387433,-0.7956795539040631,-1.5627950542484756,False,True,False,False,False,False,False,False,False,False,False,False,False,True,False,False,False,False,True,True,False,True,True,True,False
-1.5118578920369088,-1.503189517919827,-1.083073888747854,-1.09377894792411,-1.3864594793086287,-1.4312973064557841,-1.6302015235641742,-0.3327574434537629,1.2658761910559453,-1.4769784908061745,-0.041231605185850256,-1.3211215138583794,1.5579615591570057,False,True,False,False,False,False,False,False,False,False,False,False,False,True,False,False,False,False,True,True,False,True,True,True,False
-1.4488638132020377,-1.0432723266274926,-1.083073888747854,-0.9480477411997252,-0.9966288100666492,-1.0092869617764537,-1.0710997985252424,-0.15473192220352971,-1.10634521527863,0.5043341188118627,0.44820831248792464,0.11640837658267536,-1.6783786325227528,False,True,False,False,False,False,False,False,False,False,False,False,False,True,False,False,False,False,True,True,False,True,True,True,False
-1.3858697343671664,-1.3806568355682074,-1.083073888747854,-0.8023165344753403,-1.1009496933849336,-1.2521419714504038,-1.7832188377853506,-1.6043683095268777,0.33106012839020144,0.5750952834410794,-1.387191378788727,-1.4103475070581688,0.5177093546885116,False,True,False,False,False,False,False,False,False,False,False,False,False,True,False,False,False,False,True,True,False,True,True,True,False
-1.3228756555322951,-0.4641795127740096,-1.083073888747854,-0.6565853277509556,-0.46404324786284146,-0.3722902150906953,-0.5414244800673211,-0.561647399346925,0.009402988548226562,0.7166176126995101,-1.020111440533397,-0.2504095954609044,0.28654219813995774,False,True,False,False,False,False,False,False,False,False,False,False,False,True,False,False,False,False,True,True,False,True,True,True,False
-1.259881576697424,-0.6504963311442444,-1.083073888747854,-0.5108541210265708,-0.41462809260681505,-0.5076520237614176,-1.0534439545766443,-0.4344863127396135,0.692924410712421,-1.8307843139522526,1.2639415086108807,0.9392703138696237,0.3443339872770961,False,True,False,False,False,False,False,False,False,False,False,False,False,True,False,False,False,False,True,True,False,True,True,True,False
-1.1968874978625528,-0.38193154790785144,-1.083073888747854,-0.36512291430218596,-0.09068429703953727,-0.45191480842640097,-0.5355391987511356,-0.8795501158652037,-0.40272022187430745,0.07976713103657067,2.4467546429891667,0.5823663410704651,-0.9270853737399516,False,True,False,False,False,False,False,False,False,False,False,False,False,True,False,False,False,False,True,True,False,True,True,True,False
-1.1338934190276817,-0.773029013495864,-1.083073888747854,-0.2193917075778012,-0.8264210530736823,-0.9933620431093182,-0.3236690713679588,-0.6379440513113147,-0.33235772253387635,1.8487962467669605,-0.20437824441044092,0.4931403478706756,1.0378354569227586,False,True,False,False,False,False,False,False,False,False,False,False,False,True,False,False,False,False,True,True,False,True,True,True,False
-1.0708993401928104,-0.08986734613828058,-1.083073888747854,-0.07366050085341637,0.008146013472515548,-0.15730381308423916,-0.05883141213898774,2.4139220272641606,-2.0813684204246186,0.15052829566578477,0.8560749105494027,1.5539382670237294,-0.8692935846028131,False,True,False,False,False,False,False,False,False,False,False,False,False,True,False,False,False,False,True,True,False,True,True,True,False
-1.0079052613579391,-0.23254238723260692,-1.083073888747854,0.07207070587096844,-0.14559002510179533,-0.04582938241423428,-0.5590803240159192,1.625523290298831,0.7833904812929802,0.009005966407354064,0.285061673263334,1.6134222624902566,-0.11800032582001213,False,True,False,False,False,False,False,False,False,False,False,False,False,True,False,False,False,False,True,True,False,True,True,True,False
-0.944911182523068,0.027629746527656273,-1.083073888747854,0.21780191259535323,0.10697632398454887,0.03777644058827645,-0.041175568190389665,0.7735440100298455,0.07976548788865767,-0.9108891737724493,-1.3464047189825785,0.542710344092781,-0.2335839040942893,False,True,False,False,False,False,False,False,False,False,False,False,False,True,False,False,False,False,True,True,False,True,True,True,False
-0.8819171036881969,0.1434483092983576,-1.083073888747854,0.36353311931973803,0.12344804240322434,0.24081915359437395,0.047103651552579784,0.4683574021722936,-1.1465523577588748,-1.2646949969185273,-0.6530315022780674,-1.6284554904354327,0.8644600895113431,False,True,False,False,False,False,False,False,False,False,False,False,False,True,False,False,False,False,True,True,False,True,True,True,False
-0.8189230248533256,-0.04286850907190107,-1.083073888747854,0.5092643260441229,-0.21696747158270938,-0.041848152747457484,0.17657984050897263,-0.9176984418473986,-0.21173629509313652,1.070423435845588,0.20348835365103718,-0.3396355886606939,0.22875040900281915,False,True,False,False,False,False,False,False,False,False,False,False,False,True,False,False,False,False,True,True,False,True,True,True,False
-0.7559289460184544,0.37508543483973644,-1.083073888747854,0.6549955327685076,0.3650332458771247,0.28063145026222674,0.5414672821133049,0.41749296752937193,1.3663940472565628,-0.5570833506263713,-0.16359158460429252,-1.7672514798573273,1.153419035197036,False,True,False,False,False,False,False,False,False,False,False,False,False,True,False,False,False,False,True,True,False,True,True,True,False
-0.6929348671835832,0.7107914138852397,-1.083073888747854,0.8007267394928924,0.6450524589946077,0.5632987566040298,0.9946339434606485,-0.34547355211449693,-1.307380927679865,1.2827069297332354,-0.6530315022780674,0.5327963448483598,1.3845861917455897,False,True,False,False,False,False,False,False,False,False,False,False,False,True,False,False,False,False,True,True,False,True,True,True,False
-0.629940788348712,0.9911059063882335,-1.083073888747854,0.9464579462172773,0.9360528177245345,1.0728961539526478,0.9181252863500499,-0.7651051379186262,0.09986905912878002,1.070423435845588,0.285061673263334,0.38408635618204373,1.5579615591570057,False,True,False,False,False,False,False,False,False,False,False,False,False,True,False,False,False,False,True,True,False,True,True,False,True
-0.5669467095138409,1.7061596417551483,-1.083073888747854,1.092189152941662,1.8035633211080637,1.753686426973064,1.4889975740213734,1.104162835208851,0.9341672655939064,0.8581399419579407,0.36663499287562784,1.5241962692904665,-1.736170421659891,False,True,False,False,False,False,False,False,False,False,False,False,False,True,False,False,False,False,True,True,False,True,True,True,False
-0.5039526306789696,1.3268118854337367,-1.083073888747854,1.2379203596660469,1.3313740597727264,1.244089029624446,1.4183741982269813,0.16317079431474898,-1.096293429658566,-0.6278445152555853,1.0192215497739934,0.3345163599599384,-0.522542849779982,False,True,False,False,False,False,False,False,False,False,False,False,False,True,False,False,False,False,True,True,False,True,True,True,False
-0.44095855184409843,1.3570254235478327,-1.083073888747854,1.3836515663904316,1.6772801465648917,1.4391692832969618,0.8651577545042766,0.7226795753869166,0.702976196332485,-1.6892619846938193,0.978434889967845,1.355658282135308,1.4423779808827286,False,True,False,False,False,False,False,False,False,False,False,False,False,True,False,False,False,False,True,True,False,True,True,True,False
-0.3779644730092272,1.4107383801951066,-1.083073888747854,1.5293827731148164,1.1611663027797399,1.3754696086283915,1.7008677014045503,0.010577490385976655,0.9341672655939064,-0.2740386921095073,0.7337149311309604,0.5526243433372022,1.2112108243341742,False,True,False,False,False,False,False,False,False,False,False,False,False,True,False,False,False,False,True,True,False,True,True,True,False
-0.314970394174356,-0.04286850907190107,-1.083073888747854,1.6751139798392012,1.1721474483922032,0.9415155749487024,1.0358309126740508,-1.2483172670264113,0.3511636996303238,0.4335729541826487,0.4074216526817762,0.38408635618204373,-0.9848771628770902,False,True,False,False,False,False,False,False,False,False,False,False,False,True,False,False,False,False,True,True,False,True,True,True,False
-0.2519763153394848,1.753158478821528,-1.083073888747854,1.820845186563586,1.8419973307516464,1.4590754316309023,2.0480992990602847,-0.11658359622133482,-1.317432713299929,-0.9816503384016633,-0.2859515640227348,-1.2913795161251165,-1.1582525302885056,False,True,False,False,False,False,False,False,False,False,False,False,False,True,False,False,False,False,True,True,False,True,True,True,False
-0.1889822365046136,1.254635099938944,-1.083073888747854,1.966576393287971,1.5290346807968125,1.1923330439562345,1.0240603500416383,-0.14201581354279566,0.9542708368340288,0.7166176126995101,-1.101684760145691,-1.8168214760794328,0.748876511237066,False,True,False,False,False,False,False,False,False,False,False,False,False,True,False,False,False,False,True,True,False,True,True,False,True
-0.1259881576697424,2.1929333113711316,-1.083073888747854,2.1123076000123557,2.006714514938382,2.2593025946549052,2.236428301178657,-1.8586904827415005,-1.307380927679865,0.3628117895534321,1.46787480764162,-1.6284554904354327,0.22875040900281915,False,True,False,False,False,False,False,False,False,False,False,False,False,True,False,False,False,False,True,True,False,True,True,True,False
-0.0629940788348712,2.1392203547238338,-1.083073888747854,2.2580388067367405,2.3306583105056595,2.119959556317378,1.906852547471521,0.9515695312800787,-2.6606025667806756,-0.34479985673872393,-0.16359158460429252,1.1078083010247814,1.095627246059897,False,True,False,False,False,False,False,False,False,False,False,False,False,True,False,False,False,False,True,True,False,True,True,False,True
0.0,-1.2614812130070587,0.24659271574169903,-1.5309725680972643,-1.0405533925164634,-1.4193536174554253,-1.1829201435330372,0.646382923422534,-1.91048806488357,-1.5477396554353886,1.4270881478354716,-0.2702375939497461,1.5001697700198668,False,True,False,False,False,False,False,False,False,False,False,False,False,True,False,False,False,True,False,False,True,True,True,True,False
0.0629940788348712,-0.4692151024596923,0.24659271574169903,-1.3852413613728796,-0.5134584031188678,-0.45191480842640097,-0.3942924471623511,1.663671616281026,-2.392973774646535,-1.0524115030308798,-0.16359158460429252,-0.5874855697712206,0.5177093546885116,False,True,False,False,False,False,False,False,False,False,False,False,False,True,False,False,False,True,False,True,False,True,True,True,False
0.1259881576697424,-0.9945949596658775,0.24659271574169903,-1.2395101546484948,-1.2766480231841322,-0.961512205775019,-0.6650153877075076,-0.561647399346925,-0.5434452205551696,0.8581399419579407,2.773047921438351,1.3259162844020451,-1.0426689520142287,False,True,False,False,False,False,False,False,False,False,False,False,False,True,False,False,False,True,False,True,False,True,True,True,False
0.1889822365046136,-0.8217063804574551,0.24659271574169903,-1.09377894792411,-0.8428927714923578,-0.9336435981075248,-0.5708508866483318,-0.6125118339898539,-0.3826166506341851,1.6365127528793133,0.0811283742325949,1.3160022851576245,-1.5627950542484756,False,True,False,False,False,False,False,False,False,False,False,False,False,True,False,False,False,True,False,True,False,True,True,True,False
0.2519763153394848,-0.8670266876285991,0.24659271574169903,-0.9480477411997252,-1.0185911012915563,-0.710694736767515,-0.8651149524582719,-0.014854726935484194,0.28080120028989264,0.6458564480702934,0.8152882507432543,-0.5081735758158523,-1.736170421659891,False,True,False,False,False,False,False,False,False,False,False,False,False,True,False,False,False,True,False,True,False,True,True,True,False
0.314970394174356,2.912812820186807,0.24659271574169903,-0.8023165344753403,-0.5903264224060135,-0.3722902150906953,-0.15888119451439076,1.2313239218161625,2.4821422510834137,0.29205062492421546,-0.08201826499199574,0.6715923342702552,0.9800436677856204,False,True,False,False,False,False,False,False,False,False,False,False,False,True,False,False,False,True,False,True,False,True,True,True,False
0.3779644730092272,-0.3349327108414719,0.24659271574169903,-0.6565853277509556,-0.2279486171951727,-0.10554782741602765,-0.7356387635018999,0.7481117927083847,1.386497618496685,1.7072739175085274,-0.00044494537970186677,1.5836802647569936,-0.5803346389171203,False,True,False,False,False,False,False,False,False,False,False,False,False,True,False,False,False,True,False,True,False,True,True,True,False
0.44095855184409843,-0.5984619043922061,0.24659271574169903,-0.5108541210265708,-0.711119024142954,-0.6828261290999926,-0.294242664786969,-0.5107829647040033,0.893960123113656,0.22128946029500135,-1.9582046160747955,0.06683838036057002,0.22875040900281915,False,True,False,False,False,False,False,False,False,False,False,False,False,True,False,False,False,True,False,True,False,True,True,True,False
0.5039526306789696,-0.4759292220405866,0.24659271574169903,-0.36512291430218596,-0.4036469469943712,-0.5434830907624936,-0.4001777284785365,-1.8078260480985788,-1.0560862871783212,-0.2740386921095073,0.285061673263334,0.3146883614710967,1.095627246059897,False,True,False,False,False,False,False,False,False,False,False,False,False,True,False,False,False,True,False,True,False,True,True,True,False
0.5669467095138409,0.15184095877448744,0.24659271574169903,-0.2193917075778012,0.03559887750363483,0.27665022059544997,0.1236123086631784,-0.8541178985437429,-0.5434452205551696,-0.6278445152555853,-0.041231605185850256,-0.904733545592695,0.9222518786484815,False,True,False,False,False,False,False,False,False,False,False,False,False,True,False,False,False,True,False,True,False,True,True,True,False
0.629940788348712,-0.6085330837635714,0.24659271574169903,-0.07366050085341637,-0.5244395487313117,-0.32849668875603744,-1.0593292358928506,-0.26917690015010715,-1.096293429658566,1.2119457651040186,0.5297816321002214,1.1672922964913086,-1.736170421659891,False,True,False,False,False,False,False,False,False,False,False,False,False,True,False,False,False,True,False,True,False,True,True,True,False
0.6929348671835832,-0.47089363235490395,0.24659271574169903,0.07207070587096844,-0.5299301215375434,-0.41608374142532495,-0.4354894163757327,-0.3836218780966918,-0.36251307939406274,1.424229258991666,-0.897751461114952,-0.7956795539040631,1.5579615591570057,False,True,False,False,False,False,False,False,False,False,False,False,False,True,False,False,False,True,False,True,False,True,True,True,False
0.7559289460184544,-0.2963265232512461,0.24659271574169903,0.21780191259535323,-0.12362773387688822,-0.22100348775280934,-0.5473097613835274,0.06144192502889835,0.6225619113719899,-2.0430678078398974,-0.8569648013088065,-0.2702375939497461,0.9222518786484815,False,True,False,False,False,False,False,False,False,False,False,False,False,True,False,False,False,True,False,True,False,True,True,True,False
0.8189230248533256,0.15351948866972295,0.24659271574169903,0.36353311931973803,-0.03577856897729871,0.1651757899254168,0.3707941239435305,-1.032143419793976,0.09986905912878002,-0.20327752748029324,1.1415815291924385,-1.5788854942133272,0.9800436677856204,False,True,False,False,False,False,False,False,False,False,False,False,False,True,False,False,False,True,False,True,False,True,True,False,True
0.8819171036881969,-0.16036560173781406,0.24659271574169903,0.5092643260441229,-0.1400994522955637,-0.025923234080293726,-0.3472101966327632,0.4683574021722936,1.9896047557003902,0.5043341188118627,0.285061673263334,-0.19092559999437786,0.17095861986568056,False,True,False,False,False,False,False,False,False,False,False,False,False,True,False,False,False,True,False,True,False,True,True,True,False
0.944911182523068,0.07966417327971845,0.24659271574169903,0.6549955327685076,-0.24991090842006033,0.017870292254335892,0.5532378447457176,1.5110783123522535,1.2055654773355724,0.9289011065871573,-1.3464047189825785,-1.0038735380369057,-0.9848771628770902,False,True,False,False,False,False,False,False,False,False,False,False,False,True,False,False,False,True,False,True,False,True,True,True,False
1.0079052613579391,0.27940923081178964,0.24659271574169903,0.8007267394928924,0.6450524589946077,0.23683792392756886,-0.023519724241812503,1.9942904414600313,-0.8349470035369638,0.07976713103657067,1.1415815291924385,1.068152304047098,1.269002613471313,False,True,False,False,False,False,False,False,False,False,False,False,False,True,False,False,False,True,False,True,False,True,True,True,False
1.0708993401928104,0.10316359181289628,0.24659271574169903,0.9464579462172773,0.06305174153475411,0.17313824925899868,0.07064477681738418,0.6590990320832608,0.30090477153001505,1.070423435845588,-1.2648313993702844,-1.4698315025246953,-0.9270853737399516,False,True,False,False,False,False,False,False,False,False,False,False,False,True,False,False,False,True,False,True,False,True,True,False,True
1.1338934190276817,0.0074873877849256035,0.24659271574169903,1.092189152941662,-0.07970315142709346,-0.12147274608316314,0.3237118734139426,-1.2356011583656772,0.6728208394722986,0.009005966407354064,0.040341714426446525,-1.648283488924275,-1.3316278976999214,False,True,False,False,False,False,False,False,False,False,False,False,False,True,False,False,False,True,False,True,False,True,True,True,False
1.1968874978625528,-0.4138236159171829,0.24659271574169903,1.2379203596660469,-0.46404324786284146,-0.26479701408746725,-0.5296539174349294,-0.34547355211449693,-0.30220236567368997,1.1411846004748047,0.5705682919063669,-1.122841528969958,0.22875040900281915,False,True,False,False,False,False,False,False,False,False,False,False,False,True,False,False,False,True,False,True,False,True,True,True,False
1.259881576697424,0.6402931582856823,0.24659271574169903,1.3836515663904316,0.37601439148958804,0.7384728619426332,0.7768785347612862,0.43020907619010595,-1.4179505695005465,-1.1231726676600966,-1.30561805917643,1.187120294980151,0.11316683072854197,False,True,False,False,False,False,False,False,False,False,False,False,False,True,False,False,False,True,False,True,False,True,True,True,False
1.3228756555322951,0.554688133629077,0.24659271574169903,1.5293827731148164,0.40346725552070734,0.523486459936177,0.7768785347612862,-0.45991853006107436,-0.6841702192360376,-0.06175519822186254,-1.3464047189825785,0.5724523418260445,-0.11800032582001213,False,True,False,False,False,False,False,False,False,False,False,False,False,True,False,False,False,True,False,True,False,True,True,True,False
1.3858697343671664,0.5026537068770387,0.24659271574169903,1.6751139798392012,0.7109393326693096,0.3522935842643788,0.5179261568485214,1.3330527911020131,0.6125101257519315,-0.06175519822186254,-1.5095513582071691,-1.5094874995023795,-1.6783786325227528,False,True,False,False,False,False,False,False,False,False,False,False,False,True,False,False,False,True,False,True,False,True,True,True,False
1.4488638132020377,0.5630807831052307,0.24659271574169903,1.820845186563586,0.4364106923580583,0.27665022059544997,1.1299954137332267,-0.6633762686327757,0.8738565518735336,-0.9108891737724493,1.182368188998584,1.0185823078249927,1.0378354569227586,False,True,False,False,False,False,False,False,False,False,False,False,False,True,False,False,False,True,False,True,False,True,True,True,False
1.5118578920369088,0.7410049519993357,0.24659271574169903,1.966576393287971,0.39797668271447567,0.7663414696101274,1.071142600571247,-0.561647399346925,0.491888698311186,-1.6892619846938193,2.1204613645399855,-0.5973995690156417,0.45991756555137325,False,True,False,False,False,False,False,False,False,False,False,False,False,True,False,False,False,True,False,True,False,True,True,True,False
1.57485197087178,0.9457855992170895,0.24659271574169903,2.1123076000123557,0.760354487925336,0.814116225611562,1.3300949784839908,-1.1465883977405606,0.4516815558309413,0.6458564480702934,-1.4687646984010236,-0.06204360981690427,-0.3491674823685662,False,True,False,False,False,False,False,False,False,False,False,False,False,True,False,False,False,True,False,True,False,True,True,True,False
1.6378460497066512,0.678899345875932,0.24659271574169903,2.2580388067367405,0.49131642042029683,0.6548670389401225,0.9122400050338644,-2.3673348291707463,-0.37256486501412106,-1.9723066432106833,1.1415815291924385,1.0086683085805714,-0.060208536682873535,False,True,False,False,False,False,False,False,False,False,False,False,False,True,False,False,False,True,False,True,False,True,True,True,False
1.7008401285415224,1.1623159557014442,0.24659271574169903,2.403770013461125,1.2380343220669052,1.471019120631261,0.6003200952753054,0.3920607502079111,1.6779994014784736,0.22128946029500135,-0.12280492479814413,1.216862292713414,-0.002416747545734945,False,True,False,False,False,False,False,False,False,False,False,False,False,True,False,False,False,True,False,True,False,True,True,True,False
