raceId,driverId,lap,position,time,milliseconds
1,1,1,6,92.11699999999999,92117.0
1,1,2,4,92.305,92305.0
1,1,3,5,92.212,88663.0
1,1,4,9,92.25200000000001,105601.75
1,1,5,1,92.08500000000001,92085.0
1,1,6,6,92.065,92065.0
1,1,7,3,92.277,92277.0
1,1,8,7,92.14099999999999,92141.0
1,1,9,1,92.074,92074.0
1,1,10,10,92.12899999999999,92129.0
1,1,11,8,92.088,92088.0
1,1,12,2,92.196,92196.0
1,1,13,6,92.167,92167.0
1,1,14,2,92.167,92167.0
1,1,15,4,92.36500000000001,92365.0
1,1,16,10,92.038,92038.0
1,1,17,1,91.994,91994.0
1,1,18,5,92.219,92219.0
1,1,19,7,92.062,92062.0
1,1,20,5,91.729,91729.0
1,1,21,10,91.898,91898.0
1,1,22,5,91.877,91877.0
1,1,23,5,91.724,91724.0
1,1,24,9,91.81,91810.0
1,1,25,3,91.814,91814.0
1,1,26,7,91.806,91806.0
1,1,27,9,91.85300000000001,91853.0
1,1,28,1,91.798,91798.0
1,1,29,5,91.831,91831.0
1,1,30,8,91.709,91709.0
1,1,31,6,91.68299999999999,91683.0
1,1,32,6,91.699,91699.0
1,1,33,5,91.90299999999999,91903.0
1,1,34,7,91.832,91832.0
1,1,35,1,91.506,91506.0
1,1,36,8,91.719,91719.0
1,1,37,1,91.762,91762.0
1,1,38,6,91.779,91779.0
1,1,39,4,91.634,91634.0
1,1,40,5,91.531,91531.0
1,1,41,10,91.39699999999999,91397.0
1,1,42,9,91.276,91276.0
1,1,43,9,91.293,91293.0
1,1,44,3,91.413,91413.0
1,1,45,2,91.47,91470.0
1,1,46,6,91.399,91399.0
1,1,47,5,91.447,91447.0
1,1,48,5,91.418,91418.0
1,1,49,4,91.276,91276.0
1,1,50,1,91.30199999999999,91302.0
1,1,51,7,91.196,91196.0
1,2,1,4,91.97800000000001,91978.0
1,2,2,10,92.17699999999999,92177.0
1,2,3,5,92.012,92012.0
1,2,4,3,92.269,92269.0
1,2,5,3,92.062,92062.0
1,2,6,8,91.985,91985.0
1,2,7,1,92.064,92064.0
1,2,8,1,92.03999999999999,92040.0
1,2,9,8,92.173,92173.0
1,2,10,3,92.11699999999999,92117.0
1,2,11,6,92.08500000000001,92085.0
1,2,12,2,91.875,91875.0
1,2,13,5,92.049,92049.0
1,2,14,8,92.061,92061.0
1,2,15,2,92.027,92027.0
1,2,16,6,91.988,91988.0
1,2,17,8,91.886,91886.0
1,2,18,5,92.027,92027.0
1,2,19,2,92.156,92156.0
1,2,20,4,91.787,91787.0
1,2,21,2,91.912,91912.0
1,2,22,6,91.652,91652.0
1,2,23,10,91.60900000000001,91609.0
1,2,24,6,91.547,91547.0
1,2,25,3,91.781,91781.0
1,2,26,1,91.52,91520.0
1,2,27,5,91.56700000000001,91567.0
1,2,28,8,91.781,105601.75
1,2,29,7,91.912,91912.0
1,2,30,5,91.714,88663.0
1,2,31,6,91.538,105601.75
1,2,32,5,91.681,91681.0
1,2,33,6,91.543,91543.0
1,2,34,6,91.559,91559.0
1,2,35,4,91.608,91608.0
1,2,36,9,91.635,91635.0
1,2,37,4,91.59,88663.0
1,2,38,6,91.4,91400.0
1,2,39,2,91.53399999999999,91534.0
1,2,40,3,91.378,91378.0
1,2,41,10,91.549,91549.0
1,2,42,8,91.447,91447.0
1,2,43,10,91.261,91261.0
1,2,44,3,91.197,91197.0
1,2,45,6,91.218,91218.0
1,2,46,4,91.19800000000001,91198.0
1,2,47,10,91.389,91389.0
1,2,48,4,91.392,91392.0
1,2,49,7,91.319,91319.0
1,2,50,6,91.26,91260.0
1,2,51,2,91.178,91178.0
1,3,1,9,92.834,92834.0
1,3,2,1,92.949,92949.0
1,3,3,8,92.735,92735.0
1,3,4,9,92.90899999999999,92909.0
1,3,5,1,92.952,92952.0
1,3,6,1,92.782,92782.0
1,3,7,10,92.588,92588.0
1,3,8,1,92.94200000000001,92942.0
1,3,9,9,92.715,92715.0
1,3,10,4,92.682,92682.0
1,3,11,6,92.587,92587.0
1,3,12,10,92.60499999999999,92605.0
1,3,13,8,92.657,92657.0
1,3,14,5,92.696,92696.0
1,3,15,2,92.729,92729.0
1,3,16,3,92.84899999999999,92849.0
1,3,17,2,92.749,92749.0
1,3,18,3,92.418,92418.0
1,3,19,6,92.555,92555.0
1,3,20,5,92.262,92262.0
1,3,21,2,92.36,92360.0
1,3,22,1,92.50200000000001,92502.0
1,3,23,8,92.388,92388.0
1,3,24,10,92.318,92318.0
1,3,25,4,92.488,92488.0
1,3,26,4,92.425,92425.0
1,3,27,10,92.334,92334.0
1,3,28,5,92.261,92261.0
1,3,29,1,92.36500000000001,92365.0
1,3,30,9,92.34899999999999,92349.0
1,3,31,2,92.331,92331.0
1,3,32,1,92.34,92340.0
1,3,33,10,92.529,92529.0
1,3,34,8,92.194,92194.0
1,3,35,9,92.113,92113.0
1,3,36,9,92.209,92209.0
1,3,37,1,92.417,92417.0
1,3,38,3,92.17699999999999,92177.0
1,3,39,8,91.998,91998.0
1,3,40,8,91.989,91989.0
1,3,41,7,91.937,91937.0
1,3,42,2,91.887,91887.0
1,3,43,7,91.773,91773.0
1,3,44,6,91.8,91800.0
1,3,45,3,91.814,91814.0
1,3,46,9,91.82900000000001,91829.0
1,3,47,9,92.301,92301.0
1,3,48,5,91.804,91804.0
1,3,49,6,91.977,91977.0
1,3,50,4,92.136,92136.0
1,3,51,4,91.89099999999999,91891.0
1,4,1,8,92.231,92231.0
1,4,2,9,92.261,92261.0
1,4,3,3,92.203,92203.0
1,4,4,3,92.39500000000001,92395.0
1,4,5,3,92.245,92245.0
1,4,6,1,92.057,92057.0
1,4,7,2,92.326,92326.0
1,4,8,1,92.232,92232.0
1,4,9,9,91.957,91957.0
1,4,10,9,92.213,92213.0
1,4,11,4,92.017,92017.0
1,4,12,9,92.174,92174.0
1,4,13,7,92.14099999999999,92141.0
1,4,14,8,92.114,92114.0
1,4,15,4,92.088,92088.0
1,4,16,6,92.287,92287.0
1,4,17,8,91.795,91795.0
1,4,18,4,92.116,92116.0
1,4,19,1,92.122,92122.0
1,4,20,2,91.628,91628.0
1,4,21,7,91.87,91870.0
1,4,22,3,91.639,91639.0
1,4,23,8,91.918,91918.0
1,4,24,4,91.799,91799.0
1,4,25,3,91.672,91672.0
1,4,26,3,91.947,91947.0
1,4,27,9,91.85300000000001,91853.0
1,4,28,5,91.916,91916.0
1,4,29,10,91.819,91819.0
1,4,30,9,91.811,91811.0
1,4,31,6,91.85,91850.0
1,4,32,6,91.751,91751.0
1,4,33,2,91.651,91651.0
1,4,34,8,91.58500000000001,91585.0
1,4,35,6,91.813,91813.0
1,4,36,9,91.719,91719.0
1,4,37,7,91.843,91843.0
1,4,38,1,91.913,91913.0
1,4,39,6,91.774,91774.0
1,4,40,10,91.431,91431.0
1,4,41,2,91.28999999999999,91290.0
1,4,42,9,91.604,91604.0
1,4,43,10,91.491,91491.0
1,4,44,8,91.285,91285.0
1,4,45,8,91.40299999999999,91403.0
1,4,46,6,91.31,91310.0
1,4,47,2,91.42,91420.0
1,4,48,6,91.44800000000001,91448.0
1,4,49,7,91.092,91092.0
1,4,50,6,91.367,91367.0
1,4,51,6,91.4,91400.0
1,5,1,9,91.968,91968.0
1,5,2,8,91.965,91965.0
1,5,3,6,91.821,91821.0
1,5,4,4,91.898,91898.0
1,5,5,1,91.95400000000001,91954.0
1,5,6,10,91.773,91773.0
1,5,7,2,91.877,91877.0
1,5,8,8,91.795,91795.0
1,5,9,4,91.777,91777.0
1,5,10,8,91.969,91969.0
1,5,11,7,91.861,91861.0
1,5,12,10,91.955,91955.0
1,5,13,5,91.945,91945.0
1,5,14,2,92.11500000000001,92115.0
1,5,15,2,91.804,91804.0
1,5,16,2,92.013,92013.0
1,5,17,6,91.757,91757.0
1,5,18,1,91.961,91961.0
1,5,19,5,91.604,91604.0
1,5,20,3,91.356,88663.0
1,5,21,1,91.445,91445.0
1,5,22,4,91.595,91595.0
1,5,23,6,91.557,91557.0
1,5,24,2,91.239,91239.0
1,5,25,7,91.515,91515.0
1,5,26,3,91.555,91555.0
1,5,27,7,91.576,91576.0
1,5,28,10,91.405,91405.0
1,5,29,7,91.493,91493.0
1,5,30,1,91.496,91496.0
1,5,31,3,91.524,91524.0
1,5,32,3,91.431,91431.0
1,5,33,9,91.468,91468.0
1,5,34,2,91.389,91389.0
1,5,35,10,91.491,91491.0
1,5,36,1,91.406,91406.0
1,5,37,9,91.512,91512.0
1,5,38,7,91.249,91249.0
1,5,39,3,91.218,91218.0
1,5,40,9,91.06700000000001,91067.0
1,5,41,10,91.23,91230.0
1,5,42,10,91.156,91156.0
1,5,43,9,91.255,91255.0
1,5,44,9,91.108,91108.0
1,5,45,6,91.271,91271.0
1,5,46,7,91.0,91000.0
1,5,47,9,91.021,91021.0
1,5,48,8,90.97800000000001,90978.0
1,5,49,1,91.033,91033.0
1,5,50,8,91.275,91275.0
1,5,51,6,90.894,90894.0
1,6,1,6,92.411,92411.0
1,6,2,5,92.583,92583.0
1,6,3,9,92.501,92501.0
1,6,4,6,92.559,92559.0
1,6,5,6,92.666,92666.0
1,6,6,4,92.32300000000001,92323.0
1,6,7,3,92.62,92620.0
1,6,8,7,92.618,92618.0
1,6,9,5,92.52199999999999,92522.0
1,6,10,6,92.50999999999999,92510.0
1,6,11,2,92.694,92694.0
1,6,12,2,92.46000000000001,92460.0
1,6,13,1,92.463,92463.0
1,6,14,4,92.334,92334.0
1,6,15,5,92.468,92468.0
1,6,16,7,92.457,92457.0
1,6,17,9,92.312,92312.0
1,6,18,3,92.155,92155.0
1,6,19,10,92.262,92262.0
1,6,20,1,92.113,92113.0
1,6,21,2,92.372,92372.0
1,6,22,3,92.01599999999999,92016.0
1,6,23,6,92.166,92166.0
1,6,24,8,92.082,92082.0
1,6,25,7,92.13,92130.0
1,6,26,4,92.059,92059.0
1,6,27,2,92.219,92219.0
1,6,28,5,92.08500000000001,92085.0
1,6,29,10,92.388,92388.0
1,6,30,6,92.24000000000001,92240.0
1,6,31,2,92.071,92071.0
1,6,32,10,92.045,92045.0
1,6,33,3,92.023,92023.0
1,6,34,8,92.087,92087.0
1,6,35,4,91.926,91926.0
1,6,36,5,92.093,92093.0
1,6,37,9,92.092,92092.0
1,7,1,4,92.17099999999999,88663.0
1,7,2,5,91.925,91925.0
1,7,3,4,91.92099999999999,91921.0
1,7,4,8,91.669,91669.0
1,7,5,4,91.861,91861.0
1,7,6,7,91.83,91830.0
1,7,7,3,91.874,91874.0
1,7,8,8,91.905,91905.0
1,7,9,2,91.924,91924.0
1,7,10,10,92.00399999999999,92004.0
1,7,11,6,91.694,91694.0
1,7,12,7,91.953,91953.0
1,7,13,2,91.953,91953.0
1,7,14,4,91.724,91724.0
1,7,15,1,91.78399999999999,91784.0
1,7,16,5,91.792,91792.0
1,7,17,5,91.709,88663.0
1,7,18,3,91.632,91632.0
1,7,19,10,91.791,91791.0
1,7,20,2,91.301,91301.0
1,7,21,3,91.416,91416.0
1,7,22,8,91.61,88663.0
1,7,23,5,91.37,91370.0
1,7,24,9,91.254,105601.75
1,7,25,9,91.47800000000001,91478.0
1,7,26,5,91.419,91419.0
1,7,27,7,91.414,88663.0
1,7,28,8,91.449,91449.0
1,8,1,10,91.76,91760.0
1,8,2,10,91.851,91851.0
1,8,3,10,91.857,91857.0
1,8,4,1,91.751,91751.0
1,8,5,4,91.924,105601.75
1,8,6,7,91.80799999999999,91808.0
1,8,7,10,91.885,91885.0
1,8,8,2,91.834,91834.0
1,8,9,6,91.795,91795.0
1,8,10,2,91.827,91827.0
1,8,11,8,91.81,91810.0
1,8,12,9,91.605,91605.0
1,8,13,7,91.92099999999999,91921.0
1,8,14,7,91.733,91733.0
1,8,15,10,91.46600000000001,91466.0
1,8,16,7,91.608,91608.0
1,8,17,8,91.61,91610.0
1,8,18,6,91.81700000000001,91817.0
1,8,19,8,91.582,91582.0
1,8,20,10,91.375,91375.0
1,8,21,7,91.66,91660.0
1,8,22,2,91.312,91312.0
1,8,23,3,91.67,91670.0
1,8,24,3,91.245,91245.0
1,8,25,1,91.384,91384.0
1,8,26,9,91.365,91365.0
1,8,27,10,91.44800000000001,91448.0
1,8,28,3,91.19800000000001,91198.0
1,8,29,5,91.334,91334.0
1,8,30,3,91.548,91548.0
1,8,31,6,91.311,91311.0
1,8,32,5,91.444,91444.0
1,8,33,9,91.425,91425.0
1,8,34,10,91.161,91161.0
1,8,35,1,91.231,91231.0
1,8,36,8,91.375,91375.0
1,8,37,8,91.393,91393.0
1,8,38,8,91.23400000000001,91234.0
1,8,39,8,91.40899999999999,91409.0
1,8,40,10,91.104,91104.0
1,8,41,3,91.241,91241.0
1,8,42,5,91.006,91006.0
1,8,43,1,91.083,91083.0
1,8,44,6,90.969,90969.0
1,8,45,1,90.971,90971.0
1,8,46,7,90.97800000000001,90978.0
1,8,47,7,90.894,90894.0
1,8,48,6,90.72200000000001,90722.0
1,8,49,4,91.309,91309.0
1,8,50,8,90.946,90946.0
1,8,51,6,90.95,90950.0
1,9,1,7,92.625,92625.0
1,9,2,3,92.33,92330.0
1,9,3,2,92.345,92345.0
1,9,4,6,92.14699999999999,92147.0
1,9,5,5,92.366,92366.0
1,9,6,10,92.56,92560.0
1,9,7,2,92.309,92309.0
1,9,8,4,92.19,92190.0
1,9,9,6,92.38499999999999,92385.0
1,9,10,1,92.202,92202.0
1,9,11,9,92.32,92320.0
1,9,12,4,92.251,92251.0
1,9,13,10,92.07900000000001,92079.0
1,9,14,8,92.166,92166.0
1,9,15,4,92.225,92225.0
1,9,16,9,92.054,92054.0
1,9,17,9,92.056,92056.0
1,9,18,10,92.18,92180.0
1,9,19,3,91.92699999999999,91927.0
1,9,20,6,92.019,92019.0
1,9,21,9,91.893,91893.0
1,9,22,3,92.071,92071.0
1,9,23,4,92.00399999999999,92004.0
1,9,24,9,92.001,92001.0
1,9,25,3,91.997,91997.0
1,9,26,8,91.918,88663.0
1,9,27,9,92.02799999999999,92028.0
1,9,28,5,92.07300000000001,92073.0
1,9,29,3,91.852,91852.0
1,9,30,9,91.846,91846.0
1,9,31,5,91.846,91846.0
1,9,32,2,91.985,91985.0
1,9,33,5,92.062,92062.0
1,9,34,7,91.82300000000001,91823.0
1,9,35,10,91.904,91904.0
1,9,36,5,91.973,91973.0
1,9,37,8,91.58,91580.0
1,9,38,2,91.748,91748.0
1,9,39,6,91.556,105601.75
1,9,40,1,91.476,91476.0
1,9,41,8,91.554,91554.0
1,9,42,4,91.541,91541.0
1,9,43,7,91.439,91439.0
1,9,44,4,91.68,91680.0
1,9,45,5,91.429,91429.0
1,9,46,3,91.605,91605.0
1,9,47,3,91.504,91504.0
1,9,48,5,91.521,91521.0
1,9,49,5,91.599,91599.0
1,9,50,9,91.505,91505.0
1,9,51,3,91.473,91473.0
1,10,1,3,91.604,91604.0
1,10,2,10,91.425,91425.0
1,10,3,9,91.42,91420.0
1,10,4,8,91.553,91553.0
1,10,5,4,91.604,91604.0
1,10,6,2,91.563,91563.0
1,10,7,10,91.541,91541.0
1,10,8,2,91.611,91611.0
1,10,9,8,91.311,91311.0
1,10,10,7,91.618,91618.0
1,10,11,3,91.632,91632.0
1,10,12,6,91.259,91259.0
1,10,13,3,91.486,91486.0
1,10,14,9,91.682,91682.0
1,10,15,9,91.52,91520.0
1,10,16,8,91.343,91343.0
1,10,17,3,91.443,91443.0
1,10,18,10,91.312,91312.0
1,10,19,10,91.672,91672.0
1,10,20,10,91.314,91314.0
1,10,21,2,91.059,91059.0
1,10,22,4,91.239,91239.0
1,10,23,3,91.207,91207.0
1,10,24,3,91.22200000000001,91222.0
1,10,25,9,91.227,91227.0
1,10,26,1,91.17099999999999,91171.0
1,10,27,4,90.908,90908.0
1,10,28,1,91.047,91047.0
1,10,29,9,90.952,90952.0
1,10,30,8,91.305,91305.0
1,10,31,2,91.253,91253.0
1,10,32,9,91.244,91244.0
1,10,33,8,91.075,91075.0
1,10,34,2,90.935,90935.0
1,10,35,8,91.105,91105.0
1,10,36,6,90.894,90894.0
1,10,37,10,91.036,91036.0
1,10,38,1,91.25,91250.0
1,10,39,4,91.133,91133.0
1,10,40,2,90.80799999999999,90808.0
1,10,41,5,90.775,90775.0
1,10,42,6,90.632,90632.0
1,10,43,8,90.736,90736.0
1,10,44,1,90.596,90596.0
1,10,45,4,90.799,90799.0
1,10,46,7,90.515,90515.0
1,10,47,1,90.707,105601.75
1,10,48,6,90.84100000000001,90841.0
1,10,49,9,90.82900000000001,90829.0
1,10,50,3,90.596,90596.0
1,10,51,6,90.56,90560.0
2,1,1,9,79.305,79305.0
2,1,2,7,79.376,79376.0
2,1,3,2,79.286,79286.0
2,1,4,9,79.164,79164.0
2,1,5,8,79.413,79413.0
2,1,6,5,79.405,79405.0
2,1,7,6,79.539,79539.0
2,1,8,6,79.065,79065.0
2,1,9,8,79.565,79565.0
2,1,10,8,79.23400000000001,79234.0
2,1,11,10,79.271,79271.0
2,1,12,6,79.246,79246.0
2,1,13,1,79.517,79517.0
2,1,14,5,79.55799999999999,79558.0
2,1,15,1,79.55799999999999,79558.0
2,1,16,9,79.326,79326.0
2,1,17,8,79.303,79303.0
2,1,18,7,79.321,79321.0
2,1,19,4,79.679,79679.0
2,1,20,4,79.152,79152.0
2,1,21,5,79.158,79158.0
2,1,22,6,78.99,78990.0
2,1,23,5,79.135,79135.0
2,1,24,4,79.021,79021.0
2,1,25,4,79.011,79011.0
2,1,26,4,79.042,79042.0
2,1,27,7,78.761,78761.0
2,1,28,8,79.066,79066.0
2,1,29,3,78.805,78805.0
2,1,30,6,78.963,78963.0
2,1,31,9,78.878,78878.0
2,1,32,10,79.053,79053.0
2,1,33,2,78.89699999999999,78897.0
2,1,34,5,78.868,78868.0
2,1,35,3,78.963,78963.0
2,1,36,1,78.801,78801.0
2,1,37,10,78.92099999999999,78921.0
2,1,38,9,78.679,78679.0
2,1,39,2,78.896,78896.0
2,1,40,4,78.623,78623.0
2,1,41,8,78.638,78638.0
2,1,42,2,78.661,78661.0
2,1,43,10,78.492,78492.0
2,1,44,6,78.477,78477.0
2,1,45,1,78.644,78644.0
2,1,46,3,78.751,78751.0
2,1,47,6,78.293,78293.0
2,1,48,8,78.381,78381.0
2,1,49,7,78.511,78511.0
2,1,50,1,78.521,78521.0
2,1,51,3,78.524,78524.0
2,1,52,4,78.68,78680.0
2,1,53,6,78.44200000000001,88663.0
2,1,54,9,78.595,78595.0
2,1,55,4,78.576,78576.0
2,1,56,1,78.53399999999999,78534.0
2,1,57,8,78.70400000000001,78704.0
2,1,58,5,78.431,78431.0
2,1,59,2,78.471,78471.0
2,1,60,4,78.096,78096.0
2,1,61,3,78.113,78113.0
2,1,62,7,78.143,78143.0
2,1,63,5,78.292,78292.0
2,1,64,9,78.143,78143.0
2,1,65,8,78.349,78349.0
2,1,66,6,78.374,78374.0
2,1,67,6,78.357,78357.0
2,1,68,3,77.96000000000001,77960.0
2,1,69,2,78.074,78074.0
2,1,70,1,78.184,78184.0
2,2,1,2,79.951,79951.0
2,2,2,2,79.934,79934.0
2,2,3,10,79.929,79929.0
2,2,4,1,79.873,79873.0
2,2,5,5,79.84100000000001,79841.0
2,2,6,7,79.756,79756.0
2,2,7,2,79.439,79439.0
2,2,8,9,79.828,79828.0
2,2,9,8,79.568,79568.0
2,2,10,9,79.821,79821.0
2,2,11,10,79.619,79619.0
2,2,12,10,79.66499999999999,79665.0
2,2,13,4,79.684,79684.0
2,2,14,1,80.003,80003.0
2,2,15,8,79.775,79775.0
2,2,16,3,79.912,79912.0
2,2,17,10,79.59,79590.0
2,2,18,8,79.689,79689.0
2,2,19,1,79.531,79531.0
2,2,20,9,79.416,79416.0
2,2,21,1,79.549,79549.0
2,2,22,5,79.434,79434.0
2,2,23,2,79.41,79410.0
2,2,24,2,79.441,79441.0
2,2,25,10,79.286,79286.0
2,2,26,8,79.273,79273.0
2,2,27,5,79.34100000000001,79341.0
2,2,28,1,79.212,79212.0
2,2,29,5,79.43,79430.0
2,2,30,6,79.18299999999999,79183.0
2,2,31,2,79.447,79447.0
2,2,32,6,79.395,79395.0
2,2,33,1,79.174,79174.0
2,2,34,8,79.374,79374.0
2,2,35,8,79.399,79399.0
2,2,36,8,79.282,79282.0
2,2,37,7,79.41499999999999,79415.0
2,2,38,8,79.48,79480.0
2,2,39,4,79.452,79452.0
2,2,40,9,79.033,79033.0
2,2,41,6,79.13,79130.0
2,2,42,8,79.045,79045.0
2,2,43,10,79.121,88663.0
2,2,44,5,79.007,79007.0
2,2,45,4,78.957,78957.0
2,2,46,3,79.074,79074.0
2,2,47,2,79.031,79031.0
2,2,48,2,79.063,79063.0
2,2,49,7,79.065,79065.0
2,2,50,9,79.012,79012.0
2,2,51,4,79.131,79131.0
2,2,52,10,78.89,78890.0
2,2,53,9,78.81700000000001,78817.0
2,2,54,2,78.812,78812.0
2,2,55,2,78.893,78893.0
2,2,56,3,78.878,78878.0
2,2,57,3,78.951,78951.0
2,2,58,8,78.94,78940.0
2,2,59,3,78.968,78968.0
2,2,60,8,78.393,78393.0
2,2,61,10,78.377,78377.0
2,2,62,4,78.635,78635.0
2,2,63,7,78.748,78748.0
2,2,64,6,78.757,78757.0
2,2,65,4,78.54599999999999,78546.0
2,2,66,6,78.657,78657.0
2,2,67,5,78.59,78590.0
2,2,68,4,78.701,78701.0
2,2,69,5,78.67099999999999,78671.0
2,2,70,4,78.648,78648.0
2,3,1,4,79.144,79144.0
2,3,2,1,79.303,79303.0
2,3,3,8,79.218,79218.0
2,3,4,2,79.248,79248.0
2,3,5,5,79.062,79062.0
2,3,6,7,79.395,79395.0
2,3,7,7,79.26,79260.0
2,3,8,5,79.217,79217.0
2,3,9,6,79.176,79176.0
2,3,10,7,79.361,79361.0
2,3,11,9,79.315,79315.0
2,3,12,4,79.093,79093.0
2,3,13,1,79.03399999999999,79034.0
2,3,14,2,79.209,79209.0
2,3,15,9,79.138,79138.0
2,3,16,7,79.115,79115.0
2,3,17,2,79.10300000000001,79103.0
2,3,18,3,78.932,78932.0
2,3,19,2,79.142,79142.0
2,3,20,5,79.025,79025.0
2,3,21,7,78.788,78788.0
2,3,22,7,79.023,79023.0
2,3,23,1,78.825,78825.0
2,3,24,3,78.887,78887.0
2,3,25,3,78.84,78840.0
2,3,26,5,78.77,78770.0
2,3,27,2,78.626,78626.0
2,3,28,2,78.881,78881.0
2,3,29,5,78.723,78723.0
2,3,30,3,78.788,78788.0
2,3,31,7,78.8,78800.0
2,3,32,1,78.69200000000001,78692.0
2,3,33,10,78.755,78755.0
2,3,34,7,78.944,78944.0
2,3,35,8,78.864,78864.0
2,3,36,3,78.888,78888.0
2,3,37,5,78.805,78805.0
2,3,38,4,78.795,78795.0
2,3,39,7,78.583,78583.0
2,3,40,7,78.551,78551.0
2,3,41,9,78.363,78363.0
2,3,42,4,78.607,78607.0
2,3,43,4,78.621,78621.0
2,3,44,2,78.402,78402.0
2,3,45,5,78.398,78398.0
2,3,46,6,78.431,78431.0
2,3,47,9,78.547,78547.0
2,3,48,4,78.35900000000001,88663.0
2,3,49,6,78.276,78276.0
2,3,50,3,78.441,78441.0
2,3,51,1,78.289,78289.0
2,3,52,1,78.343,78343.0
2,3,53,1,78.33,78330.0
2,3,54,4,78.56700000000001,78567.0
2,3,55,2,78.318,78318.0
2,3,56,3,78.087,78087.0
2,3,57,9,78.299,78299.0
2,3,58,1,78.241,78241.0
2,3,59,1,78.295,78295.0
2,3,60,6,78.221,78221.0
2,3,61,3,78.063,78063.0
2,3,62,6,78.03999999999999,78040.0
2,3,63,8,78.249,78249.0
2,3,64,5,77.756,77756.0
2,3,65,3,77.962,77962.0
2,3,66,10,78.021,78021.0
2,3,67,2,78.068,78068.0
2,3,68,2,77.957,77957.0
2,3,69,2,78.118,78118.0
2,3,70,7,78.009,78009.0
2,4,1,3,79.294,79294.0
2,4,2,5,79.208,79208.0
2,4,3,1,78.94,78940.0
2,4,4,4,78.838,78838.0
2,4,5,5,78.95400000000001,78954.0
2,4,6,3,78.84,78840.0
2,4,7,8,78.76,78760.0
2,4,8,2,78.852,78852.0
2,4,9,4,78.98,78980.0
2,4,10,2,78.97800000000001,78978.0
2,4,11,4,79.02199999999999,79022.0
2,4,12,9,78.816,78816.0
2,4,13,1,78.902,88663.0
2,4,14,6,78.73,78730.0
2,4,15,9,78.931,78931.0
2,4,16,9,78.953,78953.0
2,4,17,9,79.055,79055.0
2,4,18,9,78.98400000000001,78984.0
2,4,19,10,78.946,78946.0
2,4,20,5,78.84,78840.0
2,4,21,6,78.452,78452.0
2,4,22,1,78.48,78480.0
2,4,23,3,78.457,78457.0
2,4,24,2,78.417,78417.0
2,4,25,5,78.618,78618.0
2,4,26,7,78.547,78547.0
2,4,27,9,78.471,78471.0
2,4,28,3,78.458,78458.0
2,4,29,1,78.809,78809.0
2,4,30,10,78.563,78563.0
2,4,31,7,78.461,78461.0
2,4,32,1,78.489,78489.0
2,4,33,10,78.185,78185.0
2,4,34,1,78.33,78330.0
2,4,35,2,78.218,78218.0
2,4,36,2,78.336,78336.0
2,4,37,9,78.46600000000001,78466.0
2,4,38,7,78.618,78618.0
2,4,39,6,78.549,78549.0
2,4,40,3,78.099,78099.0
2,4,41,5,78.287,78287.0
2,4,42,1,78.122,78122.0
2,4,43,6,78.252,78252.0
2,4,44,9,78.11,78110.0
2,4,45,10,78.025,78025.0
2,4,46,9,78.17,78170.0
2,4,47,4,78.056,78056.0
2,4,48,7,78.14699999999999,78147.0
2,4,49,4,78.21000000000001,78210.0
2,4,50,8,78.314,78314.0
2,4,51,9,77.999,77999.0
2,4,52,7,78.314,78314.0
2,4,53,5,78.229,78229.0
2,4,54,4,78.104,78104.0
2,4,55,10,77.871,77871.0
2,4,56,8,78.059,78059.0
2,4,57,4,78.188,78188.0
2,4,58,4,78.246,78246.0
2,4,59,5,78.092,78092.0
2,4,60,4,77.721,77721.0
2,4,61,4,77.893,77893.0
2,4,62,6,77.787,77787.0
2,4,63,1,77.726,77726.0
2,4,64,10,77.895,77895.0
2,4,65,4,77.863,77863.0
2,4,66,8,77.706,77706.0
2,4,67,8,77.738,77738.0
2,4,68,10,77.643,77643.0
2,4,69,10,77.814,88663.0
2,4,70,10,77.799,77799.0
2,5,1,1,79.655,79655.0
2,5,2,1,79.747,79747.0
2,5,3,3,79.33500000000001,79335.0
2,5,4,5,79.68299999999999,79683.0
2,5,5,6,79.587,79587.0
2,5,6,8,79.413,79413.0
2,5,7,10,79.561,79561.0
2,5,8,4,79.655,79655.0
2,5,9,7,79.568,79568.0
2,5,10,2,79.492,79492.0
2,5,11,3,79.276,79276.0
2,5,12,6,79.625,79625.0
2,5,13,8,79.327,79327.0
2,5,14,9,79.369,79369.0
2,5,15,10,79.384,79384.0
2,5,16,9,79.242,79242.0
2,5,17,6,79.55799999999999,79558.0
2,5,18,5,79.446,79446.0
2,5,19,8,79.17,79170.0
2,5,20,7,79.368,79368.0
2,5,21,2,78.878,78878.0
2,5,22,5,79.062,79062.0
2,5,23,3,79.292,79292.0
2,5,24,9,79.236,79236.0
2,5,25,8,79.248,79248.0
2,5,26,9,79.14699999999999,88663.0
2,5,27,6,79.209,88663.0
2,5,28,5,79.299,79299.0
2,5,29,7,79.057,79057.0
2,5,30,7,79.137,79137.0
2,5,31,2,78.944,78944.0
2,5,32,1,79.24,79240.0
2,5,33,10,79.151,79151.0
2,5,34,3,79.093,79093.0
2,5,35,5,79.189,79189.0
2,5,36,4,78.963,78963.0
2,5,37,2,79.189,79189.0
2,5,38,5,79.125,79125.0
2,5,39,3,79.291,79291.0
2,5,40,1,78.899,78899.0
2,5,41,9,79.137,79137.0
2,5,42,7,78.708,78708.0
2,6,1,10,79.72,79720.0
2,6,2,4,79.695,79695.0
2,6,3,10,79.562,79562.0
2,6,4,1,79.752,79752.0
2,6,5,9,79.757,79757.0
2,6,6,1,79.648,79648.0
2,6,7,10,79.636,79636.0
2,6,8,8,79.64699999999999,105601.75
2,6,9,5,79.779,79779.0
2,6,10,3,79.453,79453.0
2,6,11,4,79.608,79608.0
2,6,12,2,79.69,79690.0
2,6,13,10,79.797,79797.0
2,6,14,2,79.779,79779.0
2,6,15,8,79.439,79439.0
2,6,16,7,79.713,79713.0
2,6,17,9,79.413,79413.0
2,6,18,10,79.594,79594.0
2,6,19,8,79.656,79656.0
2,6,20,10,79.363,79363.0
2,6,21,9,79.51,79510.0
2,6,22,8,79.47200000000001,79472.0
2,6,23,5,79.279,79279.0
2,6,24,3,79.289,79289.0
2,6,25,4,79.313,88663.0
2,6,26,8,79.443,79443.0
2,6,27,1,79.326,79326.0
2,6,28,2,79.167,79167.0
2,6,29,10,79.447,79447.0
2,6,30,4,79.196,79196.0
2,6,31,2,79.029,79029.0
2,6,32,9,79.469,79469.0
2,6,33,3,79.215,79215.0
2,6,34,9,79.298,79298.0
2,6,35,10,79.363,79363.0
2,6,36,4,79.174,79174.0
2,6,37,2,79.146,79146.0
2,6,38,2,79.128,79128.0
2,6,39,6,79.22,79220.0
2,6,40,7,79.019,79019.0
2,6,41,7,78.995,78995.0
2,6,42,9,78.875,78875.0
2,6,43,7,78.729,78729.0
2,6,44,2,79.061,79061.0
2,6,45,4,78.799,78799.0
2,6,46,5,79.161,79161.0
2,6,47,5,79.002,79002.0
2,6,48,4,78.881,78881.0
2,6,49,8,78.844,78844.0
2,6,50,7,78.908,78908.0
2,6,51,4,78.875,78875.0
2,6,52,2,78.736,78736.0
2,6,53,5,78.94800000000001,78948.0
2,6,54,10,78.908,78908.0
2,6,55,2,78.789,78789.0
2,6,56,9,78.702,78702.0
2,6,57,2,78.60900000000001,78609.0
2,6,58,1,78.826,78826.0
2,6,59,6,78.736,78736.0
2,6,60,1,78.187,78187.0
2,6,61,5,78.668,78668.0
2,6,62,10,78.445,78445.0
2,6,63,1,78.35,78350.0
2,6,64,8,78.682,78682.0
2,6,65,7,78.536,78536.0
2,6,66,1,78.77199999999999,78772.0
2,6,67,5,78.44800000000001,78448.0
2,6,68,8,78.406,78406.0
2,6,69,1,78.53,88663.0
2,6,70,8,78.449,78449.0
2,7,1,9,79.447,79447.0
2,7,2,4,79.398,79398.0
2,7,3,2,79.738,79738.0
2,7,4,2,79.593,79593.0
2,7,5,8,79.564,79564.0
2,7,6,6,79.559,79559.0
2,7,7,2,79.396,79396.0
2,7,8,3,79.51599999999999,79516.0
2,7,9,2,79.60900000000001,79609.0
2,7,10,2,79.614,79614.0
2,7,11,9,79.578,79578.0
2,7,12,9,79.624,79624.0
2,7,13,2,79.628,79628.0
2,7,14,9,79.35,79350.0
2,7,15,2,79.52799999999999,79528.0
2,7,16,4,79.425,79425.0
2,7,17,2,79.416,79416.0
2,7,18,2,79.354,79354.0
2,7,19,1,79.342,79342.0
2,7,20,6,79.265,79265.0
2,7,21,8,79.304,79304.0
2,7,22,5,79.069,79069.0
2,7,23,9,79.128,79128.0
2,7,24,2,79.354,79354.0
2,7,25,2,79.161,79161.0
2,7,26,8,79.238,79238.0
2,7,27,3,79.16499999999999,79165.0
2,7,28,2,79.402,79402.0
2,7,29,3,79.163,79163.0
2,7,30,8,79.212,79212.0
2,7,31,4,78.899,78899.0
2,7,32,6,78.929,78929.0
2,7,33,8,79.037,79037.0
2,7,34,7,79.27199999999999,79272.0
2,7,35,7,78.874,78874.0
2,7,36,5,78.946,78946.0
2,7,37,7,79.063,79063.0
2,7,38,6,79.06,79060.0
2,7,39,8,79.20400000000001,79204.0
2,7,40,8,78.97,78970.0
2,7,41,1,78.562,78562.0
2,7,42,5,78.885,78885.0
2,7,43,5,78.84,78840.0
2,7,44,7,78.912,78912.0
2,7,45,9,79.02799999999999,79028.0
2,7,46,2,78.663,78663.0
2,7,47,8,78.568,78568.0
2,7,48,7,78.651,78651.0
2,7,49,9,78.723,78723.0
2,7,50,2,78.84700000000001,78847.0
2,7,51,5,78.726,78726.0
2,7,52,7,78.894,78894.0
2,7,53,10,78.509,78509.0
2,7,54,7,78.618,78618.0
2,7,55,3,78.754,78754.0
2,7,56,8,78.511,78511.0
2,7,57,1,78.621,78621.0
2,7,58,1,78.639,78639.0
2,7,59,9,78.599,78599.0
2,7,60,8,78.339,78339.0
2,7,61,2,78.51599999999999,78516.0
2,7,62,10,78.393,78393.0
2,7,63,10,78.419,78419.0
2,7,64,10,78.297,78297.0
2,7,65,9,78.274,78274.0
2,7,66,4,78.30199999999999,78302.0
2,7,67,10,78.39,78390.0
2,7,68,10,78.45,78450.0
2,7,69,5,78.358,78358.0
2,7,70,7,78.32,78320.0
2,8,1,1,79.668,88663.0
2,8,2,6,79.429,79429.0
2,8,3,5,79.372,79372.0
2,8,4,6,79.362,79362.0
2,8,5,7,79.435,79435.0
2,8,6,2,79.56,79560.0
2,8,7,5,79.545,79545.0
2,8,8,1,79.527,79527.0
2,8,9,3,79.363,79363.0
2,8,10,10,79.476,79476.0
2,8,11,1,79.626,79626.0
2,8,12,2,79.29599999999999,79296.0
2,8,13,2,79.622,79622.0
2,8,14,2,79.512,79512.0
2,8,15,8,79.417,79417.0
2,8,16,7,79.389,79389.0
2,8,17,3,79.396,79396.0
2,8,18,3,79.414,79414.0
2,8,19,2,79.32900000000001,79329.0
2,8,20,10,79.227,79227.0
2,8,21,3,78.94200000000001,78942.0
2,8,22,3,79.186,79186.0
2,8,23,1,79.208,79208.0
2,8,24,5,79.136,79136.0
2,8,25,8,79.264,79264.0
2,8,26,7,79.138,79138.0
2,8,27,9,78.825,78825.0
2,8,28,6,79.28999999999999,79290.0
2,8,29,1,79.22,79220.0
2,8,30,1,78.936,78936.0
2,8,31,7,79.092,79092.0
2,8,32,2,79.065,79065.0
2,8,33,8,79.189,79189.0
2,8,34,10,78.839,78839.0
2,8,35,5,79.044,79044.0
2,8,36,10,79.01,79010.0
2,8,37,8,79.087,79087.0
2,8,38,5,78.729,78729.0
2,8,39,2,78.832,78832.0
2,8,40,7,78.769,88663.0
2,8,41,6,78.895,78895.0
2,8,42,9,78.725,78725.0
2,8,43,8,78.678,78678.0
2,8,44,8,78.883,78883.0
2,8,45,8,78.676,78676.0
2,8,46,8,78.686,78686.0
2,8,47,2,78.753,78753.0
2,8,48,1,78.488,78488.0
2,8,49,8,78.706,78706.0
2,8,50,4,78.969,78969.0
2,8,51,4,78.662,78662.0
2,8,52,1,78.883,105601.75
2,8,53,10,78.575,78575.0
2,8,54,7,78.678,78678.0
2,8,55,9,78.67699999999999,78677.0
2,8,56,7,78.551,78551.0
2,8,57,4,78.435,78435.0
2,8,58,8,78.635,78635.0
2,8,59,4,78.583,78583.0
2,8,60,3,78.169,78169.0
2,8,61,7,78.398,78398.0
2,8,62,10,78.26,78260.0
2,8,63,1,78.15899999999999,78159.0
2,8,64,4,78.208,78208.0
2,8,65,6,78.47,78470.0
2,8,66,5,78.238,78238.0
2,8,67,4,78.242,78242.0
2,8,68,9,78.32900000000001,78329.0
2,8,69,4,78.396,78396.0
2,8,70,4,78.219,78219.0
2,9,1,10,79.434,79434.0
2,9,2,2,79.625,79625.0
2,9,3,5,79.42,79420.0
2,9,4,1,79.504,79504.0
2,9,5,9,79.303,79303.0
2,9,6,10,79.092,79092.0
2,9,7,6,79.344,79344.0
2,9,8,2,79.22800000000001,79228.0
2,9,9,10,79.271,79271.0
2,9,10,9,79.27,79270.0
2,9,11,2,79.16499999999999,79165.0
2,9,12,2,79.443,79443.0
2,9,13,2,79.23,79230.0
2,9,14,1,79.532,79532.0
2,9,15,1,79.305,79305.0
2,9,16,8,79.172,79172.0
2,9,17,6,79.286,79286.0
2,9,18,5,79.274,79274.0
2,9,19,9,79.257,79257.0
2,9,20,10,78.987,78987.0
2,9,21,8,78.943,78943.0
2,9,22,2,79.107,79107.0
2,9,23,5,78.96600000000001,78966.0
2,9,24,8,78.883,78883.0
2,9,25,3,78.92699999999999,78927.0
2,9,26,8,79.142,79142.0
2,9,27,9,78.8,78800.0
2,9,28,7,79.03,79030.0
2,9,29,9,78.872,78872.0
2,9,30,3,78.971,78971.0
2,9,31,4,79.032,79032.0
2,9,32,7,78.824,78824.0
2,9,33,10,78.83,78830.0
2,9,34,3,78.833,78833.0
2,9,35,3,78.969,78969.0
2,9,36,5,79.09,79090.0
2,9,37,7,78.753,78753.0
2,9,38,4,78.878,78878.0
2,9,39,7,78.768,78768.0
2,9,40,7,78.538,78538.0
2,9,41,1,78.479,78479.0
2,9,42,5,78.58,78580.0
2,9,43,1,78.69,78690.0
2,9,44,9,78.471,78471.0
2,9,45,8,78.519,78519.0
2,9,46,10,78.574,78574.0
2,9,47,5,78.762,78762.0
2,9,48,8,78.68299999999999,78683.0
2,9,49,10,78.38,78380.0
2,9,50,7,78.55799999999999,78558.0
2,9,51,7,78.701,78701.0
2,9,52,5,78.614,78614.0
2,9,53,6,78.217,78217.0
2,9,54,4,78.383,78383.0
2,9,55,5,78.639,78639.0
2,9,56,6,78.618,78618.0
2,9,57,5,78.513,78513.0
2,9,58,2,78.59100000000001,78591.0
2,9,59,1,78.46000000000001,78460.0
2,9,60,4,78.246,88663.0
2,9,61,8,77.983,77983.0
2,9,62,3,78.158,78158.0
2,9,63,6,78.17099999999999,78171.0
2,9,64,10,78.114,78114.0
2,9,65,2,78.168,78168.0
2,9,66,4,78.218,78218.0
2,9,67,7,78.108,78108.0
2,9,68,2,78.16,78160.0
2,9,69,3,78.19800000000001,78198.0
2,9,70,2,78.133,78133.0
2,10,1,7,78.837,78837.0
2,10,2,3,78.646,78646.0
2,10,3,4,78.84700000000001,78847.0
2,10,4,5,78.922,78922.0
2,10,5,10,78.7,78700.0
2,10,6,10,78.809,78809.0
2,10,7,3,78.577,78577.0
2,10,8,1,78.753,78753.0
2,10,9,6,78.706,78706.0
2,10,10,5,78.714,78714.0
2,10,11,5,78.857,78857.0
2,10,12,5,78.563,78563.0
2,10,13,4,78.66499999999999,78665.0
2,10,14,6,78.761,78761.0
2,10,15,9,78.49,78490.0
2,10,16,2,78.395,78395.0
2,10,17,8,78.497,78497.0
2,10,18,10,78.577,78577.0
2,10,19,4,78.538,78538.0
2,10,20,9,78.395,78395.0
2,10,21,3,78.44,78440.0
2,10,22,10,78.408,78408.0
2,10,23,6,78.32300000000001,78323.0
2,10,24,2,78.461,78461.0
2,10,25,2,78.16,78160.0
2,10,26,7,78.398,78398.0
2,10,27,5,78.481,78481.0
2,10,28,7,78.426,78426.0
2,10,29,9,78.314,78314.0
2,10,30,6,78.262,78262.0
2,10,31,10,78.235,78235.0
2,10,32,9,78.3,78300.0
2,10,33,3,78.196,78196.0
2,10,34,2,78.181,78181.0
2,10,35,6,78.12,78120.0
2,10,36,6,78.02,78020.0
2,10,37,4,78.44800000000001,78448.0
2,10,38,8,78.394,78394.0
2,10,39,3,78.30199999999999,78302.0
2,10,40,5,78.138,78138.0
2,10,41,8,77.97200000000001,77972.0
2,10,42,6,77.71000000000001,77710.0
2,10,43,7,77.816,77816.0
2,10,44,6,77.959,77959.0
2,10,45,9,77.993,77993.0
2,10,46,9,78.042,78042.0
2,10,47,5,77.775,77775.0
2,10,48,2,77.645,77645.0
2,10,49,1,77.826,77826.0
2,10,50,2,77.701,77701.0
2,10,51,5,77.825,77825.0
2,10,52,6,77.742,77742.0
2,10,53,10,77.992,77992.0
2,10,54,6,77.928,77928.0
2,10,55,1,77.922,77922.0
2,10,56,6,77.7,77700.0
2,10,57,1,77.849,77849.0
2,10,58,2,77.767,77767.0
2,10,59,10,77.72200000000001,77722.0
2,10,60,8,77.629,77629.0
2,10,61,1,77.209,77209.0
2,10,62,10,77.694,77694.0
2,10,63,7,77.469,77469.0
2,10,64,6,77.658,77658.0
2,10,65,2,77.351,77351.0
2,10,66,8,77.388,77388.0
2,10,67,8,77.281,77281.0
2,10,68,8,77.639,77639.0
2,10,69,6,77.352,77352.0
2,10,70,2,77.417,77417.0
3,1,1,5,88.293,88293.0
3,1,2,5,88.396,88396.0
3,1,3,6,88.411,88411.0
3,1,4,4,88.295,88295.0
3,1,5,4,88.39099999999999,88391.0
3,1,6,9,88.46600000000001,88466.0
3,1,7,3,88.205,88205.0
3,1,8,7,88.271,88271.0
3,1,9,7,88.35300000000001,88353.0
3,1,10,5,88.293,88293.0
3,1,11,2,88.289,88289.0
3,1,12,7,88.368,88368.0
3,1,13,5,88.33,88330.0
3,1,14,2,88.242,88242.0
3,1,15,6,88.381,88381.0
3,1,16,6,88.241,88241.0
3,1,17,7,88.282,88282.0
3,1,18,7,88.101,88101.0
3,1,19,8,88.346,88346.0
3,1,20,2,88.031,88031.0
3,1,21,4,88.186,88186.0
3,1,22,5,88.01,88010.0
3,1,23,1,87.914,87914.0
3,1,24,4,87.943,87943.0
3,1,25,2,87.871,87871.0
3,1,26,1,87.981,87981.0
3,1,27,9,87.857,87857.0
3,1,28,5,87.77799999999999,87778.0
3,1,29,9,87.98,87980.0
3,1,30,10,87.953,87953.0
3,1,31,3,88.033,88033.0
3,1,32,8,87.956,87956.0
3,1,33,6,87.938,87938.0
3,1,34,7,87.83,87830.0
3,1,35,8,88.151,88151.0
3,1,36,1,87.797,87797.0
3,1,37,6,87.92099999999999,87921.0
3,1,38,2,87.693,87693.0
3,1,39,2,87.988,87988.0
3,1,40,1,87.47200000000001,88663.0
3,1,41,6,87.74,87740.0
3,1,42,4,87.438,87438.0
3,1,43,3,87.795,87795.0
3,1,44,5,87.572,87572.0
3,1,45,10,87.756,87756.0
3,1,46,3,87.554,87554.0
3,1,47,6,87.47,87470.0
3,1,48,5,87.599,87599.0
3,1,49,10,87.535,87535.0
3,1,50,10,87.541,87541.0
3,1,51,8,87.509,87509.0
3,1,52,9,87.333,87333.0
3,1,53,5,87.569,87569.0
3,1,54,9,87.518,87518.0
3,1,55,10,87.428,87428.0
3,2,1,4,89.76599999999999,89766.0
3,2,2,3,89.956,89956.0
3,2,3,3,89.881,89881.0
3,2,4,8,89.726,89726.0
3,2,5,1,89.706,89706.0
3,2,6,10,89.98400000000001,89984.0
3,2,7,3,89.881,89881.0
3,2,8,10,89.899,89899.0
3,2,9,10,89.604,89604.0
3,2,10,5,89.741,89741.0
3,2,11,8,89.631,89631.0
3,2,12,6,90.004,90004.0
3,2,13,2,89.83500000000001,88663.0
3,2,14,8,89.744,89744.0
3,2,15,2,89.889,89889.0
3,2,16,1,89.761,89761.0
3,2,17,10,89.73400000000001,89734.0
3,2,18,10,89.708,89708.0
3,2,19,2,89.504,89504.0
3,2,20,9,89.462,89462.0
3,2,21,1,89.416,89416.0
3,2,22,10,89.32300000000001,89323.0
3,2,23,4,89.476,89476.0
3,2,24,4,89.202,89202.0
3,2,25,4,89.502,89502.0
3,2,26,3,89.492,89492.0
3,2,27,3,89.456,89456.0
3,2,28,4,89.55199999999999,89552.0
3,2,29,10,89.41,89410.0
3,2,30,10,89.357,89357.0
3,2,31,4,89.461,89461.0
3,2,32,8,89.42,89420.0
3,2,33,9,89.405,89405.0
3,2,34,2,89.479,89479.0
3,2,35,8,89.467,89467.0
3,2,36,1,89.47,89470.0
3,2,37,10,89.14,89140.0
3,2,38,5,89.53399999999999,89534.0
3,2,39,8,89.135,89135.0
3,2,40,2,89.007,89007.0
3,2,41,1,89.05199999999999,89052.0
3,2,42,9,89.01599999999999,89016.0
3,2,43,7,88.943,88943.0
3,2,44,8,88.965,88965.0
3,2,45,3,89.1,89100.0
3,2,46,7,89.105,89105.0
3,2,47,5,89.061,89061.0
3,2,48,9,89.088,89088.0
3,2,49,5,89.029,89029.0
3,2,50,9,89.026,89026.0
3,2,51,9,89.098,89098.0
3,2,52,8,89.064,89064.0
3,2,53,6,88.892,88892.0
3,2,54,4,88.989,88989.0
3,2,55,6,88.996,88996.0
3,3,1,2,89.446,89446.0
3,3,2,10,89.773,89773.0
3,3,3,4,89.488,89488.0
3,3,4,8,89.35,89350.0
3,3,5,2,89.312,89312.0
3,3,6,9,89.373,89373.0
3,3,7,3,89.424,89424.0
3,3,8,3,89.489,89489.0
3,3,9,4,89.291,89291.0
3,3,10,10,89.412,89412.0
3,3,11,3,89.449,89449.0
3,3,12,4,89.27199999999999,89272.0
3,3,13,5,89.44200000000001,89442.0
3,3,14,5,89.28999999999999,89290.0
3,3,15,8,89.232,89232.0
3,3,16,10,89.407,89407.0
3,3,17,3,89.485,89485.0
3,3,18,5,89.394,89394.0
3,3,19,9,89.463,89463.0
3,3,20,2,88.86,88860.0
3,3,21,4,88.968,88968.0
3,3,22,4,88.947,88947.0
3,3,23,8,88.912,88912.0
3,3,24,5,88.887,88887.0
3,3,25,9,89.065,89065.0
3,3,26,3,89.075,89075.0
3,3,27,6,89.07,89070.0
3,3,28,1,88.956,88956.0
3,3,29,6,89.248,89248.0
3,3,30,7,88.762,88762.0
3,3,31,9,88.857,88857.0
3,3,32,8,88.971,88971.0
3,3,33,9,88.946,88946.0
3,3,34,4,89.194,89194.0
3,3,35,5,89.011,89011.0
3,3,36,3,88.825,88825.0
3,3,37,6,88.809,88663.0
3,3,38,3,88.94200000000001,88942.0
3,3,39,7,88.69,88690.0
3,3,40,3,88.667,88667.0
3,3,41,3,88.631,88631.0
3,3,42,4,88.584,88663.0
3,3,43,1,88.62,88620.0
3,3,44,4,88.706,88706.0
3,3,45,3,88.755,88755.0
3,3,46,6,88.562,88562.0
3,3,47,4,88.662,88662.0
3,3,48,1,88.549,88549.0
3,3,49,6,88.688,88688.0
3,3,50,10,88.74,88740.0
3,3,51,5,88.78999999999999,88790.0
3,3,52,6,88.571,88571.0
3,3,53,1,88.562,88562.0
3,3,54,6,88.475,88475.0
3,3,55,6,88.367,88367.0
3,4,1,9,89.864,89864.0
3,4,2,4,90.175,90175.0
3,4,3,7,89.866,89866.0
3,4,4,1,89.964,89964.0
3,4,5,1,89.95,89950.0
3,4,6,2,89.916,89916.0
3,4,7,2,90.092,90092.0
3,4,8,8,89.77,89770.0
3,4,9,7,90.042,90042.0
3,4,10,3,89.846,89846.0
3,4,11,7,89.723,89723.0
3,4,12,1,89.898,89898.0
3,4,13,10,90.037,90037.0
3,4,14,10,89.879,89879.0
3,4,15,3,89.962,89962.0
3,4,16,5,89.997,89997.0
3,4,17,8,89.723,89723.0
3,4,18,6,89.886,89886.0
3,4,19,7,89.979,89979.0
3,4,20,9,89.316,89316.0
3,4,21,4,89.499,89499.0
3,4,22,4,89.561,89561.0
3,4,23,2,89.634,89634.0
3,4,24,3,89.642,89642.0
3,4,25,9,89.535,89535.0
3,4,26,5,89.498,89498.0
3,4,27,10,89.595,89595.0
3,4,28,1,89.613,89613.0
3,4,29,3,89.638,89638.0
3,4,30,3,89.15299999999999,89153.0
3,4,31,2,89.35900000000001,89359.0
3,4,32,2,89.439,89439.0
3,4,33,9,89.259,89259.0
3,4,34,6,89.49,89490.0
3,4,35,4,89.613,89613.0
3,4,36,2,89.52799999999999,89528.0
3,4,37,3,89.508,89508.0
3,4,38,9,89.73,89730.0
3,4,39,7,89.565,89565.0
3,4,40,1,89.254,89254.0
3,4,41,6,89.33,89330.0
3,4,42,8,89.134,89134.0
3,4,43,1,89.31700000000001,89317.0
3,4,44,1,89.47800000000001,89478.0
3,4,45,1,89.071,89071.0
3,4,46,1,89.116,89116.0
3,4,47,6,89.086,89086.0
3,4,48,9,88.805,88805.0
3,4,49,8,89.077,89077.0
3,4,50,5,89.062,89062.0
3,4,51,1,89.345,89345.0
3,4,52,6,89.26,89260.0
3,4,53,6,89.128,89128.0
3,4,54,9,89.122,89122.0
3,4,55,1,89.245,89245.0
3,5,1,4,89.346,89346.0
3,5,2,10,89.437,89437.0
3,5,3,9,89.123,89123.0
3,5,4,6,89.332,89332.0
3,5,5,1,89.23400000000001,89234.0
3,5,6,2,89.295,89295.0
3,5,7,10,89.377,89377.0
3,5,8,2,89.395,89395.0
3,5,9,1,89.439,89439.0
3,5,10,9,89.23,89230.0
3,5,11,4,89.223,89223.0
3,5,12,2,89.33500000000001,89335.0
3,5,13,10,89.208,89208.0
3,5,14,6,89.138,89138.0
3,5,15,2,89.303,89303.0
3,5,16,3,89.283,89283.0
3,5,17,8,89.193,89193.0
3,5,18,4,89.213,89213.0
3,5,19,9,88.919,105601.75
3,5,20,8,88.951,88951.0
3,5,21,3,89.07,89070.0
3,5,22,6,89.106,89106.0
3,5,23,7,88.789,88789.0
3,5,24,2,88.85900000000001,88859.0
3,5,25,6,89.197,89197.0
3,5,26,4,89.063,89063.0
3,5,27,3,88.831,88831.0
3,5,28,9,88.763,88763.0
3,5,29,10,88.729,88729.0
3,5,30,8,88.825,88825.0
3,5,31,8,89.036,89036.0
3,5,32,10,88.795,88795.0
3,5,33,8,88.89,88890.0
3,5,34,9,88.737,88737.0
3,5,35,7,88.803,88803.0
3,5,36,9,88.77199999999999,88772.0
3,5,37,8,88.613,88613.0
3,5,38,10,88.727,88727.0
3,5,39,7,88.707,88707.0
3,5,40,2,88.34,88340.0
3,5,41,7,88.66,88660.0
3,5,42,4,88.512,88512.0
3,5,43,10,88.594,88594.0
3,5,44,7,88.30199999999999,88302.0
3,5,45,6,88.387,88387.0
3,5,46,1,88.346,88346.0
3,5,47,1,88.455,88455.0
3,5,48,8,88.392,88392.0
3,5,49,6,88.408,88408.0
3,5,50,2,88.571,88571.0
3,5,51,7,88.361,88361.0
3,5,52,8,88.333,88333.0
3,5,53,2,88.464,88464.0
3,5,54,10,88.379,88379.0
3,5,55,9,88.349,88349.0
3,6,1,8,89.487,89487.0
3,6,2,5,89.275,89275.0
3,6,3,4,89.32300000000001,89323.0
3,6,4,6,89.724,89724.0
3,6,5,8,89.47800000000001,89478.0
3,6,6,2,89.65899999999999,89659.0
3,6,7,10,89.767,89767.0
3,6,8,10,89.504,89504.0
3,6,9,10,89.717,89717.0
3,6,10,2,89.614,89614.0
3,6,11,9,89.36,89360.0
3,6,12,4,89.445,89445.0
3,6,13,6,89.352,89352.0
3,6,14,2,89.257,89257.0
3,6,15,2,89.333,89333.0
3,6,16,5,89.562,89562.0
3,6,17,10,89.419,89419.0
3,6,18,9,89.495,89495.0
3,6,19,7,89.30199999999999,89302.0
3,6,20,3,89.269,89269.0
3,6,21,2,89.475,89475.0
3,6,22,1,89.1,89100.0
3,6,23,5,89.239,89239.0
3,6,24,9,89.074,89074.0
3,6,25,6,89.082,89082.0
3,6,26,10,89.023,89023.0
3,6,27,8,89.065,89065.0
3,6,28,7,89.226,89226.0
3,6,29,9,89.026,89026.0
3,6,30,2,88.86,88860.0
3,6,31,4,88.931,88931.0
3,6,32,9,89.056,89056.0
3,6,33,10,88.924,88924.0
3,6,34,6,88.96600000000001,88966.0
3,6,35,4,88.998,88663.0
3,6,36,6,89.122,89122.0
3,6,37,3,89.036,89036.0
3,6,38,10,88.974,88974.0
3,6,39,1,89.05799999999999,89058.0
3,6,40,10,88.662,88662.0
3,6,41,6,88.767,88767.0
3,6,42,7,88.78,88780.0
3,6,43,6,88.838,88838.0
3,6,44,1,88.956,88956.0
3,6,45,2,88.625,88625.0
3,6,46,8,88.718,88718.0
3,6,47,9,88.702,88702.0
3,6,48,6,88.719,88719.0
3,6,49,6,88.8,88800.0
3,6,50,4,88.69,88690.0
3,6,51,5,88.78,88780.0
3,6,52,2,88.76599999999999,88766.0
3,6,53,6,88.575,88575.0
3,6,54,6,88.924,88924.0
3,6,55,8,88.636,88636.0
3,7,1,1,89.02199999999999,89022.0
3,7,2,10,89.002,89002.0
3,7,3,7,88.90899999999999,88909.0
3,7,4,8,89.144,89144.0
3,7,5,2,89.03,89030.0
3,7,6,7,88.93,88930.0
3,7,7,10,89.162,89162.0
3,7,8,2,89.005,89005.0
3,7,9,3,88.906,88906.0
3,7,10,9,89.151,89151.0
3,7,11,4,88.998,88998.0
3,7,12,1,88.863,88863.0
3,7,13,3,89.03,89030.0
3,7,14,2,89.029,89029.0
3,7,15,9,88.949,88949.0
3,7,16,8,88.893,88893.0
3,7,17,9,88.84700000000001,88847.0
3,7,18,2,88.755,88755.0
3,7,19,5,88.748,88748.0
3,7,20,1,88.67699999999999,88677.0
3,7,21,6,88.67099999999999,88671.0
3,7,22,10,88.637,88663.0
3,7,23,6,88.541,88541.0
3,7,24,5,88.566,88566.0
3,7,25,2,88.505,88505.0
3,7,26,2,88.798,88798.0
3,7,27,8,88.339,88339.0
3,7,28,7,88.338,88338.0
3,7,29,10,88.519,88519.0
3,7,30,9,88.273,88273.0
3,7,31,1,88.562,88562.0
3,7,32,3,88.256,105601.75
3,7,33,4,88.6,88600.0
3,7,34,9,88.67,88670.0
3,7,35,4,88.527,88527.0
3,8,1,3,89.094,89094.0
3,8,2,5,89.336,89336.0
3,8,3,4,89.34,89340.0
3,8,4,2,89.28399999999999,89284.0
3,8,5,10,89.149,89149.0
3,8,6,6,89.207,89207.0
3,8,7,9,89.263,89263.0
3,8,8,9,89.305,89305.0
3,8,9,1,89.16499999999999,89165.0
3,8,10,7,89.02,89020.0
3,8,11,2,89.371,89371.0
3,8,12,5,89.189,89189.0
3,8,13,1,88.90299999999999,88903.0
3,8,14,5,89.236,89236.0
3,8,15,5,89.114,89114.0
3,8,16,6,89.196,89196.0
3,8,17,4,88.998,88998.0
3,8,18,9,89.045,89045.0
3,8,19,6,89.072,89072.0
3,8,20,3,88.69200000000001,88692.0
3,8,21,4,88.673,88673.0
3,8,22,9,88.883,88883.0
3,8,23,4,88.616,88616.0
3,8,24,5,88.867,88867.0
3,8,25,3,88.687,88687.0
3,8,26,4,88.529,88663.0
3,8,27,3,88.662,88662.0
3,8,28,6,88.84700000000001,88847.0
3,8,29,7,88.635,88635.0
3,8,30,8,88.638,88638.0
3,8,31,6,88.63,88630.0
3,8,32,9,88.729,88729.0
3,8,33,7,88.629,88629.0
3,8,34,3,88.85,88850.0
3,8,35,8,88.856,88856.0
3,8,36,7,88.667,88667.0
3,8,37,2,88.674,88674.0
3,8,38,10,88.649,88649.0
3,8,39,3,88.648,88648.0
3,8,40,10,88.545,88545.0
3,8,41,10,88.352,88352.0
3,8,42,4,88.463,88463.0
3,8,43,7,88.305,88305.0
3,8,44,6,88.357,88357.0
3,8,45,6,88.243,88243.0
3,8,46,8,88.525,88525.0
3,8,47,4,88.325,88325.0
3,8,48,3,88.274,88274.0
3,8,49,9,88.363,88363.0
3,8,50,10,88.193,88193.0
3,8,51,1,88.084,88084.0
3,8,52,9,88.20400000000001,88204.0
3,8,53,6,88.293,88293.0
3,8,54,10,88.32,88320.0
3,8,55,6,88.166,88166.0
3,9,1,2,88.88,88880.0
3,9,2,6,89.123,89123.0
3,9,3,6,88.887,88887.0
3,9,4,5,88.906,88906.0
3,9,5,3,88.971,88663.0
3,9,6,8,88.98,88980.0
3,9,7,4,88.69800000000001,88698.0
3,9,8,9,89.051,89051.0
3,9,9,9,88.868,88868.0
3,9,10,4,88.804,88804.0
3,9,11,8,88.7,88700.0
3,9,12,2,88.66,88660.0
3,9,13,10,88.834,88834.0
3,9,14,3,88.626,105601.75
3,9,15,2,88.693,88693.0
3,9,16,1,88.831,88831.0
3,9,17,10,88.787,88787.0
3,9,18,9,88.937,88937.0
3,9,19,6,88.874,88874.0
3,9,20,6,88.614,88614.0
3,9,21,7,88.455,88455.0
3,9,22,2,88.417,88417.0
3,9,23,6,88.643,88643.0
3,9,24,10,88.56,88560.0
3,9,25,1,88.506,88506.0
3,9,26,9,88.175,88175.0
3,9,27,3,88.547,88547.0
3,9,28,8,88.497,88497.0
3,9,29,3,88.57900000000001,88579.0
3,9,30,8,88.35,88350.0
3,9,31,6,88.462,88462.0
3,9,32,6,88.48400000000001,88484.0
3,9,33,5,88.482,88482.0
3,9,34,2,88.324,88324.0
3,9,35,3,88.468,88468.0
3,9,36,4,88.231,88231.0
3,9,37,3,88.452,88452.0
3,9,38,7,88.378,88378.0
3,9,39,5,88.306,88306.0
3,9,40,4,88.388,88388.0
3,9,41,5,88.007,88007.0
3,9,42,8,87.994,87994.0
3,9,43,1,88.35,88663.0
3,9,44,6,88.132,88132.0
3,9,45,6,88.078,105601.75
3,9,46,7,88.09,88090.0
3,9,47,1,88.406,88406.0
3,9,48,5,88.0,88000.0
3,9,49,7,88.172,88172.0
3,9,50,2,87.874,87874.0
3,9,51,6,88.201,88201.0
3,9,52,8,88.196,88196.0
3,9,53,1,88.006,88006.0
3,9,54,1,88.145,88145.0
3,9,55,5,88.094,88094.0
3,10,1,5,89.479,89479.0
3,10,2,10,89.283,89283.0
3,10,3,10,89.294,89294.0
3,10,4,3,89.457,89457.0
3,10,5,3,89.259,89259.0
3,10,6,2,89.115,89115.0
3,10,7,3,89.425,89425.0
3,10,8,3,89.41,89410.0
3,10,9,9,89.379,89379.0
3,10,10,10,89.273,88663.0
3,10,11,7,89.243,89243.0
3,10,12,7,89.602,89602.0
3,10,13,1,89.22200000000001,89222.0
3,10,14,6,89.326,88663.0
3,10,15,5,89.443,89443.0
3,10,16,4,89.175,89175.0
3,10,17,6,89.374,89374.0
3,10,18,1,89.28399999999999,89284.0
3,10,19,8,89.231,89231.0
3,10,20,3,88.975,88663.0
3,10,21,5,88.92,88920.0
3,10,22,6,89.144,89144.0
3,10,23,8,88.864,88864.0
3,10,24,10,88.888,88888.0
3,10,25,5,89.023,89023.0
3,10,26,7,89.001,89001.0
3,10,27,6,88.995,88663.0
3,10,28,5,88.84100000000001,88841.0
3,10,29,5,89.026,89026.0
3,10,30,7,89.007,89007.0
3,10,31,6,88.791,88791.0
3,10,32,8,88.899,88899.0
3,10,33,7,88.648,88648.0
3,10,34,5,88.90299999999999,88903.0
3,10,35,3,88.794,88794.0
3,10,36,2,88.77799999999999,88778.0
3,10,37,3,88.79599999999999,88796.0
3,10,38,6,88.774,88774.0
3,10,39,1,88.76599999999999,88766.0
3,10,40,4,88.407,88407.0
3,10,41,6,88.664,88664.0
3,10,42,4,88.667,88667.0
3,10,43,3,88.594,88594.0
3,10,44,4,88.631,88631.0
3,10,45,2,88.543,88543.0
3,10,46,9,88.52,88520.0
3,10,47,10,88.757,88663.0
3,10,48,6,88.318,88318.0
3,10,49,10,88.4,88400.0
3,10,50,5,88.62,88620.0
3,10,51,3,88.375,88375.0
3,10,52,2,88.545,88545.0
3,10,53,4,88.545,88545.0
3,10,54,5,88.498,88498.0
3,10,55,10,88.471,88471.0
4,1,1,6,83.27199999999999,83272.0
4,1,2,4,83.725,83725.0
4,1,3,7,83.199,83199.0
4,1,4,10,83.40299999999999,83403.0
4,1,5,6,83.34100000000001,83341.0
4,1,6,8,83.394,83394.0
4,1,7,5,83.236,83236.0
4,1,8,10,83.181,83181.0
4,1,9,3,83.316,83316.0
4,1,10,9,83.025,83025.0
4,1,11,3,83.221,83221.0
4,1,12,7,83.178,83178.0
4,1,13,3,83.306,83306.0
4,1,14,6,83.369,83369.0
4,1,15,8,83.39099999999999,83391.0
4,2,1,7,83.384,83384.0
4,2,2,10,83.311,83311.0
4,2,3,2,83.565,83565.0
4,2,4,3,83.336,83336.0
4,2,5,9,83.529,83529.0
4,2,6,3,83.255,83255.0
4,2,7,3,83.538,83538.0
4,2,8,5,83.35900000000001,83359.0
4,2,9,3,83.405,83405.0
4,2,10,10,83.394,83394.0
4,2,11,2,83.24,83240.0
4,2,12,7,83.318,83318.0
4,2,13,7,83.594,83594.0
4,2,14,9,83.092,83092.0
4,2,15,8,83.395,83395.0
4,2,16,1,83.533,83533.0
4,2,17,8,83.556,83556.0
4,2,18,3,83.437,83437.0
4,2,19,10,83.233,83233.0
4,2,20,2,82.919,82919.0
4,2,21,10,82.987,82987.0
4,2,22,9,83.164,83164.0
4,2,23,9,83.144,83144.0
4,2,24,6,82.878,82878.0
4,2,25,2,82.994,82994.0
4,2,26,3,83.128,83128.0
4,2,27,7,83.157,83157.0
4,2,28,9,82.917,82917.0
4,2,29,3,82.67099999999999,82671.0
4,2,30,8,83.162,83162.0
4,2,31,7,82.936,88663.0
4,2,32,6,83.173,83173.0
4,2,33,8,83.12,83120.0
4,2,34,8,82.925,82925.0
4,2,35,5,82.936,82936.0
4,2,36,8,83.136,83136.0
4,2,37,9,82.987,82987.0
4,2,38,8,83.068,83068.0
4,2,39,6,82.78,82780.0
4,2,40,4,82.637,82637.0
4,2,41,6,82.362,82362.0
4,2,42,5,82.53399999999999,82534.0
4,2,43,5,82.712,82712.0
4,2,44,2,82.662,82662.0
4,2,45,1,82.866,82866.0
4,2,46,7,82.621,82621.0
4,2,47,4,82.652,82652.0
4,2,48,1,82.611,88663.0
4,2,49,2,82.408,82408.0
4,2,50,10,82.51,82510.0
4,2,51,10,82.828,82828.0
4,2,52,1,82.699,82699.0
4,2,53,9,82.561,82561.0
4,2,54,4,82.49,88663.0
4,2,55,5,82.566,82566.0
4,2,56,5,82.45,82450.0
4,2,57,7,82.521,82521.0
4,2,58,10,82.804,82804.0
4,2,59,5,82.509,82509.0
4,2,60,1,82.248,82248.0
4,2,61,7,82.295,82295.0
4,2,62,7,82.202,82202.0
4,2,63,9,82.273,82273.0
4,2,64,3,82.267,82267.0
4,2,65,9,82.398,82398.0
4,2,66,5,82.419,82419.0
4,2,67,4,82.209,82209.0
4,2,68,4,82.15,88663.0
4,3,1,3,82.801,82801.0
4,3,2,2,82.662,82662.0
4,3,3,9,82.645,82645.0
4,3,4,8,82.806,82806.0
4,3,5,5,82.612,82612.0
4,3,6,5,82.799,82799.0
4,3,7,4,82.709,82709.0
4,3,8,9,82.592,82592.0
4,3,9,4,82.40299999999999,82403.0
4,3,10,10,82.82,82820.0
4,3,11,3,82.68,82680.0
4,3,12,1,82.604,82604.0
4,3,13,10,82.618,82618.0
4,3,14,10,82.445,82445.0
4,3,15,8,82.499,82499.0
4,3,16,8,82.58,82580.0
4,3,17,6,82.65299999999999,82653.0
4,3,18,4,82.619,82619.0
4,3,19,1,82.699,82699.0
4,3,20,10,82.337,82337.0
4,3,21,4,82.301,82301.0
4,3,22,8,82.295,82295.0
4,3,23,5,82.447,82447.0
4,3,24,7,82.181,82181.0
4,3,25,9,82.221,82221.0
4,3,26,3,82.227,82227.0
4,3,27,10,82.322,82322.0
4,3,28,4,82.363,82363.0
4,3,29,1,82.419,82419.0
4,3,30,2,82.128,82128.0
4,3,31,3,82.124,82124.0
4,3,32,2,82.17,82170.0
4,3,33,2,82.07900000000001,82079.0
4,3,34,5,82.151,82151.0
4,3,35,7,82.119,82119.0
4,3,36,1,82.333,82333.0
4,3,37,6,82.208,82208.0
4,3,38,9,82.196,82196.0
4,3,39,1,82.133,82133.0
4,3,40,4,81.951,81951.0
4,3,41,5,81.964,81964.0
4,3,42,10,81.803,81803.0
4,3,43,5,81.999,81999.0
4,3,44,7,81.699,81699.0
4,3,45,2,81.973,81973.0
4,3,46,9,81.769,81769.0
4,3,47,2,81.863,81863.0
4,3,48,6,81.705,81705.0
4,3,49,4,81.974,81974.0
4,3,50,2,81.707,81707.0
4,3,51,9,81.86,81860.0
4,3,52,1,81.768,81768.0
4,3,53,8,81.905,81905.0
4,3,54,10,81.699,81699.0
4,3,55,1,81.819,81819.0
4,3,56,8,81.941,81941.0
4,3,57,3,81.70400000000001,81704.0
4,3,58,1,81.682,81682.0
4,3,59,9,81.987,81987.0
4,3,60,7,81.679,81679.0
4,3,61,2,81.43299999999999,81433.0
4,3,62,8,81.575,81575.0
4,3,63,4,81.374,81374.0
4,3,64,1,81.582,81582.0
4,3,65,7,81.606,81606.0
4,3,66,1,81.477,81477.0
4,3,67,8,81.555,81555.0
4,3,68,3,81.301,81301.0
4,4,1,6,83.7,83700.0
4,4,2,2,83.694,83694.0
4,4,3,4,83.614,83614.0
4,4,4,10,83.524,83524.0
4,4,5,6,83.64699999999999,83647.0
4,4,6,10,83.515,83515.0
4,4,7,3,83.593,83593.0
4,4,8,1,83.51599999999999,83516.0
4,4,9,7,83.436,83436.0
4,4,10,4,83.691,83691.0
4,4,11,10,83.619,83619.0
4,4,12,6,83.524,83524.0
4,4,13,7,83.90299999999999,83903.0
4,4,14,1,83.562,83562.0
4,4,15,9,83.475,83475.0
4,4,16,3,83.615,83615.0
4,4,17,3,83.493,83493.0
4,4,18,7,83.52799999999999,83528.0
4,4,19,10,83.523,83523.0
4,4,20,7,83.293,88663.0
4,4,21,4,83.219,83219.0
4,4,22,5,83.134,83134.0
4,4,23,2,83.53999999999999,83540.0
4,4,24,6,83.036,83036.0
4,4,25,1,83.119,83119.0
4,4,26,2,83.261,83261.0
4,4,27,3,83.253,83253.0
4,4,28,4,83.102,83102.0
4,4,29,10,83.212,83212.0
4,4,30,6,83.089,83089.0
4,4,31,2,83.045,83045.0
4,4,32,2,83.275,83275.0
4,4,33,3,83.22200000000001,83222.0
4,4,34,9,83.136,83136.0
4,4,35,2,83.21600000000001,83216.0
4,4,36,10,83.218,88663.0
4,4,37,10,83.128,83128.0
4,4,38,5,83.145,83145.0
4,4,39,1,82.97200000000001,82972.0
4,4,40,2,82.757,82757.0
4,4,41,2,82.90299999999999,82903.0
4,4,42,1,82.663,82663.0
4,4,43,3,82.701,82701.0
4,4,44,1,82.768,82768.0
4,4,45,1,82.639,82639.0
4,4,46,3,82.696,82696.0
4,4,47,4,82.797,82797.0
4,4,48,10,82.765,82765.0
4,4,49,4,82.898,82898.0
4,4,50,6,82.738,82738.0
4,4,51,6,82.878,82878.0
4,4,52,8,82.678,82678.0
4,4,53,5,82.879,82879.0
4,4,54,6,82.863,82863.0
4,4,55,7,82.774,82774.0
4,4,56,7,82.77199999999999,82772.0
4,4,57,2,82.745,82745.0
4,4,58,1,82.633,82633.0
4,4,59,1,82.696,82696.0
4,4,60,7,82.527,82527.0
4,4,61,2,82.312,82312.0
4,4,62,5,82.483,82483.0
4,4,63,8,82.261,82261.0
4,4,64,6,82.679,82679.0
4,4,65,1,82.523,82523.0
4,4,66,10,82.405,82405.0
4,4,67,9,82.188,82188.0
4,4,68,5,82.41,82410.0
4,5,1,1,83.163,83163.0
4,5,2,2,82.845,82845.0
4,5,3,10,82.908,82908.0
4,5,4,8,83.024,83024.0
4,5,5,7,83.039,83039.0
4,5,6,2,83.051,83051.0
4,5,7,8,83.068,83068.0
4,5,8,8,82.824,82824.0
4,5,9,4,82.949,82949.0
4,5,10,8,82.969,82969.0
4,5,11,8,82.801,82801.0
4,5,12,3,82.732,82732.0
4,5,13,9,82.90899999999999,82909.0
4,5,14,9,83.01599999999999,83016.0
4,5,15,6,82.702,82702.0
4,5,16,5,82.97800000000001,82978.0
4,5,17,3,82.895,82895.0
4,5,18,5,82.769,82769.0
4,5,19,4,82.733,82733.0
4,5,20,6,82.55,88663.0
4,5,21,9,82.451,82451.0
4,5,22,2,82.614,82614.0
4,5,23,4,82.507,82507.0
4,5,24,2,82.606,82606.0
4,5,25,2,82.54599999999999,82546.0
4,5,26,9,82.505,82505.0
4,5,27,8,82.664,82664.0
4,5,28,4,82.487,82487.0
4,5,29,4,82.473,82473.0
4,5,30,9,82.28,82280.0
4,5,31,1,82.618,82618.0
4,5,32,3,82.241,82241.0
4,5,33,4,82.438,82438.0
4,5,34,6,82.688,82688.0
4,5,35,7,82.40299999999999,82403.0
4,5,36,2,82.619,82619.0
4,5,37,4,82.575,82575.0
4,5,38,2,82.283,82283.0
4,5,39,4,82.39,82390.0
4,5,40,4,82.06700000000001,82067.0
4,5,41,7,82.21600000000001,82216.0
4,5,42,1,82.115,82115.0
4,5,43,9,82.096,82096.0
4,5,44,1,82.233,82233.0
4,5,45,2,82.143,82143.0
4,5,46,7,82.089,82089.0
4,5,47,1,82.2,82200.0
4,5,48,3,82.374,82374.0
4,5,49,10,82.235,82235.0
4,5,50,5,82.481,82481.0
4,5,51,10,82.16,82160.0
4,5,52,6,82.179,82179.0
4,5,53,7,82.033,82033.0
4,5,54,6,82.018,82018.0
4,5,55,5,82.049,82049.0
4,5,56,4,82.07900000000001,82079.0
4,5,57,7,82.158,82158.0
4,5,58,3,82.027,82027.0
4,5,59,8,82.175,82175.0
4,5,60,8,81.883,81883.0
4,5,61,2,81.745,81745.0
4,5,62,9,81.794,81794.0
4,5,63,1,81.876,81876.0
4,6,1,5,83.313,83313.0
4,6,2,3,83.205,88663.0
4,6,3,1,83.131,83131.0
4,6,4,8,83.41,83410.0
4,6,5,3,83.513,83513.0
4,6,6,9,83.126,83126.0
4,6,7,2,83.267,83267.0
4,6,8,5,83.30799999999999,83308.0
4,6,9,7,83.343,83343.0
4,6,10,1,83.27799999999999,88663.0
4,6,11,5,83.313,83313.0
4,6,12,9,83.158,83158.0
4,6,13,10,83.205,83205.0
4,6,14,10,83.164,83164.0
4,6,15,10,83.168,83168.0
4,6,16,4,83.242,83242.0
4,6,17,6,83.208,83208.0
4,6,18,6,83.232,83232.0
4,6,19,1,83.087,83087.0
4,6,20,1,82.797,82797.0
4,6,21,2,82.946,82946.0
4,6,22,4,82.971,82971.0
4,6,23,3,82.941,88663.0
4,6,24,4,82.73400000000001,82734.0
4,6,25,9,82.733,82733.0
4,6,26,6,82.902,82902.0
4,6,27,2,82.822,82822.0
4,6,28,10,82.85300000000001,82853.0
4,6,29,2,82.763,82763.0
4,6,30,10,82.898,82898.0
4,6,31,3,82.901,82901.0
4,6,32,5,82.774,88663.0
4,6,33,4,82.838,82838.0
4,6,34,3,82.836,82836.0
4,6,35,1,82.77,82770.0
4,6,36,7,82.761,82761.0
4,6,37,8,82.686,82686.0
4,6,38,10,82.711,82711.0
4,6,39,8,82.673,82673.0
4,6,40,6,82.623,82623.0
4,6,41,7,82.434,82434.0
4,6,42,5,82.312,82312.0
4,6,43,2,82.467,82467.0
4,6,44,10,82.617,82617.0
4,6,45,4,82.425,82425.0
4,6,46,8,82.321,82321.0
4,6,47,6,82.345,82345.0
4,6,48,7,82.687,82687.0
4,6,49,7,82.538,82538.0
4,6,50,5,82.285,82285.0
4,6,51,10,82.458,82458.0
4,6,52,9,82.212,82212.0
4,6,53,6,82.462,82462.0
4,6,54,9,82.306,82306.0
4,6,55,4,82.438,82438.0
4,6,56,4,82.536,82536.0
4,6,57,10,82.431,82431.0
4,6,58,6,82.407,82407.0
4,6,59,10,82.385,82385.0
4,6,60,8,82.033,82033.0
4,6,61,5,82.48,82480.0
4,6,62,9,82.18,82180.0
4,6,63,6,82.19,82190.0
4,6,64,10,82.214,82214.0
4,6,65,3,81.918,81918.0
4,6,66,10,82.062,82062.0
4,6,67,10,82.107,88663.0
4,6,68,7,82.15,82150.0
4,7,1,7,84.25,84250.0
4,7,2,2,84.247,84247.0
4,7,3,10,84.22800000000001,84228.0
4,7,4,5,84.206,84206.0
4,7,5,1,84.258,84258.0
4,7,6,5,84.339,84339.0
4,7,7,3,84.479,84479.0
4,7,8,8,84.414,84414.0
4,7,9,9,84.129,84129.0
4,7,10,2,84.10900000000001,84109.0
4,7,11,8,84.187,84187.0
4,7,12,6,84.219,84219.0
4,7,13,2,84.029,84029.0
4,7,14,4,84.025,84025.0
4,7,15,10,84.241,84241.0
4,7,16,10,84.338,84338.0
4,7,17,5,83.939,83939.0
4,7,18,9,84.271,84271.0
4,7,19,2,83.965,83965.0
4,7,20,6,84.03399999999999,84034.0
4,7,21,10,83.96000000000001,83960.0
4,7,22,5,83.96000000000001,83960.0
4,7,23,5,83.622,83622.0
4,7,24,6,84.007,84007.0
4,7,25,1,83.865,83865.0
4,7,26,10,83.961,83961.0
4,7,27,4,83.963,83963.0
4,7,28,9,83.943,83943.0
4,7,29,6,83.96000000000001,83960.0
4,7,30,9,83.854,83854.0
4,7,31,10,83.825,83825.0
4,7,32,2,83.661,83661.0
4,7,33,3,83.684,83684.0
4,7,34,4,83.819,83819.0
4,7,35,5,83.955,83955.0
4,7,36,3,83.895,83895.0
4,7,37,1,83.896,83896.0
4,7,38,8,83.83,83830.0
4,7,39,6,83.721,83721.0
4,7,40,8,83.57900000000001,83579.0
4,7,41,10,83.352,83352.0
4,7,42,4,83.684,83684.0
4,7,43,4,83.457,83457.0
4,7,44,3,83.536,83536.0
4,7,45,3,83.338,83338.0
4,7,46,9,83.287,83287.0
4,7,47,5,83.371,83371.0
4,7,48,10,83.481,83481.0
4,7,49,7,83.394,83394.0
4,7,50,3,83.41499999999999,83415.0
4,7,51,10,83.416,83416.0
4,7,52,3,83.319,83319.0
4,7,53,6,83.40299999999999,83403.0
4,7,54,2,83.2,83200.0
4,7,55,3,83.27199999999999,83272.0
4,7,56,3,83.42099999999999,83421.0
4,7,57,6,83.208,83208.0
4,7,58,7,83.345,83345.0
4,7,59,6,83.538,83538.0
4,7,60,7,83.259,83259.0
4,7,61,9,83.137,83137.0
4,7,62,4,82.926,82926.0
4,7,63,3,83.191,83191.0
4,7,64,3,83.174,83174.0
4,7,65,5,82.965,82965.0
4,7,66,7,83.09700000000001,83097.0
4,7,67,3,83.02799999999999,83028.0
4,7,68,7,83.006,83006.0
4,8,1,1,83.85300000000001,83853.0
4,8,2,3,83.832,83832.0
4,8,3,7,83.68299999999999,83683.0
4,8,4,3,83.754,83754.0
4,8,5,7,83.767,83767.0
4,8,6,2,83.775,83775.0
4,8,7,3,83.694,105601.75
4,8,8,4,83.652,83652.0
4,8,9,5,83.831,83831.0
4,8,10,9,83.743,83743.0
4,8,11,10,83.506,83506.0
4,8,12,4,83.743,83743.0
4,8,13,9,83.72,83720.0
4,8,14,1,83.668,83668.0
4,8,15,6,83.608,83608.0
4,8,16,1,83.381,83381.0
4,8,17,5,83.642,83642.0
4,8,18,9,83.66,83660.0
4,8,19,3,83.424,83424.0
4,8,20,5,83.583,83583.0
4,8,21,10,83.338,83338.0
4,8,22,4,83.358,83358.0
4,8,23,9,83.557,83557.0
4,8,24,7,83.32900000000001,83329.0
4,8,25,10,83.201,83201.0
4,8,26,8,83.283,83283.0
4,8,27,10,83.443,83443.0
4,8,28,6,83.327,83327.0
4,8,29,1,83.22,83220.0
4,8,30,8,83.206,83206.0
4,8,31,8,83.18,83180.0
4,8,32,5,83.408,83408.0
4,8,33,6,83.349,83349.0
4,8,34,4,83.05799999999999,83058.0
4,8,35,4,83.392,83392.0
4,8,36,4,83.306,83306.0
4,8,37,7,83.003,83003.0
4,8,38,1,83.287,83287.0
4,8,39,10,83.18,83180.0
4,8,40,5,82.845,82845.0
4,8,41,5,82.85900000000001,82859.0
4,8,42,1,82.699,82699.0
4,8,43,10,83.01599999999999,83016.0
4,8,44,7,82.821,82821.0
4,8,45,7,82.939,82939.0
4,8,46,4,82.928,82928.0
4,8,47,9,82.806,82806.0
4,8,48,8,82.999,82999.0
4,8,49,10,82.857,82857.0
4,8,50,10,82.862,82862.0
4,8,51,9,82.738,82738.0
4,8,52,9,82.917,82917.0
4,8,53,9,82.92,82920.0
4,8,54,10,82.747,82747.0
4,8,55,6,82.80199999999999,82802.0
4,8,56,6,82.654,82654.0
4,8,57,8,82.769,82769.0
4,8,58,9,82.821,82821.0
4,8,59,7,82.623,82623.0
4,8,60,3,82.737,82737.0
4,8,61,6,82.518,105601.75
4,8,62,10,82.488,82488.0
4,8,63,7,82.336,82336.0
4,8,64,6,82.458,82458.0
4,8,65,3,82.661,82661.0
4,8,66,3,82.66,82660.0
4,8,67,8,82.512,82512.0
4,8,68,5,82.559,88663.0
4,9,1,2,83.14,83140.0
4,9,2,8,83.19,83190.0
4,9,3,5,83.106,83106.0
4,9,4,3,83.364,83364.0
4,9,5,3,83.361,83361.0
4,9,6,2,83.05799999999999,83058.0
4,9,7,5,83.118,83118.0
4,9,8,1,83.148,83148.0
4,9,9,5,83.339,83339.0
4,9,10,8,83.267,83267.0
4,9,11,3,83.174,83174.0
4,9,12,7,83.258,83258.0
4,9,13,4,83.18,83180.0
4,9,14,10,83.258,83258.0
4,9,15,5,83.072,83072.0
4,9,16,8,83.525,83525.0
4,9,17,7,83.364,83364.0
4,9,18,1,83.18299999999999,83183.0
4,9,19,7,82.953,82953.0
4,9,20,1,83.092,83092.0
4,9,21,5,82.83500000000001,82835.0
4,9,22,3,82.902,82902.0
4,9,23,2,82.786,82786.0
4,9,24,10,82.9,82900.0
4,10,1,3,83.626,83626.0
4,10,2,1,83.57900000000001,83579.0
4,10,3,2,83.551,83551.0
4,10,4,7,83.515,83515.0
4,10,5,10,83.614,83614.0
4,10,6,9,83.60300000000001,83603.0
4,10,7,2,83.652,83652.0
4,10,8,8,83.505,83505.0
4,10,9,5,83.504,83504.0
4,10,10,1,83.491,83491.0
4,10,11,3,83.538,83538.0
4,10,12,7,83.787,83787.0
4,10,13,8,83.446,83446.0
4,10,14,6,83.376,83376.0
4,10,15,1,83.607,83607.0
4,10,16,3,83.333,83333.0
4,10,17,3,83.215,83215.0
4,10,18,7,83.307,83307.0
4,10,19,7,83.46600000000001,88663.0
4,10,20,8,83.47800000000001,83478.0
4,10,21,5,82.934,82934.0
4,10,22,1,83.23400000000001,83234.0
4,10,23,5,83.274,83274.0
4,10,24,8,83.076,83076.0
4,10,25,8,83.08,83080.0
4,10,26,9,83.185,83185.0
4,10,27,7,83.026,88663.0
4,10,28,4,83.054,83054.0
4,10,29,8,83.117,83117.0
4,10,30,1,82.84700000000001,82847.0
4,10,31,3,83.145,83145.0
4,10,32,10,83.082,83082.0
4,10,33,4,83.03,83030.0
4,10,34,3,83.17,83170.0
4,10,35,3,83.075,83075.0
4,10,36,7,83.125,83125.0
4,10,37,8,82.953,82953.0
4,10,38,9,82.836,82836.0
4,10,39,1,83.055,83055.0
4,10,40,3,82.873,82873.0
4,10,41,10,82.625,82625.0
4,10,42,1,82.781,82781.0
4,10,43,3,82.491,82491.0
4,10,44,2,82.755,82755.0
4,10,45,4,82.588,82588.0
4,10,46,9,82.856,82856.0
4,10,47,2,82.53999999999999,82540.0
4,10,48,3,82.638,82638.0
4,10,49,1,82.883,82883.0
4,10,50,9,82.60300000000001,82603.0
4,10,51,5,82.84,82840.0
4,10,52,5,82.601,82601.0
4,10,53,8,82.46000000000001,82460.0
4,10,54,6,82.60900000000001,82609.0
4,10,55,10,82.495,82495.0
4,10,56,5,82.714,82714.0
4,10,57,3,82.56700000000001,82567.0
4,10,58,5,82.508,82508.0
4,10,59,6,82.626,82626.0
4,10,60,10,82.46000000000001,82460.0
4,10,61,7,82.23400000000001,82234.0
4,10,62,9,82.345,82345.0
4,10,63,2,82.366,82366.0
4,10,64,8,82.342,82342.0
4,10,65,9,82.239,82239.0
4,10,66,2,82.264,82264.0
4,10,67,4,82.235,88663.0
4,10,68,5,82.19,82190.0
5,1,1,7,92.487,92487.0
5,1,2,6,92.351,92351.0
5,1,3,8,92.499,92499.0
5,1,4,1,92.723,92723.0
5,1,5,5,92.50399999999999,92504.0
5,1,6,4,92.47399999999999,92474.0
5,1,7,8,92.806,92806.0
5,1,8,1,92.372,92372.0
5,1,9,9,92.532,92532.0
5,1,10,2,92.291,92291.0
5,1,11,3,92.40299999999999,92403.0
5,1,12,9,92.213,92213.0
5,1,13,9,92.291,92291.0
5,1,14,9,92.372,92372.0
5,1,15,4,92.461,92461.0
5,1,16,10,92.491,92491.0
5,1,17,2,92.255,92255.0
5,1,18,1,92.18299999999999,92183.0
5,1,19,2,92.25,88663.0
5,1,20,10,92.333,92333.0
5,1,21,4,92.163,92163.0
5,1,22,4,92.119,92119.0
5,1,23,10,91.986,91986.0
5,1,24,3,91.956,91956.0
5,1,25,5,91.94,91940.0
5,1,26,5,92.037,92037.0
5,1,27,1,91.94200000000001,91942.0
5,1,28,2,91.913,91913.0
5,1,29,10,92.09700000000001,92097.0
5,1,30,6,92.22200000000001,92222.0
5,1,31,7,92.084,92084.0
5,1,32,3,91.947,91947.0
5,1,33,7,92.036,92036.0
5,1,34,5,91.97200000000001,91972.0
5,1,35,6,91.982,91982.0
5,1,36,5,91.85900000000001,91859.0
5,1,37,1,91.828,91828.0
5,1,38,4,91.862,91862.0
5,1,39,2,92.057,92057.0
5,1,40,5,91.569,91569.0
5,1,41,9,91.94,91940.0
5,1,42,10,91.756,91756.0
5,1,43,9,91.786,91786.0
5,1,44,4,91.519,91519.0
5,1,45,7,91.66499999999999,91665.0
5,1,46,1,91.979,91979.0
5,1,47,2,91.486,88663.0
5,1,48,2,91.544,91544.0
5,1,49,10,91.482,91482.0
5,1,50,9,91.944,91944.0
5,1,51,6,91.588,91588.0
5,1,52,2,91.369,91369.0
5,1,53,5,91.6,91600.0
5,1,54,2,91.543,91543.0
5,1,55,10,91.64,91640.0
5,1,56,2,91.644,91644.0
5,1,57,5,91.559,91559.0
5,1,58,6,91.669,91669.0
5,1,59,9,91.583,91583.0
5,1,60,5,91.428,91428.0
5,1,61,9,91.155,91155.0
5,1,62,3,91.227,91227.0
5,1,63,5,91.182,91182.0
5,1,64,10,91.343,91343.0
5,2,1,3,92.614,92614.0
5,2,2,6,92.49199999999999,92492.0
5,2,3,9,92.669,92669.0
5,2,4,9,92.57,92570.0
5,2,5,9,92.725,92725.0
5,2,6,5,92.554,92554.0
5,2,7,7,92.548,92548.0
5,2,8,10,92.83,92830.0
5,2,9,7,92.52799999999999,92528.0
5,2,10,3,92.532,92532.0
5,2,11,5,92.28,92280.0
5,2,12,10,92.63,92630.0
5,2,13,5,92.429,92429.0
5,2,14,5,92.654,92654.0
5,2,15,2,92.649,92649.0
5,2,16,3,92.426,92426.0
5,2,17,5,92.444,92444.0
5,2,18,9,92.345,92345.0
5,2,19,8,92.331,92331.0
5,2,20,2,92.084,92084.0
5,2,21,2,92.013,92013.0
5,2,22,8,92.221,92221.0
5,2,23,9,92.388,92388.0
5,2,24,10,92.212,92212.0
5,2,25,5,92.206,92206.0
5,2,26,7,92.25,92250.0
5,2,27,1,92.245,92245.0
5,2,28,1,92.114,92114.0
5,2,29,5,92.093,92093.0
5,2,30,6,92.032,92032.0
5,2,31,2,92.04599999999999,92046.0
5,2,32,4,92.16499999999999,92165.0
5,2,33,2,92.24799999999999,92248.0
5,2,34,4,92.13,92130.0
5,2,35,3,91.964,91964.0
5,2,36,6,91.998,91998.0
5,2,37,7,92.14500000000001,92145.0
5,2,38,2,92.186,92186.0
5,2,39,6,92.027,92027.0
5,2,40,9,91.658,91658.0
5,2,41,3,91.831,91831.0
5,2,42,4,91.825,91825.0
5,2,43,4,92.053,92053.0
5,2,44,7,91.739,91739.0
5,2,45,6,91.73,91730.0
5,2,46,7,91.66,91660.0
5,2,47,4,91.892,91892.0
5,2,48,10,91.775,91775.0
5,2,49,1,91.819,91819.0
5,2,50,8,91.749,91749.0
5,2,51,4,91.707,91707.0
5,2,52,4,91.828,91828.0
5,2,53,7,91.666,91666.0
5,2,54,6,91.72,91720.0
5,2,55,9,91.732,91732.0
5,2,56,6,91.495,91495.0
5,2,57,6,91.566,91566.0
5,2,58,5,91.587,91587.0
5,2,59,6,91.733,91733.0
5,2,60,9,91.432,91432.0
5,2,61,7,91.253,91253.0
5,2,62,2,91.463,91463.0
5,2,63,6,91.456,91456.0
5,2,64,8,91.396,91396.0
5,3,1,9,91.96000000000001,91960.0
5,3,2,1,91.998,91998.0
5,3,3,4,92.118,92118.0
5,3,4,1,91.992,91992.0
5,3,5,1,91.93,91930.0
5,3,6,1,92.056,92056.0
5,3,7,5,92.083,88663.0
5,3,8,8,92.057,92057.0
5,3,9,6,91.952,91952.0
5,3,10,1,91.985,91985.0
5,3,11,1,91.869,91869.0
5,3,12,7,91.864,91864.0
5,3,13,6,91.981,91981.0
5,3,14,4,91.825,91825.0
5,3,15,4,91.904,91904.0
5,3,16,8,91.642,91642.0
5,3,17,1,91.881,91881.0
5,3,18,7,91.872,91872.0
5,3,19,5,91.738,91738.0
5,3,20,4,91.536,91536.0
5,3,21,10,91.57,91570.0
5,3,22,2,91.572,91572.0
5,3,23,6,91.744,91744.0
5,3,24,10,91.707,91707.0
5,3,25,7,91.551,91551.0
5,3,26,8,91.711,91711.0
5,3,27,2,91.481,91481.0
5,3,28,5,91.365,91365.0
5,3,29,10,91.654,91654.0
5,3,30,10,91.82900000000001,91829.0
5,3,31,2,91.456,91456.0
5,3,32,3,91.39699999999999,91397.0
5,3,33,1,91.32,91320.0
5,3,34,7,91.589,91589.0
5,3,35,9,91.568,91568.0
5,3,36,10,91.481,91481.0
5,3,37,2,91.52,91520.0
5,3,38,9,91.398,91398.0
5,3,39,2,91.441,91441.0
5,3,40,9,91.32900000000001,91329.0
5,3,41,2,91.381,91381.0
5,3,42,10,91.396,91396.0
5,3,43,8,91.279,91279.0
5,3,44,6,91.27,91270.0
5,3,45,5,91.261,91261.0
5,3,46,3,91.09,91090.0
5,3,47,4,91.315,91315.0
5,3,48,6,91.288,91288.0
5,3,49,6,91.075,91075.0
5,3,50,4,91.078,91078.0
5,3,51,1,91.027,91027.0
5,3,52,5,91.182,91182.0
5,3,53,2,91.121,91121.0
5,3,54,5,91.245,91245.0
5,3,55,2,91.09,91090.0
5,3,56,8,90.99,90990.0
5,3,57,7,91.007,91007.0
5,3,58,5,91.133,91133.0
5,3,59,3,90.957,90957.0
5,3,60,5,90.762,90762.0
5,3,61,8,90.852,90852.0
5,3,62,6,90.69800000000001,90698.0
5,3,63,2,90.794,90794.0
5,3,64,7,91.218,91218.0
5,4,1,3,92.15299999999999,92153.0
5,4,2,2,92.179,92179.0
5,4,3,1,92.281,92281.0
5,4,4,9,92.356,92356.0
5,4,5,6,92.277,92277.0
5,4,6,5,92.055,92055.0
5,4,7,6,92.27000000000001,92270.0
5,4,8,10,92.17099999999999,92171.0
5,4,9,6,92.227,92227.0
5,4,10,9,92.059,92059.0
5,4,11,4,92.163,92163.0
5,4,12,5,92.294,92294.0
5,4,13,1,92.231,92231.0
5,4,14,8,92.061,92061.0
5,4,15,1,92.01400000000001,92014.0
5,4,16,3,92.18299999999999,92183.0
5,4,17,10,92.167,92167.0
5,4,18,9,92.024,92024.0
5,4,19,10,92.255,92255.0
5,4,20,1,91.69200000000001,91692.0
5,4,21,8,92.137,92137.0
5,4,22,2,91.892,91892.0
5,4,23,10,91.886,91886.0
5,4,24,10,91.743,91743.0
5,4,25,10,92.077,92077.0
5,4,26,7,91.913,91913.0
5,4,27,2,91.875,91875.0
5,4,28,1,91.951,91951.0
5,4,29,5,91.689,91689.0
5,4,30,5,91.58500000000001,91585.0
5,4,31,10,91.529,91529.0
5,4,32,6,91.669,91669.0
5,4,33,3,91.519,91519.0
5,4,34,8,92.005,92005.0
5,4,35,8,91.90899999999999,91909.0
5,4,36,1,91.735,91735.0
5,4,37,2,91.833,91833.0
5,4,38,4,91.67699999999999,91677.0
5,4,39,1,91.714,91714.0
5,4,40,6,91.529,91529.0
5,4,41,8,91.438,91438.0
5,4,42,9,91.452,91452.0
5,4,43,5,91.604,91604.0
5,4,44,10,91.487,91487.0
5,4,45,8,91.628,91628.0
5,4,46,4,91.60900000000001,91609.0
5,4,47,1,91.471,91471.0
5,4,48,7,91.255,91255.0
5,4,49,9,91.307,91307.0
5,4,50,6,91.43,91430.0
5,4,51,4,91.608,91608.0
5,4,52,9,91.475,91475.0
5,4,53,7,91.498,91498.0
5,4,54,10,91.235,91235.0
5,4,55,1,91.511,91511.0
5,4,56,9,91.406,91406.0
5,4,57,10,91.351,91351.0
5,4,58,1,91.309,91309.0
5,4,59,9,91.387,91387.0
5,4,60,2,90.96000000000001,90960.0
5,4,61,4,90.928,90928.0
5,4,62,10,91.07300000000001,91073.0
5,4,63,8,91.035,88663.0
5,4,64,6,91.09,91090.0
5,5,1,4,91.673,91673.0
5,5,2,9,91.745,91745.0
5,5,3,10,91.646,91646.0
5,5,4,8,91.798,91798.0
5,5,5,6,91.628,91628.0
5,5,6,1,91.582,91582.0
5,5,7,3,91.80799999999999,91808.0
5,5,8,1,91.639,91639.0
5,5,9,2,91.524,91524.0
5,5,10,5,91.693,91693.0
5,5,11,8,91.685,91685.0
5,5,12,3,91.583,91583.0
5,5,13,1,91.593,91593.0
5,5,14,3,91.568,91568.0
5,5,15,3,91.775,91775.0
5,5,16,6,91.293,91293.0
5,5,17,10,91.53399999999999,91534.0
5,5,18,9,91.532,91532.0
5,5,19,8,91.488,91488.0
5,5,20,2,91.244,91244.0
5,5,21,8,91.367,91367.0
5,5,22,1,91.257,91257.0
5,5,23,4,91.19800000000001,91198.0
5,5,24,5,91.447,91447.0
5,5,25,8,91.34,91340.0
5,5,26,7,91.246,91246.0
5,5,27,8,91.471,91471.0
5,5,28,6,91.239,91239.0
5,5,29,3,91.385,91385.0
5,5,30,6,91.15899999999999,91159.0
5,5,31,10,91.239,91239.0
5,5,32,8,91.23,91230.0
5,5,33,2,91.473,91473.0
5,5,34,8,91.254,91254.0
5,5,35,8,91.245,91245.0
5,5,36,10,91.202,91202.0
5,5,37,8,91.23400000000001,91234.0
5,5,38,3,91.211,91211.0
5,5,39,1,91.167,91167.0
5,5,40,7,90.999,90999.0
5,5,41,2,90.804,90804.0
5,5,42,4,91.27199999999999,91272.0
5,5,43,6,90.914,90914.0
5,5,44,6,90.714,90714.0
5,5,45,2,90.774,90774.0
5,5,46,10,90.824,90824.0
5,5,47,4,90.926,90926.0
5,5,48,2,90.93,90930.0
5,5,49,4,91.074,91074.0
5,5,50,9,90.703,90703.0
5,5,51,9,90.96000000000001,90960.0
5,5,52,4,90.899,90899.0
5,5,53,4,90.84,90840.0
5,5,54,2,90.757,90757.0
5,5,55,9,90.776,90776.0
5,5,56,10,90.553,90553.0
5,5,57,5,90.78,90780.0
5,5,58,3,90.723,90723.0
5,5,59,6,90.81700000000001,90817.0
5,5,60,6,90.418,90418.0
5,5,61,10,90.566,90566.0
5,5,62,4,90.572,90572.0
5,5,63,6,90.364,90364.0
5,5,64,7,90.504,90504.0
5,6,1,9,92.286,92286.0
5,6,2,3,92.594,92594.0
5,6,3,1,92.511,92511.0
5,6,4,7,92.612,92612.0
5,6,5,2,92.33,92330.0
5,6,6,7,92.372,92372.0
5,6,7,7,92.713,92713.0
5,6,8,9,92.22800000000001,92228.0
5,6,9,9,92.30199999999999,92302.0
5,6,10,7,92.419,92419.0
5,6,11,4,92.309,92309.0
5,6,12,9,92.49799999999999,92498.0
5,6,13,2,92.509,92509.0
5,6,14,2,92.531,92531.0
5,6,15,10,92.39,92390.0
5,6,16,6,92.501,92501.0
5,6,17,8,92.225,92225.0
5,6,18,2,92.434,92434.0
5,6,19,10,92.55799999999999,92558.0
5,6,20,5,92.045,92045.0
5,6,21,1,92.009,92009.0
5,6,22,8,92.148,92148.0
5,6,23,8,92.076,92076.0
5,6,24,7,91.97200000000001,91972.0
5,6,25,5,92.11,92110.0
5,6,26,4,92.02600000000001,92026.0
5,6,27,4,92.286,92286.0
5,6,28,8,92.245,92245.0
5,6,29,8,92.02000000000001,92020.0
5,6,30,6,92.069,92069.0
5,6,31,6,91.864,91864.0
5,6,32,2,92.044,88663.0
5,6,33,9,92.142,92142.0
5,6,34,3,92.024,92024.0
5,6,35,8,91.932,91932.0
5,6,36,1,92.065,92065.0
5,6,37,10,92.064,92064.0
5,6,38,9,92.15100000000001,92151.0
5,6,39,1,92.096,92096.0
5,6,40,8,91.673,91673.0
5,6,41,10,91.628,91628.0
5,6,42,6,91.761,91761.0
5,6,43,7,91.565,91565.0
5,6,44,7,91.545,91545.0
5,6,45,2,91.71000000000001,91710.0
5,6,46,1,91.77199999999999,91772.0
5,6,47,2,91.745,91745.0
5,6,48,4,91.794,91794.0
5,6,49,5,91.633,91633.0
5,6,50,10,91.508,91508.0
5,6,51,6,91.553,91553.0
5,6,52,3,91.401,91401.0
5,6,53,2,91.648,91648.0
5,6,54,8,91.656,91656.0
5,6,55,5,91.507,91507.0
5,6,56,7,91.63,91630.0
5,6,57,4,91.788,91788.0
5,6,58,3,91.52,91520.0
5,6,59,6,91.574,91574.0
5,6,60,8,91.405,91405.0
5,6,61,7,91.419,91419.0
5,6,62,10,91.265,91265.0
5,6,63,9,91.3,91300.0
5,6,64,9,91.35,91350.0
5,7,1,2,93.293,93293.0
5,7,2,9,93.589,93589.0
5,7,3,5,93.286,93286.0
5,7,4,7,93.42099999999999,93421.0
5,7,5,8,93.289,93289.0
5,7,6,7,93.434,93434.0
5,7,7,7,93.36099999999999,93361.0
5,7,8,5,93.322,93322.0
5,7,9,10,93.34700000000001,93347.0
5,7,10,9,93.318,93318.0
5,7,11,3,93.506,93506.0
5,7,12,1,93.169,93169.0
5,7,13,3,93.249,93249.0
5,7,14,9,93.49000000000001,93490.0
5,7,15,5,93.18299999999999,93183.0
5,7,16,1,93.14699999999999,93147.0
5,7,17,4,93.09,93090.0
5,7,18,7,93.19,93190.0
5,7,19,10,93.268,93268.0
5,7,20,8,92.931,92931.0
5,7,21,4,93.113,93113.0
5,7,22,8,92.818,92818.0
5,7,23,2,92.88300000000001,92883.0
5,7,24,5,93.15100000000001,93151.0
5,7,25,4,92.83,92830.0
5,7,26,9,92.833,92833.0
5,7,27,4,92.904,92904.0
5,7,28,5,92.907,92907.0
5,7,29,6,92.82900000000001,92829.0
5,7,30,3,92.922,92922.0
5,7,31,3,93.0,93000.0
5,7,32,10,92.876,92876.0
5,7,33,9,92.679,92679.0
5,7,34,5,92.75200000000001,92752.0
5,7,35,2,92.85499999999999,92855.0
5,7,36,2,92.872,92872.0
5,7,37,5,92.713,92713.0
5,7,38,8,92.819,92819.0
5,7,39,7,92.755,92755.0
5,7,40,1,92.763,92763.0
5,7,41,7,92.618,92618.0
5,7,42,6,92.78999999999999,92790.0
5,7,43,3,92.566,92566.0
5,7,44,5,92.60300000000001,92603.0
5,7,45,1,92.587,92587.0
5,7,46,7,92.41,92410.0
5,7,47,10,92.662,92662.0
5,7,48,9,92.56,92560.0
5,7,49,5,92.40299999999999,92403.0
5,7,50,5,92.57900000000001,92579.0
5,7,51,2,92.18,92180.0
5,7,52,5,92.644,92644.0
5,7,53,9,92.38900000000001,92389.0
5,7,54,5,92.59899999999999,92599.0
5,7,55,2,92.38900000000001,92389.0
5,7,56,5,92.506,92506.0
5,7,57,5,92.65,92650.0
5,7,58,2,92.49000000000001,92490.0
5,7,59,5,92.53399999999999,92534.0
5,7,60,4,92.03999999999999,92040.0
5,7,61,9,92.146,92146.0
5,7,62,5,92.25200000000001,92252.0
5,7,63,4,92.205,92205.0
5,7,64,1,92.132,92132.0
5,8,1,1,92.581,92581.0
5,8,2,5,92.23599999999999,92236.0
5,8,3,8,92.464,92464.0
5,8,4,9,92.471,92471.0
5,8,5,5,92.601,92601.0
5,8,6,5,92.652,92652.0
5,8,7,9,92.45400000000001,105601.75
5,8,8,8,92.542,92542.0
5,8,9,8,92.65299999999999,92653.0
5,8,10,4,92.41,92410.0
5,8,11,9,92.559,92559.0
5,8,12,1,92.47800000000001,92478.0
5,8,13,1,92.406,92406.0
5,8,14,4,92.477,92477.0
5,8,15,3,92.51599999999999,92516.0
5,8,16,7,92.374,92374.0
5,8,17,1,92.449,92449.0
5,8,18,2,92.628,92628.0
5,8,19,1,92.482,92482.0
5,8,20,6,92.13900000000001,92139.0
5,8,21,2,92.20400000000001,92204.0
5,8,22,6,92.152,92152.0
5,8,23,8,91.994,91994.0
5,8,24,1,91.976,91976.0
5,8,25,3,92.053,92053.0
5,8,26,3,92.336,92336.0
5,8,27,2,92.038,92038.0
5,8,28,4,92.015,92015.0
5,8,29,7,92.27199999999999,92272.0
5,8,30,3,91.945,91945.0
5,8,31,8,92.38499999999999,92385.0
5,8,32,7,91.916,91916.0
5,8,33,3,92.036,92036.0
5,8,34,7,92.13499999999999,92135.0
5,8,35,5,92.24600000000001,92246.0
5,8,36,8,91.952,91952.0
5,8,37,3,92.10300000000001,92103.0
5,8,38,1,91.877,91877.0
5,8,39,4,91.782,91782.0
5,8,40,9,91.637,91637.0
5,8,41,3,91.596,91596.0
5,8,42,6,91.58500000000001,91585.0
5,8,43,9,91.344,91344.0
5,8,44,10,91.656,91656.0
5,8,45,7,91.632,91632.0
5,8,46,10,91.623,91623.0
5,8,47,4,91.795,91795.0
5,8,48,6,91.676,91676.0
5,8,49,9,91.57300000000001,91573.0
5,8,50,6,91.57300000000001,91573.0
5,8,51,6,91.67699999999999,91677.0
5,8,52,7,91.536,91536.0
5,8,53,6,91.76,91760.0
5,8,54,8,91.57900000000001,91579.0
5,8,55,7,91.643,91643.0
5,8,56,1,91.513,91513.0
5,8,57,8,91.618,91618.0
5,8,58,1,91.488,91488.0
5,8,59,8,91.398,91398.0
5,8,60,3,91.413,91413.0
5,8,61,7,91.254,91254.0
5,8,62,10,91.435,91435.0
5,8,63,4,91.47800000000001,91478.0
5,8,64,10,91.535,91535.0
5,9,1,3,92.519,92519.0
5,9,2,2,92.352,92352.0
5,9,3,7,92.326,92326.0
5,9,4,9,92.461,92461.0
5,9,5,2,92.366,92366.0
5,9,6,3,92.35499999999999,92355.0
5,9,7,5,92.34,92340.0
5,9,8,9,92.237,92237.0
5,9,9,8,92.386,92386.0
5,9,10,6,92.53399999999999,92534.0
5,9,11,2,92.428,92428.0
5,9,12,6,92.29599999999999,92296.0
5,9,13,4,92.363,92363.0
5,9,14,10,92.455,105601.75
5,9,15,3,92.35,92350.0
5,9,16,3,92.354,92354.0
5,9,17,10,92.44,92440.0
5,9,18,6,92.12,92120.0
5,9,19,5,92.36099999999999,92361.0
5,9,20,7,92.15,92150.0
5,9,21,3,92.124,92124.0
5,9,22,5,91.968,91968.0
5,9,23,9,92.12299999999999,92123.0
5,9,24,8,91.982,91982.0
5,9,25,1,92.174,92174.0
5,9,26,3,91.963,91963.0
5,9,27,2,92.221,92221.0
5,9,28,4,91.974,91974.0
5,9,29,5,92.044,92044.0
5,9,30,1,91.672,91672.0
5,9,31,1,91.884,91884.0
5,9,32,9,91.94200000000001,91942.0
5,9,33,7,92.007,92007.0
5,9,34,5,91.931,91931.0
5,9,35,6,91.834,91834.0
5,9,36,2,91.914,91914.0
5,9,37,8,91.926,91926.0
5,9,38,8,92.206,92206.0
5,9,39,1,91.66,91660.0
5,9,40,9,91.681,91681.0
5,9,41,2,91.57900000000001,91579.0
5,9,42,10,91.763,91763.0
5,9,43,7,91.651,91651.0
5,9,44,1,91.636,91636.0
5,9,45,2,91.629,91629.0
5,9,46,9,91.611,91611.0
5,9,47,9,91.655,91655.0
5,9,48,7,91.469,91469.0
5,9,49,4,91.483,91483.0
5,9,50,3,91.705,91705.0
5,9,51,4,91.623,91623.0
5,9,52,5,91.414,88663.0
5,9,53,3,91.791,91791.0
5,9,54,6,91.589,91589.0
5,9,55,8,91.664,91664.0
5,9,56,3,91.488,91488.0
5,9,57,9,91.56700000000001,91567.0
5,9,58,4,91.57300000000001,91573.0
5,9,59,8,91.72200000000001,91722.0
5,9,60,7,91.325,91325.0
5,9,61,2,91.154,91154.0
5,9,62,9,91.08500000000001,91085.0
5,9,63,9,91.449,91449.0
5,9,64,4,90.931,90931.0
5,10,1,4,92.37899999999999,92379.0
5,10,2,9,92.768,92768.0
5,10,3,5,92.59100000000001,92591.0
5,10,4,3,92.14099999999999,92141.0
5,10,5,1,92.594,92594.0
5,10,6,4,92.63499999999999,92635.0
5,10,7,1,92.384,92384.0
5,10,8,9,92.583,92583.0
5,10,9,2,92.42,92420.0
5,10,10,5,92.469,92469.0
5,10,11,6,92.523,92523.0
5,10,12,9,92.56700000000001,92567.0
5,10,13,9,92.386,92386.0
5,10,14,3,92.67099999999999,92671.0
5,10,15,4,92.35300000000001,92353.0
5,10,16,3,92.41,92410.0
5,10,17,7,92.418,92418.0
5,10,18,8,92.4,92400.0
5,10,19,7,92.38900000000001,92389.0
5,10,20,2,91.863,91863.0
5,10,21,10,92.363,92363.0
5,10,22,7,92.199,92199.0
5,10,23,4,91.956,91956.0
5,10,24,1,92.033,92033.0
5,10,25,10,92.282,92282.0
5,10,26,6,92.189,92189.0
5,10,27,5,92.012,92012.0
5,10,28,8,92.05199999999999,92052.0
5,10,29,6,92.22800000000001,92228.0
5,10,30,3,91.908,91908.0
5,10,31,9,91.824,91824.0
5,10,32,10,91.952,91952.0
5,10,33,5,91.848,91848.0
5,10,34,9,91.792,91792.0
5,10,35,7,91.904,91904.0
5,10,36,8,92.066,92066.0
5,10,37,1,92.032,92032.0
5,10,38,5,91.81700000000001,91817.0
5,10,39,4,91.857,91857.0
5,10,40,1,91.85,91850.0
5,10,41,6,91.846,91846.0
5,10,42,1,91.64099999999999,91641.0
5,10,43,9,91.725,91725.0
5,10,44,1,91.69,91690.0
5,10,45,10,91.95,91950.0
5,10,46,6,91.67,91670.0
5,10,47,6,91.83500000000001,91835.0
5,10,48,3,91.605,91605.0
5,10,49,2,91.61,105601.75
5,10,50,10,91.474,91474.0
5,10,51,8,91.729,91729.0
5,10,52,2,91.711,91711.0
5,10,53,7,91.537,91537.0
5,10,54,7,91.526,91526.0
5,10,55,3,91.586,91586.0
5,10,56,2,91.629,91629.0
5,10,57,3,91.467,91467.0
5,10,58,8,91.44,91440.0
5,10,59,4,91.45,91450.0
5,10,60,3,91.292,91292.0
5,10,61,10,91.45,91450.0
5,10,62,4,91.393,91393.0
5,10,63,6,91.19,91190.0
5,10,64,7,91.346,91346.0
6,1,1,5,89.749,89749.0
6,1,2,5,89.999,89999.0
6,1,3,7,90.005,90005.0
6,1,4,8,90.227,90227.0
6,1,5,5,90.061,90061.0
6,1,6,6,89.843,89843.0
6,1,7,1,89.939,89939.0
6,1,8,1,89.85,89850.0
6,1,9,1,89.977,89977.0
6,1,10,3,89.79599999999999,89796.0
6,1,11,2,89.931,89931.0
6,1,12,6,89.703,89703.0
6,1,13,9,89.936,89936.0
6,1,14,3,90.011,90011.0
6,1,15,2,89.986,89986.0
6,1,16,5,89.901,89901.0
6,1,17,3,89.701,89701.0
6,1,18,9,89.997,89997.0
6,1,19,9,89.893,89893.0
6,1,20,9,89.786,89786.0
6,1,21,3,89.681,89681.0
6,1,22,8,89.481,88663.0
6,1,23,2,89.64699999999999,89647.0
6,1,24,1,89.52799999999999,89528.0
6,1,25,6,89.59700000000001,89597.0
6,1,26,6,89.358,89358.0
6,1,27,1,89.436,89436.0
6,1,28,10,89.587,89587.0
6,1,29,4,89.503,89503.0
6,1,30,3,89.436,89436.0
6,1,31,6,89.745,89745.0
6,1,32,4,89.67699999999999,89677.0
6,1,33,3,89.5,89500.0
6,1,34,5,89.596,89596.0
6,1,35,4,89.387,89387.0
6,1,36,6,89.469,89469.0
6,1,37,10,89.605,89605.0
6,1,38,5,89.71000000000001,89710.0
6,1,39,2,89.2,89200.0
6,1,40,9,89.28,89280.0
6,1,41,2,89.119,89119.0
6,1,42,4,89.26599999999999,89266.0
6,1,43,1,89.124,89124.0
6,1,44,6,89.09700000000001,89097.0
6,1,45,8,89.117,89117.0
6,1,46,9,89.025,89025.0
6,1,47,3,89.191,89191.0
6,1,48,9,89.121,89121.0
6,1,49,4,89.253,89253.0
6,1,50,1,88.798,88798.0
6,1,51,6,89.044,89044.0
6,1,52,7,89.128,89128.0
6,1,53,9,89.238,89238.0
6,1,54,9,89.009,89009.0
6,1,55,3,89.11,89110.0
6,2,1,10,89.184,89184.0
6,2,2,1,89.224,89224.0
6,2,3,6,89.102,89102.0
6,2,4,4,89.166,88663.0
6,2,5,8,89.11,105601.75
6,2,6,6,89.214,89214.0
6,2,7,2,88.987,88987.0
6,2,8,3,89.221,89221.0
6,2,9,2,89.064,89064.0
6,2,10,3,89.247,89247.0
6,2,11,4,88.993,88993.0
6,2,12,5,89.339,89339.0
6,2,13,3,89.172,89172.0
6,2,14,1,89.01,89010.0
6,2,15,8,89.05199999999999,89052.0
6,2,16,7,89.212,89212.0
6,2,17,8,89.004,89004.0
6,2,18,10,89.042,88663.0
6,2,19,1,88.956,88956.0
6,2,20,9,88.519,88519.0
6,2,21,8,88.811,88811.0
6,2,22,3,88.917,88917.0
6,2,23,10,88.583,88583.0
6,2,24,5,88.9,88900.0
6,2,25,4,88.944,88944.0
6,2,26,1,88.907,88907.0
6,2,27,4,88.601,88601.0
6,2,28,5,88.67699999999999,88677.0
6,2,29,5,88.563,88563.0
6,2,30,10,88.754,88754.0
6,2,31,7,88.64699999999999,88647.0
6,2,32,7,88.521,88521.0
6,2,33,3,88.474,88474.0
6,2,34,8,88.83,88830.0
6,2,35,9,88.588,88588.0
6,2,36,7,88.828,88828.0
6,2,37,8,88.748,88748.0
6,2,38,2,88.821,88821.0
6,2,39,7,88.594,88594.0
6,2,40,1,88.431,88431.0
6,2,41,5,88.393,88393.0
6,2,42,7,88.426,88426.0
6,2,43,3,88.414,88414.0
6,2,44,7,88.498,88498.0
6,2,45,4,88.276,88276.0
6,2,46,1,88.35,88350.0
6,2,47,4,88.42099999999999,88421.0
6,2,48,6,88.476,88476.0
6,2,49,8,88.28,88280.0
6,2,50,2,88.29599999999999,88296.0
6,2,51,2,88.34,88340.0
6,2,52,10,88.304,88304.0
6,2,53,8,88.47800000000001,88478.0
6,2,54,8,88.371,88371.0
6,2,55,7,88.322,88322.0
6,3,1,1,89.291,89291.0
6,3,2,9,89.312,89312.0
6,3,3,3,89.636,89636.0
6,3,4,4,89.42099999999999,89421.0
6,3,5,5,89.215,89215.0
6,3,6,7,89.368,89368.0
6,3,7,1,89.33,105601.75
6,3,8,5,89.481,89481.0
6,3,9,2,89.231,89231.0
6,3,10,5,89.214,89214.0
6,3,11,2,89.521,89521.0
6,3,12,10,89.445,89445.0
6,3,13,2,89.31700000000001,89317.0
6,3,14,1,89.206,89206.0
6,3,15,3,89.251,89251.0
6,3,16,3,89.257,89257.0
6,3,17,5,89.258,89258.0
6,3,18,6,89.244,89244.0
6,3,19,7,89.36,89360.0
6,3,20,8,89.214,89214.0
6,3,21,5,89.105,89105.0
6,3,22,10,88.976,88976.0
6,3,23,3,89.071,89071.0
6,3,24,10,89.005,89005.0
6,3,25,5,88.937,88937.0
6,3,26,5,88.958,88958.0
6,3,27,3,89.138,89138.0
6,3,28,1,89.01,89010.0
6,3,29,5,88.976,88976.0
6,3,30,1,88.946,88946.0
6,3,31,9,88.93,88930.0
6,3,32,10,88.922,88922.0
6,3,33,7,88.84700000000001,88847.0
6,3,34,6,88.865,88865.0
6,3,35,2,88.952,88952.0
6,3,36,5,88.818,88818.0
6,3,37,2,88.858,88858.0
6,3,38,3,88.52799999999999,88528.0
6,3,39,1,88.994,88994.0
6,3,40,2,88.414,88414.0
6,3,41,10,88.798,88798.0
6,3,42,7,88.509,88509.0
6,3,43,9,88.436,88663.0
6,3,44,5,88.779,88779.0
6,3,45,4,88.582,88582.0
6,3,46,10,88.731,88731.0
6,3,47,8,88.455,88455.0
6,3,48,8,88.474,88474.0
6,3,49,10,88.469,88469.0
6,3,50,2,88.282,88282.0
6,3,51,4,88.351,88351.0
6,3,52,2,88.714,88714.0
6,3,53,8,88.404,88404.0
6,3,54,6,88.42,88420.0
6,3,55,7,88.364,88364.0
6,4,1,3,90.263,90263.0
6,4,2,2,90.254,90254.0
6,4,3,1,90.32,90320.0
6,4,4,10,90.678,90678.0
6,4,5,2,90.338,90338.0
6,4,6,10,90.377,90377.0
6,4,7,3,90.385,90385.0
6,4,8,7,90.3,90300.0
6,4,9,4,90.292,90292.0
6,4,10,1,90.332,90332.0
6,4,11,10,90.331,88663.0
6,4,12,5,90.424,90424.0
6,4,13,1,90.255,90255.0
6,4,14,4,90.098,90098.0
6,4,15,1,90.20400000000001,90204.0
6,4,16,10,90.253,90253.0
6,4,17,7,90.102,90102.0
6,4,18,2,90.064,90064.0
6,4,19,4,90.17099999999999,90171.0
6,4,20,3,89.774,89774.0
6,4,21,3,89.895,89895.0
6,4,22,3,89.774,89774.0
6,4,23,8,90.01599999999999,90016.0
6,4,24,3,89.85300000000001,89853.0
6,4,25,9,89.975,89975.0
6,4,26,7,89.81700000000001,89817.0
6,4,27,1,90.038,90038.0
6,4,28,9,89.993,89993.0
6,4,29,3,89.99,89990.0
6,4,30,8,89.633,89633.0
6,4,31,8,89.91,89910.0
6,4,32,5,89.976,89976.0
6,4,33,10,89.85300000000001,89853.0
6,4,34,7,89.806,89806.0
6,4,35,7,89.793,89793.0
6,4,36,7,89.92699999999999,89927.0
6,4,37,6,89.75,89750.0
6,4,38,3,90.05199999999999,90052.0
6,4,39,9,89.77,89770.0
6,4,40,9,89.445,89445.0
6,4,41,2,89.45400000000001,89454.0
6,4,42,5,89.512,89512.0
6,4,43,10,89.443,89443.0
6,4,44,1,89.613,89613.0
6,4,45,9,89.637,89637.0
6,4,46,5,89.52,89520.0
6,4,47,10,89.467,89467.0
6,4,48,1,89.613,89613.0
6,4,49,7,89.374,89374.0
6,4,50,8,89.459,89459.0
6,4,51,8,89.668,89668.0
6,4,52,3,89.632,89632.0
6,4,53,3,89.29599999999999,89296.0
6,4,54,10,89.497,89497.0
6,4,55,2,89.252,89252.0
6,5,1,1,89.52799999999999,89528.0
6,5,2,5,89.78999999999999,89790.0
6,5,3,4,89.60300000000001,89603.0
6,5,4,4,89.818,89818.0
6,5,5,1,89.60300000000001,89603.0
6,5,6,1,89.59,89590.0
6,5,7,7,89.44,89440.0
6,5,8,4,89.59700000000001,89597.0
6,5,9,4,89.592,89592.0
6,5,10,8,89.45400000000001,89454.0
6,5,11,8,89.675,89675.0
6,5,12,3,89.73,89730.0
6,5,13,2,89.649,89649.0
6,5,14,8,89.492,89492.0
6,5,15,8,89.505,89505.0
6,5,16,8,89.80199999999999,89802.0
6,5,17,2,89.639,89639.0
6,5,18,10,89.614,89614.0
6,5,19,10,89.856,89856.0
6,5,20,4,89.493,89493.0
6,5,21,1,89.22,89220.0
6,5,22,1,89.375,89375.0
6,5,23,10,89.34100000000001,89341.0
6,5,24,10,89.188,89188.0
6,5,25,2,89.396,88663.0
6,5,26,7,89.451,89451.0
6,5,27,9,89.47800000000001,89478.0
6,5,28,7,89.21600000000001,89216.0
6,5,29,3,89.407,89407.0
6,5,30,1,89.119,89119.0
6,5,31,1,89.105,89105.0
6,5,32,10,89.2,89200.0
6,5,33,4,89.21000000000001,89210.0
6,5,34,9,89.29599999999999,89296.0
6,5,35,3,89.357,89357.0
6,5,36,10,89.22,89220.0
6,5,37,5,89.264,89264.0
6,5,38,4,89.095,89095.0
6,5,39,1,89.064,89064.0
6,5,40,1,89.112,89112.0
6,5,41,9,89.152,89152.0
6,5,42,2,88.964,88964.0
6,5,43,2,88.96000000000001,88960.0
6,5,44,2,88.93299999999999,88933.0
6,5,45,2,88.914,88914.0
6,5,46,1,89.001,89001.0
6,5,47,1,88.73400000000001,88734.0
6,5,48,2,88.96000000000001,88960.0
6,5,49,4,88.883,88883.0
6,5,50,9,88.86,88860.0
6,5,51,10,88.85300000000001,88853.0
6,5,52,6,88.57900000000001,88579.0
6,5,53,7,88.803,88803.0
6,5,54,1,88.663,88663.0
6,5,55,10,88.969,88969.0
6,6,1,10,89.674,89674.0
6,6,2,10,89.396,89396.0
6,6,3,7,89.666,89666.0
6,6,4,5,89.35300000000001,88663.0
6,6,5,9,89.412,89412.0
6,6,6,4,89.617,89617.0
6,6,7,4,89.432,88663.0
6,6,8,9,89.379,89379.0
6,6,9,2,89.388,89388.0
6,6,10,5,89.479,89479.0
6,6,11,7,89.325,89325.0
6,6,12,9,89.325,89325.0
6,6,13,8,89.494,89494.0
6,6,14,7,89.259,89259.0
6,6,15,6,89.376,89376.0
6,6,16,4,89.506,89506.0
6,6,17,2,89.16499999999999,89165.0
6,6,18,5,89.275,89275.0
6,6,19,2,89.267,89267.0
6,6,20,7,89.243,89243.0
6,6,21,5,88.849,88849.0
6,6,22,1,88.936,88936.0
6,6,23,3,89.101,89101.0
6,6,24,2,89.071,89071.0
6,6,25,2,89.081,89081.0
6,6,26,8,89.144,89144.0
6,6,27,4,89.138,105601.75
6,6,28,9,88.95,88950.0
6,6,29,4,88.82,88820.0
6,6,30,5,88.97200000000001,88972.0
6,6,31,3,89.102,89102.0
6,6,32,8,88.765,88765.0
6,6,33,1,88.81700000000001,88817.0
6,6,34,1,89.0,89000.0
6,6,35,6,89.08500000000001,89085.0
6,6,36,6,88.85900000000001,88859.0
6,6,37,3,89.078,89078.0
6,6,38,8,88.71000000000001,88710.0
6,6,39,7,89.014,89014.0
6,6,40,10,88.62,88620.0
6,6,41,1,88.756,88756.0
6,6,42,3,88.491,88491.0
6,6,43,7,88.622,88622.0
6,6,44,6,88.705,88705.0
6,6,45,4,88.529,88529.0
6,6,46,3,88.615,88615.0
6,6,47,10,88.869,88869.0
6,6,48,3,88.406,88406.0
6,6,49,2,88.449,88449.0
6,6,50,7,88.693,88693.0
6,6,51,7,88.482,88482.0
6,6,52,6,88.48400000000001,88484.0
6,6,53,9,88.586,88586.0
6,6,54,7,88.59700000000001,88597.0
6,6,55,6,88.371,88371.0
6,7,1,10,88.862,88862.0
6,7,2,7,89.152,89152.0
6,7,3,3,89.17699999999999,89177.0
6,7,4,6,89.041,89041.0
6,7,5,3,88.925,88925.0
6,7,6,7,88.928,88928.0
6,7,7,2,89.095,89095.0
6,7,8,6,89.206,89206.0
6,7,9,5,89.065,89065.0
6,7,10,1,88.977,88977.0
6,7,11,6,88.947,88947.0
6,7,12,6,88.95,88950.0
6,7,13,5,89.021,88663.0
6,7,14,6,88.875,88875.0
6,7,15,7,89.049,89049.0
6,7,16,1,88.846,88846.0
6,7,17,10,89.037,89037.0
6,7,18,7,88.951,88951.0
6,7,19,2,89.111,89111.0
6,7,20,5,88.788,88788.0
6,7,21,10,88.914,88914.0
6,7,22,1,88.55799999999999,88558.0
6,7,23,6,88.582,88582.0
6,7,24,7,88.378,88378.0
6,7,25,9,88.628,88628.0
6,7,26,7,88.739,88739.0
6,7,27,1,88.679,88679.0
6,7,28,1,88.699,88699.0
6,7,29,8,88.707,88707.0
6,7,30,2,88.553,88553.0
6,7,31,9,88.338,88338.0
6,7,32,2,88.508,88508.0
6,7,33,2,88.598,88598.0
6,7,34,8,88.519,88519.0
6,7,35,2,88.426,88426.0
6,7,36,4,88.616,88616.0
6,7,37,1,88.605,88605.0
6,7,38,4,88.364,88364.0
6,7,39,10,88.46600000000001,88466.0
6,7,40,5,88.244,88244.0
6,7,41,2,88.294,88294.0
6,7,42,5,88.374,88374.0
6,7,43,4,88.15,88150.0
6,7,44,3,88.337,88337.0
6,7,45,8,88.156,88156.0
6,7,46,8,88.225,88225.0
6,7,47,8,88.06700000000001,88067.0
6,7,48,5,88.255,88255.0
6,7,49,2,88.193,88193.0
6,7,50,2,88.126,88126.0
6,7,51,10,88.27799999999999,88278.0
6,7,52,3,88.217,88217.0
6,7,53,7,88.232,88232.0
6,7,54,9,88.07300000000001,88073.0
6,7,55,7,87.907,87907.0
6,8,1,9,90.062,90062.0
6,8,2,5,90.155,90155.0
6,8,3,7,90.233,90233.0
6,8,4,2,90.137,90137.0
6,8,5,3,90.17,90170.0
6,8,6,6,90.201,90201.0
6,8,7,6,90.065,90065.0
6,8,8,9,90.321,90321.0
6,8,9,6,90.417,90417.0
6,8,10,10,89.951,89951.0
6,8,11,4,90.009,90009.0
6,8,12,9,90.255,90255.0
6,8,13,10,89.941,89941.0
6,8,14,8,90.102,90102.0
6,8,15,9,90.174,105601.75
6,8,16,10,89.875,89875.0
6,8,17,7,90.129,90129.0
6,8,18,7,90.036,90036.0
6,8,19,4,90.087,90087.0
6,8,20,10,89.689,89689.0
6,8,21,5,89.905,89905.0
6,8,22,2,89.833,89833.0
6,8,23,2,89.946,89946.0
6,8,24,1,89.69200000000001,89692.0
6,8,25,4,89.769,89769.0
6,8,26,1,89.836,89836.0
6,8,27,10,89.712,89712.0
6,8,28,9,89.73400000000001,89734.0
6,8,29,10,89.739,89739.0
6,8,30,4,89.757,89757.0
6,8,31,2,89.758,89758.0
6,8,32,3,89.672,89672.0
6,8,33,8,89.6,89600.0
6,8,34,9,89.638,89638.0
6,8,35,10,89.873,89873.0
6,8,36,7,89.738,89738.0
6,8,37,2,89.7,89700.0
6,8,38,4,89.495,89495.0
6,8,39,9,89.612,89612.0
6,8,40,8,89.418,89418.0
6,8,41,6,89.439,89439.0
6,8,42,1,89.291,89291.0
6,8,43,5,89.28399999999999,89284.0
6,8,44,10,89.451,89451.0
6,8,45,8,89.303,89303.0
6,8,46,4,89.33,89330.0
6,8,47,2,89.338,89338.0
6,8,48,1,89.63,89630.0
6,8,49,8,89.34100000000001,89341.0
6,8,50,5,89.108,89108.0
6,8,51,7,89.244,89244.0
6,8,52,1,89.343,89343.0
6,8,53,7,88.76,88760.0
6,8,54,5,89.508,89508.0
6,8,55,7,89.031,89031.0
6,9,1,4,89.813,89813.0
6,9,2,10,89.858,89858.0
6,9,3,2,89.476,89476.0
6,9,4,9,89.605,89605.0
6,9,5,9,89.507,89507.0
6,9,6,9,89.738,89738.0
6,9,7,10,89.511,89511.0
6,9,8,5,89.747,89747.0
6,9,9,4,89.601,89601.0
6,9,10,2,89.424,89424.0
6,9,11,2,89.611,89611.0
6,9,12,7,89.663,89663.0
6,9,13,6,89.68,89680.0
6,9,14,7,89.595,89595.0
6,9,15,8,89.65299999999999,89653.0
6,9,16,7,89.599,89599.0
6,9,17,7,89.64099999999999,89641.0
6,9,18,6,89.517,89517.0
6,9,19,8,89.649,89649.0
6,9,20,9,89.385,89385.0
6,9,21,9,89.334,89334.0
6,9,22,6,89.283,89283.0
6,9,23,6,89.253,89253.0
6,9,24,8,89.352,89352.0
6,9,25,3,89.326,89326.0
6,9,26,4,89.227,89227.0
6,9,27,4,89.51,89510.0
6,9,28,5,89.169,89169.0
6,9,29,5,89.14699999999999,89147.0
6,9,30,8,89.44200000000001,89442.0
6,9,31,5,89.41499999999999,89415.0
6,9,32,2,89.135,89135.0
6,9,33,4,89.452,89452.0
6,9,34,6,89.194,89194.0
6,9,35,9,89.39099999999999,89391.0
6,9,36,3,89.475,89475.0
6,9,37,7,89.232,89232.0
6,9,38,6,89.121,89121.0
6,9,39,9,88.965,88965.0
6,9,40,6,89.076,89076.0
6,9,41,3,89.002,89002.0
6,9,42,4,88.803,88803.0
6,9,43,7,88.94200000000001,88942.0
6,9,44,6,88.958,88958.0
6,9,45,8,88.918,88918.0
6,9,46,10,88.994,88994.0
6,9,47,10,88.507,88507.0
6,9,48,8,89.18299999999999,89183.0
6,9,49,2,88.685,88685.0
6,9,50,1,88.857,88857.0
6,9,51,7,88.795,88795.0
6,9,52,9,88.899,88899.0
6,9,53,5,88.85300000000001,88853.0
6,9,54,6,88.828,88828.0
6,9,55,6,89.2,89200.0
6,10,1,4,89.127,89127.0
6,10,2,6,88.959,88959.0
6,10,3,3,88.723,88723.0
6,10,4,1,88.993,88993.0
6,10,5,2,88.717,88717.0
6,10,6,5,89.05799999999999,89058.0
6,10,7,2,89.05,89050.0
6,10,8,3,88.976,88976.0
6,10,9,4,88.961,88961.0
6,10,10,8,88.995,88995.0
6,10,11,10,88.702,88702.0
6,10,12,4,88.786,88786.0
6,10,13,3,88.913,88913.0
6,10,14,10,88.89699999999999,88897.0
6,10,15,1,88.988,88988.0
6,10,16,4,88.738,88738.0
6,10,17,6,88.733,88733.0
6,10,18,7,88.804,88804.0
6,10,19,8,88.40899999999999,88409.0
6,10,20,5,88.86,88860.0
6,10,21,6,88.491,88491.0
6,10,22,6,88.786,88786.0
6,10,23,1,88.562,88562.0
6,10,24,9,88.48,88480.0
6,10,25,5,88.518,88518.0
6,10,26,2,88.53999999999999,88540.0
6,10,27,7,88.58500000000001,88585.0
6,10,28,8,88.5,88500.0
6,10,29,10,88.803,88803.0
6,10,30,6,88.52799999999999,88528.0
6,10,31,3,88.503,88503.0
6,10,32,7,88.632,88632.0
6,10,33,8,88.43299999999999,88433.0
6,10,34,3,88.274,88274.0
6,10,35,3,88.388,88388.0
6,10,36,2,88.436,88436.0
6,10,37,8,88.499,88499.0
6,10,38,5,88.31700000000001,88317.0
6,10,39,2,88.583,88583.0
6,10,40,7,88.306,88306.0
6,10,41,9,88.10900000000001,88109.0
6,10,42,7,88.289,88289.0
6,10,43,3,88.193,88193.0
6,10,44,3,88.411,88411.0
6,10,45,6,88.037,88037.0
6,10,46,7,88.172,88663.0
6,10,47,7,87.947,87947.0
6,10,48,7,88.19,88190.0
6,10,49,6,88.061,88061.0
6,10,50,9,88.045,88045.0
6,10,51,1,88.064,88064.0
6,10,52,6,88.007,88007.0
6,10,53,7,88.293,88293.0
6,10,54,10,88.114,88114.0
6,10,55,4,88.156,88156.0
7,1,1,4,93.541,93541.0
7,1,2,1,93.488,93488.0
7,1,3,2,93.26400000000001,93264.0
7,1,4,10,93.40100000000001,93401.0
7,1,5,4,93.481,93481.0
7,1,6,4,93.407,93407.0
7,1,7,10,93.435,93435.0
7,1,8,6,93.519,93519.0
7,1,9,7,93.626,93626.0
7,1,10,4,93.56,93560.0
7,1,11,6,93.61099999999999,93611.0
7,1,12,1,93.425,93425.0
7,1,13,10,93.542,93542.0
7,1,14,5,93.491,93491.0
7,1,15,7,93.22999999999999,93230.0
7,1,16,10,93.364,93364.0
7,1,17,1,93.483,93483.0
7,1,18,4,93.517,93517.0
7,1,19,1,93.531,93531.0
7,1,20,9,93.27000000000001,93270.0
7,1,21,1,92.993,92993.0
7,1,22,2,93.053,93053.0
7,1,23,6,93.15899999999999,93159.0
7,1,24,1,92.89500000000001,92895.0
7,1,25,10,93.051,93051.0
7,1,26,9,93.132,93132.0
7,1,27,4,93.311,93311.0
7,1,28,8,93.35499999999999,93355.0
7,1,29,2,93.074,93074.0
7,1,30,7,92.89099999999999,92891.0
7,1,31,10,93.17,93170.0
7,1,32,2,92.951,92951.0
7,1,33,8,93.175,93175.0
7,1,34,10,93.149,93149.0
7,1,35,8,92.962,92962.0
7,1,36,2,92.99000000000001,92990.0
7,1,37,2,93.083,93083.0
7,1,38,9,93.025,93025.0
7,1,39,6,93.21000000000001,93210.0
7,1,40,10,92.697,92697.0
7,1,41,1,92.816,92816.0
7,1,42,5,92.949,92949.0
7,1,43,4,92.843,92843.0
7,1,44,9,92.667,92667.0
7,1,45,8,92.75399999999999,92754.0
7,1,46,3,92.729,92729.0
7,1,47,8,92.72399999999999,92724.0
7,1,48,1,92.622,92622.0
7,1,49,9,92.634,92634.0
7,1,50,4,92.851,92851.0
7,1,51,5,92.608,92608.0
7,1,52,6,92.525,92525.0
7,1,53,1,92.707,92707.0
7,1,54,9,92.80799999999999,92808.0
7,1,55,4,92.62899999999999,92629.0
7,1,56,1,92.57900000000001,92579.0
7,2,1,4,94.702,94702.0
7,2,2,4,94.79599999999999,94796.0
7,2,3,10,94.872,94872.0
7,2,4,1,94.813,94813.0
7,2,5,2,94.702,94702.0
7,2,6,8,94.747,94747.0
7,2,7,7,94.57900000000001,94579.0
7,2,8,2,94.62100000000001,94621.0
7,2,9,9,94.844,94844.0
7,2,10,2,94.774,94774.0
7,2,11,6,94.51599999999999,94516.0
7,2,12,7,94.551,94551.0
7,2,13,9,94.387,94387.0
7,2,14,9,94.86,94860.0
7,2,15,4,94.806,94806.0
7,2,16,1,94.59,94590.0
7,2,17,2,95.074,105601.75
7,2,18,2,94.408,94408.0
7,2,19,10,94.456,94456.0
7,2,20,1,94.476,94476.0
7,2,21,7,94.432,94432.0
7,2,22,8,94.299,94299.0
7,2,23,2,94.227,94227.0
7,2,24,8,94.542,94542.0
7,2,25,5,94.21600000000001,94216.0
7,2,26,1,94.568,94568.0
7,2,27,2,94.598,94598.0
7,2,28,7,94.507,88663.0
7,2,29,1,94.343,94343.0
7,2,30,3,94.35900000000001,94359.0
7,2,31,10,94.38900000000001,94389.0
7,2,32,5,94.35,94350.0
7,2,33,4,94.315,94315.0
7,2,34,5,94.469,94469.0
7,2,35,1,94.257,94257.0
7,2,36,2,94.229,94229.0
7,2,37,7,94.12,94120.0
7,2,38,3,94.191,94191.0
7,2,39,4,94.24799999999999,94248.0
7,2,40,1,94.10900000000001,94109.0
7,2,41,2,94.08500000000001,94085.0
7,2,42,4,93.989,93989.0
7,2,43,8,94.02199999999999,94022.0
7,2,44,9,93.93299999999999,93933.0
7,2,45,3,94.095,94095.0
7,2,46,9,94.006,94006.0
7,2,47,2,93.85300000000001,93853.0
7,2,48,8,93.78399999999999,93784.0
7,2,49,2,94.146,94146.0
7,2,50,3,93.969,93969.0
7,2,51,7,93.964,93964.0
7,2,52,8,93.922,93922.0
7,2,53,4,93.994,93994.0
7,2,54,8,93.554,93554.0
7,2,55,9,93.78399999999999,93784.0
7,2,56,10,93.726,93726.0
7,3,1,1,93.874,93874.0
7,3,2,2,93.562,93562.0
7,3,3,6,93.715,93715.0
7,3,4,7,93.71600000000001,93716.0
7,3,5,7,93.702,93702.0
7,3,6,7,93.785,93785.0
7,3,7,10,93.763,93763.0
7,3,8,8,93.706,93706.0
7,3,9,5,93.78999999999999,93790.0
7,3,10,6,93.41499999999999,93415.0
7,3,11,8,93.866,93866.0
7,3,12,10,93.836,93836.0
7,3,13,5,93.619,93619.0
7,3,14,4,93.571,93571.0
7,3,15,9,93.705,93705.0
7,3,16,1,93.53399999999999,93534.0
7,3,17,8,93.87899999999999,93879.0
7,3,18,8,93.608,88663.0
7,3,19,7,93.446,93446.0
7,3,20,3,93.452,93452.0
7,3,21,2,93.457,93457.0
7,3,22,8,93.279,93279.0
7,3,23,1,93.316,93316.0
7,3,24,7,93.239,93239.0
7,3,25,2,93.176,93176.0
7,3,26,1,93.55,93550.0
7,3,27,6,93.381,93381.0
7,3,28,9,93.231,93231.0
7,3,29,7,93.259,93259.0
7,3,30,10,93.411,93411.0
7,3,31,1,93.167,93167.0
7,3,32,5,93.282,93282.0
7,3,33,8,93.26599999999999,93266.0
7,3,34,10,93.307,93307.0
7,3,35,3,93.282,93282.0
7,3,36,4,93.309,93309.0
7,3,37,7,93.08500000000001,93085.0
7,3,38,5,93.1,93100.0
7,3,39,5,93.047,93047.0
7,3,40,1,93.055,93055.0
7,3,41,2,92.961,92961.0
7,3,42,9,92.632,92632.0
7,3,43,5,92.828,92828.0
7,3,44,5,93.174,93174.0
7,3,45,5,92.822,92822.0
7,3,46,10,92.64699999999999,92647.0
7,3,47,9,92.771,92771.0
7,3,48,1,92.767,92767.0
7,3,49,1,92.981,92981.0
7,3,50,1,92.965,92965.0
7,3,51,9,92.789,92789.0
7,3,52,1,92.89,92890.0
7,3,53,2,92.815,92815.0
7,3,54,2,92.785,92785.0
7,3,55,2,92.961,92961.0
7,3,56,7,92.95,92950.0
7,4,1,5,93.462,93462.0
7,4,2,8,93.352,93352.0
7,4,3,5,93.602,93602.0
7,4,4,2,93.262,88663.0
7,4,5,9,93.354,93354.0
7,4,6,9,93.352,93352.0
7,4,7,5,93.51599999999999,93516.0
7,4,8,9,93.501,93501.0
7,4,9,1,93.346,93346.0
7,4,10,7,93.19800000000001,93198.0
7,4,11,3,93.423,93423.0
7,4,12,4,93.50999999999999,93510.0
7,4,13,8,93.331,93331.0
7,4,14,5,93.36,93360.0
7,4,15,1,93.156,93156.0
7,4,16,8,93.412,93412.0
7,4,17,6,93.189,88663.0
7,4,18,4,93.05799999999999,93058.0
7,4,19,9,93.47399999999999,93474.0
7,4,20,9,93.253,93253.0
7,4,21,10,93.28,93280.0
7,4,22,2,93.031,93031.0
7,4,23,8,92.97399999999999,92974.0
7,4,24,8,92.958,92958.0
7,4,25,3,92.765,92765.0
7,4,26,10,93.15899999999999,93159.0
7,4,27,5,92.96000000000001,92960.0
7,4,28,4,92.911,92911.0
7,4,29,8,92.838,92838.0
7,4,30,5,92.94800000000001,92948.0
7,4,31,9,93.215,93215.0
7,4,32,9,92.757,92757.0
7,4,33,2,92.824,92824.0
7,4,34,9,93.059,88663.0
7,4,35,2,92.856,92856.0
7,4,36,1,92.93299999999999,92933.0
7,4,37,6,93.11,93110.0
7,4,38,7,92.97399999999999,92974.0
7,4,39,7,92.58,92580.0
7,4,40,8,92.644,92644.0
7,4,41,9,92.803,92803.0
7,4,42,4,92.414,92414.0
7,4,43,2,92.48400000000001,92484.0
7,4,44,3,92.825,92825.0
7,4,45,5,92.52000000000001,92520.0
7,4,46,5,92.608,92608.0
7,4,47,5,92.46600000000001,92466.0
7,4,48,3,92.592,92592.0
7,4,49,5,92.34700000000001,92347.0
7,4,50,6,92.52600000000001,92526.0
7,4,51,8,92.39,92390.0
7,4,52,1,92.584,92584.0
7,4,53,9,92.75399999999999,92754.0
7,4,54,9,92.512,92512.0
7,4,55,7,92.63499999999999,92635.0
7,4,56,6,92.36500000000001,92365.0
7,5,1,6,93.517,93517.0
7,5,2,4,93.348,93348.0
7,5,3,5,93.299,93299.0
7,5,4,2,93.118,93118.0
7,5,5,7,93.475,93475.0
7,5,6,5,93.42099999999999,93421.0
7,5,7,2,93.21600000000001,93216.0
7,5,8,8,93.268,93268.0
7,5,9,4,93.199,93199.0
7,5,10,10,93.38499999999999,93385.0
7,5,11,7,93.283,93283.0
7,5,12,3,93.21600000000001,93216.0
7,5,13,3,93.241,93241.0
7,5,14,3,93.343,93343.0
7,5,15,2,93.143,93143.0
7,5,16,9,93.18,93180.0
7,5,17,7,93.213,93213.0
7,5,18,2,93.205,93205.0
7,5,19,2,93.158,93158.0
7,5,20,2,93.053,93053.0
7,5,21,5,92.85900000000001,92859.0
7,5,22,2,92.931,92931.0
7,5,23,2,93.02600000000001,93026.0
7,5,24,2,93.131,93131.0
7,5,25,5,92.887,92887.0
7,5,26,8,92.878,92878.0
7,5,27,6,92.732,92732.0
7,5,28,9,92.818,92818.0
7,5,29,2,93.00999999999999,93010.0
7,5,30,1,92.80799999999999,92808.0
7,5,31,2,93.005,93005.0
7,5,32,8,93.001,93001.0
7,5,33,5,92.74000000000001,92740.0
7,5,34,7,93.05199999999999,93052.0
7,5,35,4,92.85499999999999,92855.0
7,5,36,8,92.904,92904.0
7,5,37,6,92.931,92931.0
7,5,38,6,92.82900000000001,92829.0
7,5,39,4,92.905,92905.0
7,5,40,3,92.548,92548.0
7,5,41,2,92.404,92404.0
7,5,42,4,92.463,92463.0
7,5,43,5,92.57900000000001,92579.0
7,5,44,8,92.436,92436.0
7,5,45,3,92.512,92512.0
7,5,46,2,92.55,92550.0
7,5,47,10,92.626,92626.0
7,5,48,2,92.458,92458.0
7,5,49,4,92.519,92519.0
7,5,50,2,92.531,92531.0
7,5,51,7,92.83,88663.0
7,5,52,4,92.436,92436.0
7,5,53,9,92.531,92531.0
7,5,54,9,92.551,92551.0
7,5,55,7,92.168,92168.0
7,5,56,10,92.727,92727.0
7,6,1,9,93.35900000000001,93359.0
7,6,2,6,93.618,93618.0
7,6,3,2,93.426,93426.0
7,6,4,8,93.399,93399.0
7,6,5,1,93.44800000000001,93448.0
7,6,6,6,93.588,93588.0
7,6,7,8,93.713,93713.0
7,6,8,9,93.411,93411.0
7,6,9,8,93.59700000000001,93597.0
7,6,10,10,93.505,93505.0
7,6,11,1,93.575,93575.0
7,6,12,1,93.456,93456.0
7,6,13,5,93.479,93479.0
7,6,14,3,93.63900000000001,93639.0
7,6,15,1,93.38900000000001,93389.0
7,6,16,5,93.27799999999999,93278.0
7,6,17,1,93.49799999999999,93498.0
7,6,18,10,93.343,93343.0
7,6,19,1,93.37700000000001,93377.0
7,6,20,7,93.15,93150.0
7,6,21,4,93.417,93417.0
7,6,22,3,93.049,93049.0
7,6,23,6,93.215,93215.0
7,6,24,2,93.25800000000001,93258.0
7,6,25,7,93.09700000000001,93097.0
7,6,26,5,92.85499999999999,92855.0
7,6,27,3,92.866,92866.0
7,6,28,6,93.098,93098.0
7,6,29,3,92.881,92881.0
7,6,30,6,93.03999999999999,93040.0
7,6,31,2,93.0,93000.0
7,6,32,1,93.095,93095.0
7,6,33,7,92.916,92916.0
7,6,34,6,93.14699999999999,93147.0
7,6,35,1,93.039,93039.0
7,6,36,2,93.066,93066.0
7,6,37,3,92.982,92982.0
7,6,38,2,92.875,92875.0
7,6,39,10,93.213,93213.0
7,6,40,7,92.904,92904.0
7,6,41,1,92.686,92686.0
7,6,42,10,92.789,92789.0
7,6,43,10,92.83,92830.0
7,6,44,3,92.814,92814.0
7,6,45,3,92.898,92898.0
7,6,46,1,92.673,92673.0
7,6,47,3,92.598,88663.0
7,6,48,3,92.858,92858.0
7,6,49,8,92.524,92524.0
7,6,50,1,92.83,92830.0
7,6,51,5,92.70400000000001,92704.0
7,6,52,2,92.56700000000001,92567.0
7,6,53,10,92.628,92628.0
7,6,54,8,92.622,92622.0
7,6,55,2,92.384,92384.0
7,6,56,10,92.628,92628.0
7,7,1,7,93.703,93703.0
7,7,2,3,93.666,93666.0
7,7,3,2,93.82900000000001,93829.0
7,7,4,2,93.557,93557.0
7,7,5,10,93.759,93759.0
7,7,6,7,93.55,93550.0
7,7,7,7,93.65899999999999,93659.0
7,7,8,7,93.62700000000001,93627.0
7,7,9,1,93.741,93741.0
7,7,10,6,93.60300000000001,93603.0
7,7,11,4,93.489,93489.0
7,7,12,5,93.827,93827.0
7,7,13,5,93.61699999999999,93617.0
7,7,14,10,93.563,93563.0
7,7,15,10,93.40100000000001,93401.0
7,7,16,7,93.74799999999999,93748.0
7,7,17,4,93.559,93559.0
7,7,18,5,93.557,88663.0
7,7,19,1,93.556,93556.0
7,7,20,10,92.99199999999999,92992.0
7,7,21,7,93.32900000000001,93329.0
7,7,22,3,93.475,93475.0
7,7,23,4,93.404,93404.0
7,7,24,9,93.429,93429.0
7,7,25,5,93.241,93241.0
7,7,26,1,93.288,93288.0
7,7,27,9,93.232,93232.0
7,7,28,2,93.289,88663.0
7,7,29,9,93.265,93265.0
7,7,30,8,93.364,93364.0
7,7,31,2,93.318,93318.0
7,7,32,3,93.289,93289.0
7,7,33,5,93.229,93229.0
7,7,34,8,93.189,93189.0
7,7,35,2,93.196,93196.0
7,7,36,2,93.37899999999999,93379.0
7,7,37,4,93.175,93175.0
7,7,38,5,93.344,93344.0
7,7,39,1,93.256,93256.0
7,7,40,3,92.874,92874.0
7,7,41,3,92.944,92944.0
7,7,42,1,92.81700000000001,92817.0
7,7,43,3,92.904,92904.0
7,7,44,10,92.83500000000001,92835.0
7,7,45,4,92.981,92981.0
7,7,46,3,92.981,92981.0
7,7,47,7,92.82300000000001,92823.0
7,7,48,1,92.858,92858.0
7,7,49,3,92.69200000000001,92692.0
7,7,50,8,92.85,92850.0
7,7,51,10,93.136,93136.0
7,7,52,8,92.902,92902.0
7,7,53,7,92.838,92838.0
7,7,54,1,92.68,92680.0
7,7,55,8,92.584,92584.0
7,7,56,4,92.779,92779.0
7,8,1,6,93.547,93547.0
7,8,2,6,93.452,93452.0
7,8,3,2,93.44800000000001,93448.0
7,8,4,6,93.352,93352.0
7,8,5,3,93.557,93557.0
7,8,6,5,93.29599999999999,93296.0
7,8,7,4,93.41499999999999,93415.0
7,8,8,2,93.175,93175.0
7,8,9,8,93.399,93399.0
7,8,10,8,93.45,93450.0
7,8,11,1,93.655,93655.0
7,8,12,2,93.554,93554.0
7,8,13,3,93.708,93708.0
7,8,14,4,93.38300000000001,93383.0
7,8,15,7,93.473,93473.0
7,8,16,7,93.36099999999999,93361.0
7,8,17,10,93.262,93262.0
7,8,18,9,93.25399999999999,93254.0
7,8,19,6,93.241,93241.0
7,8,20,7,93.059,93059.0
7,8,21,1,92.837,92837.0
7,8,22,9,92.922,92922.0
7,8,23,1,92.946,92946.0
7,8,24,10,93.07,93070.0
7,8,25,5,93.164,93164.0
7,8,26,5,93.156,93156.0
7,8,27,2,93.093,93093.0
7,8,28,9,93.144,93144.0
7,8,29,1,93.114,93114.0
7,8,30,3,93.148,93148.0
7,8,31,5,92.706,88663.0
7,8,32,8,92.943,92943.0
7,8,33,3,93.11,88663.0
7,8,34,7,92.78999999999999,92790.0
7,8,35,4,93.125,93125.0
7,8,36,5,92.811,92811.0
7,8,37,5,92.912,92912.0
7,8,38,6,92.745,92745.0
7,8,39,2,93.00200000000001,93002.0
7,8,40,2,92.80199999999999,92802.0
7,8,41,1,92.616,92616.0
7,8,42,7,92.656,92656.0
7,8,43,7,92.854,92854.0
7,8,44,8,92.529,92529.0
7,8,45,4,92.636,92636.0
7,8,46,5,92.59700000000001,92597.0
7,8,47,4,92.60499999999999,92605.0
7,8,48,5,92.62,92620.0
7,8,49,1,92.679,92679.0
7,8,50,4,92.541,92541.0
7,8,51,2,92.568,92568.0
7,8,52,8,92.37100000000001,92371.0
7,8,53,6,92.62700000000001,92627.0
7,8,54,6,92.715,92715.0
7,8,55,5,92.62700000000001,92627.0
7,8,56,1,92.426,92426.0
7,9,1,10,94.318,94318.0
7,9,2,1,94.108,94108.0
7,9,3,1,94.119,94119.0
7,9,4,6,94.07,94070.0
7,9,5,2,94.24199999999999,94242.0
7,9,6,1,94.337,94337.0
7,9,7,6,94.262,94262.0
7,9,8,10,94.37299999999999,94373.0
7,9,9,4,94.298,94298.0
7,9,10,8,94.25999999999999,94260.0
7,9,11,9,94.293,94293.0
7,9,12,3,94.334,94334.0
7,9,13,6,94.37700000000001,94377.0
7,9,14,10,94.161,94161.0
7,9,15,9,94.187,94187.0
7,9,16,7,94.087,94087.0
7,9,17,5,94.351,94351.0
7,9,18,9,94.155,94155.0
7,9,19,1,94.261,94261.0
7,9,20,6,94.02199999999999,94022.0
7,9,21,1,93.76599999999999,93766.0
7,9,22,6,93.913,93913.0
7,9,23,1,93.98599999999999,93986.0
7,9,24,6,93.604,93604.0
7,9,25,3,93.76599999999999,93766.0
7,9,26,4,93.89500000000001,93895.0
7,9,27,3,94.082,94082.0
7,9,28,1,93.881,93881.0
7,9,29,1,93.86,93860.0
7,9,30,5,93.785,93785.0
7,9,31,3,93.831,93831.0
7,9,32,9,94.00999999999999,94010.0
7,9,33,7,93.87899999999999,93879.0
7,9,34,6,93.81,88663.0
7,9,35,6,93.87700000000001,93877.0
7,9,36,8,93.743,93743.0
7,9,37,10,93.721,93721.0
7,9,38,2,93.749,93749.0
7,9,39,3,93.729,93729.0
7,9,40,5,93.545,93545.0
7,9,41,3,93.506,93506.0
7,9,42,8,93.543,93543.0
7,9,43,7,93.601,88663.0
7,9,44,5,93.57,93570.0
7,9,45,7,93.467,93467.0
7,9,46,3,93.362,93362.0
7,9,47,8,93.408,93408.0
7,9,48,6,93.37700000000001,93377.0
7,9,49,6,93.475,93475.0
7,9,50,2,93.256,93256.0
7,9,51,4,93.54599999999999,93546.0
7,9,52,7,93.339,88663.0
7,9,53,5,93.3,93300.0
7,9,54,1,93.588,93588.0
7,9,55,8,93.36699999999999,93367.0
7,9,56,1,93.536,93536.0
7,10,1,2,93.46600000000001,93466.0
7,10,2,4,93.57900000000001,93579.0
7,10,3,1,93.631,93631.0
7,10,4,5,93.705,93705.0
7,10,5,4,93.844,93844.0
7,10,6,10,93.441,88663.0
7,10,7,5,93.45,93450.0
7,10,8,5,93.575,93575.0
7,10,9,8,93.393,93393.0
7,10,10,3,93.461,93461.0
7,10,11,3,93.763,93763.0
7,10,12,2,93.54599999999999,93546.0
7,10,13,4,93.62,93620.0
7,10,14,1,93.634,93634.0
7,10,15,4,93.49199999999999,93492.0
7,10,16,4,93.509,93509.0
7,10,17,5,93.47999999999999,93480.0
7,10,18,7,93.642,93642.0
7,10,19,4,93.425,93425.0
7,10,20,6,93.113,93113.0
7,10,21,2,93.457,93457.0
7,10,22,3,93.256,93256.0
7,10,23,9,93.189,93189.0
7,10,24,4,93.336,93336.0
7,10,25,10,93.412,93412.0
7,10,26,1,93.175,93175.0
7,10,27,1,93.238,93238.0
7,10,28,9,93.089,93089.0
7,10,29,9,93.062,93062.0
7,10,30,5,93.22200000000001,93222.0
7,10,31,5,92.95400000000001,92954.0
7,10,32,7,93.358,88663.0
7,10,33,10,93.30199999999999,93302.0
7,10,34,1,92.99199999999999,92992.0
7,10,35,2,93.207,93207.0
7,10,36,2,93.277,88663.0
7,10,37,9,93.11,93110.0
7,10,38,7,92.92,92920.0
7,10,39,8,93.22999999999999,93230.0
7,10,40,6,92.832,92832.0
7,10,41,1,92.699,92699.0
7,10,42,5,92.937,92937.0
7,10,43,9,93.062,93062.0
7,10,44,9,92.768,92768.0
7,10,45,5,92.711,92711.0
7,10,46,8,93.0,93000.0
7,10,47,5,92.72200000000001,92722.0
7,10,48,8,92.87100000000001,92871.0
7,10,49,1,92.839,92839.0
7,10,50,3,92.87100000000001,92871.0
7,10,51,2,92.782,92782.0
7,10,52,8,92.85900000000001,92859.0
7,10,53,6,92.75,92750.0
7,10,54,4,92.832,92832.0
7,10,55,6,92.744,92744.0
7,10,56,10,92.689,92689.0
8,1,1,10,91.893,91893.0
8,1,2,4,91.605,91605.0
8,1,3,10,91.489,91489.0
8,1,4,8,91.52799999999999,91528.0
8,1,5,10,91.601,91601.0
8,1,6,6,91.792,91792.0
8,1,7,9,91.735,91735.0
8,1,8,7,91.45,91450.0
8,1,9,3,91.765,88663.0
8,1,10,3,91.44,91440.0
8,1,11,3,91.35300000000001,91353.0
8,1,12,10,91.382,91382.0
8,1,13,8,91.474,91474.0
8,1,14,6,91.496,91496.0
8,1,15,10,91.576,91576.0
8,1,16,6,91.533,91533.0
8,1,17,9,91.747,91747.0
8,1,18,6,91.555,91555.0
8,1,19,8,91.313,91313.0
8,1,20,3,91.196,91196.0
8,1,21,9,91.371,91371.0
8,1,22,1,91.31,91310.0
8,1,23,8,91.309,91309.0
8,1,24,8,91.352,91352.0
8,1,25,1,91.122,91122.0
8,1,26,10,91.158,91158.0
8,1,27,10,91.239,91239.0
8,1,28,4,91.195,91195.0
8,1,29,9,91.05199999999999,91052.0
8,1,30,1,91.178,91178.0
8,1,31,10,91.1,91100.0
8,1,32,2,91.173,91173.0
8,1,33,3,91.075,91075.0
8,1,34,6,91.02,91020.0
8,1,35,9,91.414,91414.0
8,1,36,8,91.158,91158.0
8,1,37,6,91.258,91258.0
8,1,38,8,90.80199999999999,90802.0
8,1,39,6,91.053,91053.0
8,1,40,6,90.824,90824.0
8,1,41,8,90.87,90870.0
8,1,42,5,90.7,90700.0
8,1,43,3,90.877,90877.0
8,1,44,1,90.863,90863.0
8,1,45,10,90.75,88663.0
8,1,46,10,90.792,90792.0
8,1,47,8,91.01,91010.0
8,1,48,3,90.878,90878.0
8,1,49,6,90.774,90774.0
8,1,50,1,90.849,90849.0
8,1,51,6,90.729,90729.0
8,1,52,10,90.389,90389.0
8,1,53,10,90.902,90902.0
8,1,54,5,90.967,90967.0
8,1,55,7,90.731,90731.0
8,2,1,2,90.385,90385.0
8,2,2,7,90.34100000000001,90341.0
8,2,3,1,90.42099999999999,105601.75
8,2,4,10,90.526,90526.0
8,2,5,4,90.375,90375.0
8,2,6,4,90.355,90355.0
8,2,7,10,90.355,90355.0
8,2,8,10,90.455,90455.0
8,2,9,10,90.25,90250.0
8,2,10,5,90.348,90348.0
8,2,11,4,90.354,90354.0
8,2,12,9,90.304,90304.0
8,2,13,4,90.419,90419.0
8,2,14,5,90.289,90289.0
8,2,15,1,90.327,90327.0
8,2,16,3,90.176,90176.0
8,2,17,2,90.287,90287.0
8,2,18,9,90.157,90157.0
8,2,19,4,90.231,90231.0
8,2,20,5,90.14,90140.0
8,2,21,8,90.008,90008.0
8,2,22,3,90.023,90023.0
8,2,23,4,89.85900000000001,89859.0
8,2,24,5,89.82,89820.0
8,2,25,4,89.85900000000001,89859.0
8,2,26,2,89.892,89892.0
8,2,27,3,90.027,90027.0
8,2,28,9,90.055,90055.0
8,2,29,10,89.832,89832.0
8,2,30,7,89.95400000000001,89954.0
8,2,31,3,90.219,90219.0
8,2,32,3,89.86,89860.0
8,2,33,4,90.006,90006.0
8,2,34,5,89.72,89720.0
8,2,35,5,89.806,89806.0
8,2,36,8,89.849,89849.0
8,2,37,7,89.852,89852.0
8,2,38,5,90.05199999999999,90052.0
8,2,39,8,89.705,89705.0
8,2,40,1,89.753,88663.0
8,2,41,9,89.616,89616.0
8,2,42,6,89.45,89450.0
8,2,43,4,89.576,89576.0
8,2,44,1,89.62,105601.75
8,2,45,2,89.419,89419.0
8,2,46,4,89.593,89593.0
8,2,47,6,89.594,89594.0
8,2,48,6,89.511,89511.0
8,2,49,8,89.468,89468.0
8,2,50,9,89.524,89524.0
8,2,51,5,89.529,89529.0
8,2,52,7,89.289,89289.0
8,2,53,8,89.456,89456.0
8,2,54,4,89.532,89532.0
8,2,55,6,89.651,89651.0
8,3,1,4,90.856,90856.0
8,3,2,7,90.615,90615.0
8,3,3,5,90.80799999999999,90808.0
8,3,4,5,90.661,90661.0
8,3,5,1,90.468,90468.0
8,3,6,2,90.89699999999999,90897.0
8,3,7,4,90.626,90626.0
8,3,8,4,90.764,90764.0
8,3,9,7,90.551,90551.0
8,3,10,1,90.751,90751.0
8,3,11,10,90.637,90637.0
8,3,12,2,90.625,90625.0
8,3,13,8,90.363,90363.0
8,3,14,5,90.739,90739.0
8,3,15,2,90.48400000000001,90484.0
8,3,16,4,90.383,90383.0
8,3,17,5,90.57,90570.0
8,3,18,1,90.38,90380.0
8,3,19,10,90.426,88663.0
8,3,20,7,90.112,90112.0
8,3,21,2,90.28999999999999,90290.0
8,3,22,2,90.208,90208.0
8,3,23,6,90.31700000000001,90317.0
8,3,24,2,90.355,90355.0
8,3,25,7,90.092,90092.0
8,3,26,4,90.218,90218.0
8,3,27,2,90.026,90026.0
8,3,28,6,90.086,90086.0
8,3,29,4,90.16,90160.0
8,3,30,4,90.086,90086.0
8,3,31,7,89.977,89977.0
8,3,32,1,89.97200000000001,89972.0
8,3,33,5,90.132,90132.0
8,3,34,4,89.971,89971.0
8,3,35,2,90.089,90089.0
8,3,36,5,90.082,90082.0
8,3,37,3,90.042,90042.0
8,3,38,4,90.291,90291.0
8,3,39,8,90.009,90009.0
8,3,40,5,89.869,89869.0
8,3,41,9,89.995,89995.0
8,3,42,1,89.769,88663.0
8,3,43,4,89.65299999999999,89653.0
8,3,44,6,89.83,89830.0
8,3,45,10,89.97200000000001,89972.0
8,3,46,7,89.833,89833.0
8,3,47,6,89.862,89862.0
8,3,48,4,89.77199999999999,89772.0
8,3,49,7,89.795,89795.0
8,3,50,10,89.729,89729.0
8,3,51,7,89.624,89624.0
8,3,52,9,89.828,89828.0
8,3,53,1,89.885,89885.0
8,3,54,10,89.59,89590.0
8,3,55,3,89.875,89875.0
8,4,1,1,91.22800000000001,91228.0
8,4,2,10,91.369,91369.0
8,4,3,4,91.386,91386.0
8,4,4,7,91.25,91250.0
8,4,5,4,91.447,91447.0
8,4,6,10,91.057,91057.0
8,4,7,4,91.121,91121.0
8,4,8,4,91.237,91237.0
8,4,9,9,91.17699999999999,91177.0
8,4,10,5,91.064,91064.0
8,4,11,8,91.139,91139.0
8,4,12,8,91.19,91190.0
8,4,13,10,91.06,91060.0
8,4,14,9,91.111,91111.0
8,4,15,8,91.169,91169.0
8,4,16,6,91.002,91002.0
8,4,17,6,91.18,91180.0
8,4,18,7,90.757,90757.0
8,4,19,6,90.982,90982.0
8,4,20,4,90.66499999999999,90665.0
8,4,21,10,90.913,90913.0
8,4,22,8,90.883,90883.0
8,4,23,9,90.855,90855.0
8,4,24,3,90.846,90846.0
8,4,25,1,90.651,90651.0
8,4,26,10,90.65,90650.0
8,4,27,4,90.713,90713.0
8,4,28,7,90.58500000000001,90585.0
8,4,29,4,90.80199999999999,90802.0
8,4,30,4,90.628,90628.0
8,4,31,1,90.83500000000001,90835.0
8,4,32,3,90.521,90521.0
8,4,33,8,90.65,90650.0
8,4,34,6,90.708,90708.0
8,4,35,7,90.495,90495.0
8,4,36,1,90.714,90714.0
8,4,37,1,90.616,90616.0
8,4,38,2,90.614,90614.0
8,4,39,10,90.663,90663.0
8,4,40,10,90.444,90444.0
8,4,41,2,90.248,90248.0
8,5,1,5,91.031,91031.0
8,5,2,1,90.974,90974.0
8,5,3,1,90.998,90998.0
8,5,4,2,91.056,91056.0
8,5,5,4,91.023,91023.0
8,5,6,2,90.987,90987.0
8,5,7,5,91.331,91331.0
8,5,8,6,90.93,90930.0
8,5,9,2,91.40899999999999,91409.0
8,5,10,1,91.057,91057.0
8,5,11,5,91.099,91099.0
8,5,12,8,90.881,90881.0
8,5,13,1,90.957,90957.0
8,5,14,9,90.92099999999999,90921.0
8,5,15,8,91.03399999999999,91034.0
8,5,16,4,91.075,91075.0
8,5,17,5,90.89699999999999,90897.0
8,5,18,6,91.015,91015.0
8,5,19,3,90.95,90950.0
8,5,20,3,90.902,90902.0
8,5,21,7,90.70400000000001,90704.0
8,5,22,2,90.7,90700.0
8,5,23,7,90.512,90512.0
8,5,24,7,90.643,90643.0
8,5,25,10,90.596,88663.0
8,5,26,7,90.679,90679.0
8,5,27,9,90.723,90723.0
8,5,28,8,90.702,90702.0
8,5,29,6,90.45,90450.0
8,5,30,6,90.821,90821.0
8,5,31,3,90.588,90588.0
8,5,32,7,90.549,90549.0
8,5,33,2,90.767,90767.0
8,5,34,2,90.74,90740.0
8,5,35,5,90.553,90553.0
8,5,36,3,90.632,90632.0
8,5,37,2,90.527,90527.0
8,5,38,6,90.583,90583.0
8,5,39,5,90.564,90564.0
8,5,40,4,90.311,90311.0
8,5,41,9,90.20400000000001,90204.0
8,5,42,10,90.355,90355.0
8,5,43,2,90.193,90193.0
8,5,44,10,90.191,90191.0
8,5,45,10,90.368,90368.0
8,5,46,9,90.122,90122.0
8,5,47,6,90.381,90381.0
8,5,48,7,90.154,90154.0
8,5,49,2,90.093,90093.0
8,5,50,5,90.306,90306.0
8,5,51,5,90.287,90287.0
8,5,52,7,90.255,90255.0
8,5,53,4,90.119,90119.0
8,5,54,6,90.076,90076.0
8,5,55,2,90.258,90258.0
8,6,1,8,90.207,90207.0
8,6,2,4,90.382,90382.0
8,6,3,3,90.365,90365.0
8,6,4,3,90.26599999999999,90266.0
8,6,5,6,90.294,90294.0
8,6,6,8,90.12,90120.0
8,6,7,6,90.152,90152.0
8,6,8,9,90.366,90366.0
8,6,9,8,90.375,90375.0
8,6,10,2,90.105,90105.0
8,6,11,6,90.27799999999999,90278.0
8,6,12,5,90.364,90364.0
8,6,13,3,90.221,90221.0
8,6,14,3,90.429,90429.0
8,6,15,1,90.332,90332.0
8,6,16,2,90.07900000000001,90079.0
8,6,17,3,89.90299999999999,89903.0
8,6,18,5,90.041,90041.0
8,6,19,2,90.01,90010.0
8,6,20,4,89.971,89971.0
8,6,21,6,89.852,89852.0
8,6,22,6,89.788,89788.0
8,6,23,7,89.78,89780.0
8,6,24,9,89.876,89876.0
8,6,25,1,89.843,89843.0
8,6,26,5,90.07300000000001,90073.0
8,6,27,4,90.031,90031.0
8,6,28,4,89.731,89731.0
8,6,29,9,89.99,89990.0
8,6,30,8,89.976,105601.75
8,6,31,2,89.899,88663.0
8,6,32,8,89.875,89875.0
8,6,33,7,89.89,89890.0
8,6,34,7,90.031,90031.0
8,6,35,4,89.868,89868.0
8,6,36,8,89.873,89873.0
8,6,37,10,89.839,89839.0
8,6,38,7,89.654,89654.0
8,6,39,9,90.027,90027.0
8,6,40,6,89.49,89490.0
8,6,41,5,89.65,89650.0
8,6,42,6,89.39,89390.0
8,6,43,10,89.646,89646.0
8,6,44,7,89.493,89493.0
8,6,45,3,89.545,89545.0
8,6,46,3,89.424,89424.0
8,6,47,6,89.39099999999999,89391.0
8,6,48,4,89.582,89582.0
8,6,49,4,89.346,89346.0
8,6,50,5,89.417,89417.0
8,6,51,6,89.32900000000001,89329.0
8,6,52,4,89.456,89456.0
8,6,53,5,89.387,89387.0
8,6,54,3,89.414,89414.0
8,6,55,10,89.326,89326.0
8,7,1,5,90.702,90702.0
8,7,2,10,90.929,90929.0
8,7,3,1,90.816,90816.0
8,7,4,9,90.793,90793.0
8,7,5,8,91.083,91083.0
8,7,6,6,90.901,90901.0
8,7,7,1,90.814,90814.0
8,7,8,6,90.718,90718.0
8,7,9,4,90.83500000000001,90835.0
8,7,10,5,90.814,90814.0
8,7,11,4,90.532,90532.0
8,7,12,10,91.007,91007.0
8,7,13,1,90.923,90923.0
8,7,14,6,90.982,90982.0
8,7,15,4,90.888,90888.0
8,7,16,1,90.675,90675.0
8,7,17,8,90.929,90929.0
8,7,18,6,91.083,88663.0
8,7,19,10,90.732,90732.0
8,7,20,4,90.509,90509.0
8,7,21,6,90.68,90680.0
8,7,22,4,90.389,90389.0
8,7,23,3,90.445,90445.0
8,7,24,2,90.348,90348.0
8,7,25,7,90.568,90568.0
8,7,26,8,90.486,90486.0
8,7,27,7,90.538,90538.0
8,7,28,2,90.618,90618.0
8,7,29,7,90.414,90414.0
8,7,30,1,90.52199999999999,90522.0
8,7,31,7,90.604,90604.0
8,7,32,6,90.17699999999999,90177.0
8,7,33,3,90.43,90430.0
8,7,34,3,90.291,90291.0
8,7,35,3,90.425,90425.0
8,7,36,7,90.238,90238.0
8,7,37,10,90.47200000000001,90472.0
8,7,38,4,90.33500000000001,90335.0
8,7,39,3,90.32,90320.0
8,7,40,2,90.123,90123.0
8,7,41,6,90.129,90129.0
8,7,42,7,90.167,90167.0
8,7,43,7,90.26599999999999,90266.0
8,7,44,7,90.178,90178.0
8,7,45,6,90.16,90160.0
8,7,46,4,89.974,89974.0
8,7,47,9,90.047,90047.0
8,7,48,10,89.936,89936.0
8,7,49,1,89.831,89831.0
8,7,50,5,90.017,90017.0
8,7,51,10,90.031,90031.0
8,7,52,1,90.041,90041.0
8,7,53,5,89.97200000000001,89972.0
8,7,54,10,89.996,89996.0
8,7,55,7,90.09100000000001,90091.0
8,8,1,6,90.64099999999999,90641.0
8,8,2,2,90.74,90740.0
8,8,3,10,90.532,90532.0
8,8,4,4,90.638,90638.0
8,8,5,8,90.793,90793.0
8,8,6,7,90.49,90490.0
8,8,7,7,90.928,90928.0
8,8,8,10,90.357,90357.0
8,8,9,3,90.506,90506.0
8,8,10,7,90.596,90596.0
8,8,11,6,90.657,90657.0
8,8,12,8,90.495,88663.0
8,8,13,1,90.654,90654.0
8,8,14,10,90.377,90377.0
8,8,15,5,90.5,90500.0
8,8,16,6,90.48400000000001,90484.0
8,8,17,7,90.36,88663.0
8,8,18,8,90.486,90486.0
8,8,19,8,90.561,90561.0
8,8,20,9,90.27199999999999,90272.0
8,8,21,1,90.066,90066.0
8,8,22,7,90.19200000000001,90192.0
8,8,23,9,90.203,90203.0
8,8,24,9,90.129,90129.0
8,8,25,2,90.37,90370.0
8,8,26,8,90.28999999999999,90290.0
8,8,27,4,90.074,90074.0
8,8,28,8,90.313,90313.0
8,8,29,10,90.189,90189.0
8,8,30,5,90.30799999999999,90308.0
8,8,31,6,90.056,90056.0
8,8,32,10,90.214,90214.0
8,8,33,5,90.01,90010.0
8,8,34,6,90.26599999999999,90266.0
8,8,35,7,90.15299999999999,90153.0
8,8,36,6,90.255,90255.0
8,8,37,7,90.112,90112.0
8,8,38,5,89.971,89971.0
8,8,39,5,90.187,90187.0
8,8,40,4,89.80799999999999,89808.0
8,8,41,1,89.88,89880.0
8,8,42,4,89.762,89762.0
8,8,43,1,89.746,89746.0
8,8,44,3,89.858,89858.0
8,8,45,10,89.789,89789.0
8,8,46,4,89.70400000000001,89704.0
8,8,47,5,89.806,89806.0
8,8,48,6,89.735,89735.0
8,8,49,3,89.876,89876.0
8,8,50,8,89.862,89862.0
8,9,1,7,91.025,91025.0
8,9,2,4,91.032,91032.0
8,9,3,5,90.943,90943.0
8,9,4,6,90.941,90941.0
8,9,5,10,90.928,90928.0
8,9,6,4,90.793,90793.0
8,9,7,10,90.806,90806.0
8,9,8,6,91.11,91110.0
8,9,9,9,90.947,90947.0
8,9,10,8,90.851,90851.0
8,9,11,5,91.017,91017.0
8,9,12,5,90.636,90636.0
8,9,13,4,90.882,90882.0
8,9,14,10,90.908,90908.0
8,9,15,3,90.652,90652.0
8,9,16,4,90.769,90769.0
8,9,17,4,90.764,90764.0
8,9,18,3,90.965,90965.0
8,9,19,6,90.877,90877.0
8,9,20,10,90.612,90612.0
8,9,21,6,90.569,90569.0
8,9,22,8,90.672,90672.0
8,9,23,6,90.621,90621.0
8,9,24,6,90.38,90380.0
8,9,25,4,90.598,90598.0
8,9,26,4,90.596,90596.0
8,9,27,8,90.474,90474.0
8,9,28,3,90.707,90707.0
8,9,29,3,90.571,90571.0
8,9,30,3,90.584,90584.0
8,9,31,9,90.467,90467.0
8,9,32,5,90.418,90418.0
8,9,33,2,90.675,90675.0
8,9,34,6,90.531,90531.0
8,9,35,4,90.84700000000001,90847.0
8,9,36,10,90.504,90504.0
8,9,37,2,90.43299999999999,90433.0
8,9,38,4,90.332,90332.0
8,9,39,2,90.392,90392.0
8,9,40,2,90.122,90122.0
8,9,41,4,90.376,90376.0
8,9,42,6,90.213,90213.0
8,9,43,4,90.26,90260.0
8,9,44,3,90.217,90217.0
8,9,45,1,90.235,90235.0
8,9,46,8,90.161,90161.0
8,9,47,5,90.227,90227.0
8,9,48,3,90.148,90148.0
8,9,49,8,90.304,90304.0
8,9,50,9,90.055,90055.0
8,9,51,7,90.154,90154.0
8,9,52,5,90.024,90024.0
8,9,53,9,90.04599999999999,90046.0
8,9,54,6,90.02199999999999,90022.0
8,9,55,9,89.994,89994.0
8,10,1,7,91.19200000000001,91192.0
8,10,2,3,91.174,91174.0
8,10,3,9,91.175,91175.0
8,10,4,8,91.168,91168.0
8,10,5,10,91.292,91292.0
8,10,6,7,91.23400000000001,91234.0
8,10,7,8,90.932,90932.0
8,10,8,1,91.083,91083.0
8,10,9,9,91.21600000000001,91216.0
8,10,10,5,90.98,90980.0
8,10,11,7,91.351,91351.0
8,10,12,3,91.244,91244.0
8,10,13,3,91.112,91112.0
8,10,14,3,91.08500000000001,91085.0
8,10,15,3,90.926,90926.0
8,10,16,4,90.944,88663.0
8,10,17,10,91.019,91019.0
8,10,18,9,91.089,91089.0
8,10,19,4,90.872,90872.0
8,10,20,8,90.801,90801.0
8,10,21,9,90.729,90729.0
8,10,22,5,90.76599999999999,90766.0
8,10,23,1,90.638,90638.0
8,10,24,3,90.768,90768.0
8,10,25,1,90.752,88663.0
8,10,26,3,90.896,90896.0
8,10,27,9,90.68299999999999,90683.0
8,10,28,4,90.657,90657.0
8,10,29,8,90.889,90889.0
8,10,30,7,90.691,90691.0
8,10,31,3,90.879,90879.0
8,10,32,10,90.674,90674.0
8,10,33,9,90.678,90678.0
8,10,34,6,90.59,90590.0
8,10,35,9,90.68299999999999,90683.0
8,10,36,6,90.47200000000001,90472.0
8,10,37,4,90.643,90643.0
8,10,38,7,90.781,90781.0
8,10,39,8,90.429,90429.0
8,10,40,7,90.344,90344.0
8,10,41,5,90.509,90509.0
8,10,42,3,90.602,90602.0
8,10,43,10,90.457,90457.0
8,10,44,8,90.399,90399.0
8,10,45,6,90.32,90320.0
8,10,46,2,90.194,90194.0
8,10,47,4,90.247,90247.0
8,10,48,1,90.485,88663.0
8,10,49,5,90.066,90066.0
8,10,50,4,90.305,90305.0
8,10,51,4,90.088,90088.0
8,10,52,8,90.122,90122.0
8,10,53,5,90.29599999999999,90296.0
8,10,54,3,90.366,90366.0
8,10,55,7,90.21600000000001,90216.0
9,1,1,8,80.023,80023.0
9,1,2,9,79.905,79905.0
9,1,3,9,79.874,79874.0
9,1,4,1,79.745,79745.0
9,1,5,4,79.57900000000001,79579.0
9,1,6,1,79.65,79650.0
9,1,7,7,79.669,79669.0
9,1,8,7,79.675,79675.0
9,1,9,10,79.765,79765.0
9,1,10,3,79.47,88663.0
9,1,11,10,79.596,79596.0
9,1,12,2,79.707,79707.0
9,1,13,1,79.73,79730.0
9,1,14,10,79.56700000000001,79567.0
9,1,15,5,79.68299999999999,79683.0
9,1,16,1,79.509,79509.0
9,1,17,1,79.726,79726.0
9,1,18,1,79.743,79743.0
9,1,19,4,79.548,79548.0
9,1,20,3,79.314,79314.0
9,1,21,1,79.444,79444.0
9,1,22,6,79.331,79331.0
9,1,23,7,79.059,79059.0
9,1,24,2,79.352,79352.0
9,1,25,5,79.28399999999999,79284.0
9,1,26,6,79.186,79186.0
9,1,27,9,79.25,79250.0
9,1,28,4,79.242,79242.0
9,1,29,8,79.425,79425.0
9,1,30,10,79.209,79209.0
9,1,31,4,79.199,79199.0
9,1,32,2,79.434,79434.0
9,1,33,1,79.404,79404.0
9,1,34,6,79.094,79094.0
9,1,35,2,79.09700000000001,79097.0
9,1,36,2,79.311,79311.0
9,1,37,10,78.989,78989.0
9,1,38,10,79.424,79424.0
9,1,39,6,79.195,79195.0
9,1,40,1,79.051,79051.0
9,1,41,6,78.83500000000001,78835.0
9,1,42,7,78.94200000000001,78942.0
9,1,43,10,78.83500000000001,78835.0
9,1,44,6,79.122,79122.0
9,1,45,3,78.816,78816.0
9,1,46,2,78.873,78873.0
9,1,47,3,78.914,78914.0
9,1,48,7,78.838,78838.0
9,1,49,8,78.97,78970.0
9,1,50,1,78.946,78946.0
9,1,51,1,78.589,78589.0
9,1,52,4,78.98,78980.0
9,1,53,1,78.944,78944.0
9,1,54,3,78.721,78721.0
9,2,1,9,78.975,78975.0
9,2,2,7,79.206,79206.0
9,2,3,5,79.023,79023.0
9,2,4,2,78.84700000000001,78847.0
9,2,5,3,79.041,79041.0
9,2,6,3,79.152,79152.0
9,2,7,5,78.931,78931.0
9,2,8,2,79.115,79115.0
9,2,9,6,78.969,78969.0
9,2,10,9,79.27799999999999,79278.0
9,2,11,4,78.83500000000001,78835.0
9,2,12,7,78.998,78998.0
9,2,13,8,78.98,78980.0
9,2,14,1,78.918,78918.0
9,2,15,9,78.904,78904.0
9,2,16,9,79.182,79182.0
9,2,17,4,78.89,78890.0
9,2,18,5,78.868,78868.0
9,2,19,5,78.857,78857.0
9,2,20,10,78.46600000000001,78466.0
9,2,21,8,78.625,78625.0
9,2,22,3,78.777,78777.0
9,2,23,9,78.48400000000001,78484.0
9,2,24,7,78.512,78512.0
9,2,25,4,78.785,78785.0
9,2,26,9,78.672,78672.0
9,2,27,4,78.712,78712.0
9,2,28,2,78.423,78423.0
9,2,29,7,78.416,78416.0
9,2,30,10,78.42099999999999,78421.0
9,2,31,10,78.611,78611.0
9,2,32,3,78.601,78601.0
9,2,33,1,78.605,78605.0
9,2,34,8,78.423,78423.0
9,2,35,5,78.618,78618.0
9,2,36,9,78.194,78194.0
9,2,37,6,78.594,78594.0
9,2,38,8,78.564,78564.0
9,2,39,3,78.667,78667.0
9,2,40,1,78.372,78372.0
9,2,41,2,78.262,88663.0
9,2,42,8,78.10900000000001,78109.0
9,2,43,7,78.227,78227.0
9,2,44,2,78.197,78197.0
9,2,45,2,78.35,78350.0
9,2,46,5,78.452,78452.0
9,2,47,8,78.451,78451.0
9,2,48,4,78.254,78254.0
9,2,49,9,78.32300000000001,78323.0
9,2,50,6,78.015,78015.0
9,2,51,2,78.315,78315.0
9,2,52,6,78.129,88663.0
9,2,53,8,78.149,78149.0
9,2,54,9,78.117,78117.0
9,3,1,8,80.05199999999999,88663.0
9,3,2,3,80.223,80223.0
9,3,3,3,79.758,79758.0
9,3,4,6,79.864,79864.0
9,3,5,4,79.965,79965.0
9,3,6,8,79.90899999999999,79909.0
9,3,7,8,80.05199999999999,80052.0
9,3,8,10,79.79599999999999,79796.0
9,3,9,4,79.78999999999999,79790.0
9,3,10,4,79.757,79757.0
9,3,11,1,79.89099999999999,79891.0
9,3,12,7,79.794,79794.0
9,3,13,7,79.986,79986.0
9,3,14,8,80.0,80000.0
9,3,15,1,79.84100000000001,79841.0
9,3,16,2,79.789,79789.0
9,3,17,3,79.848,79848.0
9,3,18,10,79.791,79791.0
9,3,19,10,79.895,79895.0
9,3,20,3,79.676,79676.0
9,3,21,1,79.507,79507.0
9,3,22,5,79.576,79576.0
9,3,23,6,79.743,79743.0
9,3,24,10,79.376,79376.0
9,3,25,7,79.471,79471.0
9,3,26,7,79.371,79371.0
9,3,27,8,79.60300000000001,79603.0
9,3,28,2,79.463,79463.0
9,3,29,3,79.46600000000001,79466.0
9,3,30,2,79.703,79703.0
9,3,31,2,79.408,79408.0
9,3,32,4,79.584,79584.0
9,3,33,9,79.455,79455.0
9,3,34,10,79.41,79410.0
9,3,35,5,79.566,88663.0
9,3,36,1,79.394,79394.0
9,3,37,3,79.36,79360.0
9,3,38,10,79.51,79510.0
9,3,39,5,79.263,79263.0
9,3,40,8,78.88,78880.0
9,3,41,5,79.248,79248.0
9,3,42,1,79.149,79149.0
9,3,43,2,78.958,78958.0
9,3,44,7,79.095,88663.0
9,3,45,7,79.064,79064.0
9,3,46,3,79.207,79207.0
9,3,47,10,79.401,79401.0
9,3,48,2,79.255,79255.0
9,3,49,8,79.013,79013.0
9,3,50,4,79.062,79062.0
9,3,51,4,78.905,78905.0
9,3,52,4,78.995,78995.0
9,3,53,9,78.846,78846.0
9,3,54,2,79.008,79008.0
9,4,1,2,79.596,79596.0
9,4,2,9,79.506,79506.0
9,4,3,4,79.57300000000001,79573.0
9,4,4,6,79.525,79525.0
9,4,5,4,79.476,88663.0
9,4,6,4,79.557,79557.0
9,4,7,4,79.482,79482.0
9,4,8,3,79.622,79622.0
9,4,9,7,79.28999999999999,79290.0
9,4,10,6,79.45,79450.0
9,4,11,2,79.483,79483.0
9,4,12,9,79.237,79237.0
9,4,13,3,79.412,79412.0
9,4,14,6,79.502,79502.0
9,4,15,3,79.389,79389.0
9,4,16,7,79.22,79220.0
9,4,17,7,79.643,79643.0
9,4,18,3,79.56,79560.0
9,4,19,7,79.269,79269.0
9,4,20,4,79.208,79208.0
9,4,21,4,79.027,79027.0
9,4,22,3,79.126,79126.0
9,4,23,8,79.164,79164.0
9,4,24,7,79.18,79180.0
9,4,25,2,79.283,79283.0
9,4,26,4,79.293,79293.0
9,4,27,3,79.004,79004.0
9,4,28,6,79.128,79128.0
9,4,29,10,78.93299999999999,78933.0
9,4,30,9,79.054,79054.0
9,4,31,8,78.943,78943.0
9,4,32,6,79.055,79055.0
9,4,33,10,79.02,79020.0
9,4,34,8,79.01,79010.0
9,4,35,6,78.969,78969.0
9,4,36,4,78.928,78928.0
9,4,37,5,79.316,79316.0
9,4,38,7,78.919,78919.0
9,4,39,10,78.92,78920.0
9,4,40,9,78.575,78575.0
9,4,41,9,78.776,78776.0
9,4,42,10,78.757,78757.0
9,4,43,5,78.858,78858.0
9,4,44,5,78.64699999999999,78647.0
9,4,45,2,78.71600000000001,78716.0
9,4,46,10,78.697,78697.0
9,4,47,10,78.582,78582.0
9,4,48,4,78.467,78467.0
9,4,49,7,78.71000000000001,78710.0
9,4,50,4,78.67099999999999,78671.0
9,4,51,8,78.498,78498.0
9,4,52,5,78.776,78776.0
9,4,53,9,78.7,78700.0
9,4,54,7,78.80799999999999,78808.0
9,5,1,2,79.735,79735.0
9,5,2,10,79.639,79639.0
9,5,3,9,79.621,79621.0
9,5,4,7,79.634,79634.0
9,5,5,5,79.654,79654.0
9,5,6,7,79.682,79682.0
9,5,7,7,79.378,79378.0
9,5,8,10,79.399,79399.0
9,5,9,1,79.59,79590.0
9,5,10,2,79.492,79492.0
9,5,11,6,79.556,79556.0
9,5,12,7,79.285,79285.0
9,5,13,1,79.463,79463.0
9,5,14,10,79.17,79170.0
9,5,15,1,79.392,79392.0
9,5,16,10,79.622,79622.0
9,5,17,8,79.538,79538.0
9,5,18,1,79.511,79511.0
9,5,19,6,79.544,79544.0
9,5,20,4,79.243,79243.0
9,5,21,7,79.145,79145.0
9,5,22,9,79.396,88663.0
9,5,23,6,79.371,88663.0
9,5,24,8,79.083,79083.0
9,5,25,1,79.342,79342.0
9,5,26,1,79.221,79221.0
9,5,27,10,79.09700000000001,79097.0
9,5,28,7,79.035,79035.0
9,5,29,10,79.233,88663.0
9,5,30,2,79.345,79345.0
9,5,31,9,79.226,79226.0
9,5,32,5,79.157,79157.0
9,5,33,8,79.382,79382.0
9,5,34,8,79.11,79110.0
9,5,35,9,79.279,79279.0
9,5,36,5,79.399,79399.0
9,5,37,8,79.005,79005.0
9,5,38,4,79.232,79232.0
9,5,39,5,78.934,78934.0
9,5,40,4,78.821,78821.0
9,5,41,7,78.945,78945.0
9,5,42,2,78.868,78868.0
9,5,43,1,78.757,78757.0
9,5,44,4,79.28,79280.0
9,5,45,8,78.872,78872.0
9,5,46,1,78.625,78625.0
9,5,47,9,78.697,78697.0
9,5,48,7,78.701,78701.0
9,5,49,2,78.755,78755.0
9,5,50,4,78.899,78899.0
9,5,51,10,78.72200000000001,78722.0
9,5,52,3,78.894,78894.0
9,5,53,9,78.719,78719.0
9,5,54,2,78.803,78803.0
9,6,1,3,79.469,79469.0
9,6,2,10,79.714,79714.0
9,6,3,1,79.726,79726.0
9,6,4,8,79.543,79543.0
9,6,5,10,79.762,79762.0
9,6,6,9,79.408,79408.0
9,6,7,7,79.742,79742.0
9,6,8,8,79.678,79678.0
9,6,9,5,79.469,79469.0
9,6,10,10,79.53399999999999,79534.0
9,6,11,1,79.436,79436.0
9,6,12,3,79.621,79621.0
9,6,13,7,79.40899999999999,79409.0
9,6,14,1,79.608,79608.0
9,6,15,5,79.7,79700.0
9,6,16,3,79.57900000000001,79579.0
9,6,17,6,79.56,79560.0
9,6,18,6,79.613,79613.0
9,6,19,9,79.473,79473.0
9,6,20,8,79.23400000000001,79234.0
9,6,21,2,79.28399999999999,79284.0
9,6,22,8,79.299,79299.0
9,6,23,10,79.194,79194.0
9,6,24,8,79.119,79119.0
9,6,25,2,79.241,79241.0
9,6,26,2,79.069,79069.0
9,6,27,7,78.974,78974.0
9,6,28,9,79.179,79179.0
9,6,29,2,79.098,79098.0
9,6,30,5,79.349,79349.0
9,6,31,4,79.236,79236.0
9,6,32,9,79.406,79406.0
9,6,33,2,79.131,79131.0
9,6,34,4,78.991,78991.0
9,6,35,2,79.07,79070.0
9,6,36,3,79.029,79029.0
9,6,37,3,79.064,79064.0
9,6,38,6,79.083,79083.0
9,6,39,6,78.939,78939.0
9,6,40,5,78.757,78757.0
9,6,41,5,78.80799999999999,105601.75
9,6,42,2,79.044,79044.0
9,6,43,6,78.622,78622.0
9,6,44,6,78.857,78857.0
9,6,45,2,78.78399999999999,78784.0
9,6,46,4,78.646,78646.0
9,6,47,6,78.655,78655.0
9,6,48,1,78.854,78854.0
9,6,49,7,78.839,78839.0
9,6,50,1,78.964,78964.0
9,6,51,8,78.684,78684.0
9,6,52,7,78.876,78876.0
9,6,53,6,78.755,78755.0
9,6,54,9,78.572,78572.0
9,7,1,7,79.69800000000001,79698.0
9,7,2,7,79.656,79656.0
9,7,3,10,79.67099999999999,79671.0
9,7,4,1,79.663,79663.0
9,7,5,1,79.85,79850.0
9,7,6,6,79.628,79628.0
9,7,7,7,79.662,79662.0
9,7,8,4,79.976,79976.0
9,7,9,6,79.70400000000001,79704.0
9,7,10,6,79.816,79816.0
9,7,11,10,79.658,79658.0
9,7,12,3,79.743,79743.0
9,7,13,1,79.711,79711.0
9,7,14,9,79.744,79744.0
9,7,15,8,79.687,79687.0
9,7,16,4,79.663,79663.0
9,7,17,8,79.719,79719.0
9,7,18,8,79.732,79732.0
9,7,19,8,79.533,79533.0
9,7,20,5,79.307,79307.0
9,7,21,5,79.595,79595.0
9,7,22,2,79.429,79429.0
9,7,23,5,79.43,79430.0
9,7,24,6,79.258,79258.0
9,7,25,1,79.40899999999999,79409.0
9,7,26,6,79.298,79298.0
9,7,27,2,79.307,79307.0
9,7,28,3,79.52,79520.0
9,7,29,9,79.373,79373.0
9,7,30,1,79.416,79416.0
9,7,31,10,79.362,79362.0
9,7,32,4,79.364,79364.0
9,7,33,9,79.35300000000001,79353.0
9,7,34,1,79.309,79309.0
9,7,35,4,79.311,79311.0
9,7,36,8,79.33,79330.0
9,7,37,4,79.149,79149.0
9,7,38,9,79.242,79242.0
9,7,39,5,79.332,79332.0
9,7,40,4,79.082,79082.0
9,7,41,3,79.092,79092.0
9,7,42,1,79.146,79146.0
9,7,43,3,78.884,78884.0
9,7,44,9,78.957,78957.0
9,7,45,2,79.036,79036.0
9,7,46,4,79.027,79027.0
9,7,47,8,78.926,78926.0
9,7,48,8,78.941,78941.0
9,7,49,1,79.056,79056.0
9,7,50,4,78.826,78826.0
9,7,51,3,78.861,78861.0
9,7,52,1,78.987,78987.0
9,7,53,9,79.111,79111.0
9,7,54,1,78.865,78865.0
9,8,1,1,79.541,79541.0
9,8,2,3,79.673,79673.0
9,8,3,6,79.429,79429.0
9,8,4,6,79.651,79651.0
9,8,5,9,79.656,79656.0
9,8,6,8,79.512,79512.0
9,8,7,6,79.41,79410.0
9,8,8,1,79.572,79572.0
9,8,9,6,79.452,105601.75
9,8,10,10,79.468,79468.0
9,8,11,6,79.59100000000001,79591.0
9,8,12,3,79.233,79233.0
9,8,13,4,79.58,79580.0
9,8,14,4,79.593,79593.0
9,8,15,2,79.27799999999999,79278.0
9,8,16,3,79.574,79574.0
9,8,17,7,79.55,79550.0
9,8,18,5,79.451,79451.0
9,8,19,1,79.376,79376.0
9,8,20,1,79.325,79325.0
9,8,21,8,79.482,79482.0
9,8,22,3,79.474,79474.0
9,8,23,10,79.35,79350.0
9,8,24,1,79.179,79179.0
9,8,25,2,79.169,79169.0
9,8,26,10,78.987,78987.0
9,8,27,10,79.3,79300.0
9,8,28,9,79.15299999999999,79153.0
9,8,29,8,79.07900000000001,79079.0
9,8,30,8,78.922,78922.0
9,8,31,7,78.941,78941.0
9,8,32,3,79.15899999999999,79159.0
9,8,33,8,78.946,78946.0
9,8,34,9,79.138,79138.0
9,8,35,2,79.202,79202.0
9,8,36,5,78.941,78941.0
9,8,37,3,78.798,78798.0
9,8,38,10,78.815,78815.0
9,8,39,9,79.319,79319.0
9,8,40,5,78.832,88663.0
9,8,41,4,78.777,78777.0
9,8,42,9,78.91,78910.0
9,8,43,7,78.825,78825.0
9,8,44,8,78.787,78787.0
9,8,45,10,78.718,78718.0
9,8,46,5,78.80799999999999,78808.0
9,8,47,10,78.819,78819.0
9,8,48,7,78.7,78700.0
9,8,49,3,78.91499999999999,78915.0
9,8,50,5,78.721,78721.0
9,8,51,6,78.518,78518.0
9,8,52,4,78.669,88663.0
9,8,53,1,78.94800000000001,78948.0
9,8,54,5,78.474,78474.0
9,9,1,6,80.05199999999999,80052.0
9,9,2,10,79.84100000000001,79841.0
9,9,3,7,79.849,79849.0
9,9,4,1,79.729,79729.0
9,9,5,5,79.814,79814.0
9,9,6,3,79.77199999999999,79772.0
9,9,7,3,79.707,79707.0
9,9,8,7,79.929,79929.0
9,9,9,5,79.967,79967.0
9,9,10,9,79.773,79773.0
9,9,11,2,79.834,79834.0
9,9,12,8,79.894,79894.0
9,9,13,7,79.59700000000001,79597.0
9,9,14,10,79.90899999999999,79909.0
9,9,15,7,79.875,79875.0
9,9,16,9,79.855,79855.0
9,9,17,2,79.655,79655.0
9,9,18,2,79.83500000000001,79835.0
9,9,19,7,79.861,79861.0
9,9,20,7,79.479,79479.0
9,9,21,4,79.543,79543.0
9,9,22,7,79.519,79519.0
9,9,23,10,79.504,79504.0
9,9,24,3,79.611,79611.0
9,9,25,6,79.524,79524.0
9,9,26,10,79.458,79458.0
9,9,27,7,79.651,79651.0
9,9,28,7,79.581,88663.0
9,9,29,3,79.45400000000001,79454.0
9,9,30,2,79.336,79336.0
9,9,31,1,79.449,79449.0
9,9,32,3,79.506,79506.0
9,9,33,1,79.263,79263.0
9,9,34,10,79.506,79506.0
9,9,35,4,79.262,79262.0
9,9,36,5,79.533,79533.0
9,9,37,5,79.396,79396.0
9,9,38,7,79.441,79441.0
9,9,39,10,79.51599999999999,79516.0
9,9,40,3,79.188,79188.0
9,9,41,4,79.333,79333.0
9,9,42,7,79.212,79212.0
9,9,43,5,78.953,78953.0
9,9,44,4,79.129,79129.0
9,9,45,3,79.1,79100.0
9,9,46,4,79.142,79142.0
9,9,47,10,78.91,78910.0
9,9,48,5,79.083,79083.0
9,9,49,5,79.04599999999999,79046.0
9,9,50,3,78.85900000000001,78859.0
9,9,51,9,79.098,79098.0
9,9,52,7,79.077,79077.0
9,9,53,10,78.856,78856.0
9,9,54,5,78.99,78990.0
9,10,1,6,79.867,79867.0
9,10,2,4,79.83500000000001,79835.0
9,10,3,2,79.799,79799.0
9,10,4,8,79.615,79615.0
9,10,5,5,79.858,79858.0
9,10,6,4,79.872,79872.0
9,10,7,5,79.89099999999999,79891.0
9,10,8,3,79.77199999999999,79772.0
9,10,9,7,79.911,79911.0
9,10,10,4,79.963,79963.0
9,10,11,6,79.873,79873.0
9,10,12,2,79.794,79794.0
9,10,13,2,79.67,79670.0
9,10,14,4,79.618,79618.0
9,10,15,4,79.751,79751.0
9,10,16,8,79.561,79561.0
9,10,17,7,79.724,79724.0
9,10,18,1,79.58,79580.0
9,10,19,1,79.668,79668.0
9,10,20,6,79.39099999999999,79391.0
9,10,21,3,79.568,79568.0
9,10,22,5,79.211,79211.0
9,10,23,7,79.441,79441.0
9,10,24,6,79.481,79481.0
9,10,25,7,79.36,79360.0
9,10,26,4,79.416,79416.0
9,10,27,2,79.356,79356.0
9,10,28,3,79.362,79362.0
9,10,29,8,79.386,79386.0
9,10,30,5,79.361,79361.0
9,10,31,8,79.444,79444.0
9,10,32,6,79.457,79457.0
9,10,33,8,79.396,79396.0
9,10,34,7,79.365,79365.0
9,10,35,7,79.276,79276.0
9,10,36,2,79.58,79580.0
9,10,37,8,79.474,79474.0
9,10,38,5,79.424,79424.0
9,10,39,1,79.209,79209.0
9,10,40,8,79.179,79179.0
9,10,41,5,79.235,79235.0
9,10,42,5,78.991,78991.0
9,10,43,4,79.303,79303.0
10,1,1,7,82.101,88663.0
10,1,2,1,82.002,82002.0
10,1,3,6,82.032,82032.0
10,1,4,7,82.135,82135.0
10,1,5,1,82.007,82007.0
10,1,6,2,81.987,81987.0
10,1,7,4,82.162,82162.0
10,1,8,9,81.97800000000001,81978.0
10,1,9,5,81.868,81868.0
10,1,10,2,81.867,81867.0
10,1,11,5,82.07900000000001,82079.0
10,1,12,8,82.268,82268.0
10,1,13,1,81.842,81842.0
10,1,14,7,81.932,81932.0
10,1,15,9,81.9,81900.0
10,1,16,9,82.18299999999999,82183.0
10,1,17,6,82.099,82099.0
10,1,18,8,82.104,82104.0
10,1,19,5,81.742,81742.0
10,1,20,5,81.664,81664.0
10,1,21,3,81.765,81765.0
10,1,22,5,81.73,81730.0
10,1,23,8,81.718,81718.0
10,1,24,2,81.79599999999999,81796.0
10,1,25,3,81.741,81741.0
10,1,26,6,81.763,81763.0
10,1,27,3,81.806,81806.0
10,1,28,10,81.69200000000001,81692.0
10,1,29,4,81.831,81831.0
10,1,30,10,81.9,81900.0
10,1,31,6,81.514,81514.0
10,1,32,10,81.553,81553.0
10,1,33,6,81.922,81922.0
10,1,34,8,81.59100000000001,81591.0
10,1,35,1,81.599,81599.0
10,1,36,4,81.596,81596.0
10,1,37,8,81.611,81611.0
10,1,38,8,81.626,81626.0
10,1,39,1,81.613,81613.0
10,1,40,8,81.52,81520.0
10,1,41,8,81.333,81333.0
10,1,42,10,81.215,81215.0
10,1,43,6,81.431,81431.0
10,1,44,1,81.189,81189.0
10,1,45,4,81.301,81301.0
10,1,46,1,81.337,81337.0
10,1,47,10,81.487,81487.0
10,1,48,2,81.425,81425.0
10,1,49,4,81.213,81213.0
10,1,50,2,81.309,81309.0
10,1,51,4,81.355,81355.0
10,1,52,8,81.178,81178.0
10,1,53,3,81.365,81365.0
10,1,54,6,81.181,81181.0
10,2,1,1,82.563,82563.0
10,2,2,10,82.571,82571.0
10,2,3,6,82.411,82411.0
10,2,4,3,82.568,82568.0
10,2,5,5,82.407,82407.0
10,2,6,6,82.611,82611.0
10,2,7,4,82.60900000000001,82609.0
10,2,8,1,82.554,82554.0
10,2,9,5,82.53399999999999,82534.0
10,2,10,7,82.576,82576.0
10,2,11,1,82.182,82182.0
10,2,12,8,82.549,82549.0
10,2,13,10,82.43,82430.0
10,2,14,9,82.561,82561.0
10,2,15,2,82.473,82473.0
10,2,16,8,82.59,82590.0
10,2,17,2,82.43299999999999,82433.0
10,2,18,1,82.09700000000001,82097.0
10,2,19,3,82.392,82392.0
10,2,20,6,82.21000000000001,82210.0
10,2,21,3,82.193,82193.0
10,2,22,8,82.33500000000001,82335.0
10,2,23,3,82.156,82156.0
10,2,24,3,82.179,82179.0
10,2,25,6,81.986,88663.0
10,2,26,3,82.09,82090.0
10,2,27,9,82.19800000000001,82198.0
10,2,28,2,82.083,82083.0
10,2,29,2,82.092,82092.0
10,2,30,8,82.2,82200.0
10,2,31,8,82.172,82172.0
10,2,32,3,82.047,82047.0
10,2,33,9,82.223,82223.0
10,2,34,5,81.904,81904.0
10,2,35,3,81.917,81917.0
10,2,36,6,82.199,82199.0
10,2,37,8,81.975,81975.0
10,2,38,5,82.013,88663.0
10,2,39,10,82.1,82100.0
10,2,40,3,81.719,81719.0
10,2,41,5,81.614,81614.0
10,2,42,5,81.908,81908.0
10,2,43,1,81.77,81770.0
10,2,44,4,81.899,81899.0
10,2,45,3,81.673,81673.0
10,2,46,8,81.90299999999999,81903.0
10,2,47,8,81.73400000000001,81734.0
10,2,48,4,81.994,81994.0
10,2,49,1,81.757,81757.0
10,2,50,2,81.818,81818.0
10,2,51,5,81.779,81779.0
10,2,52,10,81.607,81607.0
10,2,53,6,81.717,81717.0
10,2,54,5,81.751,81751.0
10,3,1,8,82.131,82131.0
10,3,2,2,81.939,81939.0
10,3,3,10,82.02,82020.0
10,3,4,3,81.849,88663.0
10,3,5,7,82.142,82142.0
10,3,6,7,82.086,82086.0
10,3,7,7,81.863,81863.0
10,3,8,3,82.074,82074.0
10,3,9,8,81.982,81982.0
10,3,10,2,82.161,105601.75
10,3,11,2,82.056,82056.0
10,3,12,8,82.188,82188.0
10,3,13,10,81.951,81951.0
10,3,14,9,82.196,82196.0
10,3,15,4,82.149,82149.0
10,3,16,2,81.928,81928.0
10,3,17,3,82.035,82035.0
10,3,18,2,82.04599999999999,82046.0
10,3,19,10,81.925,81925.0
10,3,20,8,81.738,81738.0
10,3,21,6,81.845,81845.0
10,3,22,10,81.697,81697.0
10,3,23,9,81.512,81512.0
10,3,24,6,81.499,81499.0
10,3,25,3,81.56,81560.0
10,3,26,2,81.726,81726.0
10,3,27,4,81.674,81674.0
10,3,28,9,81.726,81726.0
10,3,29,2,81.34100000000001,81341.0
10,3,30,9,81.619,81619.0
10,3,31,10,81.84700000000001,81847.0
10,3,32,2,81.844,81844.0
10,3,33,10,81.592,81592.0
10,3,34,2,81.438,81438.0
10,3,35,3,81.739,81739.0
10,3,36,7,81.652,81652.0
10,3,37,1,81.768,81768.0
10,3,38,9,81.739,81739.0
10,3,39,6,81.64099999999999,81641.0
10,3,40,7,81.29599999999999,81296.0
10,3,41,5,81.428,81428.0
10,3,42,1,81.299,81299.0
10,3,43,3,81.45,81450.0
10,3,44,3,81.506,81506.0
10,3,45,7,81.26599999999999,81266.0
10,3,46,9,81.332,81332.0
10,3,47,9,81.219,81219.0
10,3,48,7,81.5,81500.0
10,3,49,10,81.33,81330.0
10,3,50,3,81.469,81469.0
10,3,51,6,81.239,81239.0
10,3,52,10,81.09100000000001,81091.0
10,3,53,1,81.055,81055.0
10,3,54,6,81.316,81316.0
10,4,1,4,82.941,82941.0
10,4,2,5,82.867,82867.0
10,4,3,10,82.97200000000001,82972.0
10,4,4,4,82.662,82662.0
10,4,5,6,82.824,82824.0
10,4,6,3,82.981,82981.0
10,4,7,9,83.009,83009.0
10,4,8,3,82.851,82851.0
10,4,9,10,82.908,82908.0
10,4,10,10,83.029,83029.0
10,4,11,9,82.901,82901.0
10,4,12,2,82.694,82694.0
10,4,13,8,83.061,83061.0
10,4,14,3,82.651,82651.0
10,4,15,4,82.926,82926.0
10,4,16,2,82.753,82753.0
10,4,17,4,82.98,82980.0
10,4,18,7,82.844,82844.0
10,4,19,7,82.644,82644.0
10,4,20,6,82.779,82779.0
10,4,21,2,82.693,82693.0
10,4,22,8,82.624,82624.0
10,4,23,1,82.447,82447.0
10,4,24,6,82.675,82675.0
10,4,25,4,82.268,82268.0
10,4,26,9,82.551,82551.0
10,4,27,1,82.35300000000001,82353.0
10,4,28,6,82.5,82500.0
10,4,29,9,82.405,82405.0
10,4,30,10,82.357,82357.0
10,4,31,7,82.436,82436.0
10,4,32,1,82.315,82315.0
10,4,33,3,82.488,82488.0
10,4,34,2,82.636,82636.0
10,4,35,4,82.34700000000001,82347.0
10,4,36,4,82.616,82616.0
10,4,37,4,82.376,82376.0
10,4,38,3,82.475,82475.0
10,4,39,8,82.46600000000001,82466.0
10,4,40,4,82.203,82203.0
10,4,41,3,82.232,82232.0
10,4,42,10,82.273,82273.0
10,4,43,4,82.005,82005.0
10,4,44,8,82.354,82354.0
10,4,45,5,81.922,81922.0
10,4,46,5,82.15299999999999,82153.0
10,4,47,9,82.1,82100.0
10,4,48,10,82.189,82189.0
10,4,49,7,82.001,82001.0
10,4,50,3,81.828,81828.0
10,4,51,10,81.85900000000001,81859.0
10,4,52,2,81.884,81884.0
10,4,53,9,82.156,82156.0
10,4,54,4,82.002,82002.0
10,5,1,10,81.827,81827.0
10,5,2,2,81.794,81794.0
10,5,3,8,81.976,81976.0
10,5,4,3,81.742,81742.0
10,5,5,10,81.814,81814.0
10,5,6,8,81.97200000000001,81972.0
10,5,7,1,81.64,81640.0
10,5,8,4,81.991,81991.0
10,5,9,4,81.68,81680.0
10,5,10,4,81.804,81804.0
10,5,11,8,81.94,81940.0
10,5,12,5,81.693,81693.0
10,5,13,2,81.999,81999.0
10,5,14,2,81.737,81737.0
10,5,15,1,81.723,81723.0
10,5,16,4,81.92099999999999,81921.0
10,5,17,10,81.872,81872.0
10,5,18,6,81.85300000000001,81853.0
10,5,19,10,81.80199999999999,81802.0
10,5,20,7,81.245,81245.0
10,5,21,3,81.61,81610.0
10,5,22,2,81.32300000000001,81323.0
10,5,23,3,81.444,81444.0
10,5,24,2,81.451,81451.0
10,5,25,2,81.267,81267.0
10,5,26,5,81.566,81566.0
10,5,27,4,81.39699999999999,81397.0
10,5,28,1,81.47200000000001,81472.0
10,5,29,7,81.286,81286.0
10,5,30,5,81.253,81253.0
10,5,31,2,81.39699999999999,81397.0
10,5,32,10,81.263,81263.0
10,5,33,4,81.587,81587.0
10,5,34,8,81.406,81406.0
10,5,35,2,81.132,81132.0
10,5,36,3,81.42,81420.0
10,5,37,8,81.38,81380.0
10,5,38,5,81.374,81374.0
10,5,39,3,81.385,81385.0
10,5,40,3,81.014,81014.0
10,5,41,5,80.816,80816.0
10,5,42,2,80.945,80945.0
10,5,43,4,81.158,81158.0
10,5,44,4,81.007,81007.0
10,5,45,10,81.224,88663.0
10,5,46,7,81.15299999999999,81153.0
10,5,47,3,80.84,80840.0
10,5,48,8,81.202,81202.0
10,5,49,8,81.033,81033.0
10,5,50,2,80.879,80879.0
10,5,51,8,81.017,81017.0
10,5,52,8,81.14,81140.0
10,5,53,1,81.316,81316.0
10,5,54,8,80.905,80905.0
10,6,1,8,82.18,82180.0
10,6,2,8,82.205,82205.0
10,6,3,7,82.113,82113.0
10,6,4,8,82.23,82230.0
10,6,5,8,82.194,82194.0
10,6,6,2,82.217,82217.0
10,6,7,3,82.294,82294.0
10,6,8,7,82.211,82211.0
10,6,9,1,82.053,82053.0
10,6,10,3,82.215,82215.0
10,6,11,10,82.13,82130.0
10,6,12,4,82.288,82288.0
10,6,13,10,82.249,82249.0
10,6,14,4,82.312,82312.0
10,6,15,3,81.92,81920.0
10,6,16,3,81.965,81965.0
10,6,17,9,82.008,82008.0
10,6,18,8,82.21600000000001,82216.0
10,6,19,4,81.922,81922.0
10,6,20,6,81.824,81824.0
10,6,21,7,81.782,81782.0
10,6,22,5,82.208,82208.0
10,6,23,8,81.838,88663.0
10,6,24,8,81.625,81625.0
10,6,25,2,81.733,81733.0
10,6,26,8,81.82,81820.0
10,6,27,5,81.81,81810.0
10,6,28,10,81.986,81986.0
10,6,29,8,81.652,81652.0
10,6,30,8,81.809,81809.0
10,6,31,8,81.831,81831.0
10,6,32,7,81.768,81768.0
10,6,33,2,81.834,81834.0
10,6,34,1,81.81,81810.0
10,6,35,6,81.801,81801.0
10,6,36,10,81.48400000000001,81484.0
10,6,37,1,81.56700000000001,81567.0
10,6,38,2,81.35,81350.0
10,6,39,7,81.719,81719.0
10,6,40,9,81.343,81343.0
10,6,41,2,81.35300000000001,81353.0
10,6,42,1,81.334,81334.0
10,6,43,9,81.32900000000001,81329.0
10,6,44,8,81.292,81292.0
10,6,45,6,81.34,81340.0
10,6,46,4,81.589,81589.0
10,6,47,2,81.309,81309.0
10,6,48,7,81.279,81279.0
10,6,49,9,81.269,81269.0
10,6,50,4,81.144,81144.0
10,6,51,5,81.179,81179.0
10,6,52,1,81.445,81445.0
10,6,53,6,81.094,81094.0
10,6,54,10,81.136,81136.0
10,7,1,10,81.871,81871.0
10,7,2,5,81.855,81855.0
10,7,3,10,81.753,81753.0
10,7,4,1,81.67699999999999,81677.0
10,7,5,1,81.615,81615.0
10,7,6,7,81.815,81815.0
10,7,7,1,81.749,88663.0
10,7,8,7,81.797,81797.0
10,7,9,5,81.505,81505.0
10,7,10,5,81.78999999999999,81790.0
10,7,11,7,81.602,81602.0
10,7,12,4,81.651,81651.0
10,7,13,6,81.706,88663.0
10,7,14,9,81.816,81816.0
10,7,15,1,81.705,81705.0
10,7,16,6,81.631,81631.0
10,7,17,10,81.754,81754.0
10,7,18,7,81.648,105601.75
10,7,19,5,81.615,88663.0
10,7,20,6,81.293,81293.0
10,7,21,3,81.18299999999999,81183.0
10,7,22,7,81.513,81513.0
10,7,23,1,81.175,81175.0
10,7,24,7,81.512,81512.0
10,7,25,8,81.445,81445.0
10,7,26,3,81.252,81252.0
10,7,27,6,81.367,81367.0
10,7,28,6,81.361,81361.0
10,7,29,4,81.32,81320.0
10,7,30,8,81.384,81384.0
10,7,31,1,81.382,81382.0
10,7,32,8,81.331,81331.0
10,7,33,1,81.511,81511.0
10,7,34,7,81.455,88663.0
10,7,35,9,81.206,81206.0
10,7,36,3,81.434,81434.0
10,7,37,2,81.242,81242.0
10,7,38,4,81.326,81326.0
10,7,39,4,81.156,81156.0
10,7,40,5,81.15,81150.0
10,7,41,1,81.116,81116.0
10,7,42,5,80.981,80981.0
10,7,43,4,81.014,81014.0
10,7,44,9,81.265,81265.0
10,7,45,4,81.002,81002.0
10,7,46,7,81.10900000000001,81109.0
10,7,47,2,80.914,80914.0
10,7,48,3,80.75,80750.0
10,7,49,4,80.887,80887.0
10,7,50,6,81.122,81122.0
10,7,51,10,80.833,80833.0
10,7,52,7,80.986,88663.0
10,7,53,5,80.83500000000001,80835.0
10,7,54,6,81.007,81007.0
10,8,1,5,81.892,81892.0
10,8,2,10,81.865,81865.0
10,8,3,4,81.879,81879.0
10,8,4,6,82.043,82043.0
10,8,5,10,81.506,81506.0
10,8,6,8,81.884,81884.0
10,8,7,3,81.80199999999999,88663.0
10,8,8,7,82.017,82017.0
10,8,9,8,81.696,81696.0
10,8,10,3,81.686,81686.0
10,8,11,10,82.004,82004.0
10,8,12,8,81.781,81781.0
10,8,13,6,81.78399999999999,81784.0
10,8,14,8,81.85,81850.0
10,8,15,2,81.707,81707.0
10,8,16,6,81.717,81717.0
10,8,17,4,81.655,81655.0
10,8,18,3,81.655,81655.0
10,8,19,2,81.735,81735.0
10,8,20,6,81.55199999999999,81552.0
10,8,21,4,81.76599999999999,81766.0
10,8,22,4,81.578,81578.0
10,8,23,7,81.514,81514.0
10,8,24,9,81.59100000000001,81591.0
10,8,25,1,81.477,81477.0
10,8,26,2,81.4,81400.0
10,8,27,8,81.555,88663.0
10,8,28,6,81.566,81566.0
10,8,29,4,81.462,81462.0
10,8,30,1,81.429,81429.0
10,8,31,4,81.43,81430.0
10,8,32,10,81.82900000000001,81829.0
10,8,33,9,81.58,81580.0
10,8,34,7,81.501,81501.0
10,8,35,6,81.498,81498.0
10,8,36,7,81.258,81258.0
10,8,37,8,81.394,81394.0
10,8,38,1,81.2,81200.0
10,8,39,8,81.299,81299.0
10,8,40,6,81.142,81142.0
10,8,41,10,81.299,81299.0
10,8,42,8,81.40299999999999,81403.0
10,8,43,10,80.929,80929.0
10,8,44,10,81.098,81098.0
10,8,45,10,80.961,80961.0
10,8,46,3,81.08,81080.0
10,8,47,2,81.05799999999999,81058.0
10,8,48,10,81.125,81125.0
10,8,49,5,81.027,81027.0
10,8,50,10,81.036,81036.0
10,8,51,7,80.93299999999999,80933.0
10,8,52,1,81.021,81021.0
10,8,53,7,80.881,80881.0
10,8,54,2,81.089,81089.0
10,9,1,6,82.298,82298.0
10,9,2,2,82.46600000000001,82466.0
10,9,3,3,82.542,82542.0
10,9,4,6,82.298,82298.0
10,9,5,10,82.387,82387.0
10,9,6,4,82.279,82279.0
10,9,7,4,82.377,82377.0
10,9,8,9,82.301,82301.0
10,9,9,7,82.35300000000001,82353.0
10,9,10,10,82.342,82342.0
10,9,11,1,82.196,82196.0
10,9,12,1,82.35300000000001,82353.0
10,9,13,1,82.214,82214.0
10,9,14,4,82.3,82300.0
10,9,15,6,82.343,82343.0
10,9,16,4,82.249,82249.0
10,9,17,5,82.381,82381.0
10,9,18,5,82.009,82009.0
10,9,19,9,82.064,82064.0
10,9,20,3,81.871,81871.0
10,9,21,1,82.293,82293.0
10,9,22,3,82.226,82226.0
10,9,23,5,82.059,82059.0
10,9,24,1,81.785,81785.0
10,9,25,3,81.935,81935.0
10,9,26,5,81.894,81894.0
10,9,27,6,81.928,81928.0
10,9,28,3,82.081,82081.0
10,9,29,2,81.977,81977.0
10,9,30,7,81.855,81855.0
10,9,31,2,81.989,81989.0
10,9,32,3,81.81,81810.0
10,9,33,7,81.911,81911.0
10,9,34,7,81.849,81849.0
10,9,35,7,81.902,81902.0
10,9,36,5,81.82,81820.0
10,9,37,7,81.871,81871.0
10,9,38,5,81.82300000000001,81823.0
10,9,39,3,81.938,81938.0
10,9,40,1,81.595,81595.0
10,9,41,7,81.509,81509.0
10,9,42,4,81.572,81572.0
10,9,43,5,81.467,81467.0
10,9,44,1,81.655,81655.0
10,9,45,6,81.55799999999999,81558.0
10,9,46,5,81.524,81524.0
10,9,47,2,81.505,81505.0
10,9,48,3,81.328,81328.0
10,9,49,1,81.66,81660.0
10,9,50,10,81.721,81721.0
10,9,51,9,81.706,81706.0
10,9,52,2,81.633,81633.0
10,9,53,6,81.505,81505.0
10,9,54,8,81.55,81550.0
10,10,1,2,82.686,82686.0
10,10,2,2,82.624,82624.0
10,10,3,6,82.945,82945.0
10,10,4,7,82.431,82431.0
10,10,5,10,82.504,82504.0
10,10,6,5,82.616,82616.0
10,10,7,3,82.476,82476.0
10,10,8,2,82.497,82497.0
10,10,9,1,82.771,82771.0
10,10,10,10,82.46600000000001,82466.0
10,10,11,8,82.496,82496.0
10,10,12,4,82.63,82630.0
10,10,13,10,82.327,82327.0
10,10,14,2,82.508,82508.0
10,10,15,8,82.71000000000001,82710.0
10,10,16,3,82.336,82336.0
10,10,17,10,82.562,82562.0
10,10,18,8,82.434,82434.0
10,10,19,10,82.741,82741.0
10,10,20,4,82.128,82128.0
10,10,21,7,82.215,82215.0
10,10,22,8,82.31700000000001,82317.0
10,10,23,3,82.125,82125.0
10,10,24,9,82.17699999999999,82177.0
10,10,25,9,82.298,82298.0
10,10,26,8,82.06,82060.0
10,10,27,5,82.101,82101.0
10,10,28,3,82.18299999999999,82183.0
10,10,29,3,82.02,82020.0
10,10,30,9,82.063,82063.0
10,10,31,9,82.11,82110.0
10,10,32,1,82.03399999999999,82034.0
10,10,33,5,82.05,82050.0
10,10,34,6,82.029,82029.0
10,10,35,4,82.247,82247.0
10,10,36,6,82.146,82146.0
10,10,37,3,81.94,81940.0
10,10,38,9,81.967,81967.0
10,10,39,8,82.253,82253.0
10,10,40,9,81.912,81912.0
10,10,41,9,81.77199999999999,81772.0
10,10,42,6,81.733,81733.0
10,10,43,10,81.879,81879.0
10,10,44,6,81.781,81781.0
10,10,45,2,81.958,81958.0
10,10,46,5,81.957,81957.0
10,10,47,5,81.741,81741.0
10,10,48,3,81.856,81856.0
10,10,49,1,81.97200000000001,81972.0
10,10,50,7,81.816,81816.0
10,10,51,2,81.775,81775.0
10,10,52,8,81.961,81961.0
10,10,53,9,81.965,81965.0
10,10,54,1,81.714,81714.0
11,1,1,2,81.55199999999999,81552.0
11,1,2,6,81.544,81544.0
11,1,3,5,81.51,81510.0
11,1,4,7,81.73,81730.0
11,1,5,1,81.41499999999999,81415.0
11,1,6,7,81.64,81640.0
11,1,7,1,81.702,81702.0
11,1,8,1,81.581,81581.0
11,1,9,8,81.731,81731.0
11,1,10,1,81.467,81467.0
11,1,11,4,81.496,81496.0
11,1,12,1,81.432,81432.0
11,1,13,3,81.569,81569.0
11,1,14,8,81.675,81675.0
11,1,15,10,81.533,81533.0
11,1,16,8,81.543,81543.0
11,1,17,10,81.576,81576.0
11,1,18,7,81.404,81404.0
11,1,19,6,81.487,81487.0
11,1,20,4,81.22,81220.0
11,1,21,7,81.343,81343.0
11,1,22,5,81.271,81271.0
11,1,23,4,81.202,81202.0
11,1,24,8,81.173,81173.0
11,1,25,9,81.28999999999999,81290.0
11,1,26,10,81.303,81303.0
11,1,27,9,81.332,81332.0
11,1,28,3,81.201,81201.0
11,1,29,10,81.226,81226.0
11,1,30,9,81.031,81031.0
11,1,31,1,81.001,81001.0
11,1,32,10,81.055,81055.0
11,1,33,8,81.144,81144.0
11,1,34,8,81.142,81142.0
11,1,35,3,81.14,81140.0
11,1,36,1,81.224,81224.0
11,1,37,8,81.187,81187.0
11,1,38,1,81.039,81039.0
11,1,39,6,81.123,81123.0
11,1,40,4,80.799,80799.0
11,1,41,7,80.985,80985.0
11,1,42,6,80.982,80982.0
11,1,43,8,80.752,80752.0
11,1,44,5,80.787,80787.0
11,1,45,8,80.97200000000001,80972.0
11,1,46,3,81.151,81151.0
11,1,47,7,80.769,80769.0
11,1,48,5,80.881,80881.0
11,1,49,2,80.786,80786.0
11,1,50,8,80.745,80745.0
11,1,51,3,80.801,80801.0
11,2,1,9,81.588,81588.0
11,2,2,1,81.614,81614.0
11,2,3,9,81.259,81259.0
11,2,4,1,81.43,81430.0
11,2,5,2,81.594,81594.0
11,2,6,5,81.548,81548.0
11,2,7,2,81.648,81648.0
11,2,8,7,81.615,81615.0
11,2,9,2,81.322,81322.0
11,2,10,9,81.53,81530.0
11,2,11,1,81.251,81251.0
11,2,12,5,81.435,81435.0
11,2,13,5,81.544,81544.0
11,2,14,4,81.414,81414.0
11,2,15,4,81.46000000000001,81460.0
11,2,16,10,81.307,81307.0
11,2,17,8,81.44,81440.0
11,2,18,1,81.326,81326.0
11,2,19,8,81.357,81357.0
11,2,20,9,81.066,81066.0
11,2,21,7,81.055,81055.0
11,2,22,5,81.098,81098.0
11,2,23,9,81.174,81174.0
11,2,24,10,81.1,81100.0
11,2,25,2,81.194,81194.0
11,2,26,3,81.205,81205.0
11,2,27,1,81.181,81181.0
11,2,28,9,81.035,81035.0
11,2,29,5,80.888,80888.0
11,2,30,5,81.133,81133.0
11,2,31,5,81.22,81220.0
11,2,32,6,81.257,81257.0
11,2,33,10,81.09,81090.0
11,2,34,7,80.84100000000001,80841.0
11,2,35,10,81.036,81036.0
11,2,36,9,81.017,81017.0
11,2,37,1,80.99,80990.0
11,2,38,1,80.964,80964.0
11,2,39,7,81.07900000000001,81079.0
11,2,40,4,80.742,80742.0
11,2,41,6,80.856,80856.0
11,2,42,1,80.791,80791.0
11,2,43,4,80.89699999999999,80897.0
11,2,44,6,80.688,80688.0
11,2,45,6,80.743,80743.0
11,2,46,6,80.577,80577.0
11,2,47,8,80.601,80601.0
11,2,48,1,80.719,80719.0
11,2,49,4,80.649,80649.0
11,2,50,8,80.571,80571.0
11,2,51,4,80.69200000000001,80692.0
11,3,1,4,82.351,82351.0
11,3,2,3,82.524,82524.0
11,3,3,6,81.96600000000001,81966.0
11,3,4,8,82.34,82340.0
11,3,5,2,82.19,82190.0
11,3,6,6,82.217,82217.0
11,3,7,7,82.23,82230.0
11,3,8,9,82.143,82143.0
11,3,9,6,82.133,82133.0
11,3,10,7,82.09700000000001,82097.0
11,3,11,4,82.297,82297.0
11,3,12,10,82.306,82306.0
11,3,13,6,82.031,82031.0
11,3,14,8,82.158,82158.0
11,3,15,1,82.498,82498.0
11,3,16,8,82.076,82076.0
11,3,17,6,82.185,82185.0
11,3,18,4,81.962,81962.0
11,3,19,6,82.283,82283.0
11,3,20,7,81.85900000000001,81859.0
11,3,21,10,81.865,81865.0
11,3,22,4,81.764,81764.0
11,3,23,3,81.64099999999999,81641.0
11,3,24,5,81.593,81593.0
11,3,25,5,81.794,81794.0
11,3,26,3,81.892,81892.0
11,3,27,8,81.939,81939.0
11,3,28,1,82.095,82095.0
11,3,29,8,81.72800000000001,81728.0
11,3,30,7,81.738,81738.0
11,3,31,5,81.89699999999999,81897.0
11,3,32,6,81.98,81980.0
11,3,33,5,81.702,81702.0
11,3,34,5,81.82900000000001,81829.0
11,3,35,2,81.746,81746.0
11,3,36,3,81.774,81774.0
11,3,37,8,81.777,81777.0
11,3,38,8,81.642,81642.0
11,3,39,9,81.678,81678.0
11,3,40,3,81.571,81571.0
11,3,41,5,81.314,81314.0
11,3,42,4,81.532,81532.0
11,3,43,7,81.547,81547.0
11,3,44,3,81.42699999999999,81427.0
11,3,45,10,81.485,81485.0
11,3,46,1,81.583,81583.0
11,3,47,9,81.316,88663.0
11,3,48,5,81.503,81503.0
11,3,49,2,81.334,81334.0
11,3,50,8,81.371,81371.0
11,3,51,2,81.53,81530.0
11,4,1,7,82.861,82861.0
11,4,2,1,82.872,82872.0
11,4,3,7,82.58500000000001,82585.0
11,4,4,7,82.495,82495.0
11,4,5,4,82.821,82821.0
11,4,6,9,82.608,82608.0
11,4,7,5,82.696,82696.0
11,4,8,3,82.658,82658.0
11,4,9,4,82.863,82863.0
11,4,10,6,82.75,82750.0
11,4,11,7,82.517,82517.0
11,4,12,9,82.56,82560.0
11,4,13,6,82.857,82857.0
11,4,14,4,82.702,82702.0
11,4,15,7,82.757,82757.0
11,4,16,4,82.601,88663.0
11,4,17,10,82.749,82749.0
11,4,18,5,82.462,82462.0
11,4,19,2,82.566,82566.0
11,4,20,4,82.402,82402.0
11,4,21,3,82.119,82119.0
11,4,22,8,82.479,82479.0
11,4,23,8,82.27199999999999,82272.0
11,4,24,4,82.295,82295.0
11,4,25,3,82.342,82342.0
11,4,26,10,82.38,82380.0
11,4,27,5,82.1,82100.0
11,4,28,8,82.274,82274.0
11,4,29,1,82.255,82255.0
11,4,30,2,82.195,82195.0
11,4,31,10,82.491,82491.0
11,4,32,7,82.285,82285.0
11,4,33,6,82.27199999999999,82272.0
11,4,34,8,82.31,82310.0
11,4,35,9,82.286,82286.0
11,4,36,4,82.006,82006.0
11,4,37,1,82.002,82002.0
11,4,38,2,82.185,82185.0
11,4,39,9,82.27,82270.0
11,4,40,9,82.023,82023.0
11,4,41,4,81.795,81795.0
11,4,42,8,81.776,81776.0
11,4,43,7,81.975,81975.0
11,4,44,10,82.02799999999999,82028.0
11,4,45,10,81.955,81955.0
11,4,46,7,81.85900000000001,81859.0
11,4,47,10,82.004,82004.0
11,4,48,1,81.691,81691.0
11,4,49,2,81.8,81800.0
11,4,50,4,81.669,81669.0
11,4,51,4,81.879,81879.0
11,5,1,4,81.115,81115.0
11,5,2,1,81.253,81253.0
11,5,3,5,81.214,81214.0
11,5,4,3,81.211,88663.0
11,5,5,6,81.19,81190.0
11,5,6,3,81.213,81213.0
11,5,7,10,81.06,81060.0
11,5,8,7,81.142,81142.0
11,5,9,6,81.221,81221.0
11,5,10,4,81.27199999999999,81272.0
11,5,11,9,81.166,81166.0
11,5,12,3,80.982,80982.0
11,5,13,6,81.09700000000001,81097.0
11,5,14,7,81.262,81262.0
11,5,15,8,81.142,81142.0
11,5,16,7,81.03399999999999,81034.0
11,5,17,2,81.19,81190.0
11,5,18,6,81.10300000000001,81103.0
11,5,19,9,81.2,81200.0
11,5,20,8,80.944,80944.0
11,5,21,2,80.678,80678.0
11,5,22,8,80.923,80923.0
11,5,23,2,80.886,80886.0
11,5,24,2,80.871,80871.0
11,5,25,9,80.854,80854.0
11,5,26,9,80.898,80898.0
11,5,27,10,80.843,80843.0
11,5,28,5,80.583,105601.75
11,5,29,10,80.862,80862.0
11,5,30,10,80.66,80660.0
11,5,31,9,80.824,80824.0
11,5,32,8,80.87,80870.0
11,5,33,4,80.879,80879.0
11,5,34,3,80.557,80557.0
11,5,35,4,80.517,80517.0
11,5,36,9,80.649,80649.0
11,5,37,4,80.995,80995.0
11,5,38,1,80.769,80769.0
11,5,39,5,80.706,80706.0
11,5,40,3,80.541,80541.0
11,5,41,5,80.408,80408.0
11,5,42,6,80.64099999999999,80641.0
11,5,43,3,80.371,80371.0
11,5,44,4,80.45400000000001,80454.0
11,5,45,2,80.369,80369.0
11,5,46,2,80.446,80446.0
11,6,1,9,81.006,81006.0
11,6,2,3,80.981,80981.0
11,6,3,10,81.049,81049.0
11,6,4,5,81.064,81064.0
11,6,5,5,80.886,80886.0
11,6,6,8,80.798,80798.0
11,6,7,9,80.926,80926.0
11,6,8,5,81.2,81200.0
11,6,9,4,81.21000000000001,81210.0
11,6,10,1,80.85,80850.0
11,6,11,8,81.06,81060.0
11,6,12,2,81.038,81038.0
11,6,13,2,81.093,81093.0
11,6,14,6,80.931,80931.0
11,6,15,6,80.739,80739.0
11,6,16,9,80.993,105601.75
11,6,17,10,80.963,80963.0
11,6,18,2,80.92699999999999,80927.0
11,6,19,2,80.886,80886.0
11,6,20,9,80.738,80738.0
11,6,21,9,80.461,80461.0
11,6,22,8,80.695,80695.0
11,7,1,7,82.1,82100.0
11,7,2,2,81.92099999999999,81921.0
11,7,3,8,81.79599999999999,81796.0
11,7,4,1,81.96600000000001,81966.0
11,7,5,5,82.07,82070.0
11,7,6,7,81.973,81973.0
11,7,7,8,81.946,81946.0
11,7,8,7,81.936,81936.0
11,7,9,6,81.918,81918.0
11,7,10,5,82.102,82102.0
11,7,11,1,82.07300000000001,82073.0
11,7,12,6,81.678,81678.0
11,7,13,1,81.90899999999999,81909.0
11,7,14,4,81.904,81904.0
11,7,15,9,81.831,81831.0
11,7,16,1,81.77799999999999,81778.0
11,7,17,3,81.742,81742.0
11,7,18,6,81.771,81771.0
11,7,19,3,81.879,81879.0
11,7,20,1,81.741,81741.0
11,7,21,3,81.719,81719.0
11,7,22,8,81.702,81702.0
11,7,23,8,81.77199999999999,81772.0
11,7,24,8,81.379,81379.0
11,7,25,7,81.52799999999999,81528.0
11,7,26,1,81.508,81508.0
11,7,27,5,81.77,81770.0
11,7,28,6,81.577,81577.0
11,7,29,8,81.694,81694.0
11,7,30,3,81.572,81572.0
11,7,31,6,81.651,81651.0
11,7,32,4,81.501,81501.0
11,7,33,4,81.627,81627.0
11,7,34,1,81.695,81695.0
11,7,35,3,81.322,81322.0
11,7,36,4,81.596,81596.0
11,7,37,9,81.599,81599.0
11,7,38,4,81.535,81535.0
11,7,39,1,81.569,81569.0
11,7,40,8,81.146,81146.0
11,7,41,9,81.246,81246.0
11,7,42,4,81.075,81075.0
11,7,43,1,81.18299999999999,81183.0
11,7,44,9,81.249,81249.0
11,7,45,8,81.19,81190.0
11,7,46,10,81.333,81333.0
11,7,47,2,81.11,81110.0
11,7,48,1,80.976,80976.0
11,7,49,8,81.074,81074.0
11,7,50,5,81.19,81190.0
11,7,51,6,81.215,81215.0
11,8,1,10,81.251,81251.0
11,8,2,4,81.373,81373.0
11,8,3,2,81.444,81444.0
11,8,4,3,81.425,81425.0
11,8,5,5,81.439,81439.0
11,8,6,1,81.55199999999999,81552.0
11,8,7,8,81.324,81324.0
11,8,8,9,81.26599999999999,81266.0
11,8,9,1,81.455,81455.0
11,8,10,3,81.441,81441.0
11,8,11,6,81.127,81127.0
11,8,12,5,81.434,81434.0
11,8,13,7,81.459,81459.0
11,8,14,5,81.277,81277.0
11,8,15,7,81.378,81378.0
11,8,16,3,81.635,81635.0
11,8,17,8,81.36,81360.0
11,8,18,5,81.379,88663.0
11,8,19,5,81.193,81193.0
11,8,20,3,80.779,80779.0
11,8,21,8,81.255,81255.0
11,8,22,2,81.111,81111.0
11,8,23,6,80.87,80870.0
11,8,24,10,81.02199999999999,81022.0
11,8,25,9,81.056,81056.0
11,8,26,9,80.964,80964.0
11,8,27,6,81.19,81190.0
11,8,28,8,81.008,81008.0
11,8,29,3,80.89699999999999,80897.0
11,8,30,2,80.84700000000001,80847.0
11,8,31,9,81.017,81017.0
11,8,32,7,80.924,80924.0
11,8,33,6,80.985,80985.0
11,8,34,7,81.095,81095.0
11,8,35,10,81.325,81325.0
11,8,36,1,80.884,80884.0
11,8,37,4,80.821,80821.0
11,8,38,5,80.911,80911.0
11,8,39,10,80.963,80963.0
11,8,40,1,80.451,80451.0
11,8,41,4,80.51,80510.0
11,8,42,1,80.618,80618.0
11,8,43,6,80.932,80932.0
11,8,44,5,80.519,80519.0
11,8,45,3,80.553,80553.0
11,8,46,9,80.52799999999999,80528.0
11,8,47,8,80.723,80723.0
11,8,48,8,80.557,80557.0
11,8,49,5,80.658,80658.0
11,8,50,9,80.479,80479.0
11,8,51,8,80.715,80715.0
11,9,1,5,82.262,82262.0
11,9,2,3,82.021,82021.0
11,9,3,8,82.203,82203.0
11,9,4,4,82.02199999999999,82022.0
11,9,5,3,82.149,82149.0
11,9,6,5,82.156,82156.0
11,9,7,7,82.219,82219.0
11,9,8,10,82.134,82134.0
11,9,9,9,82.116,82116.0
11,9,10,2,82.023,82023.0
11,9,11,7,82.401,82401.0
11,9,12,10,82.101,82101.0
11,9,13,2,81.986,81986.0
11,9,14,6,82.185,82185.0
11,9,15,6,82.14699999999999,82147.0
11,9,16,6,82.07300000000001,82073.0
11,9,17,5,82.191,82191.0
11,9,18,7,82.065,82065.0
11,9,19,10,82.13,82130.0
11,9,20,10,81.666,81666.0
11,9,21,2,81.76,81760.0
11,9,22,1,81.55,81550.0
11,9,23,3,81.635,81635.0
11,9,24,5,81.686,81686.0
11,9,25,3,81.739,81739.0
11,9,26,2,81.685,81685.0
11,9,27,2,81.712,81712.0
11,9,28,7,81.657,81657.0
11,9,29,10,81.832,81832.0
11,9,30,10,81.44200000000001,81442.0
11,9,31,1,81.63,81630.0
11,9,32,7,81.729,81729.0
11,9,33,2,81.611,81611.0
11,9,34,10,81.65,81650.0
11,9,35,7,81.695,81695.0
11,9,36,7,81.505,81505.0
11,9,37,8,81.745,81745.0
11,9,38,3,81.487,81487.0
11,9,39,1,81.622,81622.0
11,9,40,2,81.328,81328.0
11,9,41,5,81.31700000000001,81317.0
11,9,42,3,81.413,81413.0
11,9,43,10,81.414,81414.0
11,9,44,1,81.447,81447.0
11,9,45,4,81.328,81328.0
11,9,46,4,81.219,81219.0
11,9,47,7,81.443,81443.0
11,9,48,7,81.244,88663.0
11,9,49,9,81.515,81515.0
11,9,50,10,81.19800000000001,81198.0
11,9,51,3,81.48400000000001,81484.0
11,10,1,1,81.566,81566.0
11,10,2,4,81.632,81632.0
11,10,3,7,81.715,81715.0
11,10,4,3,81.504,81504.0
11,10,5,1,81.451,81451.0
11,10,6,8,81.805,81805.0
11,10,7,9,81.64099999999999,81641.0
11,10,8,1,81.745,81745.0
11,10,9,8,81.64699999999999,81647.0
11,10,10,2,81.63,81630.0
11,10,11,3,81.744,81744.0
11,10,12,1,81.681,81681.0
11,10,13,9,81.52799999999999,81528.0
11,10,14,3,81.561,81561.0
11,10,15,3,81.561,81561.0
11,10,16,1,81.277,81277.0
11,10,17,10,81.555,81555.0
11,10,18,3,81.378,81378.0
11,10,19,7,81.616,81616.0
11,10,20,5,81.244,81244.0
11,10,21,4,81.501,81501.0
11,10,22,4,81.34,81340.0
11,10,23,6,81.309,81309.0
11,10,24,8,81.495,81495.0
11,10,25,10,81.343,81343.0
11,10,26,2,81.071,81071.0
11,10,27,6,81.299,81299.0
11,10,28,8,81.05199999999999,81052.0
11,10,29,4,81.26599999999999,81266.0
11,10,30,1,81.271,81271.0
11,10,31,5,81.252,81252.0
11,10,32,8,81.267,81267.0
11,10,33,5,81.123,81123.0
11,10,34,10,81.111,81111.0
11,10,35,4,81.303,81303.0
11,10,36,7,81.324,81324.0
11,10,37,3,81.365,81365.0
11,10,38,10,80.793,80793.0
11,10,39,4,81.26,81260.0
11,10,40,9,80.783,80783.0
11,10,41,9,80.80799999999999,80808.0
11,10,42,7,81.027,81027.0
11,10,43,2,80.882,80882.0
11,10,44,7,80.914,80914.0
11,10,45,4,80.81,80810.0
11,10,46,8,80.906,80906.0
11,10,47,2,80.93,80930.0
11,10,48,7,80.792,80792.0
11,10,49,5,80.836,80836.0
11,10,50,10,80.761,80761.0
11,10,51,9,80.663,80663.0
12,1,1,5,80.057,80057.0
12,1,2,4,80.15899999999999,80159.0
12,1,3,8,80.22200000000001,80222.0
12,1,4,2,80.129,80129.0
12,1,5,9,80.084,80084.0
12,1,6,2,80.257,80257.0
12,1,7,3,80.24,80240.0
12,1,8,10,80.258,80258.0
12,1,9,7,80.051,80051.0
12,1,10,5,80.065,80065.0
12,1,11,6,80.17699999999999,80177.0
12,1,12,7,80.039,80039.0
12,1,13,1,80.162,80162.0
12,1,14,3,79.985,79985.0
12,1,15,9,79.961,79961.0
12,1,16,5,80.02799999999999,80028.0
12,1,17,2,79.865,79865.0
12,1,18,5,79.964,79964.0
12,1,19,2,80.205,80205.0
12,1,20,10,79.744,79744.0
12,1,21,7,79.674,79674.0
12,1,22,1,79.691,79691.0
12,1,23,10,79.95400000000001,79954.0
12,1,24,5,79.639,79639.0
12,1,25,9,79.506,79506.0
12,1,26,3,79.65299999999999,79653.0
12,1,27,3,79.634,79634.0
12,1,28,9,79.429,79429.0
12,1,29,4,79.68299999999999,79683.0
12,1,30,9,79.636,88663.0
12,1,31,7,79.801,79801.0
12,1,32,2,79.44200000000001,79442.0
12,1,33,8,79.566,88663.0
12,1,34,10,79.67099999999999,79671.0
12,1,35,9,79.499,79499.0
12,1,36,2,79.643,79643.0
12,1,37,6,79.615,79615.0
12,1,38,6,79.62,79620.0
12,1,39,2,79.662,79662.0
12,1,40,7,79.201,79201.0
12,1,41,10,79.28399999999999,79284.0
12,1,42,5,79.426,88663.0
12,1,43,6,79.375,88663.0
12,1,44,6,79.443,79443.0
12,1,45,7,79.163,79163.0
12,1,46,3,79.251,79251.0
12,1,47,7,79.544,79544.0
12,1,48,7,79.248,79248.0
12,1,49,8,79.213,79213.0
12,1,50,10,79.295,79295.0
12,1,51,5,79.297,79297.0
12,1,52,1,79.379,79379.0
12,1,53,9,79.238,79238.0
12,1,54,6,79.17,79170.0
12,1,55,6,79.31,79310.0
12,1,56,9,79.293,79293.0
12,1,57,6,79.275,79275.0
12,2,1,9,80.254,80254.0
12,2,2,8,80.327,80327.0
12,2,3,5,80.446,80446.0
12,2,4,4,80.279,80279.0
12,2,5,8,80.08,80080.0
12,2,6,5,80.239,80239.0
12,2,7,3,80.486,80486.0
12,2,8,9,80.334,80334.0
12,2,9,1,80.121,88663.0
12,2,10,8,80.37,80370.0
12,2,11,2,80.116,80116.0
12,2,12,1,80.139,80139.0
12,2,13,8,80.297,80297.0
12,2,14,2,80.358,80358.0
12,2,15,5,80.207,80207.0
12,2,16,5,80.321,80321.0
12,2,17,5,79.97200000000001,79972.0
12,2,18,6,80.102,105601.75
12,2,19,9,80.099,80099.0
12,2,20,6,79.811,79811.0
12,2,21,6,79.993,79993.0
12,2,22,8,80.116,80116.0
12,2,23,5,79.748,79748.0
12,2,24,8,79.8,79800.0
12,2,25,3,79.862,79862.0
12,2,26,5,79.792,79792.0
12,2,27,5,79.985,79985.0
12,2,28,2,79.86,79860.0
12,2,29,9,79.887,79887.0
12,2,30,3,79.819,79819.0
12,2,31,2,79.777,79777.0
12,2,32,1,79.94200000000001,79942.0
12,2,33,6,79.947,79947.0
12,2,34,6,79.975,79975.0
12,2,35,7,79.746,79746.0
12,2,36,9,79.923,79923.0
12,2,37,5,80.10300000000001,80103.0
12,2,38,4,79.82,79820.0
12,2,39,7,79.809,79809.0
12,2,40,7,79.515,79515.0
12,2,41,8,79.554,79554.0
12,2,42,1,79.57300000000001,79573.0
12,2,43,2,79.53999999999999,79540.0
12,2,44,9,79.439,79439.0
12,2,45,2,79.328,79328.0
12,2,46,1,79.678,79678.0
12,2,47,8,79.587,79587.0
12,2,48,2,79.496,79496.0
12,2,49,9,79.44,79440.0
12,2,50,4,79.352,79352.0
12,2,51,8,79.646,79646.0
12,2,52,5,79.444,79444.0
12,2,53,5,79.589,79589.0
12,2,54,1,79.365,79365.0
12,2,55,8,79.412,79412.0
12,2,56,10,79.26,79260.0
12,2,57,8,79.461,79461.0
12,2,58,9,79.32300000000001,79323.0
12,2,59,8,79.354,79354.0
12,2,60,4,79.38,79380.0
12,2,61,9,79.179,79179.0
12,2,62,1,79.08,79080.0
12,3,1,7,80.633,80633.0
12,3,2,7,80.75,80750.0
12,3,3,2,80.58500000000001,80585.0
12,3,4,10,80.486,80486.0
12,3,5,9,80.675,80675.0
12,3,6,6,80.694,80694.0
12,3,7,3,80.776,80776.0
12,3,8,2,80.661,80661.0
12,3,9,8,80.679,80679.0
12,3,10,2,80.499,80499.0
12,3,11,5,80.699,80699.0
12,3,12,1,80.545,80545.0
12,3,13,4,80.615,80615.0
12,3,14,4,80.474,80474.0
12,3,15,8,80.538,80538.0
12,3,16,8,80.786,80786.0
12,3,17,7,80.587,80587.0
12,3,18,8,80.73400000000001,80734.0
12,3,19,8,80.535,80535.0
12,3,20,9,80.258,80258.0
12,3,21,2,80.328,80328.0
12,3,22,10,80.135,80135.0
12,3,23,6,80.345,80345.0
12,3,24,4,80.249,80249.0
12,3,25,6,80.39,80390.0
12,3,26,3,80.346,80346.0
12,3,27,10,80.095,80095.0
12,3,28,9,80.128,80128.0
12,3,29,3,80.075,80075.0
12,3,30,5,80.292,80292.0
12,3,31,6,80.313,80313.0
12,3,32,4,80.17099999999999,80171.0
12,3,33,3,80.313,80313.0
12,3,34,7,80.128,80128.0
12,3,35,4,80.001,80001.0
12,3,36,1,80.11,80110.0
12,3,37,8,80.08500000000001,80085.0
12,3,38,7,80.26,80260.0
12,3,39,8,80.087,80087.0
12,3,40,8,79.886,79886.0
12,3,41,4,79.758,79758.0
12,3,42,2,79.971,79971.0
12,3,43,2,79.79599999999999,79796.0
12,3,44,2,79.83,79830.0
12,3,45,7,79.689,79689.0
12,3,46,10,79.804,79804.0
12,3,47,7,79.913,79913.0
12,3,48,5,79.824,79824.0
12,3,49,1,79.904,79904.0
12,3,50,7,79.919,79919.0
12,3,51,4,80.003,80003.0
12,3,52,2,79.969,79969.0
12,3,53,8,79.701,79701.0
12,3,54,3,79.672,79672.0
12,3,55,8,79.794,79794.0
12,3,56,8,79.566,79566.0
12,3,57,9,79.925,79925.0
12,3,58,7,79.832,79832.0
12,3,59,8,79.65899999999999,79659.0
12,3,60,5,79.543,79543.0
12,3,61,6,79.55199999999999,79552.0
12,3,62,2,79.563,79563.0
12,4,1,5,80.224,80224.0
12,4,2,6,80.385,80385.0
12,4,3,1,80.476,80476.0
12,4,4,1,80.258,80258.0
12,4,5,6,80.289,80289.0
12,4,6,5,80.42699999999999,80427.0
12,4,7,6,80.314,80314.0
12,4,8,3,80.506,80506.0
12,4,9,1,80.48,80480.0
12,4,10,3,80.556,80556.0
12,4,11,2,80.468,80468.0
12,4,12,8,80.201,80201.0
12,4,13,4,80.462,80462.0
12,4,14,9,80.15299999999999,80153.0
12,4,15,8,80.292,80292.0
12,4,16,9,80.314,80314.0
12,4,17,8,80.215,80215.0
12,4,18,3,80.508,80508.0
12,4,19,1,80.389,80389.0
12,4,20,5,80.07,80070.0
12,4,21,4,80.182,80182.0
12,4,22,3,80.043,80043.0
12,4,23,10,80.05,80050.0
12,4,24,2,80.04599999999999,80046.0
12,4,25,7,79.925,79925.0
12,4,26,5,79.791,79791.0
12,4,27,3,79.705,79705.0
12,4,28,1,79.931,79931.0
12,4,29,8,79.936,88663.0
12,4,30,9,80.127,80127.0
12,4,31,5,80.01599999999999,80016.0
12,4,32,6,80.004,80004.0
12,4,33,10,79.97200000000001,79972.0
12,4,34,10,79.773,79773.0
12,4,35,7,80.03399999999999,80034.0
12,4,36,7,79.84100000000001,79841.0
12,4,37,3,79.906,79906.0
12,4,38,6,79.842,79842.0
12,4,39,5,80.108,80108.0
12,4,40,4,79.557,79557.0
12,4,41,4,79.575,79575.0
12,4,42,6,79.708,79708.0
12,4,43,9,79.586,79586.0
12,4,44,4,79.62,79620.0
12,4,45,7,79.652,79652.0
12,4,46,8,79.583,79583.0
12,4,47,9,79.539,79539.0
12,4,48,2,79.53,79530.0
12,4,49,10,79.806,79806.0
12,4,50,4,79.646,79646.0
12,4,51,3,79.487,79487.0
12,4,52,10,79.369,79369.0
12,4,53,5,79.48,79480.0
12,4,54,10,79.455,79455.0
12,4,55,7,79.67,79670.0
12,4,56,9,79.598,79598.0
12,4,57,1,79.686,79686.0
12,4,58,4,79.615,88663.0
12,4,59,6,79.551,79551.0
12,4,60,8,79.33,79330.0
12,4,61,1,79.453,79453.0
12,4,62,10,79.10900000000001,79109.0
12,5,1,6,79.399,79399.0
12,5,2,6,79.336,79336.0
12,5,3,5,79.513,79513.0
12,5,4,5,79.453,79453.0
12,5,5,8,79.394,79394.0
12,5,6,10,79.422,79422.0
12,5,7,5,79.248,79248.0
12,5,8,3,79.446,79446.0
12,5,9,5,79.482,79482.0
12,5,10,6,79.219,79219.0
12,5,11,9,79.23,79230.0
12,5,12,3,79.342,79342.0
12,5,13,4,79.29599999999999,105601.75
12,5,14,8,79.168,79168.0
12,5,15,5,79.043,79043.0
12,5,16,10,79.267,79267.0
12,5,17,6,79.263,79263.0
12,5,18,7,79.487,88663.0
12,5,19,6,79.146,79146.0
12,5,20,2,78.839,78839.0
12,5,21,6,78.85,78850.0
12,5,22,4,78.97200000000001,78972.0
12,5,23,2,78.969,78969.0
12,5,24,10,79.063,79063.0
12,5,25,8,78.935,78935.0
12,5,26,9,78.836,78836.0
12,5,27,4,78.798,78798.0
12,5,28,2,79.029,79029.0
12,5,29,8,78.90299999999999,78903.0
12,5,30,4,78.928,78928.0
12,5,31,6,78.777,78777.0
12,5,32,9,78.85,78850.0
12,5,33,8,78.993,78993.0
12,5,34,10,78.789,78789.0
12,5,35,10,78.904,78904.0
12,5,36,5,78.901,78901.0
12,5,37,6,78.922,78922.0
12,5,38,5,78.938,78938.0
12,5,39,9,78.805,78805.0
12,5,40,8,78.725,78725.0
12,5,41,6,78.687,78687.0
12,5,42,1,78.676,78676.0
12,5,43,2,78.674,78674.0
12,5,44,10,78.57900000000001,78579.0
12,5,45,7,78.595,78595.0
12,5,46,10,78.508,78508.0
12,5,47,3,78.399,78399.0
12,5,48,10,78.526,78526.0
12,5,49,2,78.398,78398.0
12,5,50,6,78.707,78707.0
12,5,51,3,78.332,78332.0
12,5,52,4,78.215,78215.0
12,5,53,10,78.463,78463.0
12,5,54,7,78.464,78464.0
12,5,55,7,78.506,78506.0
12,5,56,5,78.281,78281.0
12,5,57,7,78.488,78488.0
12,5,58,2,78.695,78695.0
12,5,59,4,78.315,78315.0
12,5,60,5,78.104,78104.0
12,5,61,2,78.083,78083.0
12,5,62,3,78.202,78202.0
12,6,1,4,80.306,80306.0
12,6,2,5,80.575,80575.0
12,6,3,2,80.181,80181.0
12,6,4,7,80.19,80190.0
12,6,5,10,80.418,80418.0
12,6,6,9,80.236,80236.0
12,6,7,6,80.515,80515.0
12,6,8,2,80.26599999999999,80266.0
12,6,9,7,80.322,80322.0
12,6,10,7,80.181,80181.0
12,6,11,8,80.142,80142.0
12,6,12,2,80.396,80396.0
12,6,13,8,80.17,80170.0
12,6,14,5,80.089,80089.0
12,6,15,6,80.16,80160.0
12,6,16,10,79.912,79912.0
12,6,17,7,80.135,80135.0
12,6,18,3,80.282,80282.0
12,6,19,1,80.095,80095.0
12,6,20,10,79.876,79876.0
12,6,21,5,80.102,80102.0
12,6,22,9,79.81700000000001,79817.0
12,6,23,7,79.77199999999999,79772.0
12,6,24,3,79.72200000000001,79722.0
12,6,25,2,79.916,79916.0
12,6,26,8,80.037,80037.0
12,6,27,5,80.163,80163.0
12,6,28,8,79.85900000000001,88663.0
12,6,29,6,79.703,79703.0
12,6,30,3,79.935,79935.0
12,6,31,7,79.922,79922.0
12,6,32,1,79.699,79699.0
12,6,33,5,79.852,79852.0
12,6,34,1,79.836,79836.0
12,6,35,6,79.95400000000001,79954.0
12,6,36,2,80.05,80050.0
12,6,37,10,79.882,79882.0
12,6,38,1,79.44200000000001,79442.0
12,6,39,3,79.555,79555.0
12,6,40,10,79.469,79469.0
12,6,41,3,79.498,79498.0
12,6,42,3,79.616,79616.0
12,6,43,10,79.464,79464.0
12,6,44,7,79.438,79438.0
12,6,45,9,79.543,79543.0
12,6,46,1,79.342,79342.0
12,6,47,2,79.662,88663.0
12,6,48,4,79.553,79553.0
12,6,49,8,79.42699999999999,79427.0
12,6,50,5,79.423,79423.0
12,6,51,7,79.238,79238.0
12,6,52,3,79.354,79354.0
12,6,53,2,79.382,79382.0
12,6,54,4,79.407,79407.0
12,6,55,2,79.678,79678.0
12,6,56,9,79.405,105601.75
12,6,57,3,79.324,79324.0
12,6,58,3,79.356,79356.0
12,6,59,9,79.287,79287.0
12,6,60,8,79.107,79107.0
12,6,61,2,79.027,79027.0
12,6,62,9,79.116,79116.0
12,7,1,6,80.327,80327.0
12,7,2,2,80.291,80291.0
12,7,3,3,80.155,80155.0
12,7,4,3,80.068,80068.0
12,7,5,9,80.255,80255.0
12,7,6,3,80.212,80212.0
12,7,7,10,80.167,80167.0
12,7,8,1,80.175,80175.0
12,7,9,5,80.235,80235.0
12,7,10,4,80.045,80045.0
12,7,11,6,80.14099999999999,80141.0
12,7,12,1,79.913,79913.0
12,7,13,1,80.054,80054.0
12,7,14,3,80.166,80166.0
12,7,15,1,79.865,79865.0
12,7,16,9,80.364,80364.0
12,7,17,7,80.125,80125.0
12,7,18,5,79.905,79905.0
12,7,19,2,80.072,80072.0
12,7,20,8,79.811,88663.0
12,7,21,9,79.82,79820.0
12,7,22,9,79.904,79904.0
12,7,23,8,79.936,79936.0
12,7,24,4,79.923,79923.0
12,7,25,2,79.97,79970.0
12,7,26,10,79.776,79776.0
12,7,27,4,79.775,79775.0
12,7,28,6,79.763,79763.0
12,7,29,4,79.725,79725.0
12,7,30,8,79.575,79575.0
12,7,31,5,79.92099999999999,79921.0
12,7,32,2,79.825,79825.0
12,7,33,3,79.594,79594.0
12,7,34,5,79.628,79628.0
12,7,35,8,79.616,79616.0
12,7,36,6,79.408,79408.0
12,7,37,1,79.863,79863.0
12,7,38,2,79.874,79874.0
12,7,39,6,79.811,79811.0
12,7,40,8,79.425,79425.0
12,7,41,8,79.414,79414.0
12,7,42,9,79.477,79477.0
12,7,43,1,79.393,79393.0
12,7,44,10,79.365,79365.0
12,7,45,9,79.259,79259.0
12,7,46,9,79.59100000000001,79591.0
12,7,47,5,79.362,79362.0
12,7,48,6,79.389,79389.0
12,7,49,5,79.424,79424.0
12,7,50,8,79.55,105601.75
12,7,51,2,79.386,88663.0
12,7,52,8,79.387,79387.0
12,7,53,3,79.512,79512.0
12,7,54,1,79.551,79551.0
12,7,55,3,79.38,79380.0
12,7,56,5,79.301,79301.0
12,7,57,6,79.315,79315.0
12,7,58,4,79.355,79355.0
12,7,59,2,79.161,79161.0
12,7,60,3,78.963,78963.0
12,7,61,1,78.91,78910.0
12,7,62,8,79.03999999999999,79040.0
12,8,1,4,80.332,80332.0
12,8,2,3,80.328,80328.0
12,8,3,7,80.18299999999999,80183.0
12,8,4,7,80.06700000000001,80067.0
12,8,5,9,80.26599999999999,80266.0
12,8,6,8,80.101,80101.0
12,8,7,10,80.083,80083.0
12,8,8,3,80.309,80309.0
12,8,9,9,80.021,80021.0
12,8,10,7,80.194,80194.0
12,8,11,6,80.429,80429.0
12,8,12,10,80.019,80019.0
12,8,13,8,80.102,80102.0
12,8,14,3,79.943,79943.0
12,8,15,7,80.084,80084.0
12,8,16,6,79.949,79949.0
12,8,17,10,80.18299999999999,80183.0
12,8,18,3,80.088,80088.0
12,8,19,6,80.03399999999999,80034.0
12,8,20,6,79.803,79803.0
12,8,21,1,79.929,88663.0
12,8,22,1,79.82,79820.0
12,8,23,6,79.712,79712.0
12,8,24,9,79.792,79792.0
12,8,25,2,79.919,79919.0
12,8,26,1,79.969,79969.0
12,8,27,1,79.839,79839.0
12,8,28,7,79.565,79565.0
12,8,29,4,79.60300000000001,79603.0
12,8,30,6,79.71600000000001,79716.0
12,8,31,9,79.752,79752.0
12,8,32,1,79.604,79604.0
12,8,33,7,79.638,79638.0
12,8,34,10,79.576,79576.0
12,8,35,10,79.812,79812.0
12,8,36,7,79.717,79717.0
12,8,37,5,79.63,79630.0
12,8,38,6,79.845,79845.0
12,8,39,1,79.282,79282.0
12,8,40,6,79.694,79694.0
12,8,41,6,79.437,79437.0
12,8,42,3,79.518,79518.0
12,8,43,2,79.469,79469.0
12,8,44,3,79.321,79321.0
12,8,45,7,79.39699999999999,79397.0
12,8,46,2,79.527,79527.0
12,8,47,1,79.26,79260.0
12,8,48,1,79.486,79486.0
12,8,49,1,79.282,79282.0
12,8,50,5,79.279,79279.0
12,8,51,2,79.127,79127.0
12,8,52,9,79.243,79243.0
12,8,53,6,79.326,79326.0
12,8,54,8,79.431,79431.0
12,8,55,2,79.465,79465.0
12,8,56,7,79.385,79385.0
12,8,57,9,79.193,79193.0
12,8,58,7,79.262,79262.0
12,8,59,10,79.35,79350.0
12,8,60,5,79.078,79078.0
12,8,61,7,79.09,79090.0
12,8,62,8,79.139,79139.0
12,9,1,4,80.112,80112.0
12,9,2,6,79.965,79965.0
12,9,3,4,80.05,80050.0
12,9,4,2,79.934,79934.0
12,9,5,5,79.999,79999.0
12,9,6,3,79.928,105601.75
12,9,7,8,79.813,79813.0
12,9,8,8,79.95400000000001,79954.0
12,9,9,6,79.838,79838.0
12,9,10,7,80.188,80188.0
12,9,11,5,79.814,79814.0
12,9,12,2,80.22800000000001,80228.0
12,9,13,10,80.013,80013.0
12,9,14,6,79.937,79937.0
12,9,15,10,79.999,79999.0
12,9,16,7,79.876,79876.0
12,9,17,6,79.84100000000001,79841.0
12,9,18,4,79.936,79936.0
12,9,19,1,79.747,79747.0
12,9,20,2,79.559,79559.0
12,9,21,2,79.789,79789.0
12,9,22,6,79.7,79700.0
12,9,23,7,79.451,79451.0
12,9,24,6,79.492,79492.0
12,9,25,10,79.577,79577.0
12,9,26,8,79.732,79732.0
12,9,27,10,79.596,79596.0
12,9,28,2,79.494,79494.0
12,9,29,3,79.736,79736.0
12,9,30,9,79.559,79559.0
12,9,31,8,79.418,79418.0
12,9,32,9,79.57900000000001,79579.0
12,9,33,5,79.527,79527.0
12,9,34,8,79.488,79488.0
12,9,35,7,79.587,79587.0
12,9,36,6,79.362,79362.0
12,9,37,3,79.44200000000001,79442.0
12,9,38,8,79.6,79600.0
12,9,39,1,79.686,79686.0
12,9,40,3,79.23,79230.0
12,9,41,5,79.155,79155.0
12,9,42,3,79.21600000000001,79216.0
12,9,43,9,79.211,79211.0
12,9,44,3,79.30199999999999,79302.0
12,9,45,4,79.16,79160.0
12,9,46,9,79.27199999999999,79272.0
12,9,47,4,78.849,78849.0
12,9,48,1,79.066,79066.0
12,9,49,6,79.34,79340.0
12,9,50,1,79.121,79121.0
12,9,51,2,79.174,79174.0
12,9,52,5,79.124,79124.0
12,9,53,7,79.176,79176.0
12,9,54,3,79.104,79104.0
12,9,55,2,79.027,79027.0
12,9,56,9,79.14699999999999,79147.0
12,9,57,7,79.169,79169.0
12,9,58,4,79.215,79215.0
12,9,59,3,79.208,79208.0
12,9,60,1,78.904,78904.0
12,9,61,10,78.936,78936.0
12,9,62,9,78.816,78816.0
12,10,1,1,80.205,80205.0
12,10,2,10,80.27799999999999,80278.0
12,10,3,1,80.098,80098.0
12,10,4,5,80.326,80326.0
12,10,5,4,80.318,80318.0
12,10,6,10,80.28,80280.0
12,10,7,5,80.12,80120.0
12,10,8,3,80.348,80348.0
12,10,9,4,80.157,80157.0
12,10,10,9,80.322,80322.0
12,10,11,9,80.37,80370.0
12,10,12,4,80.243,80243.0
12,10,13,10,80.372,80372.0
12,10,14,10,80.134,80134.0
12,10,15,3,80.17699999999999,80177.0
12,10,16,6,80.22,80220.0
12,10,17,5,80.322,80322.0
12,10,18,1,80.386,80386.0
12,10,19,5,80.28999999999999,80290.0
12,10,20,7,79.781,79781.0
12,10,21,1,79.959,79959.0
12,10,22,9,80.125,80125.0
12,10,23,1,80.002,80002.0
12,10,24,6,79.99,79990.0
12,10,25,7,79.938,79938.0
12,10,26,8,80.04599999999999,80046.0
12,10,27,8,79.745,79745.0
12,10,28,6,79.656,88663.0
12,10,29,5,79.872,79872.0
12,10,30,7,79.995,79995.0
12,10,31,9,79.825,79825.0
12,10,32,4,79.831,79831.0
12,10,33,5,80.064,80064.0
12,10,34,8,80.086,80086.0
12,10,35,7,79.914,79914.0
12,10,36,4,80.027,80027.0
12,10,37,3,79.812,79812.0
12,10,38,1,79.83500000000001,79835.0
12,10,39,9,79.821,79821.0
12,10,40,10,79.46000000000001,79460.0
12,10,41,8,79.652,79652.0
12,10,42,4,79.75,79750.0
12,10,43,10,79.799,79799.0
12,10,44,3,79.374,79374.0
12,10,45,9,79.48,79480.0
12,10,46,5,79.703,79703.0
12,10,47,2,79.509,79509.0
12,10,48,8,79.435,79435.0
12,10,49,5,79.658,79658.0
13,1,1,10,82.169,82169.0
13,1,2,9,81.989,81989.0
13,1,3,6,82.13,82130.0
13,1,4,3,81.945,81945.0
13,1,5,8,82.004,82004.0
13,1,6,5,82.357,82357.0
13,1,7,8,82.161,82161.0
13,1,8,7,82.089,82089.0
13,1,9,10,82.06,82060.0
13,1,10,4,82.03399999999999,82034.0
13,1,11,8,82.19200000000001,82192.0
13,1,12,1,82.20400000000001,82204.0
13,1,13,10,82.094,88663.0
13,1,14,3,81.884,81884.0
13,1,15,8,81.955,81955.0
13,1,16,2,82.03999999999999,82040.0
13,1,17,8,82.09,82090.0
13,1,18,1,82.04599999999999,82046.0
13,1,19,3,81.876,81876.0
13,1,20,6,81.838,81838.0
13,1,21,1,81.824,81824.0
13,1,22,9,81.736,81736.0
13,1,23,4,81.834,81834.0
13,1,24,2,81.727,81727.0
13,1,25,9,81.981,81981.0
13,1,26,8,81.875,81875.0
13,1,27,10,81.598,81598.0
13,1,28,7,81.814,81814.0
13,1,29,5,81.66,81660.0
13,1,30,3,81.477,81477.0
13,1,31,4,81.631,81631.0
13,1,32,7,81.568,81568.0
13,1,33,3,81.701,81701.0
13,1,34,3,81.65299999999999,81653.0
13,1,35,8,81.535,81535.0
13,1,36,6,81.605,81605.0
13,1,37,3,81.514,81514.0
13,1,38,10,81.537,81537.0
13,1,39,6,81.483,81483.0
13,1,40,1,81.35,81350.0
13,1,41,2,81.121,81121.0
13,1,42,6,81.487,81487.0
13,1,43,4,81.27799999999999,81278.0
13,1,44,4,81.258,81258.0
13,1,45,6,81.413,81413.0
13,1,46,5,81.399,81399.0
13,1,47,3,81.172,81172.0
13,1,48,6,81.469,81469.0
13,1,49,9,81.225,88663.0
13,1,50,4,81.261,81261.0
13,1,51,4,81.322,81322.0
13,1,52,10,81.224,81224.0
13,1,53,1,81.184,81184.0
13,1,54,4,81.292,81292.0
13,1,55,8,81.32900000000001,81329.0
13,1,56,7,81.15299999999999,81153.0
13,1,57,4,81.279,81279.0
13,2,1,10,81.812,81812.0
13,2,2,5,81.939,81939.0
13,2,3,9,81.893,81893.0
13,2,4,10,82.11,82110.0
13,2,5,10,81.746,81746.0
13,2,6,2,81.988,81988.0
13,2,7,5,82.155,88663.0
13,2,8,7,81.856,81856.0
13,2,9,2,82.133,82133.0
13,2,10,2,81.974,81974.0
13,2,11,6,81.992,81992.0
13,2,12,9,82.01,82010.0
13,2,13,5,81.856,81856.0
13,2,14,9,81.689,81689.0
13,2,15,7,81.94200000000001,81942.0
13,2,16,8,82.032,82032.0
13,2,17,1,81.881,81881.0
13,2,18,2,81.939,81939.0
13,2,19,6,81.855,81855.0
13,2,20,1,81.717,81717.0
13,2,21,1,81.67099999999999,81671.0
13,2,22,7,81.488,81488.0
13,2,23,7,81.764,81764.0
13,2,24,4,81.696,81696.0
13,2,25,9,81.667,81667.0
13,2,26,4,81.33500000000001,81335.0
13,2,27,6,81.498,81498.0
13,2,28,10,81.45400000000001,81454.0
13,2,29,6,81.455,81455.0
13,2,30,6,81.688,81688.0
13,2,31,8,81.505,81505.0
13,2,32,1,81.696,81696.0
13,2,33,5,81.587,81587.0
13,2,34,8,81.363,81363.0
13,2,35,9,81.64099999999999,81641.0
13,2,36,4,81.30799999999999,81308.0
13,2,37,3,81.27199999999999,81272.0
13,2,38,9,81.51599999999999,81516.0
13,2,39,2,81.336,88663.0
13,2,40,9,80.976,80976.0
13,2,41,1,81.082,81082.0
13,2,42,6,81.15,81150.0
13,2,43,5,81.401,81401.0
13,2,44,3,81.17,81170.0
13,2,45,10,81.243,81243.0
13,2,46,3,81.22200000000001,81222.0
13,2,47,7,81.2,81200.0
13,2,48,8,81.49,81490.0
13,2,49,8,81.259,81259.0
13,2,50,7,81.186,81186.0
13,2,51,8,81.039,81039.0
13,2,52,7,80.961,80961.0
13,2,53,3,80.985,80985.0
13,2,54,3,81.23,81230.0
13,2,55,10,81.162,81162.0
13,2,56,5,81.139,81139.0
13,2,57,2,81.107,81107.0
13,3,1,1,82.352,82352.0
13,3,2,1,82.502,82502.0
13,3,3,6,82.564,82564.0
13,3,4,5,82.336,82336.0
13,3,5,7,82.379,82379.0
13,3,6,7,82.39,82390.0
13,3,7,4,82.444,82444.0
13,3,8,5,82.417,82417.0
13,3,9,8,82.358,82358.0
13,3,10,9,82.30199999999999,82302.0
13,3,11,2,82.248,82248.0
13,3,12,4,82.465,82465.0
13,3,13,5,82.47800000000001,82478.0
13,3,14,5,82.364,82364.0
13,3,15,3,82.324,82324.0
13,3,16,9,82.349,82349.0
13,3,17,8,82.455,82455.0
13,3,18,4,82.357,82357.0
13,3,19,7,82.505,82505.0
13,3,20,8,82.043,82043.0
13,3,21,2,81.923,81923.0
13,3,22,9,82.194,82194.0
13,3,23,5,82.128,82128.0
13,3,24,1,82.157,82157.0
13,3,25,5,82.05799999999999,82058.0
13,3,26,3,82.02199999999999,82022.0
13,3,27,3,82.063,82063.0
13,3,28,1,81.878,81878.0
13,3,29,8,82.134,82134.0
13,3,30,4,81.926,81926.0
13,3,31,7,82.0,82000.0
13,3,32,9,81.857,81857.0
13,3,33,5,82.065,82065.0
13,3,34,1,81.865,81865.0
13,3,35,2,81.838,81838.0
13,3,36,1,82.056,82056.0
13,3,37,5,81.866,81866.0
13,3,38,9,81.745,81745.0
13,3,39,6,81.947,81947.0
13,3,40,8,81.654,81654.0
13,3,41,1,81.648,81648.0
13,3,42,10,81.706,81706.0
13,3,43,7,81.661,81661.0
13,3,44,6,81.481,81481.0
13,3,45,5,81.557,81557.0
13,3,46,3,81.607,81607.0
13,3,47,2,81.526,81526.0
13,3,48,4,81.568,81568.0
13,3,49,3,81.449,81449.0
13,3,50,2,81.604,81604.0
13,3,51,3,81.753,81753.0
13,3,52,5,81.63,81630.0
13,3,53,6,81.319,81319.0
13,3,54,5,81.424,81424.0
13,3,55,10,82.009,82009.0
13,3,56,8,81.646,81646.0
13,3,57,6,81.55799999999999,81558.0
13,4,1,5,82.061,82061.0
13,4,2,6,82.262,82262.0
13,4,3,9,82.019,82019.0
13,4,4,4,82.389,82389.0
13,4,5,3,82.041,82041.0
13,4,6,8,82.163,82163.0
13,4,7,2,82.273,82273.0
13,4,8,2,82.083,82083.0
13,4,9,8,82.134,82134.0
13,4,10,3,82.107,82107.0
13,4,11,6,81.952,81952.0
13,4,12,2,82.23,82230.0
13,4,13,3,81.969,81969.0
13,4,14,3,82.059,82059.0
13,4,15,3,81.94,81940.0
13,4,16,7,81.99,81990.0
13,4,17,1,82.02,82020.0
13,4,18,7,82.076,82076.0
13,4,19,4,82.186,82186.0
13,4,20,10,81.783,81783.0
13,4,21,8,81.569,81569.0
13,4,22,9,81.8,81800.0
13,4,23,9,81.825,81825.0
13,4,24,10,81.667,81667.0
13,4,25,10,81.413,81413.0
13,4,26,7,81.809,81809.0
13,4,27,9,81.746,81746.0
13,4,28,2,81.564,81564.0
13,4,29,5,81.684,81684.0
13,4,30,8,81.781,81781.0
13,4,31,5,81.661,88663.0
13,4,32,8,81.611,81611.0
13,4,33,5,81.726,81726.0
13,4,34,7,81.711,81711.0
13,4,35,2,81.7,81700.0
13,4,36,9,81.54599999999999,81546.0
13,4,37,7,81.575,81575.0
13,4,38,5,81.902,81902.0
13,4,39,4,81.48400000000001,81484.0
13,4,40,2,81.41,81410.0
13,4,41,9,81.354,81354.0
13,4,42,5,81.345,81345.0
13,4,43,8,81.346,81346.0
13,4,44,9,81.584,81584.0
13,4,45,5,81.527,81527.0
13,4,46,10,81.32,81320.0
13,4,47,6,81.326,81326.0
13,4,48,8,81.34,81340.0
13,4,49,5,81.344,81344.0
13,4,50,3,81.431,81431.0
13,4,51,1,81.33500000000001,81335.0
13,4,52,8,81.15,81150.0
13,4,53,5,81.30199999999999,81302.0
13,4,54,2,81.217,81217.0
13,4,55,9,81.211,81211.0
13,4,56,6,81.496,81496.0
13,4,57,8,81.331,81331.0
13,5,1,3,82.146,82146.0
13,5,2,3,82.082,82082.0
13,5,3,3,82.298,82298.0
13,5,4,5,81.964,81964.0
13,5,5,2,82.151,82151.0
13,5,6,6,81.89,81890.0
13,5,7,2,81.992,81992.0
13,5,8,9,82.131,82131.0
13,5,9,10,82.045,82045.0
13,5,10,7,81.873,81873.0
13,5,11,4,82.048,82048.0
13,5,12,6,82.092,82092.0
13,5,13,1,81.945,81945.0
13,5,14,4,82.245,82245.0
13,5,15,7,82.041,82041.0
13,5,16,9,81.854,81854.0
13,5,17,1,81.91499999999999,81915.0
13,5,18,5,81.865,81865.0
13,5,19,3,81.667,81667.0
13,5,20,1,81.69,81690.0
13,5,21,8,81.557,81557.0
13,5,22,3,81.893,81893.0
13,5,23,1,81.675,81675.0
13,5,24,6,81.625,81625.0
13,5,25,4,81.845,81845.0
13,5,26,1,81.976,81976.0
13,5,27,10,81.80199999999999,81802.0
13,5,28,10,81.87,81870.0
13,5,29,3,81.844,81844.0
13,5,30,8,81.743,81743.0
13,5,31,1,81.682,81682.0
13,5,32,8,81.413,81413.0
13,5,33,10,81.438,81438.0
13,5,34,10,81.42099999999999,81421.0
13,5,35,6,81.474,81474.0
13,5,36,5,81.599,81599.0
13,5,37,8,81.614,81614.0
13,5,38,9,81.475,81475.0
13,5,39,9,81.565,81565.0
13,5,40,8,81.381,81381.0
13,5,41,8,81.298,81298.0
13,5,42,7,81.443,81443.0
13,5,43,9,81.208,81208.0
13,5,44,7,81.23,81230.0
13,5,45,2,81.209,81209.0
13,5,46,8,81.112,81112.0
13,5,47,4,81.348,88663.0
13,5,48,4,81.169,81169.0
13,5,49,6,81.229,81229.0
13,5,50,2,81.374,81374.0
13,5,51,5,81.17099999999999,81171.0
13,5,52,3,81.13,81130.0
13,5,53,4,81.287,81287.0
13,5,54,5,81.199,81199.0
13,5,55,6,81.361,81361.0
13,5,56,3,81.36,81360.0
13,5,57,8,81.269,81269.0
13,6,1,6,82.953,82953.0
13,6,2,4,82.97800000000001,82978.0
13,6,3,10,82.95,82950.0
13,6,4,10,83.093,83093.0
13,6,5,2,83.145,83145.0
13,6,6,2,82.947,82947.0
13,6,7,3,83.02799999999999,83028.0
13,6,8,9,82.838,82838.0
13,6,9,9,82.881,82881.0
13,6,10,9,82.981,82981.0
13,6,11,8,82.945,82945.0
13,6,12,2,82.753,82753.0
13,6,13,2,83.007,83007.0
13,6,14,6,83.226,83226.0
13,6,15,3,82.865,82865.0
13,6,16,4,83.243,83243.0
13,6,17,7,82.919,82919.0
13,6,18,4,82.769,82769.0
13,6,19,5,83.063,83063.0
13,6,20,7,82.68299999999999,82683.0
13,6,21,9,82.56700000000001,82567.0
13,6,22,5,82.445,82445.0
13,6,23,10,82.769,82769.0
13,6,24,7,82.45400000000001,82454.0
13,6,25,3,82.742,82742.0
13,6,26,4,82.624,82624.0
13,6,27,2,82.67699999999999,82677.0
13,6,28,5,82.304,82304.0
13,6,29,10,82.643,82643.0
13,6,30,7,82.512,82512.0
13,6,31,4,82.53,82530.0
13,6,32,8,82.559,82559.0
13,6,33,7,82.364,82364.0
13,6,34,4,82.538,82538.0
13,6,35,5,82.64,82640.0
13,6,36,10,82.678,82678.0
13,6,37,2,82.60900000000001,82609.0
13,6,38,7,82.355,82355.0
13,6,39,1,82.306,82306.0
13,6,40,6,82.143,82143.0
13,6,41,1,82.367,82367.0
13,6,42,9,82.107,82107.0
13,6,43,8,82.236,82236.0
13,6,44,5,82.201,82201.0
13,6,45,7,82.31,82310.0
13,6,46,8,82.19800000000001,82198.0
13,6,47,10,82.2,82200.0
13,6,48,9,82.215,82215.0
13,6,49,6,82.179,82179.0
13,6,50,1,82.224,82224.0
13,6,51,9,82.119,82119.0
13,6,52,2,82.1,82100.0
13,6,53,5,82.157,82157.0
13,6,54,9,82.175,82175.0
13,6,55,7,82.066,82066.0
13,6,56,8,82.346,82346.0
13,6,57,1,82.2,82200.0
13,7,1,3,82.059,82059.0
13,7,2,2,82.039,82039.0
13,7,3,10,82.226,82226.0
13,7,4,1,81.976,88663.0
13,7,5,9,82.009,82009.0
13,7,6,3,82.07,82070.0
13,7,7,4,81.957,81957.0
13,7,8,1,82.176,82176.0
13,7,9,7,82.316,82316.0
13,7,10,2,82.068,82068.0
13,7,11,1,82.09,82090.0
13,7,12,3,81.973,81973.0
13,7,13,2,81.976,105601.75
13,7,14,6,81.967,81967.0
13,7,15,1,81.981,81981.0
13,7,16,3,81.733,81733.0
13,7,17,2,82.003,82003.0
13,7,18,6,81.977,81977.0
13,7,19,6,81.947,81947.0
13,7,20,3,81.615,81615.0
13,7,21,8,81.708,81708.0
13,7,22,3,81.58500000000001,81585.0
13,7,23,6,81.717,81717.0
13,7,24,1,81.657,81657.0
13,7,25,4,81.652,81652.0
13,7,26,5,81.628,81628.0
13,7,27,1,81.537,81537.0
13,7,28,5,81.72800000000001,81728.0
13,7,29,5,81.569,81569.0
13,7,30,5,81.565,81565.0
13,7,31,4,81.411,81411.0
13,7,32,4,81.55799999999999,81558.0
13,7,33,8,81.629,81629.0
13,7,34,1,81.785,81785.0
13,7,35,8,81.652,81652.0
13,7,36,5,81.807,81807.0
13,7,37,1,81.581,81581.0
13,7,38,7,81.564,81564.0
13,7,39,7,81.55799999999999,81558.0
13,7,40,7,81.232,81232.0
13,7,41,2,81.203,81203.0
13,7,42,9,81.357,81357.0
13,7,43,10,81.263,81263.0
13,7,44,10,81.345,81345.0
13,7,45,10,81.289,81289.0
13,7,46,6,81.206,81206.0
13,7,47,3,81.27199999999999,81272.0
13,7,48,3,81.174,81174.0
13,7,49,9,81.394,81394.0
13,7,50,6,81.187,81187.0
13,7,51,7,81.262,81262.0
13,7,52,6,81.291,81291.0
13,7,53,1,81.208,81208.0
13,7,54,10,81.21600000000001,81216.0
13,7,55,1,81.23,81230.0
13,7,56,8,81.232,88663.0
13,7,57,8,81.18,88663.0
13,8,1,2,82.525,82525.0
13,8,2,2,82.418,82418.0
13,8,3,4,82.639,82639.0
13,8,4,10,82.486,82486.0
13,8,5,9,82.563,82563.0
13,8,6,7,82.621,82621.0
13,8,7,7,82.401,82401.0
13,8,8,10,82.468,82468.0
13,8,9,2,82.504,82504.0
13,8,10,3,82.322,82322.0
13,8,11,2,82.503,82503.0
13,8,12,10,82.298,82298.0
13,8,13,1,82.581,82581.0
13,8,14,8,82.595,82595.0
13,8,15,2,82.452,82452.0
13,8,16,7,82.41499999999999,82415.0
13,8,17,5,82.114,82114.0
13,8,18,3,82.41,82410.0
13,8,19,7,82.46000000000001,82460.0
13,8,20,5,82.162,82162.0
13,8,21,8,82.026,82026.0
13,8,22,7,82.15,82150.0
13,8,23,1,82.23400000000001,82234.0
13,8,24,9,82.19200000000001,82192.0
13,8,25,4,82.232,82232.0
13,8,26,10,82.459,82459.0
13,8,27,6,81.96600000000001,81966.0
13,8,28,7,82.213,82213.0
13,8,29,8,82.187,82187.0
13,8,30,6,82.17,82170.0
13,8,31,6,81.831,81831.0
13,8,32,5,82.048,82048.0
13,8,33,8,82.214,82214.0
13,8,34,4,82.088,82088.0
13,8,35,2,81.981,81981.0
13,8,36,6,82.07900000000001,82079.0
13,8,37,8,82.077,82077.0
13,8,38,6,82.018,82018.0
13,8,39,4,81.995,81995.0
13,8,40,7,81.887,81887.0
13,8,41,2,81.779,81779.0
13,8,42,1,81.76599999999999,81766.0
13,8,43,2,82.05799999999999,82058.0
13,8,44,7,81.38,88663.0
13,8,45,6,81.736,81736.0
13,8,46,9,81.699,81699.0
13,8,47,5,81.658,81658.0
13,8,48,2,81.771,81771.0
13,8,49,8,81.559,81559.0
13,8,50,9,81.682,81682.0
13,8,51,8,81.569,81569.0
13,8,52,7,81.487,81487.0
13,8,53,5,81.598,81598.0
13,8,54,10,81.914,81914.0
13,8,55,4,81.56700000000001,81567.0
13,8,56,10,81.571,81571.0
13,8,57,1,81.687,81687.0
13,9,1,10,83.038,83038.0
13,9,2,8,82.93,82930.0
13,9,3,2,83.044,83044.0
13,9,4,3,83.152,83152.0
13,9,5,2,82.904,82904.0
13,9,6,4,82.856,88663.0
13,9,7,8,83.049,83049.0
13,9,8,1,82.96600000000001,82966.0
13,9,9,5,83.071,83071.0
13,9,10,4,83.18299999999999,83183.0
13,9,11,6,83.019,83019.0
13,9,12,3,83.115,83115.0
13,9,13,6,82.99,82990.0
13,9,14,6,82.98,82980.0
13,9,15,4,82.996,82996.0
13,9,16,2,82.97200000000001,82972.0
13,9,17,1,82.818,82818.0
13,9,18,1,82.953,82953.0
13,9,19,3,83.193,83193.0
13,9,20,7,82.85,82850.0
13,9,21,7,82.742,82742.0
13,9,22,3,82.622,82622.0
13,9,23,4,82.57900000000001,82579.0
13,9,24,6,82.458,82458.0
13,9,25,6,82.743,82743.0
13,9,26,7,82.68299999999999,82683.0
13,9,27,6,82.666,82666.0
13,9,28,8,82.681,82681.0
13,9,29,10,82.59100000000001,82591.0
13,9,30,10,82.626,82626.0
13,9,31,10,82.625,82625.0
13,9,32,9,82.605,82605.0
13,9,33,7,82.566,82566.0
13,9,34,5,82.532,82532.0
13,9,35,3,82.515,82515.0
13,9,36,10,82.551,82551.0
13,9,37,3,82.57300000000001,82573.0
13,9,38,3,82.622,82622.0
13,9,39,9,82.303,82303.0
13,9,40,1,82.367,82367.0
13,9,41,3,82.169,82169.0
13,9,42,2,82.373,82373.0
13,9,43,10,82.398,82398.0
13,9,44,10,82.257,82257.0
13,9,45,1,82.27799999999999,82278.0
13,9,46,9,82.199,82199.0
13,9,47,5,82.152,82152.0
13,9,48,5,82.217,82217.0
13,9,49,5,82.001,82001.0
13,9,50,9,82.369,82369.0
13,9,51,2,82.12,82120.0
13,9,52,6,82.065,82065.0
13,9,53,9,82.036,82036.0
13,9,54,5,82.2,82200.0
13,9,55,9,82.113,82113.0
13,9,56,8,82.036,82036.0
13,9,57,6,82.161,82161.0
13,10,1,7,82.68,82680.0
13,10,2,9,82.81700000000001,82817.0
13,10,3,3,82.712,82712.0
13,10,4,2,82.929,82929.0
13,10,5,2,82.872,82872.0
13,10,6,8,82.577,82577.0
13,10,7,8,82.81700000000001,82817.0
13,10,8,1,82.918,82918.0
13,10,9,4,82.804,82804.0
13,10,10,7,82.599,82599.0
13,10,11,4,82.773,82773.0
13,10,12,5,82.863,82863.0
13,10,13,9,82.749,82749.0
13,10,14,1,82.786,82786.0
13,10,15,9,82.951,82951.0
13,10,16,7,82.74,82740.0
13,10,17,9,82.614,82614.0
13,10,18,9,82.477,82477.0
13,10,19,10,82.65,82650.0
13,10,20,3,82.618,82618.0
13,10,21,8,82.178,82178.0
13,10,22,7,82.53999999999999,82540.0
13,10,23,4,82.349,82349.0
13,10,24,4,82.27,82270.0
13,10,25,10,82.25,82250.0
13,10,26,8,82.27799999999999,82278.0
13,10,27,5,82.227,82227.0
13,10,28,9,82.243,82243.0
13,10,29,7,82.27199999999999,82272.0
13,10,30,8,82.316,82316.0
13,10,31,3,82.25,82250.0
13,10,32,7,82.316,82316.0
13,10,33,5,82.426,82426.0
13,10,34,3,82.217,82217.0
13,10,35,5,82.267,82267.0
13,10,36,8,82.257,82257.0
13,10,37,5,82.218,82218.0
13,10,38,2,82.168,82168.0
13,10,39,9,82.201,82201.0
13,10,40,6,82.133,82133.0
13,10,41,3,81.883,81883.0
13,10,42,7,81.92699999999999,81927.0
13,10,43,5,82.075,82075.0
13,10,44,1,81.981,81981.0
13,10,45,9,82.026,82026.0
13,10,46,2,82.118,82118.0
13,10,47,1,81.946,81946.0
13,10,48,5,81.91,81910.0
13,10,49,3,82.078,105601.75
13,10,50,3,82.036,82036.0
13,10,51,3,81.839,81839.0
13,10,52,7,81.985,81985.0
13,10,53,1,81.793,81793.0
13,10,54,1,81.932,81932.0
13,10,55,5,81.777,81777.0
13,10,56,8,81.80799999999999,81808.0
13,10,57,5,81.908,81908.0
14,1,1,1,88.299,88299.0
14,1,2,5,88.155,88155.0
14,1,3,10,88.416,88416.0
14,1,4,5,88.224,88224.0
14,1,5,10,88.282,88282.0
14,1,6,7,88.44200000000001,88442.0
14,1,7,5,87.97200000000001,87972.0
14,1,8,5,88.131,88131.0
14,1,9,4,87.92699999999999,87927.0
14,1,10,3,88.424,88424.0
14,1,11,3,88.115,88115.0
14,1,12,2,88.33,88330.0
14,1,13,5,88.17699999999999,88177.0
14,1,14,7,87.964,87964.0
14,1,15,5,88.076,88076.0
14,1,16,5,88.161,88161.0
14,1,17,1,88.19,88190.0
14,1,18,7,88.401,88401.0
14,1,19,9,88.078,88078.0
14,1,20,4,87.898,87898.0
14,1,21,8,88.077,88077.0
14,1,22,10,87.888,87888.0
14,1,23,9,87.811,87811.0
14,1,24,4,87.997,87997.0
14,1,25,2,87.888,87888.0
14,1,26,10,87.754,87754.0
14,1,27,10,87.727,87727.0
14,1,28,8,87.813,87813.0
14,1,29,2,87.788,87788.0
14,1,30,4,87.946,87946.0
14,1,31,10,87.751,87751.0
14,1,32,2,87.788,87788.0
14,1,33,9,87.856,88663.0
14,1,34,2,87.67099999999999,87671.0
14,1,35,9,87.806,87806.0
14,1,36,5,87.78399999999999,87784.0
14,1,37,7,87.854,87854.0
14,1,38,8,87.775,87775.0
14,1,39,4,87.752,87752.0
14,1,40,6,87.574,87574.0
14,1,41,5,87.312,87312.0
14,1,42,6,87.444,87444.0
14,1,43,2,87.411,87411.0
14,1,44,8,87.362,87362.0
14,1,45,8,87.275,87275.0
14,1,46,10,87.264,87264.0
14,1,47,6,87.195,87195.0
14,1,48,7,87.437,87437.0
14,1,49,8,87.467,87467.0
14,1,50,6,87.236,87236.0
14,1,51,6,87.252,87252.0
14,1,52,6,87.233,87233.0
14,1,53,5,87.41499999999999,87415.0
14,1,54,5,87.392,87392.0
14,1,55,7,87.381,87381.0
14,1,56,4,87.414,87414.0
14,1,57,3,87.305,87305.0
14,1,58,2,87.366,87366.0
14,1,59,4,87.039,87039.0
14,1,60,7,87.1,87100.0
14,1,61,2,87.142,87142.0
14,1,62,2,87.02799999999999,87028.0
14,1,63,4,86.92699999999999,86927.0
14,2,1,8,88.724,88724.0
14,2,2,4,88.731,88731.0
14,2,3,9,88.59700000000001,105601.75
14,2,4,4,88.535,88535.0
14,2,5,2,88.542,88542.0
14,2,6,1,88.545,88545.0
14,2,7,2,88.731,88731.0
14,2,8,9,88.629,88629.0
14,2,9,3,88.488,88488.0
14,2,10,9,88.345,88345.0
14,2,11,4,88.465,88465.0
14,2,12,2,88.51599999999999,88516.0
14,2,13,2,88.43299999999999,88433.0
14,2,14,1,88.35300000000001,88353.0
14,2,15,3,88.47800000000001,88478.0
14,2,16,3,88.52799999999999,88528.0
14,2,17,4,88.59,88590.0
14,2,18,2,88.306,88306.0
14,2,19,3,88.507,88507.0
14,2,20,4,88.233,88233.0
14,2,21,8,88.262,88262.0
14,2,22,1,88.146,88146.0
14,2,23,6,88.363,88363.0
14,2,24,5,88.129,88129.0
14,2,25,7,88.19800000000001,88198.0
14,2,26,1,88.061,88061.0
14,2,27,3,88.148,88148.0
14,2,28,3,88.355,88355.0
14,2,29,3,88.195,88195.0
14,2,30,9,87.91,87910.0
14,2,31,7,88.168,88168.0
14,2,32,9,88.069,88069.0
14,2,33,3,88.162,88162.0
14,2,34,4,88.006,88006.0
14,2,35,4,88.269,88269.0
14,2,36,3,88.09,88090.0
14,2,37,1,88.088,88088.0
14,2,38,2,88.20400000000001,88204.0
14,2,39,1,88.163,88163.0
14,2,40,10,87.764,87764.0
14,2,41,7,87.769,87769.0
14,2,42,4,87.761,87761.0
14,2,43,3,87.652,87652.0
14,2,44,10,87.871,87871.0
14,2,45,10,87.887,87887.0
14,2,46,5,87.637,87637.0
14,2,47,4,87.699,87699.0
14,2,48,9,87.8,87800.0
14,2,49,2,87.621,87621.0
14,2,50,9,87.66,87660.0
14,2,51,9,87.735,87735.0
14,2,52,10,87.987,87987.0
14,2,53,4,87.624,87624.0
14,2,54,3,87.59700000000001,87597.0
14,2,55,10,87.72,87720.0
14,2,56,6,87.61,87610.0
14,2,57,2,87.614,87614.0
14,2,58,2,87.737,87737.0
14,2,59,3,87.759,87759.0
14,2,60,7,87.434,87434.0
14,2,61,5,87.276,87276.0
14,2,62,9,87.517,87517.0
14,2,63,5,87.365,87365.0
14,3,1,7,88.431,88431.0
14,3,2,8,88.679,88679.0
14,3,3,7,88.408,88408.0
14,3,4,6,88.543,88543.0
14,3,5,6,88.799,88799.0
14,3,6,4,88.595,88595.0
14,3,7,7,88.559,88559.0
14,3,8,8,88.539,88539.0
14,3,9,8,88.458,88458.0
14,3,10,2,88.304,88304.0
14,3,11,9,88.492,88492.0
14,3,12,2,88.494,88494.0
14,3,13,5,88.61,88610.0
14,3,14,6,88.464,88464.0
14,3,15,2,88.388,88388.0
14,3,16,7,88.279,88279.0
14,3,17,6,88.41499999999999,88415.0
14,3,18,7,88.645,88645.0
14,3,19,3,88.495,88495.0
14,3,20,10,88.011,88011.0
14,3,21,6,88.151,88151.0
14,3,22,8,88.14099999999999,88141.0
14,3,23,9,88.224,88224.0
14,3,24,3,88.237,88237.0
14,3,25,9,87.952,87952.0
14,3,26,10,88.002,88002.0
14,3,27,10,88.223,88223.0
14,3,28,6,88.106,88106.0
14,3,29,7,88.082,88082.0
14,3,30,7,88.158,88158.0
14,3,31,5,88.22200000000001,88222.0
14,3,32,9,88.127,88127.0
14,3,33,6,88.285,88285.0
14,3,34,2,88.201,88201.0
14,3,35,2,88.115,88115.0
14,3,36,1,88.077,88077.0
14,3,37,7,88.108,88108.0
14,3,38,2,88.089,88089.0
14,3,39,8,88.135,88135.0
14,3,40,6,87.43,87430.0
14,3,41,1,87.977,87977.0
14,3,42,5,87.669,87669.0
14,3,43,6,87.625,87625.0
14,3,44,2,87.684,87684.0
14,3,45,5,87.655,87655.0
14,3,46,8,87.799,87799.0
14,3,47,7,87.971,87971.0
14,3,48,8,87.854,87854.0
14,3,49,3,87.666,87666.0
14,3,50,3,87.688,87688.0
14,3,51,3,87.708,87708.0
14,3,52,1,87.608,87608.0
14,3,53,2,87.628,87628.0
14,3,54,6,87.80199999999999,87802.0
14,3,55,9,87.67099999999999,87671.0
14,3,56,3,87.62,87620.0
14,3,57,7,87.474,87474.0
14,3,58,9,87.67,87670.0
14,3,59,5,87.599,87599.0
14,3,60,2,87.43299999999999,87433.0
14,3,61,2,87.406,87406.0
14,3,62,2,87.337,87337.0
14,3,63,5,87.40899999999999,87409.0
14,4,1,1,89.447,89447.0
14,4,2,4,89.345,89345.0
14,4,3,6,89.137,89137.0
14,4,4,5,89.339,89339.0
14,4,5,2,89.029,89029.0
14,4,6,3,88.895,88663.0
14,4,7,2,89.122,89122.0
14,4,8,6,89.11,89110.0
14,4,9,1,89.479,89479.0
14,4,10,3,88.947,88947.0
14,4,11,6,89.179,89179.0
14,4,12,10,89.063,89063.0
14,4,13,3,89.117,89117.0
14,4,14,8,88.926,88926.0
14,4,15,6,88.956,88956.0
14,4,16,1,89.084,89084.0
14,4,17,10,88.979,88979.0
14,4,18,3,89.045,89045.0
14,4,19,1,89.154,89154.0
14,4,20,6,88.995,88995.0
14,4,21,6,88.708,88708.0
14,4,22,7,88.741,88741.0
14,4,23,6,88.846,88846.0
14,4,24,2,88.999,88999.0
14,4,25,5,88.557,88557.0
14,4,26,1,88.763,88763.0
14,4,27,10,88.81,88663.0
14,4,28,1,88.839,88839.0
14,4,29,4,88.64,88640.0
14,4,30,6,88.944,88944.0
14,4,31,2,88.605,88605.0
14,4,32,10,88.75,88750.0
14,4,33,4,88.644,88644.0
14,4,34,4,88.661,88663.0
14,4,35,3,88.445,88445.0
14,4,36,7,88.64,88640.0
14,4,37,1,88.535,88535.0
14,4,38,9,88.63,88630.0
14,4,39,5,88.572,88572.0
14,4,40,3,88.44200000000001,88442.0
14,4,41,5,88.401,88401.0
14,4,42,9,88.399,88399.0
14,4,43,6,88.37,88370.0
14,4,44,3,88.333,88333.0
14,4,45,9,88.429,88429.0
14,4,46,4,88.324,88324.0
14,4,47,9,88.425,88425.0
14,4,48,10,88.22200000000001,88222.0
14,4,49,10,88.298,88298.0
14,4,50,7,88.339,88339.0
14,4,51,9,88.279,88279.0
14,4,52,5,88.269,88269.0
14,4,53,4,88.564,88564.0
14,4,54,1,88.166,88166.0
14,4,55,4,88.26,88260.0
14,4,56,4,88.175,88175.0
14,4,57,9,88.576,88576.0
14,4,58,1,88.312,88312.0
14,4,59,9,88.19200000000001,88192.0
14,4,60,5,87.976,87976.0
14,4,61,6,87.923,87923.0
14,4,62,3,87.783,87783.0
14,4,63,10,87.839,87839.0
14,5,1,9,88.932,88932.0
14,5,2,9,88.801,88801.0
14,5,3,7,88.759,88759.0
14,5,4,6,88.92099999999999,88921.0
14,5,5,10,88.806,88806.0
14,5,6,8,88.663,88663.0
14,5,7,9,88.836,88836.0
14,5,8,6,88.958,88958.0
14,5,9,7,88.855,88855.0
14,5,10,4,88.758,88758.0
14,5,11,9,89.044,89044.0
14,5,12,10,88.861,88861.0
14,5,13,8,89.144,89144.0
14,5,14,2,88.675,88675.0
14,5,15,7,88.732,88732.0
14,5,16,4,89.086,89086.0
14,5,17,8,88.767,88767.0
14,5,18,5,88.685,88685.0
14,5,19,6,88.922,88922.0
14,5,20,2,88.479,88479.0
14,5,21,2,88.304,88304.0
14,5,22,5,88.727,88727.0
14,5,23,5,88.596,88596.0
14,5,24,1,88.729,105601.75
14,5,25,10,88.732,88732.0
14,5,26,2,88.487,88487.0
14,5,27,9,88.411,88411.0
14,5,28,10,88.295,88295.0
14,5,29,7,88.286,88286.0
14,5,30,10,88.587,88587.0
14,5,31,4,88.262,88262.0
14,5,32,2,88.35300000000001,88353.0
14,5,33,2,88.64099999999999,88641.0
14,5,34,8,88.237,88237.0
14,5,35,7,88.571,88571.0
14,5,36,10,88.3,88300.0
14,5,37,3,88.361,88361.0
14,5,38,9,88.378,88378.0
14,5,39,7,88.398,88398.0
14,5,40,3,87.919,87919.0
14,5,41,3,88.059,88059.0
14,5,42,6,88.096,88096.0
14,5,43,3,88.074,88074.0
14,5,44,4,88.032,88032.0
14,5,45,6,88.26599999999999,88266.0
14,5,46,10,88.175,88175.0
14,5,47,1,88.087,88087.0
14,5,48,8,87.985,87985.0
14,5,49,2,88.023,88023.0
14,5,50,7,87.994,87994.0
14,5,51,8,88.089,88089.0
14,5,52,6,88.30199999999999,88302.0
14,5,53,8,88.066,88066.0
14,5,54,9,88.16499999999999,88165.0
14,5,55,10,87.992,87992.0
14,5,56,8,88.185,88185.0
14,5,57,5,87.94,87940.0
14,5,58,5,87.922,87922.0
14,5,59,1,87.985,87985.0
14,5,60,5,87.871,87871.0
14,5,61,1,87.836,87836.0
14,5,62,2,88.019,88019.0
14,5,63,6,87.669,87669.0
14,6,1,10,89.238,89238.0
14,6,2,5,89.014,89014.0
14,6,3,6,88.995,88995.0
14,6,4,8,89.35,89350.0
14,6,5,4,89.326,89326.0
14,6,6,9,89.158,89158.0
14,6,7,4,89.051,89051.0
14,6,8,1,89.07,89070.0
14,6,9,6,89.292,89292.0
14,6,10,2,89.009,89009.0
14,6,11,2,89.07900000000001,89079.0
14,6,12,10,89.03999999999999,88663.0
14,6,13,8,89.111,89111.0
14,6,14,2,89.14,89140.0
14,6,15,9,89.115,89115.0
14,6,16,10,89.011,89011.0
14,6,17,9,88.93299999999999,88933.0
14,6,18,7,89.047,89047.0
14,6,19,8,89.151,89151.0
14,6,20,2,88.838,88838.0
14,6,21,2,88.89099999999999,88891.0
14,6,22,4,88.756,88756.0
14,6,23,6,88.979,88979.0
14,6,24,10,88.549,88549.0
14,6,25,2,88.844,88844.0
14,6,26,3,88.84,88840.0
14,6,27,9,88.666,88666.0
14,6,28,1,88.676,88676.0
14,6,29,9,88.733,88733.0
14,6,30,5,88.69800000000001,88698.0
14,6,31,2,88.576,88576.0
14,6,32,2,88.73,88730.0
14,6,33,2,88.507,88507.0
14,6,34,8,88.672,88672.0
14,6,35,3,88.70400000000001,88704.0
14,6,36,7,88.71600000000001,88716.0
14,6,37,5,88.809,88809.0
14,6,38,5,88.785,88663.0
14,6,39,8,88.668,88668.0
14,6,40,1,88.453,88453.0
14,6,41,4,88.54599999999999,88546.0
14,6,42,9,88.336,88336.0
14,6,43,1,88.304,88304.0
14,6,44,7,88.282,88282.0
14,6,45,1,88.239,88239.0
14,6,46,5,88.17099999999999,88171.0
14,6,47,1,88.587,88587.0
14,6,48,2,88.569,88569.0
14,6,49,6,88.381,88381.0
14,6,50,2,88.145,88145.0
14,6,51,10,88.318,88318.0
14,6,52,4,88.496,88496.0
14,6,53,7,88.334,88334.0
14,6,54,5,88.178,88178.0
14,6,55,7,88.18299999999999,88183.0
14,6,56,2,88.473,88473.0
14,6,57,7,88.292,88292.0
14,6,58,2,88.447,88447.0
14,6,59,8,88.136,88136.0
14,6,60,8,88.061,88061.0
14,6,61,8,87.893,87893.0
14,6,62,2,87.90299999999999,87903.0
14,6,63,5,88.151,88151.0
14,7,1,6,89.021,89021.0
14,7,2,2,88.84,88840.0
14,7,3,9,88.90299999999999,88903.0
14,7,4,7,88.723,88723.0
14,7,5,6,88.676,88676.0
14,7,6,7,88.762,88762.0
14,7,7,6,88.714,88714.0
14,7,8,3,88.849,88849.0
14,7,9,3,88.72200000000001,88722.0
14,7,10,10,88.9,88900.0
14,7,11,7,88.652,88652.0
14,7,12,1,88.66499999999999,88665.0
14,7,13,8,88.615,88663.0
14,7,14,8,88.855,88855.0
14,7,15,7,88.664,88664.0
14,7,16,10,88.432,88432.0
14,7,17,3,88.84700000000001,88847.0
14,7,18,3,88.77,88770.0
14,7,19,3,88.612,88612.0
14,7,20,4,88.436,88436.0
14,7,21,4,88.191,88191.0
14,7,22,8,88.405,88405.0
14,7,23,3,88.487,88487.0
14,7,24,1,88.513,88513.0
14,7,25,3,88.407,88407.0
14,7,26,3,88.36,88360.0
14,7,27,8,88.35900000000001,88359.0
14,7,28,1,88.297,88297.0
14,7,29,3,88.507,88507.0
14,7,30,4,88.4,88400.0
14,7,31,5,88.40899999999999,88409.0
14,7,32,7,88.28999999999999,88663.0
14,7,33,9,88.244,88244.0
14,7,34,9,88.392,88392.0
14,7,35,3,88.188,88188.0
14,7,36,1,88.44800000000001,88448.0
14,7,37,6,88.286,88286.0
14,7,38,2,88.379,88379.0
14,7,39,5,88.232,88232.0
14,7,40,6,88.077,88077.0
14,7,41,7,88.05799999999999,88058.0
14,7,42,3,87.93299999999999,87933.0
14,7,43,7,88.082,88082.0
14,7,44,9,88.05799999999999,88058.0
14,7,45,10,87.988,87988.0
14,7,46,1,87.851,87851.0
14,7,47,1,87.706,87706.0
14,7,48,3,87.791,87791.0
14,7,49,10,88.012,88012.0
14,7,50,2,87.917,87917.0
14,7,51,10,87.822,87822.0
14,7,52,4,87.968,87968.0
14,7,53,7,88.122,88122.0
14,7,54,10,87.906,87906.0
14,7,55,3,87.753,87753.0
14,7,56,9,87.869,87869.0
14,7,57,6,87.85900000000001,87859.0
14,7,58,5,87.838,87838.0
14,7,59,9,88.07,88070.0
14,7,60,2,87.657,87657.0
14,7,61,7,87.707,87707.0
14,7,62,9,87.754,87754.0
14,7,63,2,87.59100000000001,87591.0
14,8,1,4,89.172,89172.0
14,8,2,1,89.295,89295.0
14,8,3,8,89.104,89104.0
14,8,4,2,89.312,89312.0
14,8,5,6,89.196,89196.0
14,8,6,10,89.244,89244.0
14,8,7,1,89.241,89241.0
14,8,8,9,89.231,89231.0
14,8,9,5,89.28399999999999,89284.0
14,8,10,2,89.116,89116.0
14,8,11,5,89.186,89186.0
14,8,12,3,89.051,89051.0
14,8,13,1,89.321,89321.0
14,8,14,2,89.126,89126.0
14,8,15,1,89.27,89270.0
14,8,16,10,89.11,89110.0
14,8,17,9,89.264,88663.0
14,8,18,3,89.176,89176.0
14,8,19,7,88.929,88929.0
14,8,20,9,88.789,88789.0
14,8,21,9,89.151,89151.0
14,8,22,2,89.087,89087.0
14,8,23,9,88.768,88768.0
14,8,24,3,88.774,88774.0
14,8,25,1,88.753,88753.0
14,8,26,7,89.019,89019.0
14,8,27,2,88.818,88818.0
14,8,28,5,88.916,88916.0
14,8,29,10,88.822,88822.0
14,8,30,9,88.676,88676.0
14,8,31,5,88.729,88729.0
14,8,32,6,88.715,88715.0
14,8,33,7,88.81,88810.0
14,8,34,7,88.749,88749.0
14,8,35,1,88.663,88663.0
14,8,36,7,88.84100000000001,88841.0
14,8,37,10,88.693,88693.0
14,8,38,2,88.648,88648.0
14,8,39,8,88.96000000000001,88960.0
14,8,40,4,88.48,88480.0
14,8,41,5,88.59,88590.0
14,8,42,4,88.41499999999999,88415.0
14,8,43,7,88.39099999999999,88391.0
14,8,44,10,88.60900000000001,88609.0
14,8,45,9,88.615,88615.0
14,8,46,8,88.314,88314.0
14,8,47,8,88.599,88599.0
14,8,48,9,88.444,88444.0
14,8,49,2,88.383,88383.0
14,8,50,2,88.438,88438.0
14,8,51,7,88.218,88218.0
14,8,52,2,88.195,88195.0
14,8,53,7,88.481,88481.0
14,8,54,6,88.182,88182.0
14,8,55,2,88.431,88431.0
14,8,56,4,88.601,88601.0
14,8,57,2,88.395,88395.0
14,8,58,2,88.507,88507.0
14,8,59,8,88.28,88280.0
14,8,60,10,87.95,87950.0
14,8,61,3,88.075,88075.0
14,8,62,10,88.093,88093.0
14,8,63,3,88.037,88037.0
14,9,1,5,89.422,89422.0
14,9,2,6,89.502,89502.0
14,9,3,7,89.088,89088.0
14,9,4,7,89.229,89229.0
14,9,5,4,89.386,89386.0
14,9,6,7,89.365,89365.0
14,9,7,2,89.271,89271.0
14,9,8,3,89.395,89395.0
14,9,9,4,89.309,89309.0
14,9,10,1,89.239,89239.0
14,9,11,10,89.273,89273.0
14,9,12,5,89.273,89273.0
14,9,13,1,89.343,89343.0
14,9,14,2,89.262,89262.0
14,9,15,4,89.19800000000001,89198.0
14,9,16,9,89.062,89062.0
14,9,17,6,89.242,89242.0
14,9,18,10,89.279,89279.0
14,9,19,6,89.426,89426.0
14,9,20,2,89.048,89048.0
14,9,21,5,89.07300000000001,88663.0
14,9,22,3,88.913,88913.0
14,9,23,7,89.068,89068.0
14,9,24,2,88.799,88799.0
14,9,25,8,88.85,88850.0
14,9,26,7,89.122,89122.0
14,9,27,7,89.09700000000001,89097.0
14,9,28,10,88.811,88811.0
14,9,29,2,88.988,88988.0
14,9,30,1,88.963,88963.0
14,9,31,5,88.81700000000001,88663.0
14,9,32,2,88.877,88877.0
14,9,33,10,88.775,88775.0
14,9,34,9,88.92,88920.0
14,9,35,3,88.868,105601.75
14,9,36,7,88.845,88845.0
14,9,37,9,88.79599999999999,88796.0
14,9,38,2,88.837,88837.0
14,9,39,6,89.0,89000.0
14,9,40,2,88.684,88684.0
14,9,41,8,88.464,88464.0
14,9,42,3,88.44800000000001,88448.0
14,9,43,7,88.418,88418.0
14,9,44,6,88.545,88545.0
14,9,45,5,88.486,88486.0
14,9,46,10,88.395,88395.0
14,9,47,9,88.44200000000001,88442.0
14,9,48,10,88.414,88414.0
14,9,49,3,88.49,88490.0
14,9,50,2,88.42,88420.0
14,9,51,2,88.555,88555.0
14,9,52,3,88.426,88426.0
14,9,53,9,88.307,88307.0
14,9,54,4,88.592,88663.0
14,9,55,8,88.437,88437.0
14,9,56,2,88.352,88352.0
14,9,57,9,88.227,88227.0
14,9,58,1,88.328,88328.0
14,9,59,5,88.29599999999999,88296.0
14,9,60,9,87.977,87977.0
14,9,61,9,88.10900000000001,88109.0
14,9,62,10,88.106,88106.0
14,9,63,3,88.263,88263.0
14,10,1,10,89.59100000000001,89591.0
14,10,2,9,89.62,89620.0
14,10,3,10,89.443,89443.0
14,10,4,5,89.793,89793.0
14,10,5,2,89.56700000000001,89567.0
14,10,6,7,89.757,89757.0
14,10,7,9,89.372,89372.0
14,10,8,2,89.705,89705.0
14,10,9,4,89.553,89553.0
14,10,10,4,89.593,89593.0
14,10,11,8,89.662,89662.0
14,10,12,9,89.622,89622.0
14,10,13,10,89.449,89449.0
14,10,14,2,89.571,89571.0
14,10,15,10,89.71600000000001,89716.0
14,10,16,2,89.352,89352.0
14,10,17,1,89.354,89354.0
14,10,18,5,89.417,89417.0
14,10,19,4,89.43299999999999,89433.0
14,10,20,4,89.385,89385.0
14,10,21,5,89.185,89185.0
14,10,22,10,89.21600000000001,89216.0
14,10,23,9,89.333,89333.0
14,10,24,4,89.08,89080.0
14,10,25,10,89.265,89265.0
14,10,26,9,89.243,89243.0
14,10,27,9,89.282,89282.0
14,10,28,10,89.077,89077.0
14,10,29,9,89.24,89240.0
14,10,30,4,89.032,89032.0
14,10,31,3,89.095,89095.0
14,10,32,8,89.17099999999999,89171.0
14,10,33,6,89.007,89007.0
14,10,34,3,88.969,88969.0
14,10,35,8,89.163,89163.0
14,10,36,8,89.133,89133.0
14,10,37,1,89.038,89038.0
14,10,38,9,89.126,89126.0
14,10,39,2,89.065,89065.0
14,10,40,10,89.15299999999999,89153.0
14,10,41,4,88.806,88806.0
14,10,42,6,88.769,88769.0
14,10,43,7,88.952,88952.0
14,10,44,10,88.911,88911.0
14,10,45,5,88.636,88663.0
14,10,46,8,88.662,88663.0
14,10,47,7,88.781,88781.0
14,10,48,10,88.867,88867.0
14,10,49,4,88.892,88892.0
14,10,50,3,88.813,88813.0
14,10,51,5,88.509,88509.0
14,10,52,10,88.604,88604.0
14,10,53,9,88.743,88743.0
14,10,54,5,88.866,88866.0
14,10,55,10,88.708,88708.0
14,10,56,4,88.64699999999999,88647.0
14,10,57,7,88.816,88816.0
14,10,58,3,88.638,88638.0
14,10,59,10,88.607,88607.0
14,10,60,9,88.701,88701.0
14,10,61,8,88.31700000000001,88317.0
14,10,62,6,88.46000000000001,88460.0
14,10,63,5,88.39699999999999,88397.0
15,1,1,5,82.846,82846.0
15,1,2,9,82.7,82700.0
15,1,3,1,82.786,82786.0
15,1,4,5,82.619,82619.0
15,1,5,3,82.563,82563.0
15,1,6,8,82.69,82690.0
15,1,7,4,82.786,82786.0
15,1,8,4,82.856,82856.0
15,1,9,5,82.412,82412.0
15,1,10,10,82.507,82507.0
15,1,11,7,82.718,82718.0
15,1,12,2,82.551,82551.0
15,1,13,5,82.6,82600.0
15,1,14,8,82.664,82664.0
15,1,15,6,82.459,82459.0
15,1,16,1,82.602,82602.0
15,1,17,8,82.59100000000001,82591.0
15,1,18,6,82.491,82491.0
15,1,19,3,82.69200000000001,82692.0
15,1,20,9,82.241,82241.0
15,1,21,10,82.116,82116.0
15,1,22,3,82.14099999999999,82141.0
15,1,23,6,82.277,82277.0
15,1,24,3,82.15299999999999,82153.0
15,1,25,2,82.26,82260.0
15,1,26,2,82.548,82548.0
15,1,27,4,82.293,82293.0
15,1,28,8,82.287,82287.0
15,1,29,4,82.269,82269.0
15,1,30,9,82.342,82342.0
15,1,31,1,82.408,82408.0
15,1,32,6,81.97200000000001,81972.0
15,1,33,3,82.40299999999999,82403.0
15,1,34,4,82.327,82327.0
15,1,35,2,82.358,82358.0
15,1,36,1,81.97200000000001,81972.0
15,1,37,1,82.321,82321.0
15,1,38,6,82.107,82107.0
15,1,39,1,82.201,82201.0
15,1,40,1,81.667,81667.0
15,1,41,8,81.83500000000001,81835.0
15,1,42,10,82.054,82054.0
15,1,43,10,81.834,81834.0
15,1,44,9,82.078,82078.0
15,1,45,7,81.78999999999999,81790.0
15,1,46,2,81.864,81864.0
15,1,47,7,81.83,81830.0
15,1,48,10,81.826,81826.0
15,1,49,3,81.73,81730.0
15,1,50,7,81.582,81582.0
15,1,51,6,81.60300000000001,81603.0
15,1,52,7,81.715,81715.0
15,1,53,8,81.632,81632.0
15,1,54,9,81.605,81605.0
15,1,55,5,81.861,88663.0
15,1,56,1,81.775,81775.0
15,1,57,10,81.636,81636.0
15,1,58,4,81.707,81707.0
15,1,59,5,81.77199999999999,81772.0
15,1,60,1,81.628,81628.0
15,2,1,9,83.507,83507.0
15,2,2,6,83.285,83285.0
15,2,3,9,83.533,83533.0
15,2,4,2,83.396,83396.0
15,2,5,9,83.366,83366.0
15,2,6,8,83.23400000000001,83234.0
15,2,7,2,83.345,83345.0
15,2,8,3,83.07900000000001,83079.0
15,2,9,6,83.305,83305.0
15,2,10,3,83.315,83315.0
15,2,11,7,83.443,83443.0
15,2,12,2,83.306,83306.0
15,2,13,4,83.386,83386.0
15,2,14,10,83.509,83509.0
15,2,15,10,83.257,83257.0
15,2,16,9,83.276,83276.0
15,2,17,6,83.218,83218.0
15,2,18,3,83.468,83468.0
15,2,19,5,83.338,83338.0
15,2,20,4,82.937,82937.0
15,2,21,6,82.92099999999999,82921.0
15,2,22,6,82.87,82870.0
15,2,23,8,82.939,82939.0
15,2,24,6,82.797,82797.0
15,2,25,8,83.043,83043.0
15,2,26,3,83.094,83094.0
15,2,27,2,82.892,82892.0
15,2,28,7,82.97200000000001,82972.0
15,2,29,9,82.895,82895.0
15,2,30,3,82.851,82851.0
15,2,31,3,82.879,82879.0
15,2,32,8,82.803,82803.0
15,2,33,4,82.892,82892.0
15,2,34,2,82.993,82993.0
15,2,35,4,82.791,82791.0
15,2,36,1,82.732,82732.0
15,2,37,6,82.745,82745.0
15,2,38,3,82.78399999999999,82784.0
15,2,39,1,82.838,82838.0
15,2,40,4,82.425,82425.0
15,2,41,10,82.657,82657.0
15,2,42,10,82.428,82428.0
15,2,43,7,82.56700000000001,82567.0
15,2,44,8,82.501,82501.0
15,2,45,10,82.509,82509.0
15,2,46,9,82.569,82569.0
15,2,47,3,82.455,82455.0
15,2,48,1,82.245,82245.0
15,2,49,10,82.435,82435.0
15,2,50,2,82.565,82565.0
15,2,51,1,82.422,82422.0
15,2,52,7,82.57900000000001,82579.0
15,2,53,7,82.467,82467.0
15,2,54,10,82.423,82423.0
15,2,55,3,82.346,82346.0
15,2,56,9,82.385,82385.0
15,2,57,9,82.503,82503.0
15,2,58,10,82.338,82338.0
15,2,59,9,82.338,82338.0
15,2,60,9,82.15899999999999,82159.0
15,3,1,8,83.467,83467.0
15,3,2,9,83.654,83654.0
15,3,3,5,83.17,83170.0
15,3,4,8,83.436,83436.0
15,3,5,4,83.502,83502.0
15,3,6,2,83.368,83368.0
15,3,7,10,83.538,83538.0
15,3,8,3,83.404,83404.0
15,3,9,9,83.344,83344.0
15,3,10,2,83.518,83518.0
15,3,11,5,83.306,83306.0
15,3,12,7,83.331,83331.0
15,3,13,2,83.232,83232.0
15,3,14,7,83.488,83488.0
15,3,15,2,83.398,83398.0
15,3,16,4,83.154,83154.0
15,3,17,5,83.376,83376.0
15,3,18,4,83.326,83326.0
15,3,19,6,83.277,83277.0
15,3,20,10,83.007,83007.0
15,3,21,3,83.014,83014.0
15,3,22,2,83.324,88663.0
15,3,23,7,82.938,82938.0
15,3,24,7,83.28999999999999,83290.0
15,3,25,4,83.041,88663.0
15,3,26,6,83.138,83138.0
15,3,27,10,82.993,82993.0
15,3,28,10,82.945,82945.0
15,3,29,2,83.05,83050.0
15,3,30,5,82.989,82989.0
15,3,31,9,83.118,83118.0
15,3,32,3,83.018,83018.0
15,3,33,8,82.992,82992.0
15,3,34,9,83.186,83186.0
15,3,35,4,82.896,82896.0
15,3,36,1,82.721,82721.0
15,3,37,7,82.886,82886.0
15,3,38,10,82.92099999999999,82921.0
15,3,39,1,82.968,82968.0
15,3,40,6,82.61,105601.75
15,3,41,5,82.743,82743.0
15,3,42,4,82.826,82826.0
15,3,43,7,82.68299999999999,82683.0
15,3,44,4,82.417,82417.0
15,3,45,2,82.56700000000001,82567.0
15,3,46,6,82.76599999999999,82766.0
15,3,47,4,82.524,82524.0
15,3,48,5,82.618,82618.0
15,3,49,6,82.512,82512.0
15,3,50,8,82.836,82836.0
15,3,51,7,82.604,82604.0
15,3,52,6,82.53399999999999,82534.0
15,3,53,4,82.72200000000001,82722.0
15,3,54,6,82.76599999999999,82766.0
15,3,55,9,82.69,82690.0
15,3,56,9,82.616,82616.0
15,3,57,5,82.531,82531.0
15,3,58,5,82.511,82511.0
15,3,59,9,82.64,82640.0
15,3,60,10,82.46600000000001,82466.0
15,4,1,10,83.129,83129.0
15,4,2,9,83.015,105601.75
15,4,3,3,82.98400000000001,82984.0
15,4,4,10,83.001,83001.0
15,4,5,2,82.907,82907.0
15,4,6,7,83.124,83124.0
15,4,7,9,82.869,82869.0
15,4,8,6,82.916,82916.0
15,4,9,10,83.043,83043.0
15,4,10,1,83.081,83081.0
15,4,11,3,82.865,82865.0
15,4,12,2,82.858,82858.0
15,4,13,3,82.911,82911.0
15,4,14,9,82.865,82865.0
15,4,15,2,82.82,82820.0
15,4,16,5,82.886,82886.0
15,4,17,10,82.718,82718.0
15,4,18,10,82.93299999999999,82933.0
15,4,19,6,82.861,82861.0
15,4,20,4,82.572,88663.0
15,4,21,8,82.509,82509.0
15,4,22,5,82.617,82617.0
15,4,23,1,82.387,82387.0
15,4,24,2,82.58500000000001,82585.0
15,4,25,8,82.594,82594.0
15,4,26,9,82.721,82721.0
15,4,27,4,82.59100000000001,82591.0
15,4,28,7,82.694,82694.0
15,4,29,3,82.517,82517.0
15,4,30,4,82.324,82324.0
15,4,31,5,82.422,82422.0
15,4,32,4,82.705,82705.0
15,4,33,7,82.414,82414.0
15,4,34,9,82.561,82561.0
15,4,35,9,82.7,82700.0
15,4,36,10,82.446,82446.0
15,4,37,10,82.511,82511.0
15,4,38,4,82.47200000000001,82472.0
15,4,39,5,82.572,82572.0
15,4,40,8,82.032,82032.0
15,4,41,8,82.206,82206.0
15,4,42,7,82.224,82224.0
15,4,43,3,82.355,82355.0
15,4,44,8,82.321,82321.0
15,4,45,8,82.188,82188.0
15,4,46,10,82.134,82134.0
15,4,47,4,82.166,82166.0
15,4,48,6,82.393,82393.0
15,4,49,8,82.161,82161.0
15,4,50,4,82.149,82149.0
15,4,51,7,82.032,82032.0
15,4,52,8,81.968,81968.0
15,4,53,6,82.291,82291.0
15,4,54,8,82.006,82006.0
15,4,55,4,82.368,82368.0
15,4,56,2,82.019,82019.0
15,4,57,6,82.227,82227.0
15,4,58,6,82.213,82213.0
15,4,59,9,81.998,81998.0
15,4,60,1,81.872,81872.0
15,5,1,4,82.565,82565.0
15,5,2,8,82.438,82438.0
15,5,3,3,82.24,82240.0
15,5,4,6,82.562,82562.0
15,5,5,3,82.413,82413.0
15,5,6,7,82.246,82246.0
15,5,7,1,82.28,82280.0
15,5,8,7,82.589,82589.0
15,5,9,8,82.298,82298.0
15,5,10,5,82.387,82387.0
15,5,11,6,82.342,82342.0
15,5,12,4,82.294,82294.0
15,5,13,6,82.489,82489.0
15,5,14,5,82.22200000000001,82222.0
15,5,15,7,82.37,82370.0
15,5,16,4,82.481,82481.0
15,5,17,8,82.343,82343.0
15,5,18,1,82.46600000000001,82466.0
15,5,19,3,82.44200000000001,82442.0
15,5,20,2,81.578,81578.0
15,5,21,6,82.089,82089.0
15,5,22,1,82.024,82024.0
15,5,23,1,82.093,82093.0
15,5,24,3,82.093,82093.0
15,5,25,10,81.97200000000001,81972.0
15,6,1,2,83.276,83276.0
15,6,2,7,83.379,83379.0
15,6,3,6,83.164,83164.0
15,6,4,5,82.979,82979.0
15,6,5,1,83.3,83300.0
15,6,6,1,83.441,83441.0
15,6,7,9,83.238,83238.0
15,6,8,7,83.167,83167.0
15,6,9,2,83.106,83106.0
15,6,10,3,83.144,83144.0
15,6,11,4,83.08500000000001,83085.0
15,6,12,7,83.214,83214.0
15,6,13,1,83.03999999999999,83040.0
15,6,14,6,83.188,83188.0
15,6,15,4,83.207,88663.0
15,6,16,9,83.201,83201.0
15,6,17,6,83.316,83316.0
15,6,18,6,83.441,83441.0
15,6,19,5,83.483,83483.0
15,6,20,6,82.6,82600.0
15,6,21,9,82.854,82854.0
15,6,22,8,82.838,82838.0
15,6,23,10,82.924,82924.0
15,6,24,7,82.748,82748.0
15,6,25,9,82.758,82758.0
15,6,26,9,82.916,82916.0
15,6,27,8,82.749,82749.0
15,6,28,7,82.868,82868.0
15,6,29,5,82.767,82767.0
15,6,30,5,82.673,82673.0
15,6,31,10,82.639,82639.0
15,6,32,5,82.816,82816.0
15,6,33,7,82.655,82655.0
15,6,34,9,82.982,82982.0
15,6,35,2,82.668,82668.0
15,6,36,5,82.449,82449.0
15,6,37,9,82.856,82856.0
15,6,38,2,82.836,82836.0
15,6,39,7,82.596,82596.0
15,6,40,8,82.366,82366.0
15,6,41,3,82.43,82430.0
15,6,42,9,82.434,82434.0
15,6,43,6,82.69200000000001,82692.0
15,6,44,6,82.61,82610.0
15,6,45,9,82.22800000000001,88663.0
15,6,46,6,82.351,82351.0
15,6,47,5,82.592,82592.0
15,6,48,1,82.149,82149.0
15,6,49,5,82.23400000000001,82234.0
15,6,50,6,82.495,82495.0
15,6,51,6,82.47200000000001,82472.0
15,6,52,2,82.301,82301.0
15,6,53,9,82.445,82445.0
15,6,54,8,82.256,82256.0
15,6,55,2,82.208,82208.0
15,6,56,8,82.38,82380.0
15,6,57,6,82.294,82294.0
15,6,58,10,82.331,82331.0
15,6,59,3,82.371,82371.0
15,6,60,4,82.137,82137.0
15,7,1,2,82.41499999999999,82415.0
15,7,2,10,82.497,82497.0
15,7,3,3,82.195,82195.0
15,7,4,8,82.337,82337.0
15,7,5,10,82.321,82321.0
15,7,6,3,82.282,82282.0
15,7,7,6,82.42,82420.0
15,7,8,9,82.277,82277.0
15,7,9,10,82.503,82503.0
15,7,10,1,82.41,82410.0
15,7,11,3,82.497,82497.0
15,7,12,9,82.388,82388.0
15,7,13,7,82.274,82274.0
15,7,14,10,82.328,82328.0
15,7,15,9,82.426,82426.0
15,7,16,8,81.873,81873.0
15,7,17,7,82.383,82383.0
15,7,18,3,82.235,82235.0
15,7,19,3,82.381,82381.0
15,7,20,2,81.932,81932.0
15,7,21,7,82.15899999999999,82159.0
15,7,22,6,81.992,81992.0
15,7,23,4,81.97200000000001,81972.0
15,7,24,1,82.019,82019.0
15,7,25,10,82.132,82132.0
15,7,26,3,82.054,82054.0
15,7,27,7,81.755,81755.0
15,7,28,6,81.971,81971.0
15,7,29,1,81.939,81939.0
15,7,30,5,82.163,82163.0
15,7,31,1,81.939,81939.0
15,7,32,10,82.037,82037.0
15,7,33,9,81.917,81917.0
15,7,34,5,81.78999999999999,81790.0
15,7,35,10,81.822,81822.0
15,7,36,6,82.074,82074.0
15,7,37,8,81.975,81975.0
15,7,38,1,81.767,81767.0
15,7,39,10,82.029,82029.0
15,7,40,9,81.78399999999999,88663.0
15,7,41,3,81.6,105601.75
15,7,42,6,81.635,81635.0
15,7,43,6,81.51599999999999,81516.0
15,7,44,9,81.441,81441.0
15,7,45,10,81.634,81634.0
15,7,46,8,81.686,81686.0
15,7,47,10,81.639,81639.0
15,7,48,7,81.737,81737.0
15,7,49,2,81.65,81650.0
15,7,50,2,81.709,81709.0
15,7,51,10,81.512,81512.0
15,7,52,2,81.612,81612.0
15,7,53,5,81.373,81373.0
15,7,54,4,81.34700000000001,81347.0
15,7,55,5,81.482,81482.0
15,7,56,5,81.314,81314.0
15,7,57,5,81.497,81497.0
15,7,58,2,81.613,81613.0
15,7,59,2,81.70400000000001,81704.0
15,7,60,6,81.131,81131.0
15,8,1,3,82.64,82640.0
15,8,2,7,82.595,82595.0
15,8,3,7,82.9,82900.0
15,8,4,6,82.655,82655.0
15,8,5,8,82.74,82740.0
15,8,6,9,82.718,82718.0
15,8,7,8,82.82900000000001,82829.0
15,8,8,7,82.455,82455.0
15,8,9,8,82.61,82610.0
15,8,10,10,82.68299999999999,82683.0
15,8,11,1,82.474,82474.0
15,8,12,7,82.486,82486.0
15,8,13,9,82.599,82599.0
15,8,14,1,82.496,82496.0
15,8,15,6,82.55799999999999,82558.0
15,8,16,9,82.759,82759.0
15,8,17,2,82.55,82550.0
15,8,18,7,82.645,82645.0
15,8,19,2,82.64099999999999,82641.0
15,8,20,4,82.365,82365.0
15,8,21,7,82.31,82310.0
15,8,22,1,82.294,82294.0
15,8,23,1,82.436,82436.0
15,8,24,9,82.322,82322.0
15,8,25,6,82.291,82291.0
15,8,26,6,82.205,82205.0
15,8,27,7,82.368,82368.0
15,8,28,8,82.218,82218.0
15,8,29,2,82.368,82368.0
15,8,30,2,82.136,82136.0
15,8,31,10,82.286,82286.0
15,8,32,2,82.351,82351.0
15,8,33,5,82.328,82328.0
15,8,34,3,82.163,82163.0
15,8,35,2,82.212,82212.0
15,8,36,10,82.262,82262.0
15,8,37,9,82.232,82232.0
15,8,38,7,82.30799999999999,82308.0
15,8,39,7,82.099,82099.0
15,8,40,2,82.024,82024.0
15,8,41,9,81.789,81789.0
15,8,42,3,82.009,82009.0
15,8,43,1,81.866,81866.0
15,8,44,5,81.775,81775.0
15,8,45,8,81.957,81957.0
15,8,46,8,81.71000000000001,81710.0
15,8,47,4,81.94,81940.0
15,8,48,7,81.785,81785.0
15,8,49,10,81.801,81801.0
15,8,50,4,81.91,81910.0
15,8,51,7,81.747,81747.0
15,8,52,5,81.878,81878.0
15,8,53,7,81.797,81797.0
15,8,54,8,81.581,81581.0
15,8,55,7,81.856,81856.0
15,8,56,2,81.742,81742.0
15,8,57,3,81.672,81672.0
15,8,58,2,81.846,81846.0
15,8,59,4,81.792,81792.0
15,8,60,8,81.617,81617.0
15,9,1,10,83.508,83508.0
15,9,2,8,83.313,83313.0
15,9,3,8,83.144,83144.0
15,9,4,9,83.59,83590.0
15,9,5,5,83.37,83370.0
15,9,6,3,83.367,83367.0
15,9,7,7,83.203,83203.0
15,9,8,5,83.196,83196.0
15,9,9,9,83.131,83131.0
15,9,10,5,83.101,83101.0
15,9,11,10,83.408,83408.0
15,9,12,4,83.34100000000001,83341.0
15,9,13,2,83.384,83384.0
15,9,14,9,83.225,83225.0
15,9,15,9,83.269,83269.0
15,9,16,2,83.39,105601.75
15,9,17,10,83.462,83462.0
15,9,18,8,82.971,82971.0
15,9,19,2,83.169,83169.0
15,9,20,2,83.029,83029.0
15,9,21,9,82.758,82758.0
15,9,22,4,83.114,83114.0
15,9,23,3,82.882,82882.0
15,9,24,7,82.809,82809.0
15,9,25,1,82.98,82980.0
15,9,26,10,82.95400000000001,82954.0
15,9,27,5,82.8,82800.0
15,9,28,8,83.08,83080.0
15,9,29,2,82.949,82949.0
15,9,30,3,82.83,82830.0
15,9,31,9,83.061,83061.0
15,9,32,7,83.015,83015.0
15,9,33,5,82.799,82799.0
15,9,34,3,82.90899999999999,82909.0
15,9,35,5,82.787,82787.0
15,9,36,2,82.775,82775.0
15,9,37,9,82.885,82885.0
15,9,38,10,82.898,82898.0
15,9,39,6,82.858,82858.0
15,9,40,2,82.627,82627.0
15,9,41,1,82.521,82521.0
15,9,42,8,82.622,82622.0
15,9,43,9,82.619,82619.0
15,9,44,1,82.47,82470.0
15,9,45,8,82.511,82511.0
15,9,46,7,82.708,82708.0
15,9,47,3,82.555,82555.0
15,9,48,6,82.39699999999999,82397.0
15,9,49,4,82.59,82590.0
15,9,50,9,82.41499999999999,82415.0
15,9,51,10,82.578,82578.0
15,9,52,8,82.17699999999999,88663.0
15,9,53,3,82.45,82450.0
15,9,54,9,82.42,82420.0
15,9,55,3,82.47200000000001,82472.0
15,9,56,10,82.105,82105.0
15,9,57,1,82.32,82320.0
15,9,58,10,82.042,82042.0
15,9,59,1,82.32,82320.0
15,9,60,5,82.144,82144.0
15,10,1,2,82.912,82912.0
15,10,2,7,82.83,82830.0
15,10,3,2,82.797,82797.0
15,10,4,7,82.791,82791.0
15,10,5,4,82.971,82971.0
15,10,6,7,82.987,82987.0
15,10,7,6,82.864,82864.0
15,10,8,2,82.86,82860.0
15,10,9,6,82.713,82713.0
15,10,10,7,82.725,82725.0
15,10,11,3,82.759,82759.0
15,10,12,3,82.82900000000001,88663.0
15,10,13,3,82.624,82624.0
15,10,14,1,82.78399999999999,82784.0
15,10,15,10,82.78399999999999,82784.0
15,10,16,10,82.926,82926.0
15,10,17,6,82.825,82825.0
15,10,18,10,82.632,82632.0
15,10,19,8,82.684,82684.0
15,10,20,8,82.614,82614.0
15,10,21,8,82.57300000000001,82573.0
15,10,22,9,82.52799999999999,82528.0
15,10,23,8,82.538,82538.0
15,10,24,6,82.479,82479.0
15,10,25,5,82.494,82494.0
15,10,26,1,82.322,82322.0
15,10,27,1,82.326,82326.0
15,10,28,5,82.314,82314.0
15,10,29,7,82.214,82214.0
15,10,30,7,82.425,82425.0
15,10,31,5,82.214,82214.0
15,10,32,2,82.345,82345.0
15,10,33,7,82.381,82381.0
15,10,34,10,82.189,82189.0
15,10,35,5,82.405,82405.0
15,10,36,8,82.307,82307.0
15,10,37,3,82.288,82288.0
15,10,38,2,82.349,82349.0
15,10,39,1,82.503,82503.0
15,10,40,10,82.168,82168.0
15,10,41,2,81.754,81754.0
15,10,42,3,81.80199999999999,81802.0
15,10,43,4,82.331,82331.0
15,10,44,7,82.186,82186.0
15,10,45,10,82.15299999999999,82153.0
15,10,46,3,81.97200000000001,81972.0
15,10,47,4,81.907,81907.0
15,10,48,5,81.94800000000001,81948.0
15,10,49,5,81.893,81893.0
15,10,50,4,81.875,81875.0
15,10,51,4,81.936,81936.0
15,10,52,7,81.89,81890.0
15,10,53,5,81.9,81900.0
15,10,54,10,81.92699999999999,81927.0
15,10,55,3,81.9,81900.0
15,10,56,2,81.99,81990.0
15,10,57,9,81.803,81803.0
15,10,58,3,81.95,81950.0
15,10,59,10,81.696,81696.0
15,10,60,8,81.838,81838.0
16,1,1,1,92.356,92356.0
16,1,2,9,92.429,92429.0
16,1,3,6,92.122,92122.0
16,1,4,9,92.003,92003.0
16,1,5,10,92.34100000000001,92341.0
16,1,6,9,92.286,92286.0
16,1,7,6,92.09,92090.0
16,1,8,7,92.158,92158.0
16,1,9,3,92.325,92325.0
16,1,10,7,92.146,92146.0
16,1,11,9,92.168,92168.0
16,1,12,10,92.184,92184.0
16,1,13,8,92.191,92191.0
16,1,14,5,92.063,105601.75
16,1,15,9,92.22999999999999,92230.0
16,1,16,5,92.036,92036.0
16,1,17,7,92.327,92327.0
16,1,18,3,92.19,92190.0
16,1,19,10,92.102,92102.0
16,1,20,4,91.719,91719.0
16,1,21,9,91.947,91947.0
16,1,22,7,91.794,91794.0
16,1,23,2,91.989,91989.0
16,1,24,9,91.67099999999999,91671.0
16,1,25,1,91.76,91760.0
16,1,26,10,92.059,92059.0
16,1,27,4,92.057,92057.0
16,1,28,6,91.855,91855.0
16,1,29,7,91.696,91696.0
16,1,30,2,91.88,91880.0
16,1,31,6,91.80199999999999,91802.0
16,1,32,3,92.01599999999999,92016.0
16,1,33,1,91.974,91974.0
16,1,34,1,91.615,91615.0
16,1,35,3,91.753,91753.0
16,1,36,4,91.875,91875.0
16,1,37,6,91.72200000000001,91722.0
16,1,38,4,91.872,91872.0
16,1,39,1,91.68,91680.0
16,1,40,10,91.434,91434.0
16,1,41,2,91.496,91496.0
16,1,42,5,91.669,91669.0
16,1,43,8,91.485,91485.0
16,1,44,9,91.559,91559.0
16,1,45,3,91.404,91404.0
16,1,46,2,91.504,91504.0
16,1,47,9,91.486,91486.0
16,1,48,8,91.629,91629.0
16,1,49,8,91.387,91387.0
16,1,50,3,91.42099999999999,91421.0
16,1,51,8,91.376,91376.0
16,1,52,10,91.606,91606.0
16,1,53,5,91.452,91452.0
16,1,54,2,91.494,91494.0
16,1,55,7,91.333,91333.0
16,1,56,7,91.381,91381.0
16,1,57,2,91.322,91322.0
16,1,58,5,91.246,91246.0
16,1,59,4,91.414,91414.0
16,1,60,10,91.239,91239.0
16,1,61,2,91.371,91371.0
16,1,62,8,91.236,91236.0
16,1,63,2,91.15,91150.0
16,1,64,7,91.019,91019.0
16,1,65,6,90.908,90908.0
16,1,66,8,91.035,91035.0
16,1,67,4,91.054,91054.0
16,1,68,3,90.922,90922.0
16,1,69,8,91.299,91299.0
16,1,70,8,91.077,91077.0
16,1,71,8,91.08500000000001,91085.0
16,2,1,7,93.066,93066.0
16,2,2,5,92.819,92819.0
16,2,3,7,92.896,92896.0
16,2,4,4,92.864,88663.0
16,2,5,6,92.75399999999999,92754.0
16,2,6,8,92.951,92951.0
16,2,7,4,92.75200000000001,92752.0
16,2,8,9,92.761,92761.0
16,2,9,9,92.74799999999999,92748.0
16,2,10,7,92.878,92878.0
16,2,11,4,92.84100000000001,92841.0
16,2,12,6,92.695,92695.0
16,2,13,9,92.811,92811.0
16,2,14,6,92.806,92806.0
16,2,15,1,92.899,92899.0
16,2,16,9,92.813,92813.0
16,2,17,6,92.839,92839.0
16,2,18,7,93.03999999999999,93040.0
16,2,19,3,92.884,92884.0
16,2,20,8,92.55199999999999,92552.0
16,2,21,2,92.664,92664.0
16,2,22,10,92.538,92538.0
16,2,23,8,92.483,92483.0
16,2,24,8,92.388,92388.0
16,2,25,9,92.578,92578.0
16,2,26,4,92.50999999999999,92510.0
16,2,27,3,92.36500000000001,92365.0
16,2,28,9,92.467,92467.0
16,2,29,6,92.209,92209.0
16,2,30,8,92.287,92287.0
16,2,31,9,92.34100000000001,92341.0
16,2,32,5,92.475,92475.0
16,2,33,9,92.417,92417.0
16,2,34,5,92.593,92593.0
16,2,35,6,92.4,92400.0
16,2,36,10,92.402,92402.0
16,2,37,9,92.413,92413.0
16,2,38,8,92.408,92408.0
16,2,39,5,92.27600000000001,92276.0
16,2,40,10,92.268,92268.0
16,2,41,7,92.289,92289.0
16,2,42,7,92.18,92180.0
16,2,43,3,92.012,92012.0
16,2,44,4,92.332,92332.0
16,2,45,8,92.082,92082.0
16,2,46,8,92.104,92104.0
16,2,47,6,92.096,92096.0
16,2,48,5,91.991,91991.0
16,2,49,3,92.282,92282.0
16,2,50,2,92.045,92045.0
16,2,51,1,91.884,91884.0
16,2,52,2,92.056,92056.0
16,2,53,10,92.062,92062.0
16,2,54,9,91.83,91830.0
16,2,55,1,91.889,91889.0
16,2,56,4,92.01400000000001,92014.0
16,2,57,10,92.206,92206.0
16,2,58,9,92.013,92013.0
16,2,59,9,92.05199999999999,92052.0
16,2,60,1,91.907,91907.0
16,2,61,9,91.77,91770.0
16,2,62,7,91.867,91867.0
16,2,63,9,91.776,91776.0
16,2,64,6,91.66499999999999,91665.0
16,2,65,4,91.833,91833.0
16,2,66,10,91.85,91850.0
16,2,67,6,91.59100000000001,91591.0
16,2,68,5,91.564,91564.0
16,2,69,5,91.553,88663.0
16,2,70,7,91.754,91754.0
16,2,71,1,91.583,91583.0
16,3,1,4,92.249,92249.0
16,3,2,7,92.557,92557.0
16,3,3,6,92.485,92485.0
16,3,4,2,92.423,92423.0
16,3,5,7,92.36,92360.0
16,3,6,1,92.314,92314.0
16,3,7,8,92.328,92328.0
16,3,8,6,92.30199999999999,92302.0
16,3,9,10,92.506,92506.0
16,3,10,6,92.261,92261.0
16,3,11,3,92.22200000000001,92222.0
16,3,12,10,92.616,92616.0
16,3,13,7,92.226,92226.0
16,3,14,8,92.352,92352.0
16,3,15,6,92.32,92320.0
16,3,16,1,92.464,92464.0
16,3,17,5,92.372,92372.0
16,3,18,7,92.38,92380.0
16,3,19,5,92.408,92408.0
16,3,20,9,92.213,92213.0
16,3,21,5,92.324,92324.0
16,3,22,4,91.957,91957.0
16,3,23,9,92.131,92131.0
16,3,24,5,92.25200000000001,92252.0
16,3,25,9,91.89699999999999,91897.0
16,3,26,1,91.923,91923.0
16,3,27,10,92.059,92059.0
16,3,28,5,92.047,92047.0
16,3,29,9,91.812,91812.0
16,3,30,4,91.998,91998.0
16,3,31,4,91.983,91983.0
16,3,32,2,91.911,91911.0
16,3,33,7,91.99,91990.0
16,3,34,3,91.965,91965.0
16,3,35,4,92.2,92200.0
16,3,36,5,91.857,91857.0
16,3,37,7,92.142,92142.0
16,3,38,8,91.717,91717.0
16,3,39,7,91.812,91812.0
16,3,40,5,91.437,91437.0
16,3,41,2,91.602,91602.0
16,3,42,4,91.779,91779.0
16,3,43,1,91.705,91705.0
16,3,44,7,91.514,91514.0
16,3,45,6,91.719,91719.0
16,3,46,5,91.652,91652.0
16,3,47,2,91.648,91648.0
16,3,48,2,91.71600000000001,91716.0
16,3,49,7,91.795,91795.0
16,3,50,10,91.502,91502.0
16,3,51,9,91.54599999999999,91546.0
16,3,52,1,91.514,91514.0
16,3,53,1,91.627,91627.0
16,3,54,6,91.662,91662.0
16,3,55,8,91.578,91578.0
16,3,56,2,91.465,91465.0
16,3,57,3,91.45,91450.0
16,3,58,1,91.725,91725.0
16,3,59,1,91.736,91736.0
16,3,60,5,91.267,91267.0
16,3,61,2,91.082,91082.0
16,3,62,5,91.142,91142.0
16,3,63,1,91.425,91425.0
16,3,64,4,91.267,91267.0
16,3,65,5,91.108,91108.0
16,3,66,9,91.285,91285.0
16,3,67,5,91.32,91320.0
16,3,68,2,91.28,91280.0
16,3,69,4,91.102,91102.0
16,3,70,6,91.293,91293.0
16,3,71,2,91.205,91205.0
16,4,1,3,93.28,93280.0
16,4,2,1,93.241,93241.0
16,4,3,8,93.425,93425.0
16,4,4,7,93.449,93449.0
16,4,5,8,93.25,93250.0
16,4,6,9,93.086,93086.0
16,4,7,1,93.11699999999999,93117.0
16,4,8,9,93.356,93356.0
16,4,9,6,93.332,93332.0
16,4,10,2,93.351,93351.0
16,4,11,1,93.311,93311.0
16,4,12,9,93.339,93339.0
16,4,13,10,93.143,93143.0
16,4,14,4,93.33,93330.0
16,4,15,9,93.414,93414.0
16,4,16,2,93.274,93274.0
16,4,17,6,93.08,93080.0
16,4,18,5,93.09700000000001,93097.0
16,4,19,3,93.251,93251.0
16,4,20,10,92.911,92911.0
16,4,21,8,93.047,93047.0
16,4,22,2,93.00800000000001,93008.0
16,4,23,3,92.84100000000001,92841.0
16,4,24,8,92.838,92838.0
16,4,25,8,92.899,92899.0
16,4,26,4,93.136,93136.0
16,4,27,8,92.876,92876.0
16,4,28,4,93.066,93066.0
16,4,29,10,92.945,92945.0
16,4,30,8,92.83,92830.0
16,4,31,5,92.761,92761.0
16,4,32,8,92.87299999999999,92873.0
16,4,33,3,92.65,92650.0
16,4,34,7,92.99600000000001,92996.0
16,4,35,9,92.862,88663.0
16,4,36,5,92.71600000000001,92716.0
16,4,37,9,92.717,92717.0
16,4,38,9,92.81,92810.0
16,4,39,8,92.60900000000001,92609.0
16,4,40,1,92.58,92580.0
16,4,41,8,92.501,92501.0
16,4,42,5,92.419,92419.0
16,4,43,1,92.669,92669.0
16,4,44,6,92.588,92588.0
16,4,45,5,92.55199999999999,92552.0
16,4,46,1,92.459,92459.0
16,4,47,10,92.482,92482.0
16,4,48,10,92.669,88663.0
16,4,49,10,92.344,92344.0
16,4,50,6,92.584,92584.0
16,4,51,8,92.701,92701.0
16,4,52,9,92.37100000000001,88663.0
16,4,53,10,92.612,92612.0
16,4,54,9,92.576,92576.0
16,4,55,6,92.537,92537.0
16,4,56,10,92.501,92501.0
16,4,57,7,92.548,92548.0
16,4,58,6,92.38900000000001,92389.0
16,4,59,9,92.22200000000001,92222.0
16,4,60,9,92.188,92188.0
16,4,61,7,92.044,92044.0
16,4,62,1,92.16499999999999,92165.0
16,4,63,9,92.072,92072.0
16,4,64,7,92.233,92233.0
16,4,65,1,92.12299999999999,92123.0
16,4,66,6,92.277,92277.0
16,4,67,8,92.10900000000001,92109.0
16,4,68,1,91.804,91804.0
16,4,69,10,92.214,92214.0
16,4,70,4,92.108,92108.0
16,4,71,4,92.178,92178.0
16,5,1,8,93.476,93476.0
16,5,2,5,93.451,93451.0
16,5,3,8,93.509,93509.0
16,5,4,2,93.332,93332.0
16,5,5,7,93.315,93315.0
16,5,6,9,93.662,93662.0
16,5,7,5,93.712,93712.0
16,5,8,8,93.307,93307.0
16,5,9,4,93.206,93206.0
16,5,10,6,93.439,93439.0
16,5,11,1,93.352,93352.0
16,5,12,8,93.336,93336.0
16,5,13,10,93.239,93239.0
16,5,14,4,93.32900000000001,93329.0
16,5,15,3,93.51400000000001,93514.0
16,5,16,3,93.40100000000001,93401.0
16,5,17,8,93.181,93181.0
16,5,18,5,93.298,93298.0
16,5,19,9,93.38300000000001,93383.0
16,5,20,1,92.991,92991.0
16,5,21,5,93.02199999999999,93022.0
16,5,22,5,92.985,92985.0
16,5,23,8,93.071,93071.0
16,5,24,3,92.999,92999.0
16,5,25,6,92.926,92926.0
16,5,26,7,92.99799999999999,92998.0
16,5,27,6,93.06700000000001,93067.0
16,5,28,3,93.14500000000001,93145.0
16,5,29,5,92.94800000000001,92948.0
16,5,30,2,92.816,92816.0
16,5,31,10,92.925,92925.0
16,5,32,5,92.908,92908.0
16,5,33,10,93.106,93106.0
16,5,34,2,93.247,93247.0
16,5,35,9,93.166,93166.0
16,5,36,8,93.157,93157.0
16,5,37,8,93.015,93015.0
16,5,38,3,93.09899999999999,93099.0
16,5,39,7,92.926,92926.0
16,5,40,2,92.619,92619.0
16,5,41,4,92.694,92694.0
16,5,42,3,92.593,92593.0
16,5,43,2,92.721,92721.0
16,5,44,4,92.488,92488.0
16,5,45,7,92.712,92712.0
16,5,46,8,92.598,92598.0
16,5,47,4,92.495,92495.0
16,5,48,9,92.72,92720.0
16,5,49,9,92.65299999999999,92653.0
16,5,50,2,92.674,92674.0
16,5,51,6,92.424,92424.0
16,5,52,2,92.713,92713.0
16,5,53,9,92.52600000000001,92526.0
16,5,54,4,92.631,92631.0
16,5,55,10,92.711,92711.0
16,5,56,10,92.49799999999999,92498.0
16,5,57,9,92.4,92400.0
16,5,58,3,92.513,92513.0
16,5,59,1,92.455,92455.0
16,5,60,10,92.22200000000001,92222.0
16,5,61,4,92.22200000000001,92222.0
16,5,62,9,92.277,92277.0
16,5,63,10,92.4,92400.0
16,5,64,5,92.245,92245.0
16,5,65,6,92.113,92113.0
16,5,66,9,92.437,92437.0
16,5,67,7,92.167,92167.0
16,5,68,10,92.39699999999999,92397.0
16,5,69,7,92.175,88663.0
16,5,70,6,92.10300000000001,92103.0
16,5,71,4,92.206,92206.0
16,6,1,8,92.84100000000001,92841.0
16,6,2,10,92.89,92890.0
16,6,3,6,92.825,88663.0
16,6,4,7,92.75999999999999,92760.0
16,6,5,4,92.82,92820.0
16,6,6,5,92.75399999999999,92754.0
16,6,7,7,92.75200000000001,92752.0
16,6,8,5,92.761,92761.0
16,6,9,6,92.682,92682.0
16,6,10,7,92.833,92833.0
16,6,11,7,92.947,92947.0
16,6,12,1,92.65299999999999,92653.0
16,6,13,3,92.488,92488.0
16,6,14,1,92.809,92809.0
16,6,15,1,92.583,92583.0
16,6,16,1,92.733,92733.0
16,6,17,10,92.594,92594.0
16,6,18,4,92.619,92619.0
16,6,19,6,92.557,92557.0
16,6,20,9,92.41499999999999,92415.0
16,6,21,2,92.512,92512.0
16,6,22,5,92.507,92507.0
16,6,23,8,92.523,92523.0
16,6,24,9,92.316,92316.0
16,6,25,2,92.269,92269.0
16,6,26,3,92.418,92418.0
16,6,27,5,92.381,92381.0
16,6,28,5,92.30199999999999,92302.0
16,6,29,1,92.173,92173.0
16,6,30,10,92.515,92515.0
16,6,31,1,92.207,92207.0
16,6,32,5,92.203,92203.0
16,6,33,8,92.429,92429.0
16,6,34,10,92.17099999999999,88663.0
16,6,35,7,92.28999999999999,92290.0
16,6,36,2,92.182,92182.0
16,6,37,8,92.495,92495.0
16,6,38,9,92.11099999999999,92111.0
16,6,39,9,92.384,92384.0
16,6,40,3,92.047,92047.0
16,6,41,9,92.12899999999999,92129.0
16,6,42,5,92.12700000000001,92127.0
16,6,43,10,91.924,91924.0
16,6,44,5,91.934,91934.0
16,6,45,5,91.824,91824.0
16,6,46,6,92.13300000000001,92133.0
16,6,47,8,91.937,91937.0
16,6,48,7,92.0,92000.0
16,6,49,2,92.184,92184.0
16,6,50,7,92.128,92128.0
16,6,51,1,91.895,91895.0
16,6,52,6,91.985,91985.0
16,6,53,9,92.131,92131.0
16,6,54,7,92.10499999999999,92105.0
16,6,55,7,91.882,91882.0
16,6,56,7,91.803,91803.0
16,6,57,7,91.858,91858.0
16,6,58,8,91.992,91992.0
16,6,59,9,91.555,91555.0
16,6,60,4,91.429,88663.0
16,6,61,5,91.535,91535.0
16,6,62,8,91.628,91628.0
16,6,63,5,91.452,91452.0
16,6,64,3,91.47800000000001,91478.0
16,6,65,7,91.515,91515.0
16,6,66,10,91.502,91502.0
16,6,67,10,91.447,91447.0
16,6,68,9,91.514,91514.0
16,6,69,2,91.646,91646.0
16,6,70,5,91.523,91523.0
16,6,71,9,91.395,91395.0
16,7,1,6,92.182,92182.0
16,7,2,6,92.196,92196.0
16,7,3,10,92.14,92140.0
16,7,4,3,92.267,105601.75
16,7,5,5,92.156,92156.0
16,7,6,8,92.226,92226.0
16,7,7,6,92.22399999999999,92224.0
16,7,8,1,91.992,91992.0
16,7,9,1,92.211,92211.0
16,7,10,6,92.16499999999999,92165.0
16,7,11,4,92.11099999999999,92111.0
16,7,12,9,92.069,92069.0
16,7,13,9,92.356,92356.0
16,7,14,1,92.044,92044.0
16,7,15,9,92.244,92244.0
16,7,16,8,92.101,92101.0
16,7,17,9,92.196,92196.0
16,7,18,6,92.027,92027.0
16,7,19,3,92.086,92086.0
16,7,20,9,91.693,91693.0
16,7,21,10,91.753,91753.0
16,7,22,3,91.934,91934.0
16,7,23,4,91.905,91905.0
16,7,24,3,91.86,91860.0
16,7,25,4,92.021,92021.0
16,7,26,2,91.84,91840.0
16,7,27,3,91.832,88663.0
16,7,28,7,91.832,91832.0
16,7,29,2,91.672,91672.0
16,7,30,4,91.635,91635.0
16,7,31,3,91.949,91949.0
16,7,32,7,91.483,91483.0
16,7,33,5,91.745,91745.0
16,7,34,9,91.848,91848.0
16,7,35,6,91.892,91892.0
16,7,36,1,91.736,91736.0
16,7,37,9,91.69,91690.0
16,7,38,10,91.757,91757.0
16,7,39,3,91.76599999999999,91766.0
16,7,40,1,91.431,91431.0
16,7,41,2,91.3,91300.0
16,7,42,8,91.376,91376.0
16,7,43,9,91.18,91180.0
16,7,44,2,91.313,91313.0
16,7,45,4,91.325,91325.0
16,7,46,7,91.53399999999999,91534.0
16,7,47,8,91.467,91467.0
16,7,48,5,91.717,91717.0
16,7,49,3,91.383,91383.0
16,7,50,8,91.462,91462.0
16,7,51,9,91.162,91162.0
16,7,52,10,91.346,91346.0
16,7,53,7,91.46600000000001,91466.0
16,7,54,3,91.259,91259.0
16,7,55,1,91.338,91338.0
16,7,56,1,91.295,91295.0
16,7,57,9,91.2,91200.0
16,7,58,1,91.328,91328.0
16,7,59,8,91.23400000000001,91234.0
16,7,60,10,91.119,91119.0
16,7,61,10,91.112,91112.0
16,7,62,2,90.898,90898.0
16,7,63,4,90.905,90905.0
16,7,64,5,91.018,91018.0
16,7,65,10,91.152,91152.0
16,7,66,10,91.08500000000001,91085.0
16,7,67,10,91.10900000000001,91109.0
16,7,68,5,90.94200000000001,90942.0
16,7,69,10,91.176,91176.0
16,7,70,8,90.939,90939.0
16,7,71,5,91.072,91072.0
16,8,1,8,92.393,92393.0
16,8,2,8,92.56,92560.0
16,8,3,8,92.51599999999999,92516.0
16,8,4,3,92.381,92381.0
16,8,5,1,92.438,92438.0
16,8,6,2,92.53,92530.0
16,8,7,2,92.327,92327.0
16,8,8,6,92.25999999999999,92260.0
16,8,9,5,92.32900000000001,92329.0
16,8,10,2,92.37899999999999,92379.0
16,8,11,6,92.326,92326.0
16,8,12,10,92.407,92407.0
16,8,13,9,92.59899999999999,92599.0
16,8,14,4,92.447,92447.0
16,8,15,1,92.249,92249.0
16,8,16,10,92.14699999999999,92147.0
16,8,17,2,92.435,92435.0
16,8,18,4,92.408,92408.0
16,8,19,2,92.011,88663.0
16,8,20,3,92.218,92218.0
16,8,21,9,91.874,91874.0
16,8,22,3,92.138,92138.0
16,8,23,9,92.089,92089.0
16,8,24,10,92.155,92155.0
16,8,25,7,91.851,91851.0
16,8,26,5,92.00200000000001,92002.0
16,8,27,4,92.089,92089.0
16,8,28,4,92.17099999999999,92171.0
16,8,29,10,91.91499999999999,91915.0
16,8,30,9,91.882,91882.0
16,8,31,2,92.029,92029.0
16,8,32,6,91.918,91918.0
16,8,33,7,92.09100000000001,92091.0
16,8,34,10,92.088,92088.0
16,8,35,1,92.114,92114.0
16,8,36,9,92.11500000000001,92115.0
16,8,37,4,91.857,91857.0
16,8,38,3,91.905,91905.0
16,8,39,6,91.797,91797.0
16,8,40,6,91.535,91535.0
16,8,41,8,91.761,91761.0
16,8,42,7,91.80799999999999,91808.0
16,8,43,5,91.639,91639.0
16,8,44,8,91.623,91623.0
16,8,45,7,91.71600000000001,91716.0
16,8,46,4,91.663,91663.0
16,8,47,6,91.655,91655.0
16,8,48,2,91.67699999999999,91677.0
16,8,49,10,91.495,91495.0
16,8,50,9,91.695,91695.0
16,8,51,8,91.527,91527.0
16,8,52,8,91.6,91600.0
16,8,53,1,91.693,91693.0
16,8,54,6,91.43,91430.0
16,8,55,4,91.55,91550.0
16,8,56,4,91.479,91479.0
16,8,57,6,91.411,91411.0
16,8,58,5,91.315,91315.0
16,8,59,6,91.753,91753.0
16,8,60,7,91.07300000000001,91073.0
16,8,61,8,91.35,91350.0
16,8,62,5,91.246,91246.0
16,8,63,6,91.231,91231.0
16,8,64,5,91.166,91166.0
16,8,65,6,90.94200000000001,90942.0
16,8,66,3,91.082,91082.0
16,8,67,1,91.355,91355.0
16,8,68,4,91.372,91372.0
16,8,69,10,90.925,90925.0
16,8,70,6,91.111,91111.0
16,8,71,6,91.374,91374.0
16,9,1,8,92.757,92757.0
16,9,2,3,92.709,92709.0
16,9,3,5,92.631,92631.0
16,9,4,5,93.01599999999999,93016.0
16,9,5,7,92.74199999999999,92742.0
16,9,6,1,92.92099999999999,92921.0
16,9,7,7,92.638,92638.0
16,9,8,6,92.839,92839.0
16,9,9,2,92.75399999999999,92754.0
16,9,10,7,92.697,92697.0
16,9,11,1,92.694,92694.0
16,9,12,7,93.048,93048.0
16,9,13,7,92.703,92703.0
16,9,14,7,92.675,92675.0
16,9,15,4,92.535,92535.0
16,9,16,4,92.767,92767.0
16,9,17,3,92.545,92545.0
16,9,18,10,92.61,92610.0
16,9,19,1,92.596,92596.0
16,9,20,10,92.483,92483.0
16,9,21,3,92.464,92464.0
16,9,22,3,92.261,92261.0
16,9,23,6,92.394,92394.0
16,9,24,2,92.378,92378.0
16,9,25,6,92.449,92449.0
16,9,26,3,92.612,92612.0
16,9,27,8,92.25800000000001,92258.0
16,9,28,2,92.52600000000001,92526.0
16,9,29,3,92.408,92408.0
16,9,30,3,92.342,92342.0
16,9,31,5,92.339,92339.0
16,9,32,3,92.10900000000001,92109.0
16,9,33,1,92.455,92455.0
16,9,34,8,92.513,92513.0
16,9,35,7,92.26599999999999,92266.0
16,9,36,6,92.23599999999999,92236.0
16,9,37,7,92.346,92346.0
16,9,38,5,92.318,92318.0
16,9,39,9,92.304,92304.0
16,9,40,3,92.077,92077.0
16,9,41,8,92.19,92190.0
16,9,42,2,91.945,88663.0
16,9,43,4,91.977,91977.0
16,9,44,5,91.952,91952.0
16,9,45,4,92.015,92015.0
16,9,46,2,92.061,92061.0
16,9,47,2,91.995,91995.0
16,9,48,4,92.038,92038.0
16,9,49,7,91.93,91930.0
16,9,50,3,91.831,91831.0
16,9,51,8,92.19,92190.0
16,9,52,10,91.81700000000001,91817.0
16,9,53,1,92.087,92087.0
16,9,54,2,91.656,91656.0
16,9,55,8,92.00399999999999,92004.0
16,9,56,3,91.892,91892.0
16,9,57,10,91.845,91845.0
16,9,58,3,91.868,91868.0
16,9,59,7,91.84100000000001,91841.0
16,9,60,3,91.611,91611.0
16,9,61,7,91.498,91498.0
16,9,62,10,91.426,91426.0
16,9,63,4,91.605,91605.0
16,9,64,9,91.57300000000001,91573.0
16,9,65,7,91.637,91637.0
16,9,66,2,91.541,91541.0
16,9,67,2,91.48,91480.0
16,9,68,5,91.55199999999999,91552.0
16,9,69,8,91.721,91721.0
16,9,70,1,91.551,91551.0
16,9,71,5,91.621,91621.0
16,10,1,9,92.517,92517.0
16,10,2,2,92.25200000000001,92252.0
16,10,3,7,92.297,92297.0
16,10,4,9,92.314,92314.0
16,10,5,6,92.34700000000001,92347.0
16,10,6,1,92.13900000000001,92139.0
16,10,7,4,92.03999999999999,92040.0
16,10,8,10,92.357,92357.0
16,10,9,3,92.239,92239.0
16,10,10,9,92.268,92268.0
16,10,11,4,92.429,92429.0
16,10,12,7,92.384,92384.0
16,10,13,3,92.106,92106.0
16,10,14,1,92.38900000000001,88663.0
16,10,15,7,92.267,92267.0
16,10,16,5,92.059,92059.0
16,10,17,8,92.44800000000001,92448.0
16,10,18,4,91.971,91971.0
16,10,19,1,92.16,92160.0
16,10,20,5,91.824,91824.0
16,10,21,5,92.253,92253.0
16,10,22,1,91.767,91767.0
16,10,23,4,91.93299999999999,91933.0
16,10,24,10,92.02600000000001,92026.0
16,10,25,6,91.807,91807.0
16,10,26,7,91.768,91768.0
16,10,27,3,92.21000000000001,92210.0
16,10,28,5,91.873,91873.0
16,10,29,6,91.84700000000001,91847.0
16,10,30,7,91.783,91783.0
16,10,31,8,91.771,91771.0
16,10,32,4,91.792,91792.0
16,10,33,1,91.594,91594.0
16,10,34,5,91.953,91953.0
16,10,35,7,91.804,91804.0
16,10,36,8,91.96600000000001,91966.0
16,10,37,7,91.725,91725.0
16,10,38,2,91.73,91730.0
16,10,39,3,91.871,91871.0
16,10,40,6,91.525,91525.0
16,10,41,2,91.644,91644.0
16,10,42,5,91.556,91556.0
16,10,43,8,91.62,91620.0
16,10,44,3,91.465,91465.0
16,10,45,3,91.706,91706.0
16,10,46,8,91.459,88663.0
16,10,47,3,91.42,91420.0
16,10,48,10,91.504,91504.0
16,10,49,6,91.462,91462.0
16,10,50,4,91.515,91515.0
16,10,51,5,91.459,91459.0
16,10,52,9,91.60900000000001,91609.0
16,10,53,7,91.514,91514.0
16,10,54,10,91.443,91443.0
16,10,55,9,91.517,91517.0
16,10,56,2,91.548,91548.0
16,10,57,2,91.52799999999999,91528.0
16,10,58,1,91.645,91645.0
16,10,59,2,91.337,91337.0
16,10,60,4,91.128,91128.0
16,10,61,1,91.102,91102.0
16,10,62,5,91.303,91303.0
16,10,63,8,91.007,91007.0
16,10,64,1,90.951,90951.0
16,10,65,4,91.189,91189.0
16,10,66,8,90.97,90970.0
16,10,67,8,91.121,91121.0
16,10,68,10,91.021,91021.0
16,10,69,9,91.10300000000001,91103.0
16,10,70,7,90.976,90976.0
16,10,71,1,90.947,90947.0
17,1,1,9,87.97200000000001,87972.0
17,1,2,10,88.05199999999999,88052.0
17,1,3,5,88.154,88154.0
17,1,4,5,88.144,88144.0
17,1,5,8,88.061,88061.0
17,1,6,8,88.068,88068.0
17,1,7,5,88.143,88143.0
17,1,8,6,88.176,88176.0
17,1,9,5,87.89699999999999,87897.0
17,1,10,7,87.888,87888.0
17,1,11,4,88.042,88042.0
17,1,12,8,87.958,87958.0
17,1,13,1,87.9,87900.0
17,1,14,4,87.906,87906.0
17,1,15,1,87.862,87862.0
17,1,16,1,88.211,88211.0
17,1,17,2,87.987,88663.0
17,1,18,9,88.148,88148.0
17,1,19,10,88.09,88090.0
17,1,20,6,87.667,87667.0
17,1,21,3,87.78399999999999,87784.0
17,1,22,1,87.646,87646.0
17,1,23,7,87.885,87885.0
17,1,24,4,87.757,87757.0
17,1,25,5,87.465,87465.0
17,1,26,10,87.607,87607.0
17,1,27,2,87.66,87660.0
17,1,28,9,87.643,87643.0
17,1,29,3,87.877,87877.0
17,1,30,10,87.68299999999999,87683.0
17,1,31,2,87.527,87527.0
17,1,32,8,87.493,87493.0
17,1,33,3,87.431,87431.0
17,1,34,9,87.67099999999999,87671.0
17,1,35,10,87.501,87501.0
17,1,36,7,87.785,88663.0
17,1,37,6,87.836,87836.0
17,1,38,1,87.572,87572.0
17,1,39,4,87.673,87673.0
17,1,40,3,87.096,87096.0
17,1,41,7,87.507,87507.0
17,1,42,7,87.257,87257.0
17,1,43,4,87.27,87270.0
17,1,44,9,87.17099999999999,87171.0
17,1,45,10,87.263,87263.0
17,1,46,8,87.315,87315.0
17,1,47,9,87.327,87327.0
17,1,48,3,87.356,87356.0
17,1,49,4,87.392,87392.0
17,1,50,7,87.30799999999999,87308.0
17,1,51,8,87.361,87361.0
17,1,52,10,87.562,87562.0
17,1,53,9,87.379,87379.0
17,1,54,7,87.115,87115.0
17,1,55,2,87.185,87185.0
17,1,56,8,87.27,87270.0
17,1,57,5,87.117,87117.0
17,1,58,2,87.026,87026.0
17,1,59,1,86.989,86989.0
17,2,1,9,88.436,88436.0
17,2,2,9,88.55,105601.75
17,2,3,10,88.438,88438.0
17,2,4,6,88.44,88440.0
17,2,5,7,88.462,88462.0
17,2,6,4,88.443,88443.0
17,2,7,9,88.162,88162.0
17,2,8,2,88.352,88352.0
17,2,9,9,88.369,88369.0
17,2,10,8,88.252,88252.0
17,2,11,1,88.453,88453.0
17,2,12,4,88.258,88258.0
17,2,13,9,88.443,88443.0
17,2,14,5,88.388,88388.0
17,2,15,4,88.215,88215.0
17,2,16,6,88.303,88303.0
17,2,17,5,88.115,88115.0
17,2,18,3,88.113,88113.0
17,2,19,4,88.289,88289.0
17,2,20,2,87.985,87985.0
17,2,21,6,88.167,88167.0
17,2,22,8,88.062,88062.0
17,2,23,5,88.053,88053.0
17,2,24,8,88.014,88014.0
17,2,25,8,87.881,87881.0
17,2,26,7,87.834,87834.0
17,2,27,1,88.01599999999999,88016.0
17,2,28,5,87.807,88663.0
17,2,29,8,87.868,87868.0
17,2,30,7,87.836,87836.0
17,2,31,6,87.822,87822.0
17,2,32,2,88.021,88021.0
17,2,33,9,88.038,88038.0
17,2,34,3,87.879,87879.0
17,2,35,3,88.149,88149.0
17,2,36,7,87.72200000000001,87722.0
17,2,37,10,88.107,88107.0
17,2,38,5,87.992,87992.0
17,2,39,6,88.064,88064.0
17,2,40,1,87.606,87606.0
17,2,41,7,87.59,87590.0
17,2,42,1,87.56,87560.0
17,2,43,8,87.754,87754.0
17,2,44,1,87.52,87520.0
17,2,45,7,87.431,87431.0
17,2,46,4,87.6,87600.0
17,2,47,1,87.447,87447.0
17,2,48,10,87.56700000000001,87567.0
17,2,49,3,87.625,87625.0
17,2,50,7,87.626,87626.0
17,2,51,3,87.51599999999999,105601.75
17,2,52,3,87.643,87643.0
17,2,53,6,87.64099999999999,87641.0
17,2,54,10,87.681,87681.0
17,2,55,3,87.441,87441.0
17,2,56,4,87.451,87451.0
17,2,57,6,87.452,87452.0
17,2,58,7,87.657,87657.0
17,2,59,10,87.652,87652.0
17,3,1,2,88.077,88077.0
17,3,2,10,88.312,88312.0
17,3,3,6,88.267,88267.0
17,3,4,5,87.97800000000001,88663.0
17,3,5,5,88.011,88011.0
17,3,6,1,87.959,87959.0
17,3,7,6,88.139,88139.0
17,3,8,9,88.11,88110.0
17,3,9,7,88.201,88201.0
17,3,10,8,88.264,88264.0
17,3,11,2,88.26,88260.0
17,3,12,3,88.298,88298.0
17,3,13,7,87.864,87864.0
17,3,14,3,87.89,87890.0
17,3,15,9,88.289,88289.0
17,3,16,1,88.042,88042.0
17,3,17,5,87.971,87971.0
17,3,18,10,87.94200000000001,87942.0
17,3,19,2,88.121,88121.0
17,3,20,6,87.757,87757.0
17,3,21,9,87.83500000000001,87835.0
17,3,22,8,87.851,87851.0
17,3,23,6,87.613,87613.0
17,3,24,6,87.631,87631.0
17,3,25,5,87.837,87837.0
17,3,26,3,87.674,87674.0
17,3,27,8,87.72800000000001,87728.0
17,3,28,3,87.669,87669.0
17,3,29,4,87.732,87732.0
17,3,30,3,87.662,87662.0
17,3,31,8,87.594,87594.0
17,3,32,6,87.746,87746.0
17,3,33,8,87.696,87696.0
17,3,34,4,87.75,87750.0
17,3,35,9,87.876,87876.0
17,3,36,9,87.684,87684.0
17,3,37,5,87.627,87627.0
17,3,38,8,87.531,87531.0
17,3,39,6,87.768,87768.0
17,3,40,1,87.247,87247.0
17,3,41,10,87.41,87410.0
17,3,42,4,87.462,87462.0
17,3,43,3,87.249,87249.0
17,3,44,9,87.381,87381.0
17,3,45,5,87.18,87180.0
17,4,1,4,87.598,87598.0
17,4,2,7,87.797,87797.0
17,4,3,10,87.565,87565.0
17,4,4,6,87.506,87506.0
17,4,5,2,87.545,87545.0
17,4,6,7,87.578,87578.0
17,4,7,10,87.518,87518.0
17,4,8,10,87.469,87469.0
17,4,9,5,87.575,87575.0
17,4,10,10,87.575,87575.0
17,4,11,6,87.49,87490.0
17,4,12,5,87.621,87621.0
17,4,13,6,87.261,87261.0
17,4,14,5,87.61,87610.0
17,4,15,5,87.673,87673.0
17,4,16,7,87.452,87452.0
17,4,17,2,87.493,87493.0
17,4,18,7,87.583,87583.0
17,4,19,7,87.459,87459.0
17,4,20,9,87.229,87229.0
17,4,21,5,87.22800000000001,87228.0
17,4,22,10,87.118,87118.0
17,4,23,1,87.087,87087.0
17,5,1,2,88.76,88760.0
17,5,2,2,88.635,88635.0
17,5,3,4,88.616,88616.0
17,5,4,5,88.543,88543.0
17,5,5,1,88.555,88555.0
17,5,6,7,88.58,88580.0
17,5,7,2,88.656,88656.0
17,5,8,1,88.78399999999999,88784.0
17,5,9,9,88.826,88826.0
17,5,10,4,88.65,88650.0
17,5,11,10,88.51599999999999,88516.0
17,5,12,10,88.666,88666.0
17,5,13,2,88.382,88382.0
17,5,14,9,88.73400000000001,88734.0
17,5,15,3,88.595,88595.0
17,5,16,7,88.429,88429.0
17,5,17,3,88.678,88678.0
17,5,18,6,88.582,88582.0
17,5,19,2,88.512,88512.0
17,5,20,6,88.531,88531.0
17,5,21,5,88.14699999999999,88663.0
17,5,22,1,88.255,88255.0
17,5,23,9,88.209,88209.0
17,5,24,7,88.032,88032.0
17,5,25,2,88.057,88057.0
17,5,26,9,87.912,87912.0
17,5,27,2,88.116,88116.0
17,5,28,4,88.095,88095.0
17,5,29,7,88.089,88089.0
17,5,30,10,88.162,88663.0
17,5,31,10,88.221,88221.0
17,5,32,6,88.334,88334.0
17,5,33,5,88.282,88282.0
17,5,34,10,88.28399999999999,88284.0
17,5,35,8,88.195,88195.0
17,5,36,1,88.254,88254.0
17,5,37,3,88.032,88032.0
17,5,38,1,88.182,88182.0
17,5,39,8,87.98,87980.0
17,5,40,10,87.783,87783.0
17,5,41,1,87.881,87881.0
17,5,42,7,87.971,87971.0
17,5,43,8,87.72200000000001,87722.0
17,5,44,2,87.894,87894.0
17,5,45,3,87.75,87750.0
17,5,46,2,87.592,87592.0
17,5,47,8,87.992,87992.0
17,5,48,4,87.675,87675.0
17,5,49,6,87.78399999999999,87784.0
17,5,50,6,87.571,87571.0
17,6,1,8,87.708,87708.0
17,6,2,7,87.852,87852.0
17,6,3,10,87.626,87626.0
17,6,4,6,87.691,87691.0
17,6,5,6,87.82900000000001,87829.0
17,6,6,8,87.876,87876.0
17,6,7,8,87.833,88663.0
17,6,8,5,87.812,87812.0
17,6,9,8,87.864,87864.0
17,6,10,3,87.776,87776.0
17,6,11,2,87.806,87806.0
17,6,12,9,87.684,87684.0
17,6,13,2,87.849,87849.0
17,6,14,10,87.767,87767.0
17,6,15,4,87.926,87926.0
17,6,16,10,87.712,87712.0
17,6,17,7,87.586,87586.0
17,6,18,2,87.816,87816.0
17,6,19,7,87.932,87932.0
17,6,20,1,87.314,87314.0
17,6,21,2,87.306,87306.0
17,6,22,2,87.562,87562.0
17,6,23,7,87.523,87523.0
17,6,24,9,87.289,87289.0
17,6,25,5,87.417,87417.0
17,6,26,3,87.514,87514.0
17,6,27,10,87.445,87445.0
17,6,28,1,87.389,87389.0
17,6,29,10,87.538,87538.0
17,6,30,2,87.246,87246.0
17,6,31,4,87.547,87547.0
17,6,32,1,87.428,87428.0
17,6,33,7,87.398,87398.0
17,6,34,7,87.16,87160.0
17,6,35,4,87.497,87497.0
17,6,36,9,87.471,87471.0
17,6,37,9,87.346,87346.0
17,6,38,10,87.264,87264.0
17,6,39,10,87.439,87439.0
17,6,40,3,86.993,86993.0
17,6,41,10,86.985,86985.0
17,6,42,9,87.262,87262.0
17,6,43,3,86.787,86787.0
17,6,44,10,87.06,87060.0
17,6,45,2,87.098,87098.0
17,6,46,3,87.02,87020.0
17,6,47,10,87.035,87035.0
17,6,48,10,86.907,86907.0
17,6,49,4,87.138,87138.0
17,6,50,10,87.041,87041.0
17,6,51,9,86.936,86936.0
17,6,52,5,87.209,87209.0
17,6,53,9,86.85,86850.0
17,6,54,5,86.934,86934.0
17,6,55,4,86.856,86856.0
17,6,56,6,86.959,86959.0
17,6,57,10,86.96000000000001,86960.0
17,6,58,7,86.84,86840.0
17,6,59,9,86.993,86993.0
17,7,1,2,88.923,88923.0
17,7,2,2,88.908,88908.0
17,7,3,6,88.64699999999999,88647.0
17,7,4,3,88.985,88985.0
17,7,5,10,88.99,88990.0
17,7,6,6,88.869,88869.0
17,7,7,9,88.71000000000001,88710.0
17,7,8,5,88.727,88727.0
17,7,9,10,88.843,88843.0
17,7,10,1,88.759,88759.0
17,7,11,4,88.883,88883.0
17,7,12,3,88.78399999999999,88784.0
17,7,13,3,89.133,89133.0
17,7,14,1,88.815,88815.0
17,7,15,5,88.731,88731.0
17,7,16,3,88.782,88782.0
17,7,17,2,88.951,88951.0
17,7,18,9,88.77799999999999,88778.0
17,7,19,7,88.727,88727.0
17,7,20,9,88.582,88582.0
17,7,21,8,88.667,88667.0
17,7,22,4,88.673,88673.0
17,7,23,9,88.507,88507.0
17,7,24,3,88.202,88202.0
17,7,25,6,88.622,88622.0
17,7,26,2,88.59100000000001,88591.0
17,7,27,1,88.679,88679.0
17,7,28,3,88.42099999999999,88421.0
17,7,29,5,88.40299999999999,88403.0
17,7,30,2,88.31700000000001,88317.0
17,7,31,4,88.47800000000001,88478.0
17,7,32,7,88.508,88508.0
17,7,33,3,88.42,88420.0
17,7,34,6,88.158,88158.0
17,7,35,5,88.423,88423.0
17,7,36,4,88.271,88271.0
17,7,37,6,88.364,88364.0
17,7,38,10,88.599,88599.0
17,7,39,4,88.419,88419.0
17,7,40,10,88.0,88000.0
17,7,41,4,88.156,88156.0
17,7,42,7,88.09,88090.0
17,7,43,6,88.14699999999999,88147.0
17,7,44,4,88.03999999999999,88040.0
17,7,45,4,88.055,88055.0
17,7,46,10,88.072,88072.0
17,7,47,7,88.102,88102.0
17,7,48,6,88.145,88145.0
17,7,49,2,88.116,88116.0
17,7,50,1,88.012,88012.0
17,7,51,4,87.872,87872.0
17,7,52,10,87.83500000000001,87835.0
17,7,53,9,87.762,87762.0
17,7,54,6,88.162,88663.0
17,7,55,4,88.154,88154.0
17,7,56,2,87.739,87739.0
17,7,57,7,88.17,88170.0
17,7,58,1,88.07300000000001,88073.0
17,7,59,10,87.746,87746.0
17,8,1,2,88.265,88265.0
17,8,2,5,88.229,88229.0
17,8,3,10,88.252,88252.0
17,8,4,7,88.352,88352.0
17,8,5,7,88.265,88265.0
17,8,6,7,88.043,88043.0
17,8,7,7,88.346,88346.0
17,8,8,5,88.214,88214.0
17,8,9,8,88.48,88480.0
17,8,10,8,88.383,88383.0
17,8,11,9,88.117,88117.0
17,8,12,8,88.17699999999999,88177.0
17,8,13,4,88.209,88209.0
17,8,14,2,88.156,88156.0
17,8,15,3,88.116,88116.0
17,8,16,8,88.033,88033.0
17,8,17,8,88.24,88240.0
17,8,18,10,88.248,88248.0
17,8,19,1,87.92,88663.0
17,8,20,5,87.792,87792.0
17,8,21,6,87.949,87949.0
17,8,22,4,87.789,87789.0
17,8,23,2,87.799,87799.0
17,8,24,3,87.938,87938.0
17,8,25,4,87.70400000000001,87704.0
17,8,26,7,87.863,87863.0
17,8,27,1,88.007,88007.0
17,8,28,2,87.776,87776.0
17,8,29,5,87.83,87830.0
17,8,30,8,87.646,87646.0
17,8,31,9,87.737,87737.0
17,8,32,1,87.581,87581.0
17,8,33,8,87.868,87868.0
17,8,34,9,87.774,87774.0
17,8,35,4,87.666,87666.0
17,8,36,3,87.803,87803.0
17,8,37,2,87.702,87702.0
17,8,38,1,87.63,87630.0
17,8,39,2,87.729,87729.0
17,8,40,7,87.617,87617.0
17,8,41,10,87.621,87621.0
17,8,42,3,87.457,87457.0
17,8,43,6,87.392,87392.0
17,8,44,3,87.276,87276.0
17,8,45,9,87.40899999999999,87409.0
17,8,46,8,87.59100000000001,87591.0
17,8,47,1,87.571,87571.0
17,8,48,8,87.504,87504.0
17,8,49,1,87.34,87340.0
17,8,50,9,87.486,87486.0
17,8,51,3,87.531,87531.0
17,8,52,10,87.495,87495.0
17,8,53,6,87.14099999999999,87141.0
17,8,54,10,87.355,87355.0
17,8,55,5,87.349,87349.0
17,8,56,5,87.295,87295.0
17,8,57,8,87.496,87496.0
17,8,58,7,87.411,87411.0
17,8,59,3,87.322,88663.0
17,9,1,10,88.718,88718.0
17,9,2,4,88.706,88706.0
17,9,3,3,88.535,88535.0
17,9,4,7,88.863,88863.0
17,9,5,1,88.761,88761.0
17,9,6,5,88.628,88628.0
17,9,7,5,88.795,105601.75
17,9,8,2,88.831,88831.0
17,9,9,7,88.8,88800.0
17,9,10,5,88.648,88648.0
17,9,11,9,88.604,88604.0
17,9,12,1,88.475,88475.0
17,9,13,9,88.545,88545.0
17,9,14,6,88.668,88668.0
17,9,15,5,88.751,88751.0
17,9,16,9,88.708,88708.0
17,10,1,2,87.54599999999999,87546.0
17,10,2,2,87.461,87461.0
17,10,3,5,87.358,87358.0
17,10,4,9,87.365,105601.75
17,10,5,3,87.614,87614.0
17,10,6,4,87.657,87657.0
17,10,7,7,87.489,87489.0
17,10,8,3,87.254,87254.0
17,10,9,9,87.264,87264.0
17,10,10,2,87.583,87583.0
17,10,11,6,87.43,87430.0
17,10,12,2,87.44,87440.0
17,10,13,8,87.27,87270.0
17,10,14,10,87.458,87458.0
17,10,15,6,87.244,87244.0
17,10,16,1,87.449,87449.0
17,10,17,2,87.4,87400.0
17,10,18,6,87.349,87349.0
17,10,19,1,87.383,87383.0
17,10,20,6,87.002,87002.0
17,10,21,8,87.143,87143.0
17,10,22,5,87.154,87154.0
17,10,23,4,87.01,87010.0
17,10,24,3,87.156,87156.0
17,10,25,5,87.054,87054.0
17,10,26,3,87.027,87027.0
17,10,27,9,87.03399999999999,87034.0
17,10,28,5,87.117,87117.0
17,10,29,10,86.994,86994.0
17,10,30,1,86.92699999999999,86927.0
17,10,31,10,86.94,86940.0
17,10,32,9,87.021,87021.0
17,10,33,9,86.814,86814.0
17,10,34,9,86.93299999999999,86933.0
17,10,35,3,86.999,86999.0
17,10,36,6,86.70400000000001,86704.0
17,10,37,4,87.095,88663.0
17,10,38,5,87.035,87035.0
17,10,39,8,86.838,86838.0
17,10,40,8,86.862,86862.0
17,10,41,2,86.89099999999999,86891.0
17,10,42,1,86.693,86693.0
17,10,43,2,86.786,86786.0
17,10,44,3,86.623,86623.0
17,10,45,1,86.494,86494.0
17,10,46,1,86.855,86855.0
17,10,47,4,86.84100000000001,86841.0
17,10,48,10,86.593,86593.0
17,10,49,4,86.795,86795.0
17,10,50,8,86.62,86620.0
17,10,51,9,86.467,86467.0
17,10,52,1,86.557,86557.0
17,10,53,7,86.44800000000001,86448.0
17,10,54,5,86.532,86532.0
17,10,55,7,86.596,86596.0
17,10,56,7,86.758,86758.0
17,10,57,3,86.489,86489.0
17,10,58,4,86.894,86894.0
17,10,59,1,86.533,86533.0
18,1,1,4,85.32900000000001,85329.0
18,1,2,4,85.221,85221.0
18,1,3,9,85.47200000000001,85472.0
18,1,4,9,85.279,85279.0
18,1,5,7,85.381,85381.0
18,1,6,8,85.451,85451.0
18,1,7,9,85.589,85589.0
18,1,8,1,85.286,85286.0
18,1,9,6,85.37,85370.0
18,1,10,3,85.297,85297.0
18,1,11,2,85.16,85160.0
18,1,12,1,85.42099999999999,85421.0
18,1,13,7,85.425,85425.0
18,1,14,6,85.298,85298.0
18,1,15,5,85.40299999999999,85403.0
18,1,16,8,85.197,85197.0
18,1,17,8,85.485,85485.0
18,1,18,6,85.1,85100.0
18,1,19,8,85.241,85241.0
18,1,20,2,84.673,84673.0
18,1,21,3,84.992,84992.0
18,1,22,10,84.76599999999999,84766.0
18,1,23,1,84.965,84965.0
18,1,24,9,84.944,84944.0
18,1,25,2,84.89699999999999,88663.0
18,1,26,7,84.756,84756.0
18,1,27,9,84.84,84840.0
18,1,28,10,84.943,88663.0
18,1,29,8,84.899,84899.0
18,1,30,8,84.854,84854.0
18,1,31,8,84.979,84979.0
18,1,32,6,84.826,84826.0
18,1,33,9,84.562,84562.0
18,1,34,5,84.809,84809.0
18,1,35,8,84.75,84750.0
18,1,36,8,84.949,84949.0
18,1,37,5,84.839,84839.0
18,1,38,1,84.654,84654.0
18,1,39,10,84.78999999999999,105601.75
18,1,40,4,84.52799999999999,84528.0
18,1,41,10,84.446,84446.0
18,1,42,5,84.612,84612.0
18,1,43,4,84.67699999999999,84677.0
18,1,44,2,84.425,84425.0
18,1,45,6,84.413,84413.0
18,1,46,6,84.748,84748.0
18,1,47,9,84.57300000000001,84573.0
18,1,48,6,84.492,84492.0
18,1,49,2,84.503,84503.0
18,1,50,4,84.64699999999999,84647.0
18,1,51,8,84.52199999999999,84522.0
18,2,1,5,86.858,86858.0
18,2,2,4,86.33500000000001,86335.0
18,2,3,4,86.424,86424.0
18,2,4,10,86.295,86295.0
18,2,5,8,86.352,86352.0
18,2,6,8,86.401,86401.0
18,2,7,7,86.413,86413.0
18,2,8,7,86.332,86332.0
18,2,9,10,86.23400000000001,86234.0
18,2,10,2,86.47200000000001,86472.0
18,2,11,5,86.425,86425.0
18,2,12,6,86.247,86247.0
18,2,13,4,86.345,86345.0
18,2,14,4,86.27,86270.0
18,2,15,3,86.282,86282.0
18,2,16,5,86.35900000000001,86359.0
18,2,17,10,86.30199999999999,86302.0
18,2,18,5,86.592,86592.0
18,2,19,5,86.356,86356.0
18,2,20,8,86.186,86186.0
18,2,21,8,86.158,86158.0
18,2,22,10,86.342,86342.0
18,2,23,8,86.055,86055.0
18,2,24,7,86.116,86116.0
18,2,25,7,86.083,86083.0
18,2,26,10,85.963,85963.0
18,2,27,6,86.12,86120.0
18,2,28,2,86.136,86136.0
18,2,29,3,85.98400000000001,85984.0
18,2,30,7,86.09,86090.0
18,2,31,8,86.037,86037.0
18,2,32,1,86.14699999999999,86147.0
18,2,33,7,86.066,86066.0
18,2,34,1,85.914,85914.0
18,2,35,5,86.006,86006.0
18,2,36,6,85.763,85763.0
18,2,37,7,85.991,85991.0
18,2,38,8,85.656,85656.0
18,2,39,6,85.95400000000001,85954.0
18,2,40,6,85.752,85752.0
18,2,41,9,85.77,85770.0
18,2,42,7,85.541,85541.0
18,2,43,3,85.44200000000001,85442.0
18,2,44,5,85.73400000000001,85734.0
18,2,45,10,85.782,85782.0
18,2,46,5,85.73,85730.0
18,2,47,9,85.446,85446.0
18,2,48,8,85.633,85633.0
18,2,49,3,85.69,85690.0
18,2,50,7,85.674,85674.0
18,2,51,3,85.565,85565.0
18,3,1,8,86.014,86014.0
18,3,2,10,85.989,85989.0
18,3,3,10,86.026,86026.0
18,3,4,1,85.973,85973.0
18,3,5,6,86.098,86098.0
18,3,6,1,86.03399999999999,86034.0
18,3,7,5,85.94800000000001,85948.0
18,3,8,3,85.979,85979.0
18,3,9,4,86.037,86037.0
18,3,10,9,85.873,85873.0
18,3,11,10,86.276,86276.0
18,3,12,6,86.057,86057.0
18,3,13,5,85.90899999999999,85909.0
18,3,14,9,85.976,85976.0
18,3,15,8,85.936,85936.0
18,3,16,3,85.943,85943.0
18,3,17,3,86.017,86017.0
18,3,18,2,85.95400000000001,85954.0
18,3,19,8,85.866,85866.0
18,3,20,2,85.648,85648.0
18,3,21,7,85.75,85750.0
18,3,22,6,85.783,85783.0
18,3,23,8,85.679,85679.0
18,3,24,8,85.651,85651.0
18,3,25,8,85.45400000000001,85454.0
18,3,26,8,85.61,85610.0
18,3,27,3,85.523,85523.0
18,3,28,9,85.655,85655.0
18,3,29,7,85.495,85495.0
18,3,30,2,85.809,85809.0
18,3,31,3,85.423,85423.0
18,3,32,4,85.467,85467.0
18,3,33,7,85.509,85509.0
18,3,34,7,85.473,85473.0
18,3,35,3,85.652,85652.0
18,3,36,5,85.676,85676.0
18,3,37,6,85.69,85690.0
18,3,38,1,85.53,85530.0
18,3,39,10,85.607,85607.0
18,3,40,4,85.514,85514.0
18,3,41,9,85.423,85423.0
18,3,42,1,85.60300000000001,85603.0
18,3,43,5,85.291,85291.0
18,3,44,6,85.292,85292.0
18,3,45,1,85.15299999999999,85153.0
18,3,46,9,85.048,85048.0
18,3,47,9,85.184,85184.0
18,3,48,2,85.35300000000001,85353.0
18,3,49,7,85.365,85365.0
18,3,50,3,85.47200000000001,85472.0
18,3,51,4,85.233,85233.0
18,4,1,9,86.66499999999999,86665.0
18,4,2,1,86.502,86502.0
18,4,3,8,86.418,86418.0
18,4,4,1,86.32,86320.0
18,4,5,3,86.43299999999999,86433.0
18,4,6,4,86.40299999999999,86403.0
18,4,7,2,86.425,86425.0
18,4,8,3,86.321,86321.0
18,4,9,9,86.529,86529.0
18,4,10,10,86.629,86629.0
18,4,11,10,86.439,86439.0
18,4,12,10,86.321,86321.0
18,4,13,2,86.394,86394.0
18,4,14,9,86.287,86287.0
18,4,15,2,86.08500000000001,86085.0
18,4,16,1,86.285,86285.0
18,4,17,7,86.212,86212.0
18,4,18,3,86.276,86276.0
18,4,19,6,86.479,86479.0
18,4,20,5,85.894,85894.0
18,4,21,9,85.92699999999999,85927.0
18,4,22,4,85.848,85848.0
18,4,23,10,85.908,85908.0
18,4,24,7,86.16499999999999,86165.0
18,4,25,10,86.013,86013.0
18,4,26,2,85.886,85886.0
18,4,27,2,86.218,86218.0
18,4,28,9,85.878,85878.0
18,4,29,10,86.021,86021.0
18,4,30,9,85.971,85971.0
18,4,31,2,86.008,86008.0
18,4,32,3,86.176,86176.0
18,4,33,8,86.01,86010.0
18,4,34,8,85.886,85886.0
18,4,35,7,85.814,85814.0
18,4,36,8,85.934,85934.0
18,4,37,6,85.612,85612.0
18,4,38,7,85.93299999999999,85933.0
18,4,39,4,85.87,85870.0
18,4,40,10,85.624,85624.0
18,4,41,8,85.611,85611.0
18,4,42,5,85.66,85660.0
18,4,43,1,85.868,85868.0
18,4,44,10,85.587,85587.0
18,4,45,1,85.529,85529.0
18,4,46,3,85.713,85713.0
18,4,47,3,85.643,85643.0
18,4,48,5,85.462,85462.0
18,4,49,6,85.779,85779.0
18,4,50,10,85.477,85477.0
18,4,51,5,85.44800000000001,85448.0
18,5,1,10,85.904,85904.0
18,5,2,2,85.793,85793.0
18,5,3,2,85.999,85999.0
18,5,4,4,85.761,85761.0
18,5,5,2,85.842,85842.0
18,5,6,1,85.628,85628.0
18,5,7,7,85.684,85684.0
18,5,8,9,85.664,85664.0
18,5,9,2,85.848,85848.0
18,5,10,1,85.865,85865.0
18,5,11,9,85.765,85765.0
18,5,12,10,85.685,88663.0
18,5,13,5,85.752,85752.0
18,5,14,3,85.42699999999999,85427.0
18,5,15,7,85.673,85673.0
18,5,16,4,85.71600000000001,85716.0
18,5,17,8,85.861,85861.0
18,5,18,1,85.724,85724.0
18,5,19,3,85.827,85827.0
18,5,20,10,85.6,85600.0
18,5,21,8,85.51599999999999,85516.0
18,5,22,3,85.303,85303.0
18,5,23,6,85.215,85215.0
18,5,24,2,85.375,85375.0
18,5,25,10,85.333,85333.0
18,5,26,8,85.396,85396.0
18,5,27,8,85.205,85205.0
18,5,28,7,85.287,85287.0
18,5,29,2,85.281,85281.0
18,5,30,5,85.3,85300.0
18,5,31,10,85.15,85150.0
18,5,32,2,85.252,85252.0
18,5,33,4,85.271,85271.0
18,5,34,10,85.314,85314.0
18,5,35,3,85.374,85374.0
18,5,36,7,85.208,85208.0
18,5,37,5,85.429,85429.0
18,5,38,5,85.315,85315.0
18,5,39,10,85.294,85294.0
18,5,40,8,85.14,85140.0
18,5,41,10,85.03399999999999,85034.0
18,5,42,9,85.123,85123.0
18,5,43,6,84.98400000000001,84984.0
18,5,44,4,84.94,84940.0
18,5,45,3,85.166,88663.0
18,5,46,4,84.994,84994.0
18,5,47,2,84.805,84805.0
18,5,48,6,85.146,85146.0
18,5,49,1,84.994,84994.0
18,5,50,7,84.89099999999999,84891.0
18,5,51,6,84.806,84806.0
18,6,1,2,86.004,86004.0
18,6,2,8,86.026,86026.0
18,6,3,2,85.642,85642.0
18,6,4,8,86.116,88663.0
18,6,5,6,85.943,85943.0
18,6,6,9,86.054,86054.0
18,6,7,3,85.818,85818.0
18,6,8,7,85.739,85739.0
18,6,9,10,86.152,86152.0
18,6,10,1,85.885,85885.0
18,6,11,6,85.614,85614.0
18,6,12,1,85.81,88663.0
18,6,13,10,85.99,85990.0
18,6,14,6,85.982,85982.0
18,6,15,6,85.714,85714.0
18,6,16,8,85.798,85798.0
18,6,17,6,85.881,85881.0
18,6,18,5,85.9,85900.0
18,6,19,7,85.837,105601.75
18,6,20,8,85.449,85449.0
18,6,21,3,85.596,85596.0
18,6,22,6,85.34,85340.0
18,6,23,2,85.592,85592.0
18,6,24,10,85.7,85700.0
18,6,25,5,85.604,85604.0
18,6,26,4,85.561,85561.0
18,6,27,3,85.413,85413.0
18,6,28,2,85.333,85333.0
18,6,29,9,85.664,85664.0
18,6,30,3,85.367,85367.0
18,6,31,1,85.502,85502.0
18,6,32,2,85.58,85580.0
18,6,33,9,85.342,85342.0
18,6,34,9,85.56700000000001,85567.0
18,6,35,2,85.485,85485.0
18,6,36,1,85.504,85504.0
18,6,37,2,85.535,85535.0
18,6,38,9,85.623,85623.0
18,6,39,8,85.554,85554.0
18,6,40,2,85.32300000000001,85323.0
18,6,41,6,85.325,85325.0
18,6,42,7,84.986,84986.0
18,6,43,1,85.431,85431.0
18,6,44,6,85.273,85273.0
18,6,45,5,85.051,85051.0
18,6,46,10,84.816,84816.0
18,6,47,1,85.05199999999999,85052.0
18,6,48,7,85.149,85149.0
18,6,49,8,85.214,85214.0
18,6,50,8,85.156,85156.0
18,6,51,8,85.21600000000001,85216.0
18,7,1,8,85.999,85999.0
18,7,2,5,86.178,86178.0
18,7,3,8,85.883,85883.0
18,7,4,8,86.129,86129.0
18,7,5,8,86.154,86154.0
18,7,6,9,85.882,85882.0
18,7,7,1,86.087,86087.0
18,7,8,9,85.999,85999.0
18,7,9,4,86.089,86089.0
18,7,10,3,86.197,86197.0
18,7,11,2,86.047,86047.0
18,7,12,10,85.988,85988.0
18,7,13,3,86.218,86218.0
18,7,14,3,85.946,85946.0
18,7,15,9,85.893,85893.0
18,7,16,10,85.742,85742.0
18,7,17,4,86.027,86027.0
18,7,18,3,85.961,85961.0
18,7,19,1,86.003,86003.0
18,7,20,4,85.75,85750.0
18,7,21,3,85.548,85548.0
18,7,22,5,85.672,85672.0
18,7,23,1,85.744,85744.0
18,7,24,6,85.581,85581.0
18,7,25,6,85.785,88663.0
18,7,26,5,85.53,105601.75
18,7,27,6,85.82300000000001,85823.0
18,7,28,10,85.501,85501.0
18,7,29,1,85.84100000000001,85841.0
18,7,30,4,85.612,85612.0
18,7,31,4,85.754,85754.0
18,7,32,1,85.6,85600.0
18,7,33,8,85.60300000000001,85603.0
18,7,34,1,85.663,85663.0
18,7,35,6,85.493,85493.0
18,7,36,4,85.55799999999999,85558.0
18,7,37,2,85.575,85575.0
18,7,38,7,85.39099999999999,85391.0
18,7,39,8,85.541,85541.0
18,7,40,7,85.449,85449.0
18,7,41,8,85.29599999999999,85296.0
18,7,42,1,85.364,85364.0
18,7,43,1,85.152,85152.0
18,7,44,5,85.0,85000.0
18,7,45,2,85.30799999999999,85308.0
18,7,46,8,85.41,85410.0
18,7,47,4,85.334,85334.0
18,7,48,2,85.21600000000001,85216.0
18,7,49,4,85.418,85418.0
18,7,50,2,85.248,85248.0
18,7,51,9,85.051,85051.0
18,8,1,1,86.502,86502.0
18,8,2,8,86.417,86417.0
18,8,3,5,86.605,86605.0
18,8,4,5,86.444,86444.0
18,8,5,5,86.345,86345.0
18,8,6,4,86.167,86167.0
18,8,7,2,86.455,86455.0
18,8,8,1,86.294,86294.0
18,8,9,9,86.502,86502.0
18,8,10,1,86.312,86312.0
18,8,11,10,86.485,86485.0
18,8,12,6,86.46600000000001,86466.0
18,8,13,2,86.116,86116.0
18,8,14,6,86.351,86351.0
18,8,15,6,86.273,86273.0
18,8,16,10,86.21000000000001,86210.0
18,8,17,3,86.312,86312.0
18,8,18,10,86.381,86381.0
18,8,19,3,86.36,86360.0
18,8,20,3,86.001,86001.0
18,8,21,9,86.013,86013.0
18,8,22,4,86.021,86021.0
18,8,23,1,86.167,86167.0
18,8,24,9,86.071,86071.0
18,8,25,5,85.849,85849.0
18,8,26,10,85.94,85940.0
18,8,27,1,85.876,85876.0
18,8,28,8,86.077,86077.0
18,8,29,10,86.10300000000001,86103.0
18,8,30,10,85.96600000000001,85966.0
18,8,31,4,85.936,85936.0
18,8,32,8,86.09700000000001,86097.0
18,8,33,8,85.945,88663.0
18,8,34,10,85.922,85922.0
18,8,35,10,85.77,85770.0
18,8,36,10,85.727,85727.0
18,8,37,9,85.872,85872.0
18,8,38,6,85.995,85995.0
18,8,39,9,85.902,85902.0
18,8,40,1,85.663,85663.0
18,8,41,5,85.651,85651.0
18,8,42,4,85.812,88663.0
18,8,43,6,85.45,85450.0
18,8,44,1,85.604,88663.0
18,8,45,3,85.711,85711.0
18,8,46,7,85.61,85610.0
18,8,47,4,85.569,85569.0
18,8,48,6,85.594,88663.0
18,8,49,2,85.822,85822.0
18,8,50,6,85.58,85580.0
18,8,51,2,85.55199999999999,85552.0
18,9,1,6,86.449,86449.0
18,9,2,10,86.348,86348.0
18,9,3,10,86.595,86595.0
18,9,4,2,86.474,86474.0
18,9,5,6,86.379,86379.0
18,9,6,10,86.375,105601.75
18,9,7,8,86.3,86300.0
18,9,8,3,86.572,86572.0
18,9,9,10,86.435,86435.0
18,9,10,8,86.503,86503.0
18,9,11,7,86.256,86256.0
18,9,12,8,86.42099999999999,86421.0
18,9,13,8,86.42099999999999,86421.0
18,9,14,8,86.24,86240.0
18,9,15,3,86.404,86404.0
18,9,16,5,86.246,86246.0
18,9,17,9,86.226,86226.0
18,9,18,2,86.346,86346.0
18,9,19,4,86.13,86130.0
18,9,20,7,85.882,85882.0
18,9,21,4,86.19800000000001,86198.0
18,9,22,6,86.265,86265.0
18,9,23,9,86.107,86107.0
18,9,24,1,85.923,85923.0
18,9,25,7,86.03999999999999,86040.0
18,9,26,1,86.145,86145.0
18,9,27,5,85.884,85884.0
18,9,28,2,86.14,86140.0
18,9,29,1,85.955,85955.0
18,9,30,5,85.877,85877.0
18,9,31,1,85.988,85988.0
18,9,32,7,86.17699999999999,86177.0
18,9,33,7,85.749,85749.0
18,9,34,10,85.863,85863.0
18,9,35,1,86.09,86090.0
18,9,36,10,85.938,85938.0
18,9,37,6,86.037,86037.0
18,9,38,7,85.958,85958.0
18,9,39,3,86.09700000000001,86097.0
18,9,40,8,85.559,85559.0
18,9,41,2,85.7,85700.0
18,9,42,6,85.648,85648.0
18,9,43,8,85.747,85747.0
18,9,44,1,85.634,85634.0
18,9,45,1,85.656,85656.0
18,9,46,5,85.568,85568.0
18,9,47,8,85.789,85789.0
18,9,48,4,85.551,85551.0
18,9,49,9,85.642,88663.0
18,9,50,2,85.664,85664.0
18,9,51,10,85.649,85649.0
18,10,1,4,86.15,86150.0
18,10,2,8,86.042,86042.0
18,10,3,10,85.95400000000001,85954.0
18,10,4,4,86.025,86025.0
18,10,5,10,86.248,86248.0
18,10,6,10,85.873,85873.0
18,10,7,7,85.789,85789.0
18,10,8,4,86.048,86048.0
18,10,9,3,85.962,85962.0
18,10,10,8,85.885,85885.0
18,10,11,7,85.924,85924.0
18,10,12,7,85.964,85964.0
18,10,13,4,85.994,85994.0
18,10,14,10,86.029,86029.0
18,10,15,10,85.863,85863.0
18,10,16,7,85.946,85946.0
18,10,17,7,85.906,85906.0
18,10,18,8,85.976,85976.0
18,10,19,8,85.594,85594.0
18,10,20,6,85.582,85582.0
18,10,21,7,85.74,85740.0
18,10,22,9,85.858,85858.0
18,10,23,2,85.37,85370.0
18,10,24,3,85.512,88663.0
18,10,25,1,85.66499999999999,85665.0
18,10,26,10,85.628,85628.0
18,10,27,6,85.73400000000001,85734.0
18,10,28,3,85.553,85553.0
18,10,29,1,85.628,85628.0
18,10,30,3,85.553,85553.0
18,10,31,10,85.538,85538.0
18,10,32,1,85.806,85806.0
18,10,33,3,85.695,85695.0
18,10,34,1,85.471,85471.0
18,10,35,2,85.688,85688.0
18,10,36,9,85.657,85657.0
18,10,37,7,85.496,85496.0
18,10,38,3,85.357,85357.0
18,10,39,8,85.667,85667.0
18,10,40,5,85.195,85195.0
18,10,41,3,85.418,85418.0
18,10,42,2,85.184,85184.0
18,10,43,7,85.24,85240.0
18,10,44,6,85.199,85199.0
18,10,45,1,85.191,85191.0
18,10,46,7,85.364,85364.0
18,10,47,5,85.351,85351.0
18,10,48,9,85.235,85235.0
18,10,49,10,85.20400000000001,85204.0
18,10,50,3,85.146,85146.0
18,10,51,4,85.309,85309.0
19,1,1,2,92.024,92024.0
19,1,2,8,92.0,92000.0
19,1,3,4,92.122,92122.0
19,1,4,4,92.09100000000001,92091.0
19,1,5,9,92.35900000000001,92359.0
19,1,6,5,92.14099999999999,92141.0
19,1,7,8,92.14699999999999,92147.0
19,1,8,9,92.086,92086.0
19,1,9,3,92.047,92047.0
19,1,10,7,91.96600000000001,91966.0
19,1,11,1,91.969,91969.0
19,1,12,9,91.78399999999999,91784.0
19,1,13,5,92.19200000000001,92192.0
19,1,14,4,92.025,92025.0
19,1,15,10,92.077,88663.0
19,1,16,5,91.83,91830.0
19,1,17,8,92.092,92092.0
19,1,18,8,92.24799999999999,92248.0
19,1,19,9,91.94200000000001,91942.0
19,1,20,9,91.695,91695.0
19,1,21,3,91.97200000000001,91972.0
19,1,22,5,91.84100000000001,91841.0
19,1,23,9,91.768,91768.0
19,1,24,5,91.712,91712.0
19,1,25,7,91.59700000000001,91597.0
19,1,26,10,91.798,91798.0
19,1,27,6,91.602,91602.0
19,1,28,6,91.695,91695.0
19,1,29,3,91.789,91789.0
19,1,30,5,91.34100000000001,91341.0
19,1,31,8,91.703,91703.0
19,1,32,10,91.761,91761.0
19,1,33,9,91.684,91684.0
19,1,34,10,91.572,91572.0
19,1,35,10,91.487,91487.0
19,1,36,6,91.373,91373.0
19,1,37,2,91.51,91510.0
19,1,38,2,91.4,91400.0
19,1,39,1,91.57900000000001,91579.0
19,1,40,9,91.313,91313.0
19,1,41,7,91.249,91249.0
19,1,42,5,91.263,91263.0
19,1,43,4,91.194,91194.0
19,1,44,3,91.102,91102.0
19,1,45,3,91.361,91361.0
19,1,46,7,91.314,91314.0
19,1,47,8,91.367,91367.0
19,1,48,10,91.349,91349.0
19,1,49,8,90.997,90997.0
19,1,50,2,91.369,91369.0
19,1,51,1,91.28999999999999,91290.0
19,1,52,10,91.425,91425.0
19,1,53,9,91.249,91249.0
19,2,1,10,92.09700000000001,92097.0
19,2,2,5,92.191,92191.0
19,2,3,6,92.018,92018.0
19,2,4,10,92.00399999999999,92004.0
19,2,5,8,92.14099999999999,92141.0
19,2,6,6,92.044,92044.0
19,2,7,1,92.223,92223.0
19,2,8,5,92.19,92190.0
19,2,9,8,92.218,92218.0
19,2,10,1,92.024,92024.0
19,2,11,3,92.178,92178.0
19,2,12,6,92.231,92231.0
19,2,13,3,92.054,92054.0
19,2,14,4,91.852,91852.0
19,2,15,3,92.11500000000001,92115.0
19,2,16,10,92.162,92162.0
19,2,17,5,91.961,91961.0
19,2,18,5,91.918,91918.0
19,2,19,6,92.106,92106.0
19,2,20,10,91.755,91755.0
19,2,21,3,92.03999999999999,92040.0
19,2,22,5,91.541,91541.0
19,2,23,9,91.57900000000001,91579.0
19,2,24,2,91.678,91678.0
19,2,25,6,91.791,91791.0
19,2,26,9,91.65,91650.0
19,2,27,5,91.64,91640.0
19,2,28,1,91.536,91536.0
19,2,29,5,91.691,91691.0
19,2,30,3,91.701,91701.0
19,2,31,1,91.618,91618.0
19,2,32,9,91.774,91774.0
19,2,33,6,91.795,91795.0
19,2,34,9,91.662,91662.0
19,2,35,8,91.559,91559.0
19,2,36,9,91.577,91577.0
19,2,37,10,91.694,91694.0
19,2,38,1,91.55,91550.0
19,2,39,9,91.553,91553.0
19,2,40,2,91.247,91247.0
19,2,41,3,91.412,91412.0
19,2,42,2,91.221,91221.0
19,2,43,10,91.212,91212.0
19,2,44,9,91.23,91230.0
19,2,45,6,91.423,91423.0
19,2,46,9,91.16499999999999,91165.0
19,2,47,5,91.16,91160.0
19,2,48,10,91.096,91096.0
19,2,49,4,91.416,91416.0
19,2,50,10,91.227,91227.0
19,2,51,8,91.28999999999999,91290.0
19,2,52,6,91.25,91250.0
19,2,53,7,90.92699999999999,90927.0
19,3,1,5,91.67099999999999,88663.0
19,3,2,10,91.97,91970.0
19,3,3,3,91.719,91719.0
19,3,4,6,91.489,91489.0
19,3,5,7,91.686,91686.0
19,3,6,2,91.57,91570.0
19,3,7,1,91.606,91606.0
19,3,8,7,91.592,91592.0
19,3,9,6,91.622,88663.0
19,3,10,6,91.562,91562.0
19,3,11,10,91.686,91686.0
19,3,12,4,91.416,91416.0
19,3,13,5,91.507,91507.0
19,3,14,5,91.44800000000001,91448.0
19,3,15,5,91.642,91642.0
19,3,16,9,91.26,91260.0
19,3,17,5,91.42099999999999,91421.0
19,3,18,7,91.468,91468.0
19,3,19,7,91.52199999999999,91522.0
19,3,20,5,91.191,91191.0
19,3,21,2,91.056,91056.0
19,3,22,4,91.117,91117.0
19,3,23,7,91.149,91149.0
19,3,24,6,91.224,91224.0
19,3,25,6,91.26599999999999,91266.0
19,3,26,7,91.34,91340.0
19,3,27,1,91.232,91232.0
19,3,28,3,91.21600000000001,91216.0
19,3,29,2,91.054,88663.0
19,3,30,1,91.055,91055.0
19,3,31,3,91.209,91209.0
19,3,32,9,91.095,91095.0
19,3,33,7,91.002,91002.0
19,3,34,5,91.26599999999999,91266.0
19,3,35,8,91.062,91062.0
19,3,36,2,90.999,90999.0
19,3,37,9,91.22200000000001,91222.0
19,3,38,9,90.947,90947.0
19,3,39,6,91.195,91195.0
19,3,40,2,90.73400000000001,90734.0
19,3,41,3,90.764,90764.0
19,3,42,10,90.633,90633.0
19,3,43,2,90.876,90876.0
19,3,44,8,90.849,90849.0
19,3,45,7,90.80199999999999,90802.0
19,3,46,5,90.514,90514.0
19,3,47,5,90.64699999999999,90647.0
19,3,48,10,90.684,90684.0
19,3,49,2,90.804,90804.0
19,3,50,3,90.77199999999999,90772.0
19,3,51,6,90.55199999999999,90552.0
19,3,52,9,90.905,90905.0
19,3,53,7,90.79599999999999,90796.0
19,4,1,9,90.943,90943.0
19,4,2,1,90.82300000000001,90823.0
19,4,3,2,91.01,91010.0
19,4,4,1,90.952,90952.0
19,4,5,7,91.043,91043.0
19,4,6,6,90.905,90905.0
19,4,7,5,90.82,90820.0
19,4,8,2,91.162,91162.0
19,4,9,1,90.88,90880.0
19,4,10,5,90.88,90880.0
19,4,11,6,90.979,90979.0
19,4,12,5,91.03,91030.0
19,4,13,1,90.943,90943.0
19,4,14,1,90.629,90629.0
19,4,15,7,91.049,91049.0
19,4,16,7,90.697,90697.0
19,4,17,8,90.885,90885.0
19,4,18,3,91.017,91017.0
19,4,19,7,90.614,90614.0
19,4,20,3,90.393,90393.0
19,4,21,9,90.445,90445.0
19,4,22,1,90.595,90595.0
19,4,23,6,90.512,90512.0
19,4,24,7,90.78,90780.0
19,4,25,3,90.7,90700.0
19,4,26,6,90.657,90657.0
19,4,27,8,90.515,90515.0
19,4,28,7,90.495,90495.0
19,4,29,4,90.445,90445.0
19,4,30,7,90.72200000000001,90722.0
19,4,31,1,90.532,90532.0
19,4,32,5,90.471,90471.0
19,4,33,2,90.751,90751.0
19,4,34,6,90.43,90430.0
19,4,35,4,90.395,90395.0
19,4,36,7,90.47200000000001,90472.0
19,4,37,4,90.324,90324.0
19,4,38,6,90.4,90400.0
19,4,39,8,90.566,90566.0
19,4,40,8,90.19800000000001,90198.0
19,4,41,2,90.143,90143.0
19,4,42,2,90.118,90118.0
19,4,43,3,89.98400000000001,89984.0
19,4,44,10,90.078,90078.0
19,4,45,10,90.104,90104.0
19,4,46,2,90.105,90105.0
19,4,47,5,90.288,90288.0
19,4,48,7,90.019,90019.0
19,4,49,8,90.114,90114.0
19,4,50,8,90.123,90123.0
19,4,51,7,90.114,90114.0
19,4,52,4,90.194,90194.0
19,4,53,8,90.3,90300.0
19,5,1,4,91.32900000000001,91329.0
19,5,2,10,91.332,91332.0
19,5,3,4,91.3,91300.0
19,5,4,5,91.174,91174.0
19,5,5,5,91.47800000000001,91478.0
19,5,6,3,91.17699999999999,91177.0
19,5,7,4,91.161,91161.0
19,5,8,7,91.326,91326.0
19,5,9,10,91.255,91255.0
19,5,10,6,91.263,91263.0
19,5,11,6,91.248,91248.0
19,5,12,3,91.19,91190.0
19,5,13,2,91.44200000000001,88663.0
19,5,14,4,91.298,91298.0
19,5,15,8,90.998,90998.0
19,5,16,9,91.16,91160.0
19,5,17,10,91.21600000000001,91216.0
19,5,18,1,91.29599999999999,91296.0
19,5,19,1,91.315,91315.0
19,5,20,3,90.90299999999999,90903.0
19,5,21,8,90.814,90814.0
19,5,22,8,91.144,91144.0
19,5,23,3,90.934,90934.0
19,5,24,10,90.889,90889.0
19,5,25,10,90.849,90849.0
19,5,26,5,90.889,90889.0
19,5,27,4,90.94200000000001,90942.0
19,5,28,6,90.92699999999999,90927.0
19,5,29,3,90.944,88663.0
19,5,30,9,90.76,90760.0
19,5,31,5,90.856,90856.0
19,5,32,9,90.791,90791.0
19,5,33,4,90.874,90874.0
19,5,34,7,90.98,90980.0
19,5,35,7,90.999,90999.0
19,5,36,10,90.682,90682.0
19,5,37,5,90.779,90779.0
19,5,38,8,90.777,90777.0
19,5,39,4,90.731,90731.0
19,5,40,1,90.607,90607.0
19,5,41,8,90.382,90382.0
19,5,42,9,90.536,90536.0
19,5,43,7,90.651,90651.0
19,5,44,7,90.586,90586.0
19,5,45,3,90.521,90521.0
19,5,46,1,90.477,90477.0
19,5,47,3,90.679,90679.0
19,5,48,9,90.599,90599.0
19,5,49,4,90.492,90492.0
19,5,50,8,90.70400000000001,90704.0
19,5,51,8,90.68299999999999,90683.0
19,5,52,9,90.475,90475.0
19,5,53,3,90.53,90530.0
19,6,1,9,92.451,92451.0
19,6,2,6,92.449,92449.0
19,6,3,5,92.306,92306.0
19,6,4,2,92.407,92407.0
19,6,5,1,92.69,92690.0
19,6,6,10,92.592,92592.0
19,6,7,8,92.50800000000001,92508.0
19,6,8,6,92.49199999999999,92492.0
19,6,9,7,92.444,92444.0
19,6,10,10,92.706,92706.0
19,6,11,5,92.36699999999999,92367.0
19,6,12,5,92.39099999999999,92391.0
19,6,13,7,92.445,92445.0
19,6,14,7,92.11699999999999,105601.75
19,6,15,10,92.344,92344.0
19,6,16,1,92.268,92268.0
19,6,17,4,92.462,92462.0
19,6,18,3,92.321,92321.0
19,6,19,5,92.445,92445.0
19,6,20,1,92.138,92138.0
19,6,21,9,92.202,92202.0
19,6,22,3,91.874,91874.0
19,6,23,6,92.018,92018.0
19,6,24,2,92.13499999999999,92135.0
19,6,25,9,92.155,92155.0
19,6,26,5,92.09899999999999,92099.0
19,6,27,2,92.148,92148.0
19,6,28,8,92.011,92011.0
19,6,29,9,91.846,91846.0
19,6,30,4,92.202,92202.0
19,6,31,3,92.131,92131.0
19,6,32,2,91.97,91970.0
19,6,33,5,91.865,91865.0
19,6,34,3,92.10900000000001,92109.0
19,6,35,3,92.017,92017.0
19,6,36,4,91.97200000000001,91972.0
19,6,37,2,91.72200000000001,91722.0
19,6,38,9,91.861,91861.0
19,6,39,9,91.789,91789.0
19,6,40,3,91.755,91755.0
19,6,41,8,91.708,91708.0
19,6,42,7,91.748,91748.0
19,6,43,1,91.586,91586.0
19,6,44,10,91.622,91622.0
19,6,45,4,91.8,91800.0
19,6,46,9,91.685,91685.0
19,6,47,9,91.459,91459.0
19,6,48,8,91.617,91617.0
19,6,49,10,91.493,91493.0
19,6,50,4,91.66,91660.0
19,6,51,8,91.599,91599.0
19,6,52,3,91.559,91559.0
19,6,53,1,91.52799999999999,91528.0
19,7,1,4,92.62299999999999,92623.0
19,7,2,10,92.505,92505.0
19,7,3,2,92.566,92566.0
19,7,4,3,92.319,92319.0
19,7,5,1,92.483,92483.0
19,7,6,2,92.61699999999999,92617.0
19,7,7,8,92.221,92221.0
19,7,8,7,92.163,92163.0
19,7,9,1,92.38900000000001,92389.0
19,7,10,3,92.358,92358.0
19,7,11,6,92.368,92368.0
19,7,12,4,92.334,92334.0
19,7,13,1,92.384,92384.0
19,7,14,6,92.22999999999999,92230.0
19,7,15,3,92.312,92312.0
19,7,16,2,92.42699999999999,92427.0
19,7,17,7,92.464,92464.0
19,7,18,2,92.342,92342.0
19,7,19,7,92.382,92382.0
19,7,20,5,91.967,91967.0
19,7,21,10,92.021,92021.0
19,7,22,5,92.077,92077.0
19,7,23,6,92.146,92146.0
19,7,24,8,92.064,92064.0
19,7,25,10,91.928,91928.0
19,7,26,9,92.24199999999999,92242.0
19,7,27,10,91.868,91868.0
19,7,28,8,92.006,92006.0
19,7,29,7,92.00399999999999,92004.0
19,7,30,4,92.20400000000001,92204.0
19,7,31,1,91.863,91863.0
19,7,32,8,92.14099999999999,92141.0
19,7,33,4,92.05199999999999,92052.0
19,7,34,5,91.861,91861.0
19,7,35,5,92.059,92059.0
19,7,36,10,91.939,91939.0
19,7,37,8,91.838,91838.0
19,7,38,1,92.098,92098.0
19,7,39,5,91.761,91761.0
19,7,40,9,91.568,91568.0
19,7,41,4,91.586,91586.0
19,7,42,8,91.743,91743.0
19,7,43,2,91.675,91675.0
19,7,44,4,91.645,91645.0
19,7,45,8,91.679,91679.0
19,7,46,5,91.724,91724.0
19,7,47,3,91.489,91489.0
19,7,48,5,91.621,91621.0
19,7,49,1,91.563,91563.0
19,7,50,9,91.581,91581.0
19,7,51,6,91.521,91521.0
19,7,52,4,91.633,91633.0
19,7,53,3,91.576,91576.0
19,8,1,9,92.223,92223.0
19,8,2,1,92.102,92102.0
19,8,3,9,92.305,92305.0
19,8,4,3,92.28999999999999,92290.0
19,8,5,1,92.163,92163.0
19,8,6,6,92.179,92179.0
19,8,7,3,91.98400000000001,91984.0
19,8,8,2,92.193,92193.0
19,8,9,9,92.288,92288.0
19,8,10,5,92.233,92233.0
19,8,11,4,92.374,92374.0
19,8,12,9,92.033,92033.0
19,8,13,8,92.162,92162.0
19,8,14,1,92.167,92167.0
19,8,15,5,92.202,92202.0
19,8,16,9,92.152,92152.0
19,8,17,4,92.1,92100.0
19,8,18,8,92.009,92009.0
19,8,19,1,91.937,91937.0
19,8,20,7,91.9,91900.0
19,8,21,8,91.874,91874.0
19,8,22,5,91.575,91575.0
19,8,23,7,91.803,91803.0
19,8,24,9,91.686,91686.0
19,8,25,1,91.91499999999999,91915.0
19,8,26,3,91.72200000000001,91722.0
19,8,27,5,91.553,91553.0
19,8,28,10,91.706,91706.0
19,8,29,8,91.71600000000001,91716.0
19,8,30,8,91.688,91688.0
19,8,31,10,91.81700000000001,91817.0
19,8,32,8,91.77799999999999,91778.0
19,8,33,2,91.667,91667.0
19,8,34,9,91.607,91607.0
19,8,35,9,91.65899999999999,91659.0
19,8,36,3,91.476,91476.0
19,8,37,6,91.846,91846.0
19,8,38,6,91.80199999999999,91802.0
19,8,39,7,91.714,91714.0
19,8,40,5,91.624,88663.0
19,8,41,5,91.326,91326.0
19,8,42,8,91.569,91569.0
19,8,43,4,91.345,91345.0
19,8,44,3,91.48400000000001,91484.0
19,8,45,7,91.309,91309.0
19,8,46,2,91.298,88663.0
19,8,47,2,91.419,91419.0
19,8,48,5,91.568,91568.0
19,8,49,3,91.34100000000001,91341.0
19,8,50,8,91.543,91543.0
19,8,51,2,91.379,91379.0
19,8,52,5,91.167,91167.0
19,8,53,4,91.219,91219.0
19,9,1,5,91.515,91515.0
19,9,2,4,91.231,91231.0
19,9,3,3,91.172,91172.0
19,9,4,1,91.34,91340.0
19,9,5,2,91.407,91407.0
19,9,6,3,91.245,91245.0
19,9,7,3,91.241,91241.0
19,9,8,8,91.398,91398.0
19,9,9,8,91.006,91006.0
19,9,10,10,91.173,91173.0
19,9,11,5,90.99,90990.0
19,9,12,2,91.22800000000001,91228.0
19,9,13,4,91.416,91416.0
19,9,14,8,91.024,91024.0
19,9,15,1,91.292,91292.0
19,9,16,2,91.231,91231.0
19,9,17,10,91.033,91033.0
19,9,18,1,91.164,91164.0
19,9,19,9,91.077,91077.0
19,9,20,7,91.051,91051.0
19,9,21,5,90.661,90661.0
19,9,22,9,90.85300000000001,90853.0
19,9,23,5,90.913,90913.0
19,9,24,1,90.904,90904.0
19,9,25,4,90.723,90723.0
19,9,26,1,90.797,90797.0
19,9,27,4,90.604,90604.0
19,9,28,7,90.826,90826.0
19,9,29,5,90.97,90970.0
19,9,30,10,90.896,90896.0
19,9,31,9,90.68299999999999,90683.0
19,9,32,1,90.965,90965.0
19,9,33,8,90.655,90655.0
19,9,34,5,90.831,90831.0
19,9,35,8,90.801,90801.0
19,9,36,4,90.82,90820.0
19,9,37,8,90.812,90812.0
19,9,38,2,90.678,90678.0
19,9,39,6,90.645,90645.0
19,9,40,5,90.606,90606.0
19,9,41,1,90.536,90536.0
19,9,42,9,90.267,90267.0
19,9,43,2,90.292,90292.0
19,9,44,5,90.674,90674.0
19,9,45,7,90.544,90544.0
19,9,46,6,90.371,90371.0
19,9,47,2,90.435,90435.0
19,9,48,4,90.63,90630.0
19,9,49,6,90.471,90471.0
19,9,50,2,90.572,90572.0
19,9,51,7,90.537,90537.0
19,9,52,7,90.508,90508.0
19,9,53,5,90.374,90374.0
19,10,1,4,91.46600000000001,91466.0
19,10,2,6,91.445,91445.0
19,10,3,9,91.35900000000001,91359.0
19,10,4,5,91.777,91777.0
19,10,5,3,91.611,91611.0
19,10,6,8,91.637,91637.0
19,10,7,4,91.58500000000001,91585.0
19,10,8,10,91.702,91702.0
19,10,9,5,91.476,91476.0
19,10,10,9,91.384,91384.0
19,10,11,8,91.399,91399.0
19,10,12,10,91.695,91695.0
19,10,13,1,91.701,91701.0
19,10,14,10,91.705,91705.0
19,10,15,4,91.388,91388.0
19,10,16,3,91.667,91667.0
19,10,17,7,91.47,91470.0
19,10,18,6,91.45,91450.0
19,10,19,1,91.41499999999999,91415.0
19,10,20,4,91.185,91185.0
19,10,21,7,91.10300000000001,91103.0
19,10,22,2,90.985,90985.0
19,10,23,10,91.059,91059.0
19,10,24,4,91.064,91064.0
19,10,25,4,91.082,91082.0
19,10,26,8,91.252,91252.0
19,10,27,10,91.25,91250.0
19,10,28,4,91.127,91127.0
19,10,29,6,91.114,91114.0
19,10,30,4,90.932,90932.0
19,10,31,6,91.181,91181.0
19,10,32,10,91.189,91189.0
19,10,33,7,90.88,90880.0
19,10,34,1,90.99,90990.0
19,10,35,3,91.07300000000001,91073.0
19,10,36,1,90.946,90946.0
19,10,37,3,90.949,90949.0
19,10,38,6,90.932,90932.0
19,10,39,9,91.136,91136.0
19,10,40,10,90.64099999999999,90641.0
19,10,41,1,90.837,90837.0
19,10,42,3,90.60900000000001,90609.0
19,10,43,2,90.783,90783.0
19,10,44,7,90.754,90754.0
19,10,45,9,90.742,90742.0
19,10,46,10,90.795,90795.0
19,10,47,8,90.63,90630.0
19,10,48,8,90.637,90637.0
19,10,49,6,90.73,90730.0
19,10,50,5,90.69800000000001,90698.0
19,10,51,4,90.544,90544.0
19,10,52,2,90.718,90718.0
19,10,53,5,90.645,90645.0
20,1,1,3,92.453,92453.0
20,1,2,4,92.35499999999999,92355.0
20,1,3,10,92.62299999999999,92623.0
20,1,4,8,92.66499999999999,92665.0
20,1,5,7,92.261,92261.0
20,1,6,3,92.51400000000001,92514.0
20,1,7,9,92.37299999999999,92373.0
20,1,8,3,92.393,92393.0
20,1,9,1,92.381,92381.0
20,1,10,10,92.412,92412.0
20,1,11,1,92.459,92459.0
20,1,12,1,92.35,92350.0
20,1,13,3,92.319,92319.0
20,1,14,6,92.535,92535.0
20,1,15,8,92.43299999999999,92433.0
20,1,16,8,92.10900000000001,92109.0
20,1,17,1,92.235,92235.0
20,1,18,7,92.322,92322.0
20,1,19,8,92.38,92380.0
20,1,20,5,92.238,92238.0
20,1,21,5,92.155,92155.0
20,1,22,6,92.19200000000001,92192.0
20,1,23,6,91.848,91848.0
20,1,24,4,92.055,92055.0
20,1,25,1,92.10300000000001,92103.0
20,1,26,10,91.991,91991.0
20,1,27,7,92.062,92062.0
20,1,28,4,92.149,92149.0
20,1,29,8,92.09,105601.75
20,1,30,2,92.071,92071.0
20,1,31,4,91.958,91958.0
20,1,32,2,92.07,92070.0
20,1,33,3,91.961,91961.0
20,1,34,1,92.074,92074.0
20,1,35,2,92.036,92036.0
20,1,36,1,92.22200000000001,92222.0
20,1,37,8,92.019,92019.0
20,1,38,1,91.988,91988.0
20,1,39,8,91.975,91975.0
20,1,40,7,91.85,91850.0
20,1,41,3,91.46000000000001,91460.0
20,1,42,8,91.876,91876.0
20,1,43,1,91.714,91714.0
20,1,44,9,91.60900000000001,91609.0
20,1,45,8,91.631,91631.0
20,1,46,9,91.69800000000001,91698.0
20,1,47,2,91.701,91701.0
20,1,48,7,91.714,91714.0
20,1,49,8,91.693,91693.0
20,1,50,7,91.69,91690.0
20,1,51,7,91.805,91805.0
20,1,52,7,91.754,91754.0
20,1,53,3,91.456,91456.0
20,1,54,8,91.481,91481.0
20,1,55,10,91.71600000000001,91716.0
20,1,56,4,91.53,91530.0
20,1,57,9,91.675,91675.0
20,1,58,7,91.52199999999999,91522.0
20,2,1,2,92.321,92321.0
20,2,2,3,92.56,92560.0
20,2,3,5,92.356,92356.0
20,2,4,3,92.24000000000001,92240.0
20,2,5,7,92.37100000000001,92371.0
20,2,6,1,92.324,92324.0
20,2,7,4,92.22999999999999,92230.0
20,2,8,4,92.26400000000001,92264.0
20,2,9,5,92.017,92017.0
20,2,10,1,92.378,92378.0
20,2,11,2,92.318,92318.0
20,2,12,4,92.334,92334.0
20,2,13,5,92.155,92155.0
20,2,14,10,92.238,92238.0
20,2,15,9,92.205,92205.0
20,2,16,7,92.543,92543.0
20,2,17,10,92.137,92137.0
20,2,18,8,92.314,92314.0
20,2,19,7,92.096,92096.0
20,2,20,10,91.892,91892.0
20,2,21,6,92.047,92047.0
20,2,22,5,91.92,91920.0
20,2,23,8,92.049,92049.0
20,2,24,4,91.92099999999999,91921.0
20,2,25,10,91.742,91742.0
20,2,26,6,91.943,91943.0
20,2,27,6,92.003,92003.0
20,2,28,9,91.877,91877.0
20,2,29,7,91.739,91739.0
20,2,30,4,92.062,92062.0
20,2,31,9,91.837,91837.0
20,2,32,3,91.786,91786.0
20,2,33,9,91.667,91667.0
20,2,34,3,91.932,91932.0
20,2,35,2,91.67,91670.0
20,2,36,1,91.839,91839.0
20,2,37,7,91.764,91764.0
20,2,38,8,91.707,91707.0
20,2,39,8,91.913,91913.0
20,2,40,10,91.518,91518.0
20,2,41,8,91.495,91495.0
20,2,42,8,91.613,91613.0
20,2,43,4,91.225,91225.0
20,2,44,4,91.32300000000001,91323.0
20,2,45,4,91.483,91483.0
20,2,46,2,91.474,91474.0
20,2,47,7,91.568,91568.0
20,2,48,8,91.407,91407.0
20,2,49,10,91.395,91395.0
20,2,50,9,91.299,91299.0
20,2,51,3,91.419,91419.0
20,2,52,1,91.287,91287.0
20,2,53,2,91.419,91419.0
20,2,54,6,91.693,91693.0
20,2,55,1,91.379,91379.0
20,2,56,7,91.312,91312.0
20,2,57,9,91.429,91429.0
20,2,58,3,91.314,91314.0
20,3,1,1,92.24600000000001,92246.0
20,3,2,7,92.169,92169.0
20,3,3,9,92.154,92154.0
20,3,4,7,92.306,92306.0
20,3,5,10,92.118,92118.0
20,3,6,1,92.214,92214.0
20,3,7,7,92.227,92227.0
20,3,8,3,92.065,92065.0
20,3,9,10,92.00399999999999,92004.0
20,3,10,6,92.05199999999999,92052.0
20,3,11,7,92.092,92092.0
20,3,12,4,92.095,92095.0
20,3,13,6,92.001,92001.0
20,3,14,5,92.185,92185.0
20,3,15,3,92.138,92138.0
20,3,16,7,91.867,91867.0
20,3,17,4,92.049,92049.0
20,3,18,6,92.125,92125.0
20,3,19,5,92.162,92162.0
20,3,20,3,91.991,91991.0
20,3,21,2,91.764,91764.0
20,3,22,6,91.94800000000001,91948.0
20,3,23,8,91.836,91836.0
20,3,24,8,92.029,92029.0
20,3,25,2,91.869,91869.0
20,3,26,1,91.709,91709.0
20,3,27,5,91.943,91943.0
20,3,28,9,91.779,91779.0
20,3,29,2,91.849,91849.0
20,3,30,2,91.826,91826.0
20,3,31,4,91.858,91858.0
20,3,32,8,91.81,91810.0
20,3,33,3,91.648,91648.0
20,3,34,1,91.58,91580.0
20,3,35,10,91.757,91757.0
20,3,36,3,91.7,91700.0
20,3,37,2,91.635,91635.0
20,3,38,9,91.737,91737.0
20,3,39,5,91.57300000000001,91573.0
20,3,40,1,91.607,91607.0
20,3,41,2,91.274,91274.0
20,3,42,4,91.527,91527.0
20,3,43,6,91.425,91425.0
20,3,44,1,91.53,91530.0
20,3,45,9,91.304,91304.0
20,3,46,5,91.315,91315.0
20,3,47,6,91.342,91342.0
20,3,48,4,91.172,91172.0
20,3,49,9,91.224,91224.0
20,3,50,4,91.52799999999999,91528.0
20,3,51,2,91.27799999999999,91278.0
20,3,52,1,91.15,91150.0
20,3,53,4,91.304,91304.0
20,3,54,5,91.358,91358.0
20,3,55,3,91.307,91307.0
20,3,56,3,91.27199999999999,91272.0
20,3,57,5,91.321,88663.0
20,3,58,8,91.374,91374.0
20,4,1,7,91.876,91876.0
20,4,2,4,91.664,91664.0
20,4,3,6,91.767,91767.0
20,4,4,2,91.94200000000001,91942.0
20,4,5,8,91.741,91741.0
20,4,6,2,92.019,92019.0
20,4,7,1,91.846,91846.0
20,4,8,10,91.949,91949.0
20,4,9,6,92.043,92043.0
20,4,10,10,91.833,91833.0
20,4,11,4,91.951,91951.0
20,4,12,3,91.602,91602.0
20,4,13,9,91.857,91857.0
20,4,14,4,91.643,91643.0
20,4,15,1,91.581,91581.0
20,4,16,3,91.68,91680.0
20,4,17,10,91.812,91812.0
20,4,18,4,91.783,91783.0
20,4,19,10,91.792,91792.0
20,4,20,9,91.525,91525.0
20,4,21,10,91.40899999999999,91409.0
20,4,22,6,91.479,91479.0
20,4,23,3,91.469,91469.0
20,4,24,10,91.608,91608.0
20,4,25,6,91.509,91509.0
20,4,26,10,91.19800000000001,91198.0
20,4,27,2,91.36,91360.0
20,4,28,7,91.356,91356.0
20,4,29,4,91.465,91465.0
20,4,30,7,91.651,91651.0
20,4,31,10,91.47800000000001,91478.0
20,4,32,2,91.498,91498.0
20,4,33,9,91.53399999999999,91534.0
20,4,34,5,91.267,91267.0
20,4,35,9,91.334,91334.0
20,4,36,9,91.305,91305.0
20,4,37,4,91.252,91252.0
20,4,38,6,91.243,91243.0
20,4,39,1,91.172,91172.0
20,4,40,1,91.08,91080.0
20,4,41,8,90.981,90981.0
20,4,42,6,91.164,91164.0
20,4,43,10,91.15299999999999,91153.0
20,4,44,5,90.919,90919.0
20,4,45,4,90.999,90999.0
20,4,46,5,91.167,91167.0
20,4,47,3,91.094,91094.0
20,4,48,10,91.251,91251.0
20,4,49,10,90.97800000000001,90978.0
20,4,50,5,90.997,90997.0
20,4,51,8,91.142,91142.0
20,4,52,8,90.775,90775.0
20,4,53,10,90.888,90888.0
20,4,54,10,90.782,90782.0
20,4,55,3,91.093,91093.0
20,4,56,8,90.949,90949.0
20,4,57,10,91.074,91074.0
20,4,58,9,90.989,90989.0
20,5,1,8,92.128,92128.0
20,5,2,6,92.157,92157.0
20,5,3,2,92.378,92378.0
20,5,4,1,92.158,92158.0
20,5,5,8,92.214,92214.0
20,5,6,5,92.394,92394.0
20,5,7,3,92.52600000000001,92526.0
20,5,8,4,92.11699999999999,92117.0
20,5,9,10,92.351,92351.0
20,5,10,8,92.017,92017.0
20,5,11,3,92.30199999999999,92302.0
20,5,12,7,92.27000000000001,92270.0
20,5,13,7,92.126,92126.0
20,5,14,7,92.237,88663.0
20,5,15,2,91.89699999999999,91897.0
20,5,16,10,92.164,92164.0
20,5,17,7,92.36099999999999,92361.0
20,5,18,9,92.274,92274.0
20,5,19,4,92.09,92090.0
20,5,20,8,91.924,91924.0
20,5,21,10,91.876,91876.0
20,5,22,9,91.893,91893.0
20,5,23,8,91.756,91756.0
20,5,24,1,92.011,92011.0
20,5,25,2,91.867,91867.0
20,5,26,6,92.006,92006.0
20,5,27,7,91.761,91761.0
20,5,28,10,91.761,91761.0
20,5,29,4,91.884,91884.0
20,5,30,2,91.66,91660.0
20,5,31,8,91.961,91961.0
20,5,32,1,91.878,91878.0
20,5,33,8,91.874,91874.0
20,5,34,1,91.852,88663.0
20,5,35,8,91.916,91916.0
20,5,36,2,91.886,91886.0
20,5,37,1,91.85300000000001,91853.0
20,5,38,7,91.781,91781.0
20,5,39,3,91.66,91660.0
20,5,40,9,91.663,91663.0
20,5,41,8,91.405,91405.0
20,5,42,8,91.541,91541.0
20,5,43,10,91.611,91611.0
20,5,44,2,91.23,91230.0
20,5,45,6,91.492,91492.0
20,5,46,10,91.498,91498.0
20,5,47,4,91.542,91542.0
20,5,48,4,91.389,91389.0
20,5,49,10,91.475,91475.0
20,5,50,9,91.306,91306.0
20,5,51,2,91.549,91549.0
20,5,52,6,91.35900000000001,91359.0
20,5,53,2,91.44,91440.0
20,5,54,4,91.509,91509.0
20,5,55,9,91.364,91364.0
20,5,56,7,91.325,91325.0
20,5,57,2,91.279,91279.0
20,5,58,1,91.276,91276.0
20,6,1,8,92.225,92225.0
20,6,2,5,92.28999999999999,92290.0
20,6,3,1,92.095,92095.0
20,6,4,1,92.265,92265.0
20,6,5,2,92.288,92288.0
20,6,6,8,92.251,92251.0
20,6,7,2,92.189,88663.0
20,6,8,5,92.318,92318.0
20,6,9,6,92.208,92208.0
20,6,10,3,92.271,92271.0
20,6,11,9,92.555,92555.0
20,6,12,9,92.339,92339.0
20,6,13,4,92.23599999999999,92236.0
20,6,14,9,92.261,92261.0
20,6,15,6,92.287,92287.0
20,6,16,8,91.95,91950.0
20,6,17,9,92.158,92158.0
20,6,18,1,92.194,92194.0
20,6,19,5,92.048,92048.0
20,6,20,5,91.98400000000001,91984.0
20,6,21,7,91.964,91964.0
20,6,22,7,91.741,91741.0
20,6,23,10,91.902,91902.0
20,6,24,7,91.856,91856.0
20,6,25,8,91.865,91865.0
20,6,26,6,91.76,91760.0
20,6,27,1,91.82300000000001,91823.0
20,6,28,2,91.968,91968.0
20,6,29,7,92.074,92074.0
20,6,30,7,91.846,91846.0
20,6,31,2,91.687,91687.0
20,6,32,8,92.118,92118.0
20,6,33,4,91.764,91764.0
20,6,34,3,92.042,92042.0
20,6,35,9,91.669,91669.0
20,6,36,6,91.733,91733.0
20,6,37,6,91.687,91687.0
20,6,38,9,91.795,91795.0
20,6,39,1,91.634,91634.0
20,6,40,6,91.586,91586.0
20,6,41,9,91.59100000000001,91591.0
20,6,42,10,91.526,91526.0
20,6,43,8,91.627,91627.0
20,6,44,9,91.378,88663.0
20,6,45,7,91.514,91514.0
20,6,46,4,91.638,91638.0
20,6,47,6,91.52199999999999,91522.0
20,6,48,4,91.417,91417.0
20,6,49,4,91.33,91330.0
20,6,50,5,91.524,91524.0
20,6,51,3,91.36,91360.0
20,6,52,1,91.363,91363.0
20,6,53,3,91.315,91315.0
20,6,54,10,91.31700000000001,91317.0
20,6,55,5,91.411,91411.0
20,6,56,1,91.538,91538.0
20,6,57,7,91.41499999999999,91415.0
20,6,58,7,91.426,91426.0
20,7,1,9,92.158,92158.0
20,7,2,9,92.144,92144.0
20,7,3,8,92.029,92029.0
20,7,4,10,92.032,92032.0
20,7,5,8,91.916,91916.0
20,7,6,2,92.095,92095.0
20,7,7,5,92.18299999999999,92183.0
20,7,8,8,92.243,92243.0
20,7,9,8,92.24600000000001,92246.0
20,7,10,6,91.896,91896.0
20,7,11,4,92.17099999999999,92171.0
20,7,12,3,92.238,92238.0
20,7,13,4,92.102,92102.0
20,7,14,6,92.08,92080.0
20,7,15,9,92.094,92094.0
20,7,16,5,92.191,92191.0
20,7,17,9,92.12100000000001,92121.0
20,7,18,1,91.88,91880.0
20,7,19,1,92.06,92060.0
20,7,20,5,91.925,91925.0
20,7,21,9,91.535,91535.0
20,7,22,1,91.77,91770.0
20,7,23,1,91.699,91699.0
20,7,24,5,91.468,91468.0
20,7,25,8,91.644,91644.0
20,7,26,1,91.833,91833.0
20,7,27,9,91.598,91598.0
20,7,28,6,91.529,91529.0
20,7,29,5,91.733,91733.0
20,7,30,2,91.919,91919.0
20,7,31,6,91.643,91643.0
20,7,32,5,91.566,91566.0
20,7,33,4,91.539,91539.0
20,7,34,7,91.592,91592.0
20,7,35,10,91.548,91548.0
20,7,36,3,91.481,91481.0
20,7,37,3,91.71000000000001,91710.0
20,7,38,10,91.57300000000001,88663.0
20,7,39,2,91.594,91594.0
20,7,40,9,91.356,91356.0
20,7,41,7,91.367,91367.0
20,7,42,3,91.379,91379.0
20,7,43,7,91.361,91361.0
20,7,44,9,91.459,91459.0
20,7,45,10,91.283,91283.0
20,7,46,3,91.35,91350.0
20,7,47,5,91.52799999999999,91528.0
20,7,48,9,91.311,91311.0
20,7,49,3,91.189,91189.0
20,7,50,8,91.332,91332.0
20,7,51,1,91.277,91277.0
20,7,52,8,91.352,91352.0
20,7,53,3,91.248,91248.0
20,7,54,7,91.119,91119.0
20,7,55,1,91.348,91348.0
20,7,56,2,91.363,91363.0
20,7,57,7,91.32900000000001,91329.0
20,7,58,2,91.184,88663.0
20,8,1,6,92.664,92664.0
20,8,2,6,92.51599999999999,92516.0
20,8,3,10,92.634,92634.0
20,8,4,3,92.49600000000001,92496.0
20,8,5,4,92.53999999999999,92540.0
20,8,6,3,92.719,92719.0
20,8,7,9,92.56700000000001,92567.0
20,8,8,8,92.36500000000001,92365.0
20,8,9,9,92.735,92735.0
20,8,10,6,92.61099999999999,92611.0
20,8,11,4,92.24000000000001,92240.0
20,8,12,9,92.49000000000001,92490.0
20,8,13,10,92.57900000000001,88663.0
20,8,14,8,92.461,92461.0
20,8,15,1,92.555,92555.0
20,8,16,10,92.404,92404.0
20,8,17,2,92.488,92488.0
20,8,18,9,92.554,92554.0
20,8,19,7,92.578,92578.0
20,8,20,2,92.38,92380.0
20,8,21,9,91.98400000000001,91984.0
20,8,22,4,92.443,92443.0
20,8,23,6,92.232,92232.0
20,8,24,4,92.164,92164.0
20,8,25,2,92.136,92136.0
20,8,26,8,92.14699999999999,92147.0
20,8,27,8,92.212,92212.0
20,8,28,4,92.375,92375.0
20,8,29,1,92.14099999999999,88663.0
20,8,30,3,92.318,92318.0
20,8,31,1,91.96600000000001,91966.0
20,8,32,10,92.137,92137.0
20,8,33,8,92.14699999999999,92147.0
20,8,34,10,91.999,91999.0
20,8,35,9,91.90299999999999,91903.0
20,8,36,1,92.215,92215.0
20,8,37,3,91.918,91918.0
20,8,38,4,92.169,92169.0
20,8,39,5,91.97,91970.0
20,8,40,4,91.672,91672.0
20,8,41,10,91.721,91721.0
20,8,42,8,91.771,91771.0
20,8,43,9,91.656,91656.0
20,8,44,9,91.613,91613.0
20,8,45,7,91.82300000000001,91823.0
20,8,46,7,91.65299999999999,91653.0
20,8,47,8,91.78999999999999,91790.0
20,8,48,7,92.001,92001.0
20,8,49,1,91.604,91604.0
20,8,50,8,91.783,91783.0
20,8,51,3,91.85300000000001,91853.0
20,8,52,2,91.715,91715.0
20,8,53,9,91.638,91638.0
20,8,54,8,91.52799999999999,91528.0
20,8,55,1,91.613,91613.0
20,8,56,3,91.794,91794.0
20,8,57,6,91.707,91707.0
20,8,58,3,91.66,91660.0
20,9,1,4,92.718,92718.0
20,9,2,9,92.571,92571.0
20,9,3,1,92.762,92762.0
20,9,4,4,92.439,92439.0
20,9,5,8,92.52199999999999,92522.0
20,9,6,6,92.69200000000001,92692.0
20,9,7,1,92.612,92612.0
20,9,8,3,92.53999999999999,92540.0
20,9,9,6,92.52199999999999,92522.0
20,9,10,4,92.487,92487.0
20,9,11,5,92.551,92551.0
20,9,12,1,92.459,92459.0
20,9,13,3,92.755,92755.0
20,9,14,4,92.457,92457.0
20,9,15,5,92.563,92563.0
20,9,16,3,92.525,92525.0
20,9,17,1,92.76599999999999,92766.0
20,9,18,3,92.229,92229.0
20,9,19,1,92.452,92452.0
20,9,20,8,92.21000000000001,92210.0
20,9,21,3,92.196,92196.0
20,9,22,3,92.24199999999999,92242.0
20,9,23,9,92.054,92054.0
20,9,24,5,92.249,92249.0
20,9,25,9,92.131,92131.0
20,9,26,8,92.412,92412.0
20,9,27,4,92.281,92281.0
20,9,28,3,92.271,92271.0
20,9,29,7,92.301,92301.0
20,9,30,7,92.344,92344.0
20,9,31,9,92.07900000000001,92079.0
20,9,32,1,92.13499999999999,92135.0
20,9,33,5,92.232,92232.0
20,9,34,9,92.114,92114.0
20,9,35,2,92.306,92306.0
20,9,36,7,91.979,91979.0
20,9,37,3,91.94,88663.0
20,9,38,1,91.97800000000001,91978.0
20,9,39,4,92.237,92237.0
20,9,40,1,91.827,91827.0
20,9,41,10,91.826,91826.0
20,9,42,1,91.67699999999999,91677.0
20,9,43,10,91.977,91977.0
20,9,44,2,91.846,88663.0
20,9,45,8,91.769,91769.0
20,9,46,6,91.70400000000001,91704.0
20,9,47,2,91.81700000000001,91817.0
20,9,48,2,91.731,91731.0
20,9,49,9,92.019,92019.0
20,9,50,3,91.78399999999999,91784.0
20,9,51,6,91.697,91697.0
20,9,52,7,91.55199999999999,91552.0
20,9,53,7,91.693,91693.0
20,9,54,2,91.809,91809.0
20,9,55,1,91.807,91807.0
20,9,56,4,91.826,91826.0
20,9,57,3,91.746,91746.0
20,9,58,6,91.82300000000001,91823.0
20,10,1,1,91.963,91963.0
20,10,2,8,92.00399999999999,92004.0
20,10,3,3,91.658,91658.0
20,10,4,2,92.14500000000001,92145.0
20,10,5,3,91.813,91813.0
20,10,6,9,91.782,91782.0
20,10,7,7,91.538,91538.0
20,10,8,5,91.669,91669.0
20,10,9,8,91.668,91668.0
20,10,10,8,91.676,91676.0
20,10,11,5,91.708,91708.0
20,10,12,7,91.763,91763.0
20,10,13,7,91.793,91793.0
20,10,14,10,91.657,91657.0
20,10,15,9,91.759,91759.0
20,10,16,2,91.544,91544.0
20,10,17,1,91.669,91669.0
20,10,18,7,91.656,91656.0
20,10,19,5,91.75,91750.0
20,10,20,3,91.488,91488.0
20,10,21,4,91.428,91428.0
20,10,22,2,91.152,91152.0
20,10,23,5,91.461,91461.0
20,10,24,6,91.276,91276.0
20,10,25,5,91.464,91464.0
20,10,26,4,91.519,91519.0
20,10,27,5,91.40899999999999,91409.0
20,10,28,3,91.476,91476.0
20,10,29,8,91.404,91404.0
20,10,30,3,91.27199999999999,91272.0
20,10,31,9,91.145,91145.0
20,10,32,1,91.428,91428.0
20,10,33,7,91.438,91438.0
20,10,34,4,91.22,91220.0
20,10,35,2,91.467,91467.0
20,10,36,5,91.309,91309.0
20,10,37,3,91.342,91342.0
20,10,38,10,91.156,91156.0
20,10,39,3,91.053,91053.0
20,10,40,4,90.946,90946.0
20,10,41,9,91.117,91117.0
20,10,42,6,91.05799999999999,91058.0
20,10,43,10,91.179,91179.0
20,10,44,9,90.956,90956.0
20,10,45,9,90.994,90994.0
20,10,46,7,90.968,90968.0
20,10,47,10,91.22,91220.0
20,10,48,6,90.91,90910.0
20,10,49,6,90.992,90992.0
20,10,50,4,90.986,90986.0
20,10,51,8,90.898,90898.0
20,10,52,2,90.5,90500.0
20,10,53,3,90.839,90839.0
20,10,54,10,90.885,90885.0
20,10,55,2,90.812,90812.0
20,10,56,5,90.92699999999999,90927.0
20,10,57,2,90.804,90804.0
20,10,58,1,90.9,90900.0
21,1,1,9,89.876,89876.0
21,1,2,8,89.936,89936.0
21,1,3,10,89.838,89838.0
21,1,4,2,89.928,89928.0
21,1,5,7,89.913,89913.0
21,1,6,2,89.694,89694.0
21,1,7,8,89.621,89621.0
21,1,8,7,89.82,89820.0
21,1,9,3,89.899,89899.0
21,1,10,3,89.857,89857.0
21,1,11,6,90.049,90049.0
21,1,12,7,89.83,89830.0
21,1,13,8,89.53999999999999,89540.0
21,1,14,2,89.468,89468.0
21,1,15,9,89.532,89532.0
21,1,16,2,89.801,89801.0
21,1,17,7,89.554,89554.0
21,1,18,5,89.60300000000001,89603.0
21,1,19,10,89.708,89708.0
21,1,20,10,89.258,89258.0
21,1,21,3,89.392,89392.0
21,1,22,7,89.246,89246.0
21,1,23,5,89.304,89304.0
21,1,24,7,89.213,89213.0
21,1,25,3,89.33,89330.0
21,1,26,2,89.365,89365.0
21,1,27,1,89.405,88663.0
21,1,28,2,89.56,89560.0
21,1,29,10,89.334,89334.0
21,1,30,3,89.19,89190.0
21,1,31,7,89.425,89425.0
21,1,32,1,89.30199999999999,89302.0
21,1,33,4,89.14099999999999,89141.0
21,1,34,4,89.34100000000001,89341.0
21,1,35,9,89.084,89084.0
21,1,36,9,89.237,89237.0
21,1,37,1,89.273,89273.0
21,1,38,7,89.167,89167.0
21,1,39,5,89.108,89108.0
21,1,40,4,89.039,89039.0
21,1,41,1,89.02799999999999,89028.0
21,1,42,4,89.09,89090.0
21,1,43,8,88.86,88860.0
21,2,1,4,88.867,88867.0
21,2,2,6,88.893,88893.0
21,2,3,3,89.057,89057.0
21,2,4,8,88.83,88830.0
21,2,5,9,88.965,88965.0
21,2,6,9,88.781,88781.0
21,2,7,8,88.858,88858.0
21,2,8,6,89.025,89025.0
21,2,9,2,89.064,89064.0
21,2,10,1,88.792,88792.0
21,2,11,2,88.988,88988.0
21,2,12,3,88.72,88720.0
21,2,13,10,88.828,88828.0
21,2,14,9,88.745,88745.0
21,2,15,3,88.876,88876.0
21,2,16,1,88.757,88757.0
21,2,17,3,88.80199999999999,88802.0
21,2,18,5,88.559,88559.0
21,2,19,1,88.908,88908.0
21,2,20,10,88.586,88586.0
21,2,21,6,88.453,88453.0
21,2,22,9,88.77,88770.0
21,2,23,9,88.465,88465.0
21,2,24,9,88.63,88630.0
21,2,25,2,88.432,88432.0
21,2,26,2,88.584,88584.0
21,2,27,2,88.498,88498.0
21,2,28,1,88.458,88458.0
21,2,29,4,88.34100000000001,88341.0
21,2,30,5,88.555,88555.0
21,2,31,5,88.419,88419.0
21,2,32,3,88.27199999999999,88272.0
21,2,33,2,88.457,88457.0
21,2,34,3,88.548,88548.0
21,2,35,4,88.342,88342.0
21,2,36,1,88.682,88682.0
21,2,37,6,88.377,88377.0
21,2,38,3,88.476,88476.0
21,2,39,4,88.184,88184.0
21,2,40,5,88.269,88269.0
21,2,41,3,88.205,88205.0
21,2,42,5,88.10300000000001,88103.0
21,2,43,4,87.973,87973.0
21,2,44,10,88.244,88244.0
21,2,45,8,88.156,88156.0
21,2,46,6,88.281,88281.0
21,2,47,6,88.062,88062.0
21,2,48,3,88.118,88118.0
21,2,49,5,88.139,88139.0
21,2,50,9,88.239,88239.0
21,2,51,7,88.135,88135.0
21,3,1,3,89.95,89950.0
21,3,2,5,89.673,89673.0
21,3,3,1,89.82300000000001,89823.0
21,3,4,6,89.65899999999999,89659.0
21,3,5,10,90.08,90080.0
21,3,6,10,89.776,89776.0
21,3,7,8,90.088,90088.0
21,3,8,3,89.901,89901.0
21,3,9,2,89.818,89818.0
21,3,10,7,89.839,89839.0
21,3,11,8,89.919,89919.0
21,3,12,8,89.43299999999999,89433.0
21,3,13,7,89.749,89749.0
21,3,14,1,89.627,89627.0
21,3,15,3,89.709,89709.0
21,3,16,7,89.676,89676.0
21,3,17,7,89.725,89725.0
21,3,18,2,89.654,89654.0
21,3,19,5,89.714,89714.0
21,3,20,10,89.502,105601.75
21,3,21,3,89.618,89618.0
21,3,22,7,89.452,89452.0
21,3,23,7,89.30199999999999,89302.0
21,3,24,4,89.404,89404.0
21,3,25,4,89.322,89322.0
21,3,26,8,89.485,89485.0
21,3,27,9,89.644,89644.0
21,3,28,5,89.444,89444.0
21,3,29,3,89.47800000000001,89478.0
21,3,30,6,89.474,89474.0
21,3,31,4,89.23400000000001,89234.0
21,3,32,3,89.43,89430.0
21,3,33,2,89.175,89175.0
21,3,34,10,89.38,89380.0
21,3,35,3,89.15899999999999,89159.0
21,3,36,7,89.291,89291.0
21,3,37,7,89.47,89470.0
21,3,38,2,89.431,89431.0
21,3,39,3,89.381,89381.0
21,3,40,5,89.07300000000001,88663.0
21,3,41,6,88.945,88945.0
21,3,42,10,88.97200000000001,88972.0
21,3,43,1,89.166,89166.0
21,3,44,9,88.9,88900.0
21,3,45,2,88.973,88973.0
21,3,46,8,88.995,88995.0
21,3,47,10,89.174,89174.0
21,3,48,5,88.995,88995.0
21,3,49,8,89.01599999999999,89016.0
21,3,50,9,88.858,88858.0
21,3,51,1,89.101,89101.0
21,4,1,8,89.455,89455.0
21,4,2,2,89.694,89694.0
21,4,3,7,89.863,89863.0
21,4,4,7,89.881,89881.0
21,4,5,3,89.505,89505.0
21,4,6,2,89.724,89724.0
21,4,7,10,89.72800000000001,89728.0
21,4,8,8,89.805,89805.0
21,4,9,9,89.55,89550.0
21,4,10,5,89.638,89638.0
21,4,11,3,89.91,89910.0
21,4,12,4,89.64699999999999,89647.0
21,4,13,4,89.56700000000001,89567.0
21,4,14,6,89.429,89429.0
21,4,15,7,89.47200000000001,89472.0
21,4,16,5,89.64,89640.0
21,4,17,10,89.599,89599.0
21,4,18,10,89.488,89488.0
21,4,19,7,89.461,89461.0
21,4,20,3,89.424,89424.0
21,4,21,3,89.316,89316.0
21,4,22,7,89.242,89242.0
21,4,23,2,89.146,89146.0
21,4,24,1,89.10900000000001,89109.0
21,4,25,7,89.256,89256.0
21,4,26,1,89.41,89410.0
21,4,27,3,89.274,89274.0
21,4,28,10,89.32300000000001,89323.0
21,4,29,8,89.507,89507.0
21,4,30,10,89.277,89277.0
21,4,31,5,89.262,89262.0
21,4,32,3,88.916,88916.0
21,4,33,3,89.354,89354.0
21,4,34,6,89.287,89287.0
21,4,35,8,89.285,89285.0
21,4,36,1,89.331,89331.0
21,4,37,9,89.244,89244.0
21,4,38,5,89.145,89145.0
21,4,39,4,89.292,88663.0
21,4,40,3,88.988,88988.0
21,4,41,1,88.836,88836.0
21,4,42,6,89.026,89026.0
21,4,43,6,88.898,88898.0
21,4,44,5,88.888,88888.0
21,4,45,2,88.749,88749.0
21,4,46,5,88.946,88946.0
21,4,47,1,88.788,88788.0
21,4,48,5,88.969,88969.0
21,4,49,8,88.961,88961.0
21,4,50,5,88.85900000000001,88859.0
21,4,51,1,89.002,89002.0
21,5,1,5,89.643,89643.0
21,5,2,7,89.794,89794.0
21,5,3,8,89.55,89550.0
21,5,4,1,89.794,89794.0
21,5,5,6,89.62,89620.0
21,5,6,7,89.931,89931.0
21,5,7,8,89.752,89752.0
21,5,8,4,89.971,89971.0
21,5,9,8,89.63,89630.0
21,5,10,1,89.495,89495.0
21,5,11,6,89.399,89399.0
21,5,12,3,89.596,89596.0
21,5,13,9,89.623,89623.0
21,5,14,10,89.655,89655.0
21,5,15,7,89.468,89468.0
21,5,16,1,89.672,89672.0
21,5,17,2,89.504,89504.0
21,5,18,6,89.729,89729.0
21,5,19,3,89.64099999999999,89641.0
21,5,20,4,89.535,89535.0
21,5,21,3,89.298,89298.0
21,5,22,10,89.282,89282.0
21,5,23,5,89.189,89189.0
21,5,24,9,89.243,89243.0
21,5,25,3,89.34,89340.0
21,5,26,5,89.243,89243.0
21,5,27,3,89.377,89377.0
21,5,28,3,89.13,89130.0
21,5,29,1,89.059,89059.0
21,5,30,6,89.056,89056.0
21,5,31,7,89.441,89441.0
21,5,32,9,89.18,89180.0
21,5,33,6,89.39,89390.0
21,5,34,8,89.15899999999999,89159.0
21,5,35,2,89.408,89408.0
21,5,36,4,89.453,89453.0
21,5,37,3,89.246,89246.0
21,5,38,2,89.304,89304.0
21,5,39,8,89.136,89136.0
21,5,40,10,88.874,88874.0
21,5,41,3,88.761,88761.0
21,5,42,6,88.871,88871.0
21,5,43,6,89.06700000000001,89067.0
21,5,44,9,89.139,89139.0
21,5,45,4,88.589,88589.0
21,5,46,3,88.797,88797.0
21,5,47,3,89.011,89011.0
21,5,48,4,88.648,88648.0
21,5,49,4,88.786,88786.0
21,5,50,3,88.64099999999999,88641.0
21,5,51,9,89.03999999999999,89040.0
21,6,1,7,89.202,89202.0
21,6,2,4,89.246,89246.0
21,6,3,5,89.42,88663.0
21,6,4,2,88.941,88663.0
21,6,5,7,89.209,89209.0
21,6,6,7,89.23400000000001,89234.0
21,6,7,3,89.289,89289.0
21,6,8,7,89.128,89128.0
21,6,9,10,89.001,89001.0
21,6,10,5,89.14,89140.0
21,6,11,10,89.333,89333.0
21,6,12,10,89.23400000000001,89234.0
21,6,13,10,89.307,89307.0
21,6,14,10,89.05,89050.0
21,6,15,5,88.763,88763.0
21,6,16,7,89.02799999999999,89028.0
21,6,17,3,88.969,88969.0
21,6,18,4,89.035,89035.0
21,6,19,10,89.098,89098.0
21,6,20,7,88.959,88663.0
21,6,21,1,88.635,88635.0
21,6,22,5,88.967,88967.0
21,6,23,6,88.749,88749.0
21,6,24,5,88.977,88977.0
21,6,25,7,88.876,88876.0
21,6,26,10,88.748,88748.0
21,6,27,10,88.462,88462.0
21,6,28,1,88.709,88709.0
21,6,29,1,88.725,88725.0
21,6,30,10,88.875,88875.0
21,6,31,10,88.602,88602.0
21,6,32,1,88.807,88807.0
21,6,33,4,88.707,88707.0
21,6,34,4,88.771,88771.0
21,6,35,7,88.779,88779.0
21,6,36,2,88.616,88616.0
21,6,37,1,88.753,88753.0
21,6,38,8,88.56,88560.0
21,6,39,1,88.77799999999999,88778.0
21,6,40,10,88.418,88418.0
21,6,41,9,88.499,88499.0
21,6,42,1,88.34,88340.0
21,6,43,10,88.08,88080.0
21,6,44,6,88.481,88663.0
21,6,45,1,88.215,88215.0
21,6,46,8,88.43299999999999,88433.0
21,6,47,9,88.254,88254.0
21,6,48,1,88.45,88450.0
21,6,49,10,88.494,88494.0
21,6,50,6,88.468,88468.0
21,6,51,7,88.263,88263.0
21,7,1,2,89.868,89868.0
21,7,2,10,89.878,89878.0
21,7,3,2,89.787,89787.0
21,7,4,6,89.657,89657.0
21,7,5,6,89.76,89760.0
21,7,6,5,89.80199999999999,89802.0
21,7,7,8,89.759,89759.0
21,7,8,6,89.589,89589.0
21,7,9,5,89.777,89777.0
21,7,10,10,89.785,89785.0
21,7,11,7,89.805,89805.0
21,7,12,5,89.529,89529.0
21,7,13,9,89.646,89646.0
21,7,14,3,89.519,89519.0
21,7,15,7,89.689,89689.0
21,7,16,3,89.436,89436.0
21,7,17,10,89.702,89702.0
21,7,18,8,89.429,89429.0
21,7,19,6,89.656,89656.0
21,7,20,1,89.398,89398.0
21,7,21,6,89.447,89447.0
21,7,22,5,89.48400000000001,89484.0
21,7,23,5,89.51599999999999,89516.0
21,7,24,8,89.5,89500.0
21,7,25,6,89.328,89328.0
21,7,26,9,88.962,88962.0
21,7,27,5,89.389,89389.0
21,7,28,1,89.463,89463.0
21,7,29,7,89.30199999999999,89302.0
21,7,30,3,89.53399999999999,89534.0
21,7,31,3,89.247,89247.0
21,7,32,8,89.549,89549.0
21,7,33,4,89.102,89102.0
21,7,34,10,89.22,89220.0
21,7,35,7,89.219,89219.0
21,7,36,10,89.35,89350.0
21,7,37,6,89.246,89246.0
21,7,38,7,89.246,89246.0
21,7,39,8,89.049,89049.0
21,7,40,9,88.936,88936.0
21,7,41,4,88.947,88947.0
21,7,42,1,89.135,89135.0
21,7,43,9,88.8,88800.0
21,7,44,10,88.856,88856.0
21,7,45,2,89.127,89127.0
21,7,46,8,89.006,89006.0
21,7,47,9,88.964,88964.0
21,7,48,10,88.965,88663.0
21,7,49,7,88.842,88842.0
21,7,50,3,88.85900000000001,88859.0
21,7,51,9,88.757,88757.0
21,8,1,8,89.703,89703.0
21,8,2,1,89.542,89542.0
21,8,3,7,89.752,89752.0
21,8,4,7,89.418,89418.0
21,8,5,8,89.471,89471.0
21,8,6,5,89.663,89663.0
21,8,7,5,89.303,89303.0
21,8,8,10,89.793,89793.0
21,8,9,7,89.428,89428.0
21,8,10,2,89.299,89299.0
21,8,11,6,89.31,89310.0
21,8,12,7,89.57300000000001,89573.0
21,8,13,4,89.571,89571.0
21,8,14,8,89.508,89508.0
21,8,15,1,89.446,89446.0
21,8,16,3,89.436,89436.0
21,8,17,8,89.559,89559.0
21,8,18,10,89.498,89498.0
21,8,19,8,89.524,89524.0
21,8,20,4,89.219,89219.0
21,8,21,4,89.366,89366.0
21,8,22,5,89.186,89186.0
21,8,23,4,89.129,89129.0
21,8,24,1,89.057,89057.0
21,8,25,10,89.132,89132.0
21,8,26,2,89.23400000000001,89234.0
21,8,27,9,89.304,89304.0
21,8,28,10,89.244,89244.0
21,8,29,3,89.239,89239.0
21,8,30,7,89.20400000000001,89204.0
21,8,31,7,89.20400000000001,89204.0
21,8,32,7,89.09,89090.0
21,8,33,9,89.115,89115.0
21,8,34,10,88.91,88910.0
21,8,35,9,88.94200000000001,88942.0
21,8,36,5,89.191,89191.0
21,8,37,3,89.076,89076.0
21,8,38,4,88.98400000000001,88984.0
21,8,39,4,88.94800000000001,88948.0
21,8,40,2,88.965,88965.0
21,8,41,5,88.93,88930.0
21,8,42,10,88.923,88923.0
21,8,43,9,88.793,88793.0
21,8,44,10,88.932,88932.0
21,8,45,5,88.668,88668.0
21,8,46,1,88.577,88577.0
21,8,47,9,88.937,88937.0
21,8,48,7,88.908,88908.0
21,8,49,8,88.725,88725.0
21,8,50,8,89.047,89047.0
21,8,51,7,88.738,88738.0
21,9,1,1,89.756,89756.0
21,9,2,8,89.518,89518.0
21,9,3,5,89.471,89471.0
21,9,4,3,89.646,89646.0
21,9,5,5,89.53999999999999,89540.0
21,9,6,7,89.797,89797.0
21,9,7,9,89.563,89563.0
21,9,8,8,89.644,89644.0
21,9,9,2,89.463,89463.0
21,9,10,4,89.581,89581.0
21,9,11,9,89.31,89310.0
21,9,12,1,89.523,89523.0
21,9,13,5,89.458,89458.0
21,9,14,4,89.439,89439.0
21,9,15,8,89.468,89468.0
21,9,16,6,89.556,89556.0
21,9,17,6,89.392,89392.0
21,9,18,9,89.305,89305.0
21,9,19,10,89.429,89429.0
21,9,20,8,89.065,89065.0
21,9,21,6,89.193,89193.0
21,9,22,7,89.271,89271.0
21,9,23,9,89.026,89026.0
21,9,24,4,89.254,89254.0
21,9,25,2,89.08500000000001,89085.0
21,9,26,4,89.186,89186.0
21,9,27,9,88.943,88943.0
21,9,28,9,89.252,89252.0
21,9,29,7,89.282,89282.0
21,9,30,8,88.91,88910.0
21,9,31,7,89.039,89039.0
21,9,32,5,88.81700000000001,88817.0
21,9,33,6,88.815,88815.0
21,9,34,1,89.003,89003.0
21,9,35,1,88.96600000000001,88966.0
21,9,36,5,88.913,88913.0
21,9,37,3,88.98400000000001,88984.0
21,9,38,1,88.957,88957.0
21,9,39,9,88.858,88858.0
21,9,40,2,88.695,88695.0
21,9,41,10,88.594,88594.0
21,9,42,7,88.947,88947.0
21,9,43,7,88.831,88831.0
21,9,44,9,88.822,88822.0
21,9,45,1,88.652,88652.0
21,9,46,1,88.697,88697.0
21,9,47,5,88.575,88575.0
21,9,48,3,88.541,88541.0
21,9,49,9,88.59,88590.0
21,9,50,6,88.712,88712.0
21,9,51,8,88.643,88643.0
21,10,1,8,89.445,89445.0
21,10,2,9,89.196,89196.0
21,10,3,3,89.34700000000001,89347.0
21,10,4,3,89.386,89386.0
21,10,5,4,89.369,89369.0
21,10,6,10,89.327,89327.0
21,10,7,9,89.25,89250.0
21,10,8,9,89.114,89114.0
21,10,9,9,89.134,89134.0
21,10,10,7,89.337,89337.0
21,10,11,1,89.062,89062.0
21,10,12,3,89.186,89186.0
21,10,13,7,89.235,89235.0
21,10,14,5,89.22200000000001,89222.0
21,10,15,2,89.297,89297.0
21,10,16,4,89.168,89168.0
21,10,17,4,89.106,89106.0
21,10,18,2,89.111,89111.0
21,10,19,5,89.214,89214.0
21,10,20,2,88.953,88953.0
21,10,21,2,88.725,88725.0
21,10,22,2,88.801,88801.0
21,10,23,10,88.914,88914.0
21,10,24,7,89.086,89086.0
21,10,25,4,88.865,88865.0
21,10,26,8,88.669,88669.0
21,10,27,5,88.939,88939.0
21,10,28,8,88.608,88608.0
21,10,29,3,88.78399999999999,88784.0
21,10,30,3,88.72200000000001,88722.0
21,10,31,3,88.76599999999999,88766.0
21,10,32,4,88.699,88699.0
21,10,33,2,88.66,88660.0
21,10,34,9,88.62,88620.0
21,10,35,7,88.675,88675.0
21,10,36,7,88.79599999999999,88796.0
21,10,37,7,88.741,88741.0
21,10,38,4,88.936,88936.0
21,10,39,10,88.782,88782.0
21,10,40,8,88.542,88542.0
21,10,41,3,88.501,88501.0
21,10,42,7,88.434,88434.0
21,10,43,8,88.307,88307.0
21,10,44,1,88.417,88417.0
21,10,45,9,88.587,88587.0
21,10,46,10,88.33,88330.0
21,10,47,7,88.547,88547.0
21,10,48,5,88.621,88621.0
21,10,49,7,88.221,88221.0
21,10,50,6,88.424,88424.0
21,10,51,7,88.5,88500.0
22,1,1,10,93.161,93161.0
22,1,2,1,92.85,92850.0
22,1,3,3,93.108,93108.0
22,1,4,3,93.203,93203.0
22,1,5,10,93.031,93031.0
22,1,6,6,93.07,93070.0
22,1,7,8,92.94,92940.0
22,1,8,1,92.99199999999999,92992.0
22,1,9,9,92.88499999999999,92885.0
22,1,10,9,93.221,93221.0
22,1,11,7,93.10499999999999,93105.0
22,1,12,9,93.158,93158.0
22,1,13,3,92.86500000000001,92865.0
22,1,14,3,92.90100000000001,92901.0
22,1,15,9,93.188,93188.0
22,1,16,5,92.729,92729.0
22,1,17,1,93.108,93108.0
22,1,18,1,92.856,92856.0
22,1,19,6,92.979,92979.0
22,1,20,10,92.72800000000001,92728.0
22,1,21,10,92.547,92547.0
22,1,22,1,92.812,92812.0
22,1,23,10,92.69,92690.0
22,1,24,2,92.701,92701.0
22,1,25,4,92.459,92459.0
22,1,26,2,92.568,92568.0
22,1,27,3,92.706,92706.0
22,1,28,5,92.668,92668.0
22,1,29,2,92.593,92593.0
22,1,30,3,92.76599999999999,92766.0
22,1,31,10,92.49600000000001,92496.0
22,1,32,3,92.55799999999999,92558.0
22,1,33,1,92.631,92631.0
22,1,34,6,92.682,92682.0
22,1,35,6,92.713,92713.0
22,1,36,8,92.559,92559.0
22,1,37,4,92.47999999999999,92480.0
22,1,38,5,92.405,88663.0
22,1,39,8,92.622,92622.0
22,1,40,1,92.25999999999999,92260.0
22,1,41,6,92.282,92282.0
22,1,42,6,92.303,92303.0
22,1,43,6,92.282,92282.0
22,1,44,7,92.364,92364.0
22,1,45,3,92.28999999999999,92290.0
22,1,46,10,92.441,92441.0
22,1,47,5,92.095,92095.0
22,1,48,1,91.975,91975.0
22,1,49,1,92.263,92263.0
22,1,50,10,92.068,92068.0
22,1,51,10,92.352,92352.0
22,1,52,7,92.131,92131.0
22,1,53,3,92.178,92178.0
22,2,1,7,93.803,93803.0
22,2,2,9,94.064,94064.0
22,2,3,6,93.825,93825.0
22,2,4,9,94.00800000000001,94008.0
22,2,5,9,93.876,93876.0
22,2,6,2,93.743,93743.0
22,2,7,9,94.09899999999999,94099.0
22,2,8,8,93.801,93801.0
22,2,9,3,93.807,93807.0
22,2,10,7,93.756,93756.0
22,2,11,4,93.785,93785.0
22,2,12,1,93.59899999999999,93599.0
22,2,13,8,93.769,93769.0
22,2,14,2,93.803,93803.0
22,2,15,9,93.715,93715.0
22,2,16,1,93.85499999999999,93855.0
22,2,17,6,93.90899999999999,93909.0
22,2,18,9,93.793,93793.0
22,2,19,2,93.8,93800.0
22,2,20,3,93.24000000000001,93240.0
22,2,21,4,93.503,93503.0
22,2,22,8,93.72399999999999,88663.0
22,2,23,1,93.32,93320.0
22,2,24,1,93.49000000000001,93490.0
22,2,25,7,93.47800000000001,93478.0
22,2,26,2,93.452,93452.0
22,2,27,8,93.244,93244.0
22,2,28,5,93.44800000000001,93448.0
22,2,29,6,93.241,93241.0
22,2,30,5,93.352,93352.0
22,2,31,1,93.628,93628.0
22,2,32,3,93.499,93499.0
22,2,33,3,93.452,93452.0
22,2,34,6,93.41,93410.0
22,2,35,8,93.199,93199.0
22,2,36,6,93.3,93300.0
22,2,37,10,93.449,93449.0
22,2,38,10,93.21600000000001,93216.0
22,2,39,10,93.39500000000001,93395.0
22,2,40,7,93.175,93175.0
22,2,41,4,93.25399999999999,105601.75
22,2,42,6,93.056,93056.0
22,2,43,9,92.96600000000001,92966.0
22,2,44,6,92.93,92930.0
22,2,45,3,92.94,92940.0
22,2,46,5,93.107,93107.0
22,2,47,2,93.163,93163.0
22,2,48,1,92.815,92815.0
22,2,49,10,92.999,92999.0
22,2,50,9,92.926,92926.0
22,2,51,9,93.114,93114.0
22,2,52,6,93.07,93070.0
22,2,53,3,92.837,92837.0
22,3,1,4,94.588,94588.0
22,3,2,4,94.80199999999999,94802.0
22,3,3,9,94.66499999999999,94665.0
22,3,4,7,94.708,94708.0
22,3,5,5,95.11,95110.0
22,3,6,3,94.72200000000001,94722.0
22,3,7,6,94.572,88663.0
22,3,8,10,94.72399999999999,94724.0
22,3,9,9,94.548,94548.0
22,3,10,2,94.82,94820.0
22,3,11,9,94.797,94797.0
22,3,12,5,94.583,94583.0
22,3,13,2,94.84899999999999,94849.0
22,3,14,1,94.64500000000001,94645.0
22,3,15,1,94.738,94738.0
22,3,16,6,94.494,94494.0
22,3,17,7,94.56,94560.0
22,3,18,4,94.713,94713.0
22,3,19,4,94.669,94669.0
22,3,20,6,94.47,94470.0
22,3,21,3,94.309,94309.0
22,3,22,1,94.428,94428.0
22,3,23,3,94.515,94515.0
22,3,24,9,94.259,94259.0
22,3,25,9,94.45,94450.0
22,3,26,5,94.22200000000001,94222.0
22,3,27,7,94.146,94146.0
22,3,28,7,94.074,94074.0
22,3,29,1,94.06,94060.0
22,3,30,6,94.255,94255.0
22,3,31,10,94.108,94108.0
22,3,32,2,94.259,94259.0
22,3,33,7,94.161,94161.0
22,3,34,8,94.263,94263.0
22,3,35,1,94.338,94338.0
22,3,36,10,94.019,94019.0
22,3,37,1,94.24199999999999,94242.0
22,3,38,10,94.05799999999999,94058.0
22,3,39,10,94.188,94188.0
22,3,40,6,93.837,93837.0
22,3,41,4,93.938,93938.0
22,3,42,10,93.75,93750.0
22,3,43,5,93.74000000000001,93740.0
22,3,44,5,93.94800000000001,93948.0
22,3,45,5,93.955,93955.0
22,3,46,1,93.76599999999999,93766.0
22,3,47,8,93.988,93988.0
22,3,48,1,93.86,93860.0
22,3,49,8,93.832,93832.0
22,3,50,5,93.866,93866.0
22,3,51,6,94.029,94029.0
22,3,52,7,93.79599999999999,93796.0
22,3,53,9,93.884,93884.0
22,4,1,8,93.402,93402.0
22,4,2,6,93.31,93310.0
22,4,3,10,93.378,93378.0
22,4,4,1,93.36,93360.0
22,4,5,3,93.523,93523.0
22,4,6,7,93.38,93380.0
22,4,7,9,93.286,93286.0
22,4,8,1,93.41499999999999,93415.0
22,4,9,5,93.10300000000001,93103.0
22,4,10,9,93.298,93298.0
22,4,11,6,93.24600000000001,93246.0
22,4,12,4,93.049,93049.0
22,4,13,3,93.47800000000001,93478.0
22,4,14,10,93.241,93241.0
22,4,15,8,93.494,93494.0
22,4,16,4,93.435,93435.0
22,4,17,5,93.07300000000001,93073.0
22,4,18,7,93.281,93281.0
22,4,19,10,93.24799999999999,93248.0
22,4,20,1,92.755,92755.0
22,4,21,1,93.027,93027.0
22,4,22,10,93.047,93047.0
22,4,23,4,92.878,92878.0
22,4,24,4,92.826,92826.0
22,4,25,8,92.875,92875.0
22,4,26,7,92.812,92812.0
22,4,27,9,92.866,92866.0
22,4,28,6,92.79599999999999,92796.0
22,4,29,1,92.723,92723.0
22,4,30,7,92.811,92811.0
22,4,31,3,92.902,92902.0
22,4,32,1,93.018,93018.0
22,4,33,5,92.86699999999999,92867.0
22,4,34,6,92.786,92786.0
22,4,35,4,92.935,92935.0
22,4,36,4,92.72399999999999,92724.0
22,4,37,9,92.8,92800.0
22,4,38,6,93.107,93107.0
22,4,39,4,92.75800000000001,92758.0
22,4,40,4,92.768,92768.0
22,4,41,9,92.62299999999999,92623.0
22,4,42,4,92.381,92381.0
22,4,43,10,92.616,92616.0
22,4,44,3,92.584,92584.0
22,4,45,10,92.65899999999999,92659.0
22,4,46,10,92.60300000000001,92603.0
22,4,47,5,92.363,92363.0
22,4,48,4,92.65100000000001,92651.0
22,4,49,7,92.449,92449.0
22,4,50,10,92.463,92463.0
22,4,51,5,92.503,92503.0
22,4,52,7,92.47399999999999,92474.0
22,4,53,5,92.47200000000001,92472.0
22,5,1,3,93.118,93118.0
22,5,2,3,93.24600000000001,93246.0
22,5,3,2,93.176,93176.0
22,5,4,6,93.143,93143.0
22,5,5,8,93.075,93075.0
22,5,6,10,93.20400000000001,93204.0
22,5,7,9,93.025,93025.0
22,5,8,10,93.044,93044.0
22,5,9,7,92.83,92830.0
22,5,10,7,92.908,92908.0
22,5,11,9,93.095,93095.0
22,5,12,2,92.961,92961.0
22,5,13,6,92.987,92987.0
22,5,14,9,92.967,92967.0
22,5,15,6,92.894,92894.0
22,5,16,7,92.989,92989.0
22,5,17,3,93.102,93102.0
22,5,18,5,93.025,93025.0
22,5,19,2,93.288,93288.0
22,5,20,1,92.76599999999999,92766.0
22,5,21,1,92.536,92536.0
22,5,22,3,92.783,92783.0
22,5,23,9,92.68,92680.0
22,5,24,7,92.762,92762.0
22,5,25,6,92.545,92545.0
22,5,26,10,92.54599999999999,92546.0
22,5,27,9,92.596,92596.0
22,5,28,3,92.86699999999999,92867.0
22,5,29,7,92.551,92551.0
22,5,30,3,92.682,92682.0
22,5,31,6,92.73400000000001,92734.0
22,5,32,5,92.59899999999999,92599.0
22,5,33,4,92.761,92761.0
22,5,34,5,92.846,92846.0
22,5,35,10,92.684,92684.0
22,5,36,2,92.55799999999999,92558.0
22,5,37,2,92.432,92432.0
22,5,38,2,92.613,92613.0
22,5,39,10,92.578,92578.0
22,5,40,6,92.169,92169.0
22,5,41,3,92.314,92314.0
22,5,42,7,92.447,92447.0
22,5,43,7,92.393,92393.0
22,5,44,9,92.268,92268.0
22,5,45,5,92.093,92093.0
22,5,46,1,92.00200000000001,92002.0
22,5,47,2,92.24799999999999,92248.0
22,5,48,3,92.226,92226.0
22,5,49,3,92.532,92532.0
22,5,50,10,92.387,92387.0
22,5,51,3,92.144,92144.0
22,5,52,1,92.322,92322.0
22,5,53,2,92.126,92126.0
22,6,1,9,93.306,93306.0
22,6,2,2,93.08500000000001,93085.0
22,6,3,6,93.019,93019.0
22,6,4,6,93.042,93042.0
22,6,5,7,93.13499999999999,93135.0
22,6,6,5,93.184,105601.75
22,6,7,4,92.941,92941.0
22,6,8,4,93.126,93126.0
22,6,9,7,93.202,93202.0
22,6,10,8,93.098,93098.0
22,6,11,8,93.033,93033.0
22,6,12,8,93.321,93321.0
22,6,13,8,93.05799999999999,93058.0
22,6,14,3,93.11099999999999,93111.0
22,6,15,4,92.99799999999999,92998.0
22,6,16,10,92.86500000000001,92865.0
22,6,17,10,92.959,92959.0
22,6,18,8,93.268,93268.0
22,6,19,10,93.05199999999999,93052.0
22,6,20,4,92.642,92642.0
22,6,21,1,92.684,92684.0
22,6,22,10,92.72800000000001,92728.0
22,6,23,10,92.726,92726.0
22,6,24,1,92.73599999999999,92736.0
22,6,25,6,92.686,92686.0
22,6,26,10,92.88499999999999,92885.0
22,6,27,9,92.769,92769.0
22,6,28,3,92.47800000000001,92478.0
22,6,29,8,92.656,92656.0
22,6,30,9,92.86500000000001,92865.0
22,6,31,3,92.655,92655.0
22,6,32,6,92.513,92513.0
22,6,33,4,92.803,92803.0
22,6,34,5,92.80199999999999,92802.0
22,6,35,2,92.717,92717.0
22,6,36,7,92.844,92844.0
22,6,37,1,92.763,92763.0
22,6,38,2,92.59100000000001,92591.0
22,6,39,6,92.67,92670.0
22,6,40,1,92.25800000000001,92258.0
22,6,41,5,92.36500000000001,92365.0
22,6,42,1,92.156,92156.0
22,6,43,7,92.345,92345.0
22,6,44,7,92.47999999999999,88663.0
22,6,45,7,92.544,92544.0
22,6,46,10,92.425,92425.0
22,6,47,3,92.34700000000001,92347.0
22,6,48,5,92.304,92304.0
22,6,49,7,92.345,92345.0
22,6,50,2,92.255,92255.0
22,6,51,6,92.37700000000001,92377.0
22,6,52,8,92.193,92193.0
22,6,53,2,92.11699999999999,92117.0
22,7,1,3,93.162,93162.0
22,7,2,5,93.386,93386.0
22,7,3,3,93.369,93369.0
22,7,4,8,93.432,93432.0
22,7,5,8,93.256,93256.0
22,7,6,1,93.267,93267.0
22,7,7,9,93.45,93450.0
22,7,8,5,93.143,93143.0
22,7,9,3,93.03399999999999,93034.0
22,7,10,7,93.398,93398.0
22,7,11,8,93.497,93497.0
22,7,12,1,93.42099999999999,93421.0
22,7,13,2,93.445,93445.0
22,7,14,7,93.344,93344.0
22,7,15,9,93.076,93076.0
22,7,16,7,93.25800000000001,93258.0
22,7,17,6,93.202,93202.0
22,7,18,6,93.394,93394.0
22,7,19,7,93.107,93107.0
22,7,20,3,92.988,92988.0
22,7,21,7,92.839,92839.0
22,7,22,9,92.72999999999999,92730.0
22,7,23,2,92.98400000000001,92984.0
22,7,24,1,92.819,92819.0
22,7,25,10,92.685,92685.0
22,7,26,8,92.881,92881.0
22,7,27,7,92.80799999999999,92808.0
22,7,28,9,92.857,92857.0
22,7,29,7,92.934,92934.0
22,7,30,5,92.727,92727.0
22,7,31,10,92.85499999999999,92855.0
22,7,32,6,92.85900000000001,92859.0
22,7,33,4,92.854,92854.0
22,7,34,10,92.731,92731.0
22,7,35,9,92.719,92719.0
22,7,36,5,92.964,92964.0
22,7,37,5,92.87,92870.0
22,7,38,9,92.84100000000001,92841.0
22,7,39,6,92.839,92839.0
22,7,40,5,92.511,92511.0
22,7,41,10,92.485,92485.0
22,7,42,10,92.656,92656.0
22,7,43,7,92.54599999999999,92546.0
22,7,44,9,92.667,92667.0
22,7,45,7,92.344,92344.0
22,7,46,8,92.5,92500.0
22,7,47,9,92.56700000000001,92567.0
22,7,48,6,92.47399999999999,92474.0
22,7,49,4,92.423,92423.0
22,7,50,1,92.297,92297.0
22,7,51,8,92.411,92411.0
22,7,52,10,92.33,92330.0
22,7,53,6,92.48400000000001,92484.0
22,8,1,7,93.392,93392.0
22,8,2,9,93.27600000000001,93276.0
22,8,3,5,93.312,93312.0
22,8,4,6,93.593,93593.0
22,8,5,8,93.13300000000001,93133.0
22,8,6,4,93.537,93537.0
22,8,7,5,93.325,93325.0
22,8,8,1,93.348,105601.75
22,8,9,8,93.04599999999999,93046.0
22,8,10,5,93.25,93250.0
22,8,11,4,93.294,93294.0
22,8,12,9,93.444,93444.0
22,8,13,3,93.233,93233.0
22,8,14,5,93.36500000000001,93365.0
22,8,15,3,93.205,93205.0
22,8,16,2,93.181,93181.0
22,8,17,9,92.90899999999999,92909.0
22,8,18,9,93.225,93225.0
22,8,19,10,93.2,93200.0
22,8,20,5,92.976,92976.0
22,8,21,3,92.687,92687.0
22,8,22,9,93.118,93118.0
22,8,23,8,92.837,92837.0
22,8,24,4,93.066,93066.0
22,8,25,3,92.928,92928.0
22,8,26,2,92.979,92979.0
22,8,27,6,92.869,92869.0
22,8,28,4,93.02600000000001,93026.0
22,8,29,10,92.743,92743.0
22,8,30,6,92.864,92864.0
22,8,31,9,92.925,92925.0
22,8,32,3,92.674,92674.0
22,8,33,9,92.941,92941.0
22,8,34,5,92.693,92693.0
22,8,35,7,92.553,92553.0
22,8,36,6,92.93,92930.0
22,8,37,6,92.836,92836.0
22,8,38,7,92.827,92827.0
22,8,39,8,92.66499999999999,92665.0
22,8,40,4,92.481,92481.0
22,8,41,1,92.494,92494.0
22,8,42,8,92.548,92548.0
22,8,43,1,92.333,92333.0
22,8,44,4,92.50200000000001,92502.0
22,8,45,2,92.384,92384.0
22,8,46,7,92.464,92464.0
22,8,47,5,92.47999999999999,92480.0
22,8,48,3,92.55199999999999,92552.0
22,8,49,8,92.425,92425.0
22,8,50,2,92.314,92314.0
22,8,51,6,92.459,92459.0
22,8,52,5,92.32,92320.0
22,8,53,6,92.583,92583.0
22,9,1,1,93.337,93337.0
22,9,2,10,93.295,93295.0
22,9,3,8,93.458,93458.0
22,9,4,10,93.437,93437.0
22,9,5,2,93.47200000000001,93472.0
22,9,6,4,93.44200000000001,93442.0
22,9,7,1,93.239,93239.0
22,9,8,1,93.34700000000001,93347.0
22,9,9,1,93.456,93456.0
22,9,10,6,93.199,93199.0
22,9,11,2,93.387,93387.0
22,9,12,10,93.39500000000001,93395.0
22,9,13,5,93.352,93352.0
22,9,14,4,93.303,93303.0
22,9,15,9,93.337,93337.0
22,9,16,10,93.538,93538.0
22,9,17,6,93.357,88663.0
22,9,18,7,93.33500000000001,93335.0
22,9,19,9,93.293,93293.0
22,9,20,8,93.107,93107.0
22,9,21,8,93.213,93213.0
22,9,22,2,93.206,93206.0
22,9,23,10,92.93,92930.0
22,9,24,9,93.089,93089.0
22,9,25,7,92.993,92993.0
22,9,26,5,92.964,92964.0
22,9,27,2,93.122,93122.0
22,9,28,8,93.158,93158.0
22,9,29,1,92.961,92961.0
22,9,30,2,93.12899999999999,93129.0
22,9,31,5,92.917,92917.0
22,9,32,7,92.926,92926.0
22,9,33,6,92.93,92930.0
22,9,34,9,93.088,93088.0
22,9,35,5,93.051,93051.0
22,9,36,8,92.882,92882.0
22,9,37,8,92.94200000000001,92942.0
22,9,38,8,92.925,92925.0
22,9,39,6,92.89,92890.0
22,9,40,1,92.62700000000001,92627.0
22,9,41,9,92.69,92690.0
22,9,42,7,92.664,92664.0
22,9,43,5,92.622,92622.0
22,9,44,4,92.586,92586.0
22,9,45,5,92.565,92565.0
22,9,46,9,92.378,92378.0
22,9,47,8,92.606,92606.0
22,9,48,2,92.561,92561.0
22,9,49,10,92.295,88663.0
22,9,50,1,92.804,92804.0
22,9,51,5,92.532,92532.0
22,9,52,8,92.545,92545.0
22,9,53,5,92.655,92655.0
22,10,1,2,93.794,93794.0
22,10,2,3,93.655,93655.0
22,10,3,3,93.63499999999999,93635.0
22,10,4,3,93.774,93774.0
22,10,5,3,93.458,93458.0
22,10,6,3,93.583,93583.0
22,10,7,8,93.676,93676.0
22,10,8,5,93.845,93845.0
22,10,9,1,93.607,93607.0
22,10,10,5,93.718,93718.0
22,10,11,9,93.69,93690.0
22,10,12,8,93.569,93569.0
22,10,13,2,93.481,93481.0
22,10,14,9,93.643,93643.0
22,10,15,6,93.587,93587.0
22,10,16,1,93.66499999999999,93665.0
22,10,17,3,93.553,93553.0
22,10,18,9,93.537,93537.0
22,10,19,2,93.66,93660.0
22,10,20,6,93.338,93338.0
22,10,21,7,93.299,93299.0
22,10,22,2,93.262,93262.0
22,10,23,5,93.101,93101.0
22,10,24,8,93.11699999999999,93117.0
22,10,25,6,93.402,93402.0
22,10,26,8,93.197,93197.0
22,10,27,4,93.39699999999999,93397.0
22,10,28,4,93.16,93160.0
22,10,29,9,93.02199999999999,93022.0
22,10,30,5,93.458,93458.0
22,10,31,4,93.024,93024.0
22,10,32,7,93.226,93226.0
22,10,33,2,93.14699999999999,93147.0
22,10,34,1,93.187,93187.0
22,10,35,5,93.24199999999999,93242.0
22,10,36,10,93.208,93208.0
22,10,37,7,93.043,93043.0
22,10,38,7,92.961,92961.0
22,10,39,9,93.113,93113.0
22,10,40,7,93.02600000000001,93026.0
22,10,41,1,92.898,92898.0
22,10,42,1,92.89500000000001,92895.0
22,10,43,3,92.634,92634.0
22,10,44,3,92.843,92843.0
22,10,45,1,92.907,92907.0
22,10,46,5,92.762,92762.0
22,10,47,5,92.828,92828.0
22,10,48,2,92.943,92943.0
22,10,49,6,92.928,92928.0
22,10,50,1,92.827,92827.0
22,10,51,8,92.858,92858.0
22,10,52,1,93.01599999999999,93016.0
22,10,53,9,92.806,92806.0
23,1,1,4,92.824,92824.0
23,1,2,3,92.658,92658.0
23,1,3,8,92.825,92825.0
23,1,4,6,92.65100000000001,92651.0
23,1,5,9,92.74000000000001,92740.0
23,1,6,2,92.82300000000001,92823.0
23,1,7,2,92.729,92729.0
23,1,8,10,92.354,88663.0
23,1,9,2,92.557,92557.0
23,1,10,5,92.624,92624.0
23,1,11,4,92.78999999999999,92790.0
23,1,12,10,92.473,92473.0
23,1,13,5,92.549,92549.0
23,1,14,7,92.495,92495.0
23,1,15,4,92.69,92690.0
23,1,16,4,92.649,92649.0
23,1,17,4,92.62299999999999,92623.0
23,1,18,4,92.431,92431.0
23,1,19,4,92.536,92536.0
23,1,20,5,92.201,92201.0
23,1,21,1,92.22200000000001,92222.0
23,1,22,3,92.256,92256.0
23,1,23,9,92.399,92399.0
23,1,24,3,92.187,92187.0
23,1,25,10,92.387,92387.0
23,1,26,6,92.197,92197.0
23,1,27,2,92.186,92186.0
23,1,28,3,92.3,92300.0
23,1,29,3,92.17699999999999,92177.0
23,1,30,2,92.22399999999999,92224.0
23,1,31,5,92.202,92202.0
23,1,32,4,92.281,92281.0
23,1,33,7,92.309,92309.0
23,1,34,9,92.142,92142.0
23,1,35,3,92.045,92045.0
23,1,36,7,92.122,92122.0
23,1,37,1,92.196,92196.0
23,1,38,7,92.08500000000001,92085.0
23,1,39,10,91.955,91955.0
23,1,40,5,91.799,91799.0
23,1,41,9,91.84,91840.0
23,1,42,4,91.768,91768.0
23,1,43,4,91.953,91953.0
23,1,44,8,91.857,91857.0
23,1,45,9,91.822,91822.0
23,1,46,5,92.116,92116.0
23,1,47,8,92.019,92019.0
23,1,48,8,91.625,91625.0
23,1,49,7,91.75,91750.0
23,1,50,5,91.884,91884.0
23,1,51,5,91.85,91850.0
23,1,52,1,91.69800000000001,91698.0
23,1,53,5,91.869,91869.0
23,1,54,9,91.873,91873.0
23,1,55,8,91.794,91794.0
23,1,56,9,91.777,91777.0
23,1,57,8,91.975,91975.0
23,1,58,8,91.84100000000001,91841.0
23,1,59,10,91.75,91750.0
23,1,60,10,91.493,91493.0
23,1,61,6,91.39699999999999,91397.0
23,2,1,5,92.078,92078.0
23,2,2,8,92.46000000000001,88663.0
23,2,3,6,92.362,92362.0
23,2,4,2,92.337,92337.0
23,2,5,1,92.193,92193.0
23,2,6,3,92.211,92211.0
23,2,7,7,92.09899999999999,92099.0
23,2,8,2,92.081,92081.0
23,2,9,2,92.279,92279.0
23,2,10,3,92.088,88663.0
23,2,11,7,92.17099999999999,92171.0
23,2,12,9,92.055,92055.0
23,2,13,4,92.045,92045.0
23,2,14,6,92.191,92191.0
23,2,15,10,92.211,92211.0
23,2,16,7,92.217,92217.0
23,2,17,9,92.035,92035.0
23,2,18,5,92.173,92173.0
23,2,19,7,92.229,92229.0
23,2,20,10,91.918,91918.0
23,2,21,5,91.80799999999999,91808.0
23,2,22,7,91.98400000000001,91984.0
23,2,23,7,91.854,91854.0
23,2,24,5,91.9,91900.0
23,2,25,4,91.826,91826.0
23,2,26,5,91.931,91931.0
23,2,27,8,91.757,91757.0
23,2,28,10,91.878,91878.0
23,2,29,4,91.84700000000001,91847.0
23,2,30,5,91.889,91889.0
23,2,31,2,91.767,91767.0
23,2,32,9,91.876,91876.0
23,2,33,1,91.701,91701.0
23,2,34,7,91.76,91760.0
23,2,35,1,91.822,91822.0
23,2,36,10,91.89099999999999,91891.0
23,2,37,6,91.752,91752.0
23,2,38,4,91.702,91702.0
23,2,39,1,91.748,91748.0
23,2,40,9,91.378,91378.0
23,2,41,5,91.355,91355.0
23,2,42,3,91.527,91527.0
23,2,43,8,91.396,91396.0
23,2,44,2,91.444,91444.0
23,2,45,9,91.569,91569.0
23,2,46,5,91.371,91371.0
23,2,47,8,91.331,91331.0
23,2,48,3,91.506,91506.0
23,2,49,10,91.53,91530.0
23,2,50,1,91.568,91568.0
23,2,51,8,91.533,91533.0
23,2,52,9,91.571,91571.0
23,2,53,1,91.29599999999999,91296.0
23,2,54,9,91.18,91180.0
23,2,55,1,91.17099999999999,91171.0
23,2,56,1,91.13,91130.0
23,2,57,2,91.127,91127.0
23,2,58,3,91.361,91361.0
23,2,59,9,91.117,88663.0
23,2,60,3,91.06700000000001,91067.0
23,2,61,3,90.84,90840.0
23,3,1,8,92.768,92768.0
23,3,2,8,92.94200000000001,92942.0
23,3,3,4,92.904,88663.0
23,3,4,1,93.168,93168.0
23,3,5,10,92.689,92689.0
23,3,6,10,93.071,93071.0
23,3,7,3,92.816,92816.0
23,3,8,10,92.946,92946.0
23,3,9,8,93.011,93011.0
23,3,10,1,92.894,92894.0
23,3,11,6,92.637,92637.0
23,3,12,10,93.101,93101.0
23,3,13,9,92.661,92661.0
23,3,14,8,92.52000000000001,92520.0
23,3,15,1,92.652,92652.0
23,3,16,1,92.811,92811.0
23,3,17,4,92.753,92753.0
23,3,18,10,92.551,92551.0
23,3,19,3,92.86500000000001,92865.0
23,3,20,2,92.352,92352.0
23,3,21,5,92.53,92530.0
23,3,22,10,92.687,92687.0
23,3,23,5,92.58,92580.0
23,3,24,8,92.51599999999999,92516.0
23,3,25,3,92.499,92499.0
23,3,26,6,92.493,92493.0
23,3,27,2,92.566,92566.0
23,3,28,6,92.565,92565.0
23,3,29,9,92.381,92381.0
23,3,30,2,92.50999999999999,92510.0
23,3,31,6,92.36099999999999,92361.0
23,3,32,10,92.52000000000001,92520.0
23,3,33,6,92.595,88663.0
23,3,34,7,92.619,92619.0
23,3,35,8,92.554,92554.0
23,3,36,6,92.37700000000001,92377.0
23,3,37,2,92.445,92445.0
23,3,38,7,92.369,92369.0
23,3,39,2,92.205,92205.0
23,3,40,2,92.414,92414.0
23,3,41,3,92.134,92134.0
23,3,42,8,92.11500000000001,92115.0
23,3,43,2,92.011,92011.0
23,3,44,6,92.113,92113.0
23,3,45,7,92.071,92071.0
23,3,46,6,92.144,92144.0
23,3,47,5,92.101,92101.0
23,3,48,8,92.155,92155.0
23,3,49,1,92.042,92042.0
23,3,50,9,92.232,92232.0
23,3,51,9,91.93299999999999,91933.0
23,3,52,10,92.10499999999999,92105.0
23,3,53,9,91.955,91955.0
23,3,54,5,92.128,92128.0
23,3,55,2,91.997,91997.0
23,3,56,6,92.238,92238.0
23,3,57,2,91.805,91805.0
23,3,58,7,91.764,91764.0
23,3,59,5,92.015,92015.0
23,3,60,4,91.833,91833.0
23,3,61,3,91.724,91724.0
23,4,1,1,91.913,91913.0
23,4,2,1,91.804,91804.0
23,4,3,4,91.767,91767.0
23,4,4,10,91.458,91458.0
23,4,5,8,91.743,91743.0
23,4,6,9,91.707,91707.0
23,4,7,2,91.674,91674.0
23,4,8,2,91.711,91711.0
23,4,9,2,91.76599999999999,91766.0
23,4,10,10,91.693,91693.0
23,4,11,9,91.852,91852.0
23,4,12,3,91.738,91738.0
23,4,13,8,91.55,91550.0
23,4,14,10,91.432,91432.0
23,4,15,7,91.588,91588.0
23,4,16,9,91.782,91782.0
23,4,17,6,91.589,91589.0
23,4,18,7,91.639,91639.0
23,4,19,3,91.562,91562.0
23,4,20,2,91.378,91378.0
23,4,21,5,91.511,88663.0
23,4,22,2,91.32300000000001,91323.0
23,4,23,1,91.495,91495.0
23,4,24,2,91.173,91173.0
23,4,25,10,91.456,91456.0
23,4,26,5,91.46600000000001,91466.0
23,4,27,4,91.025,91025.0
23,4,28,4,91.146,91146.0
23,4,29,9,91.305,91305.0
23,4,30,8,91.174,91174.0
23,4,31,4,91.32,91320.0
23,4,32,5,91.218,91218.0
23,4,33,5,91.337,91337.0
23,4,34,6,91.285,88663.0
23,4,35,5,91.3,91300.0
23,4,36,9,91.218,91218.0
23,4,37,4,91.217,91217.0
23,4,38,3,91.35,91350.0
23,4,39,4,91.238,91238.0
23,4,40,4,90.887,90887.0
23,4,41,6,91.066,91066.0
23,4,42,10,91.025,91025.0
23,4,43,5,90.997,90997.0
23,4,44,4,90.974,90974.0
23,4,45,6,90.795,90795.0
23,4,46,1,90.696,90696.0
23,4,47,3,90.857,90857.0
23,4,48,2,90.96600000000001,90966.0
23,4,49,7,90.736,90736.0
23,4,50,3,90.883,90883.0
23,4,51,2,90.735,90735.0
23,4,52,6,90.648,90648.0
23,4,53,10,90.884,90884.0
23,4,54,10,90.89,90890.0
23,4,55,9,90.83500000000001,90835.0
23,4,56,7,90.642,90642.0
23,4,57,2,90.803,90803.0
23,4,58,4,90.822,90822.0
23,4,59,7,90.656,90656.0
23,4,60,4,90.491,90491.0
23,4,61,2,90.429,90429.0
23,5,1,7,92.09700000000001,92097.0
23,5,2,9,92.041,92041.0
23,5,3,5,91.681,91681.0
23,5,4,9,91.855,91855.0
23,5,5,10,92.174,92174.0
23,5,6,2,91.96600000000001,91966.0
23,5,7,1,91.914,91914.0
23,5,8,3,91.858,91858.0
23,5,9,5,91.709,91709.0
23,5,10,5,91.998,91998.0
23,5,11,9,91.763,91763.0
23,5,12,7,91.881,91881.0
23,5,13,7,91.871,91871.0
23,5,14,6,91.946,91946.0
23,5,15,4,91.694,91694.0
23,5,16,5,91.758,91758.0
23,5,17,3,91.887,91887.0
23,5,18,3,91.79599999999999,91796.0
23,5,19,1,91.884,91884.0
23,5,20,9,91.61,91610.0
23,5,21,6,91.644,91644.0
23,5,22,1,91.702,91702.0
23,5,23,3,91.53999999999999,91540.0
23,5,24,9,91.352,91352.0
23,5,25,6,91.274,91274.0
23,5,26,2,91.365,91365.0
23,5,27,1,91.431,91431.0
23,5,28,8,91.553,91553.0
23,5,29,7,91.582,91582.0
23,5,30,2,91.318,91318.0
23,5,31,3,91.521,91521.0
23,5,32,9,91.211,91211.0
23,5,33,2,91.59100000000001,91591.0
23,5,34,3,91.537,91537.0
23,5,35,9,91.328,91328.0
23,5,36,5,91.458,91458.0
23,5,37,7,91.384,91384.0
23,5,38,6,91.37,91370.0
23,5,39,5,91.458,91458.0
23,5,40,3,90.964,90964.0
23,5,41,1,90.73400000000001,90734.0
23,5,42,2,91.05,91050.0
23,5,43,10,91.055,91055.0
23,5,44,9,91.197,91197.0
23,5,45,9,90.919,90919.0
23,5,46,8,91.15299999999999,91153.0
23,5,47,3,91.107,91107.0
23,5,48,5,91.174,91174.0
23,5,49,5,91.059,91059.0
23,5,50,9,91.10300000000001,91103.0
23,5,51,7,91.10900000000001,91109.0
23,5,52,10,90.82300000000001,90823.0
23,5,53,3,90.999,90999.0
23,5,54,9,91.08,91080.0
23,5,55,10,91.092,91092.0
23,5,56,5,90.90899999999999,90909.0
23,5,57,10,91.06,91060.0
23,5,58,9,91.152,91152.0
23,5,59,9,91.185,91185.0
23,5,60,7,90.752,90752.0
23,5,61,8,90.936,90936.0
23,6,1,1,92.66499999999999,92665.0
23,6,2,4,92.709,92709.0
23,6,3,7,92.65299999999999,92653.0
23,6,4,10,92.467,92467.0
23,6,5,5,92.6,92600.0
23,6,6,2,92.661,92661.0
23,6,7,7,92.49000000000001,92490.0
23,6,8,9,92.555,92555.0
23,6,9,5,92.64099999999999,92641.0
23,6,10,2,92.548,92548.0
23,6,11,4,92.47399999999999,92474.0
23,6,12,3,92.553,92553.0
23,6,13,1,92.612,92612.0
23,6,14,7,92.582,92582.0
23,6,15,4,92.46600000000001,92466.0
23,6,16,9,92.765,92765.0
23,6,17,6,92.357,92357.0
23,6,18,6,92.307,92307.0
23,6,19,5,92.60900000000001,92609.0
23,6,20,10,92.179,88663.0
23,6,21,1,92.239,92239.0
23,6,22,2,92.36500000000001,92365.0
23,6,23,8,92.13499999999999,92135.0
23,6,24,1,92.227,92227.0
23,6,25,5,92.186,92186.0
23,6,26,2,92.235,92235.0
23,6,27,9,92.021,92021.0
23,6,28,7,92.143,92143.0
23,6,29,5,92.119,92119.0
23,6,30,7,92.217,92217.0
23,6,31,6,91.919,88663.0
23,6,32,6,92.12299999999999,92123.0
23,6,33,10,92.203,92203.0
23,6,34,5,92.232,92232.0
23,6,35,9,92.035,92035.0
23,6,36,5,92.162,92162.0
23,6,37,4,92.206,92206.0
23,6,38,2,92.22999999999999,92230.0
23,6,39,8,92.003,92003.0
23,6,40,7,91.57,91570.0
23,6,41,8,92.08,92080.0
23,6,42,10,92.047,92047.0
23,6,43,6,91.693,91693.0
23,6,44,9,91.916,91916.0
23,6,45,1,91.865,91865.0
23,6,46,5,91.836,91836.0
23,6,47,6,91.91499999999999,91915.0
23,6,48,4,91.912,91912.0
23,6,49,9,91.66499999999999,91665.0
23,6,50,2,91.468,91468.0
23,6,51,1,91.629,91629.0
23,6,52,1,91.80199999999999,91802.0
23,6,53,5,91.71600000000001,91716.0
23,6,54,7,91.833,91833.0
23,6,55,1,91.714,91714.0
23,6,56,2,91.922,91922.0
23,6,57,5,91.662,91662.0
23,6,58,7,91.65899999999999,91659.0
23,6,59,7,91.72,91720.0
23,6,60,2,91.313,91313.0
23,6,61,5,91.59100000000001,91591.0
23,7,1,4,92.232,92232.0
23,7,2,3,92.52799999999999,92528.0
23,7,3,4,92.32,92320.0
23,7,4,2,92.487,92487.0
23,7,5,2,92.561,92561.0
23,7,6,9,92.374,92374.0
23,7,7,1,92.43299999999999,92433.0
23,7,8,5,92.481,92481.0
23,7,9,3,92.459,92459.0
23,7,10,9,92.107,92107.0
23,7,11,6,92.429,92429.0
23,7,12,7,92.343,92343.0
23,7,13,5,92.09100000000001,92091.0
23,7,14,8,92.27000000000001,92270.0
23,7,15,1,92.548,92548.0
23,7,16,8,92.243,92243.0
23,7,17,1,92.08500000000001,92085.0
23,7,18,8,92.406,92406.0
23,7,19,7,92.289,92289.0
23,7,20,7,92.025,92025.0
23,7,21,6,92.187,92187.0
23,7,22,8,91.854,91854.0
23,7,23,1,91.875,91875.0
23,7,24,8,92.14699999999999,92147.0
23,7,25,10,91.875,91875.0
23,7,26,3,92.044,92044.0
23,7,27,6,91.874,91874.0
23,7,28,5,91.997,91997.0
23,7,29,9,91.98400000000001,91984.0
23,7,30,9,92.207,92207.0
23,7,31,7,91.92099999999999,91921.0
23,7,32,10,92.018,92018.0
23,7,33,6,92.15899999999999,92159.0
23,7,34,10,92.057,92057.0
23,7,35,4,91.846,91846.0
23,7,36,2,91.799,91799.0
23,7,37,1,91.932,91932.0
23,7,38,10,91.996,91996.0
23,7,39,5,92.128,92128.0
23,7,40,2,91.42699999999999,91427.0
23,7,41,9,91.635,91635.0
23,7,42,1,91.675,91675.0
23,7,43,5,91.624,91624.0
23,7,44,5,91.651,91651.0
23,7,45,7,91.614,91614.0
23,7,46,1,91.40899999999999,91409.0
23,8,1,1,92.34899999999999,92349.0
23,8,2,7,92.381,92381.0
23,8,3,10,92.32,92320.0
23,8,4,8,92.50399999999999,92504.0
23,8,5,2,92.39099999999999,92391.0
23,8,6,9,92.40100000000001,92401.0
23,8,7,7,92.297,88663.0
23,8,8,1,92.25,92250.0
23,8,9,5,92.114,92114.0
23,8,10,6,92.334,92334.0
23,8,11,10,92.25,92250.0
23,8,12,2,92.19,92190.0
23,8,13,5,92.056,92056.0
23,8,14,6,92.075,105601.75
23,8,15,8,92.293,92293.0
23,8,16,2,92.362,92362.0
23,8,17,9,92.352,92352.0
23,8,18,2,92.131,92131.0
23,8,19,2,92.28399999999999,92284.0
23,8,20,6,91.731,91731.0
23,8,21,4,91.998,91998.0
23,8,22,8,91.89,91890.0
23,8,23,7,92.07900000000001,92079.0
23,8,24,3,91.912,91912.0
23,8,25,1,91.783,91783.0
23,8,26,3,91.932,91932.0
23,8,27,2,91.836,91836.0
23,8,28,5,91.857,91857.0
23,8,29,1,91.94800000000001,91948.0
23,8,30,2,91.786,91786.0
23,8,31,9,91.804,91804.0
23,8,32,9,91.756,91756.0
23,8,33,8,91.783,91783.0
23,8,34,1,91.833,91833.0
23,8,35,3,91.642,91642.0
23,8,36,5,91.894,91894.0
23,8,37,5,91.67,91670.0
23,8,38,8,91.733,91733.0
23,8,39,10,91.901,91901.0
23,8,40,1,91.563,91563.0
23,8,41,1,91.541,91541.0
23,8,42,1,91.725,91725.0
23,8,43,1,91.628,91628.0
23,8,44,7,91.563,91563.0
23,8,45,6,91.649,91649.0
23,8,46,4,91.711,91711.0
23,8,47,8,91.866,91866.0
23,8,48,6,91.438,91438.0
23,8,49,1,91.381,91381.0
23,8,50,4,91.642,91642.0
23,8,51,3,91.44200000000001,91442.0
23,8,52,7,91.605,91605.0
23,8,53,10,91.338,91338.0
23,8,54,10,91.67,91670.0
23,8,55,6,91.444,91444.0
23,8,56,5,91.319,91319.0
23,8,57,6,91.419,91419.0
23,8,58,3,91.51,91510.0
23,8,59,3,91.44200000000001,91442.0
23,8,60,1,91.34,91340.0
23,8,61,5,91.20400000000001,91204.0
23,9,1,8,92.858,92858.0
23,9,2,4,92.934,92934.0
23,9,3,9,92.923,92923.0
23,9,4,5,93.011,93011.0
23,9,5,3,92.98599999999999,92986.0
23,9,6,9,92.863,92863.0
23,9,7,9,92.717,92717.0
23,9,8,4,92.65,92650.0
23,9,9,5,92.714,92714.0
23,9,10,1,92.564,92564.0
23,9,11,4,92.824,92824.0
23,9,12,4,92.74600000000001,92746.0
23,9,13,2,92.416,92416.0
23,9,14,10,92.564,92564.0
23,9,15,4,92.65,92650.0
23,9,16,5,92.423,92423.0
23,9,17,5,92.60900000000001,92609.0
23,9,18,2,92.61500000000001,92615.0
23,9,19,9,92.598,92598.0
23,9,20,8,92.489,88663.0
23,9,21,7,92.547,92547.0
23,9,22,3,92.447,92447.0
23,9,23,10,92.571,92571.0
23,9,24,8,92.209,92209.0
23,9,25,8,92.399,92399.0
23,9,26,9,92.344,92344.0
23,9,27,7,92.505,92505.0
23,9,28,5,92.61,92610.0
23,9,29,4,92.503,92503.0
23,9,30,8,92.219,92219.0
23,9,31,4,92.259,92259.0
23,9,32,9,92.506,92506.0
23,9,33,7,92.223,92223.0
23,9,34,9,92.197,92197.0
23,9,35,3,92.654,92654.0
23,9,36,9,92.292,92292.0
23,9,37,4,92.37100000000001,92371.0
23,9,38,5,92.414,92414.0
23,9,39,7,92.078,92078.0
23,9,40,2,91.955,91955.0
23,9,41,1,92.062,105601.75
23,9,42,10,92.21000000000001,88663.0
23,9,43,10,92.08,92080.0
23,9,44,8,92.131,92131.0
23,9,45,5,91.956,91956.0
23,9,46,10,92.10300000000001,92103.0
23,9,47,4,91.693,91693.0
23,9,48,9,91.894,91894.0
23,9,49,2,91.885,91885.0
23,9,50,7,91.899,91899.0
23,9,51,10,92.07,92070.0
23,9,52,6,91.993,91993.0
23,9,53,9,91.90899999999999,91909.0
23,9,54,8,92.11500000000001,92115.0
23,9,55,2,92.035,92035.0
23,9,56,1,91.78999999999999,91790.0
23,9,57,4,91.837,91837.0
23,9,58,3,92.041,92041.0
23,9,59,9,91.958,91958.0
23,9,60,9,91.73400000000001,91734.0
23,9,61,7,91.792,91792.0
23,10,1,5,92.071,92071.0
23,10,2,1,92.247,92247.0
23,10,3,8,92.14,92140.0
23,10,4,9,92.279,92279.0
23,10,5,9,92.325,92325.0
23,10,6,3,92.372,92372.0
23,10,7,10,92.207,92207.0
23,10,8,9,92.102,92102.0
23,10,9,1,92.226,92226.0
23,10,10,8,92.293,92293.0
23,10,11,9,92.253,92253.0
23,10,12,4,92.059,92059.0
23,10,13,9,92.217,92217.0
23,10,14,3,92.326,92326.0
23,10,15,1,91.955,91955.0
23,10,16,1,92.38,92380.0
23,10,17,7,92.143,92143.0
23,10,18,1,91.974,91974.0
23,10,19,2,92.189,92189.0
23,10,20,2,91.919,91919.0
23,10,21,4,91.843,91843.0
23,10,22,3,91.768,91768.0
23,10,23,10,91.94200000000001,91942.0
23,10,24,10,91.763,91763.0
23,10,25,7,91.852,91852.0
23,10,26,9,91.751,91751.0
23,10,27,1,91.666,91666.0
23,10,28,2,91.673,91673.0
23,10,29,2,91.754,91754.0
23,10,30,3,92.078,92078.0
23,10,31,10,91.632,91632.0
23,10,32,1,91.578,91578.0
23,10,33,2,91.707,91707.0
23,10,34,4,91.906,91906.0
23,10,35,3,91.5,91500.0
23,10,36,10,91.608,91608.0
23,10,37,7,91.775,91775.0
23,10,38,3,91.588,91588.0
23,10,39,1,91.54599999999999,91546.0
23,10,40,1,91.459,91459.0
23,10,41,10,91.626,91626.0
23,10,42,3,91.47200000000001,91472.0
23,10,43,1,91.613,91613.0
23,10,44,7,91.404,91404.0
23,10,45,10,91.345,91345.0
23,10,46,8,91.42099999999999,91421.0
23,10,47,2,91.441,91441.0
23,10,48,3,91.491,91491.0
23,10,49,7,91.32,91320.0
23,10,50,9,91.42099999999999,91421.0
23,10,51,3,91.188,91188.0
23,10,52,2,91.405,91405.0
23,10,53,8,91.339,91339.0
23,10,54,9,91.40899999999999,91409.0
23,10,55,8,91.319,91319.0
23,10,56,6,91.195,91195.0
23,10,57,4,91.392,91392.0
23,10,58,2,91.331,91331.0
23,10,59,1,91.212,91212.0
23,10,60,4,91.132,91132.0
23,10,61,3,91.14099999999999,91141.0
24,1,1,5,87.794,87794.0
24,1,2,7,88.115,88115.0
24,1,3,2,88.145,88145.0
24,1,4,7,87.826,87826.0
24,1,5,10,87.884,87884.0
24,1,6,9,87.745,87745.0
24,1,7,9,87.951,87951.0
24,1,8,1,88.148,88148.0
24,1,9,10,87.895,87895.0
24,1,10,10,87.882,87882.0
24,1,11,3,87.855,87855.0
24,1,12,7,87.922,87922.0
24,1,13,2,87.727,87727.0
24,1,14,3,87.943,87943.0
24,1,15,7,88.027,88027.0
24,1,16,3,87.974,87974.0
24,1,17,9,87.787,87787.0
24,1,18,10,87.994,87994.0
24,1,19,1,87.66,87660.0
24,1,20,1,87.712,87712.0
24,1,21,9,87.543,87543.0
24,1,22,10,87.529,87529.0
24,1,23,8,87.56700000000001,87567.0
24,1,24,4,87.656,87656.0
24,1,25,7,87.538,87538.0
24,1,26,1,87.57,87570.0
24,1,27,6,87.624,87624.0
24,1,28,2,87.721,87721.0
24,1,29,1,87.531,87531.0
24,1,30,5,87.696,87696.0
24,1,31,10,87.489,87489.0
24,1,32,3,87.408,87408.0
24,1,33,9,87.525,87525.0
24,1,34,1,87.395,87395.0
24,1,35,7,87.39,87390.0
24,1,36,8,87.387,87387.0
24,1,37,2,87.543,87543.0
24,1,38,10,87.583,87583.0
24,1,39,3,87.457,87457.0
24,1,40,7,87.25,87250.0
24,1,41,7,87.158,87158.0
24,1,42,8,87.377,87377.0
24,2,1,1,87.467,87467.0
24,2,2,9,87.629,87629.0
24,2,3,2,87.664,87664.0
24,2,4,7,87.619,87619.0
24,2,5,7,87.623,87623.0
24,2,6,6,87.831,87831.0
24,2,7,4,87.67,87670.0
24,2,8,4,87.557,87557.0
24,2,9,8,87.52799999999999,87528.0
24,2,10,5,87.496,87496.0
24,2,11,9,87.727,87727.0
24,2,12,1,87.509,87509.0
24,2,13,9,87.71600000000001,87716.0
24,2,14,8,87.789,87789.0
24,2,15,4,87.76,87760.0
24,2,16,8,87.68,87680.0
24,2,17,6,87.69800000000001,87698.0
24,2,18,4,87.65,87650.0
24,2,19,8,87.47200000000001,87472.0
24,2,20,4,87.419,87419.0
24,2,21,2,87.547,87547.0
24,2,22,7,87.438,87438.0
24,2,23,1,87.36,87360.0
24,2,24,9,87.169,87169.0
24,2,25,6,87.23400000000001,87234.0
24,2,26,7,87.396,87396.0
24,2,27,4,87.432,87432.0
24,2,28,1,87.452,87452.0
24,2,29,4,87.311,87311.0
24,2,30,2,87.289,87289.0
24,2,31,6,87.2,87200.0
24,2,32,3,87.235,87235.0
24,2,33,2,87.259,87259.0
24,2,34,5,87.174,87174.0
24,2,35,7,87.37,87370.0
24,2,36,7,87.283,87283.0
24,2,37,8,87.22800000000001,87228.0
24,2,38,5,87.066,87066.0
24,2,39,3,87.039,87039.0
24,2,40,1,86.928,86928.0
24,2,41,10,86.956,86956.0
24,2,42,1,87.068,87068.0
24,2,43,8,86.986,86986.0
24,2,44,9,86.872,86872.0
24,2,45,1,86.963,86963.0
24,2,46,8,86.987,86987.0
24,2,47,10,86.799,86799.0
24,2,48,9,86.747,86747.0
24,2,49,2,86.884,86884.0
24,2,50,5,86.922,86922.0
24,2,51,10,86.834,86834.0
24,3,1,8,87.694,87694.0
24,3,2,8,87.34100000000001,87341.0
24,3,3,3,87.513,87513.0
24,3,4,1,87.435,87435.0
24,3,5,1,87.569,87569.0
24,3,6,5,87.405,87405.0
24,3,7,1,87.40899999999999,87409.0
24,3,8,8,87.205,87205.0
24,3,9,10,87.426,87426.0
24,3,10,9,87.551,87551.0
24,3,11,1,87.259,87259.0
24,3,12,5,87.55,87550.0
24,3,13,5,87.43299999999999,87433.0
24,3,14,7,87.444,87444.0
24,3,15,7,87.436,87436.0
24,3,16,4,87.384,87384.0
24,3,17,9,87.244,87244.0
24,3,18,5,87.289,87289.0
24,3,19,3,87.336,87336.0
24,3,20,7,87.003,87003.0
24,3,21,10,87.032,87032.0
24,3,22,3,87.02,87020.0
24,3,23,6,87.194,87194.0
24,3,24,2,86.951,86951.0
24,3,25,3,87.28999999999999,87290.0
24,3,26,4,87.05,87050.0
24,3,27,10,87.268,87268.0
24,3,28,2,87.199,87199.0
24,3,29,9,87.108,87108.0
24,3,30,3,87.006,87006.0
24,3,31,10,86.759,86759.0
24,3,32,7,87.033,87033.0
24,3,33,3,87.025,87025.0
24,3,34,9,87.023,87023.0
24,3,35,1,87.057,87057.0
24,3,36,9,87.038,87038.0
24,3,37,3,86.955,86955.0
24,3,38,6,87.07300000000001,87073.0
24,3,39,7,86.907,86907.0
24,3,40,5,86.681,86681.0
24,3,41,10,86.768,86768.0
24,3,42,5,86.703,86703.0
24,3,43,6,86.864,88663.0
24,3,44,5,86.89099999999999,86891.0
24,3,45,5,86.681,86681.0
24,3,46,4,86.667,86667.0
24,3,47,7,86.608,86608.0
24,3,48,7,86.743,86743.0
24,3,49,8,86.893,86893.0
24,3,50,6,86.686,86686.0
24,3,51,1,86.59100000000001,86591.0
24,4,1,3,88.288,88288.0
24,4,2,2,88.342,88342.0
24,4,3,9,88.03999999999999,88040.0
24,4,4,9,88.289,88289.0
24,4,5,5,88.381,88381.0
24,4,6,8,88.209,88209.0
24,4,7,8,88.303,88303.0
24,4,8,2,88.395,88395.0
24,4,9,7,88.021,88021.0
24,4,10,10,88.212,88212.0
24,4,11,4,88.275,88275.0
24,4,12,1,88.02,88020.0
24,4,13,7,88.301,88301.0
24,4,14,9,88.176,88176.0
24,4,15,7,88.40899999999999,88409.0
24,4,16,8,88.044,88044.0
24,4,17,1,88.287,88287.0
24,4,18,2,88.129,88129.0
24,4,19,8,88.144,88144.0
24,4,20,3,87.922,87922.0
24,4,21,9,87.84100000000001,87841.0
24,4,22,1,87.842,87842.0
24,4,23,3,87.839,87839.0
24,4,24,6,87.599,87599.0
24,4,25,3,87.797,87797.0
24,4,26,4,87.628,87628.0
24,4,27,3,87.799,87799.0
24,4,28,9,87.989,87989.0
24,4,29,3,87.908,87908.0
24,4,30,7,87.986,87986.0
24,4,31,6,87.807,87807.0
24,4,32,1,88.012,88012.0
24,4,33,6,87.84100000000001,87841.0
24,4,34,9,87.739,87739.0
24,4,35,4,87.776,87776.0
24,4,36,9,87.55199999999999,87552.0
24,4,37,4,87.622,87622.0
24,4,38,5,87.77,87770.0
24,4,39,5,87.806,87806.0
24,4,40,7,87.506,87506.0
24,4,41,7,87.43299999999999,87433.0
24,4,42,9,87.559,87559.0
24,4,43,3,87.368,87368.0
24,4,44,3,87.337,87337.0
24,4,45,5,87.459,87459.0
24,4,46,6,87.463,87463.0
24,4,47,4,87.47,87470.0
24,4,48,4,87.642,87642.0
24,4,49,5,87.556,87556.0
24,4,50,2,87.424,87424.0
24,4,51,9,87.33,87330.0
24,5,1,7,87.445,87445.0
24,5,2,4,87.56,87560.0
24,5,3,2,87.485,87485.0
24,5,4,10,87.372,87372.0
24,5,5,8,87.425,87425.0
24,5,6,8,87.437,87437.0
24,5,7,4,87.418,87418.0
24,5,8,7,87.42099999999999,87421.0
24,5,9,6,87.32300000000001,87323.0
24,5,10,3,87.351,87351.0
24,5,11,7,87.416,87416.0
24,5,12,3,87.367,87367.0
24,5,13,8,87.253,87253.0
24,5,14,5,87.668,87668.0
24,5,15,4,87.399,87399.0
24,5,16,8,87.463,87463.0
24,5,17,6,87.471,87471.0
24,5,18,1,87.538,87538.0
24,5,19,4,87.438,87438.0
24,5,20,1,87.12,87120.0
24,5,21,10,87.064,87064.0
24,6,1,10,88.351,88351.0
24,6,2,4,88.364,88364.0
24,6,3,7,88.168,88168.0
24,6,4,4,88.254,88254.0
24,6,5,3,88.37,88370.0
24,6,6,9,88.191,88191.0
24,6,7,3,88.319,88319.0
24,6,8,5,88.195,88195.0
24,6,9,6,88.32300000000001,88323.0
24,6,10,10,88.334,88334.0
24,6,11,3,88.29599999999999,88296.0
24,6,12,3,88.241,88241.0
24,6,13,6,88.352,88352.0
24,6,14,4,88.349,88349.0
24,6,15,6,88.331,88331.0
24,6,16,9,88.27,88270.0
24,6,17,5,88.362,88362.0
24,6,18,4,88.231,88231.0
24,6,19,7,88.385,88385.0
24,6,20,8,88.055,88055.0
24,6,21,10,87.862,87862.0
24,6,22,5,88.037,88037.0
24,6,23,7,87.687,87687.0
24,6,24,6,88.019,88019.0
24,6,25,9,87.987,87987.0
24,6,26,6,87.819,87819.0
24,6,27,7,88.019,88019.0
24,6,28,2,88.001,88001.0
24,6,29,7,87.973,87973.0
24,6,30,4,88.048,88048.0
24,6,31,3,87.84,87840.0
24,6,32,6,88.062,88062.0
24,6,33,9,88.021,88021.0
24,6,34,5,88.193,88193.0
24,6,35,9,87.898,87898.0
24,6,36,6,87.869,105601.75
24,6,37,6,87.72800000000001,87728.0
24,6,38,10,87.787,87787.0
24,6,39,1,87.958,87958.0
24,6,40,8,87.672,87672.0
24,6,41,5,87.508,87508.0
24,6,42,1,87.262,87262.0
24,6,43,3,87.561,87561.0
24,6,44,2,87.539,87539.0
24,6,45,1,87.489,87489.0
24,6,46,4,87.697,87697.0
24,6,47,8,87.537,87537.0
24,6,48,8,87.467,87467.0
24,6,49,9,87.554,87554.0
24,6,50,3,87.768,87768.0
24,6,51,2,87.533,87533.0
24,7,1,3,88.169,88169.0
24,7,2,2,87.881,87881.0
24,7,3,6,87.794,87794.0
24,7,4,6,88.203,88203.0
24,7,5,7,87.89,87890.0
24,7,6,3,87.997,87997.0
24,7,7,4,87.754,87754.0
24,7,8,9,88.074,88074.0
24,7,9,5,87.989,87989.0
24,7,10,10,87.822,87822.0
24,7,11,2,87.97200000000001,87972.0
24,7,12,1,87.932,87932.0
24,7,13,8,87.895,87895.0
24,7,14,6,87.95400000000001,87954.0
24,7,15,7,87.962,105601.75
24,7,16,6,88.062,88062.0
24,7,17,1,87.765,87765.0
24,7,18,4,88.023,88023.0
24,7,19,3,87.78,87780.0
24,7,20,7,87.572,87572.0
24,7,21,3,87.561,87561.0
24,7,22,3,87.561,87561.0
24,7,23,8,87.699,87699.0
24,7,24,9,87.674,87674.0
24,7,25,3,87.54599999999999,87546.0
24,7,26,8,87.535,87535.0
24,7,27,1,87.69800000000001,87698.0
24,7,28,5,87.328,87328.0
24,7,29,10,87.611,87611.0
24,7,30,9,87.498,87498.0
24,7,31,1,87.701,87701.0
24,7,32,7,87.63,87630.0
24,7,33,10,87.751,87751.0
24,7,34,3,87.506,87506.0
24,7,35,10,87.513,87513.0
24,7,36,4,87.566,87566.0
24,7,37,1,87.767,87767.0
24,7,38,2,87.423,87423.0
24,7,39,9,87.423,105601.75
24,7,40,1,87.0,87000.0
24,7,41,9,87.18,87180.0
24,7,42,4,87.258,87258.0
24,7,43,6,87.45400000000001,87454.0
24,7,44,4,86.983,86983.0
24,7,45,8,87.096,87096.0
24,7,46,6,87.208,87208.0
24,7,47,2,87.384,87384.0
24,7,48,5,87.293,87293.0
24,7,49,6,87.14699999999999,87147.0
24,7,50,10,87.05799999999999,87058.0
24,7,51,7,87.274,87274.0
24,8,1,7,87.892,87892.0
24,8,2,7,87.825,87825.0
24,8,3,8,87.893,87893.0
24,8,4,10,87.839,87839.0
24,8,5,10,87.76599999999999,87766.0
24,8,6,5,87.92699999999999,87927.0
24,8,7,2,88.033,88663.0
24,8,8,4,87.86,87860.0
24,8,9,4,87.735,87735.0
24,8,10,10,87.931,87931.0
24,8,11,7,87.52199999999999,87522.0
24,8,12,6,87.876,87876.0
24,8,13,9,87.643,87643.0
24,8,14,1,87.81700000000001,87817.0
24,8,15,1,87.589,87589.0
24,8,16,1,87.806,87806.0
24,8,17,4,87.828,87828.0
24,8,18,2,87.749,87749.0
24,8,19,5,87.76599999999999,87766.0
24,8,20,3,87.48,87480.0
24,8,21,6,87.38,87380.0
24,8,22,7,87.55,87550.0
24,8,23,9,87.541,87541.0
24,8,24,8,87.412,87412.0
24,8,25,7,87.378,87378.0
24,8,26,6,87.244,87244.0
24,8,27,2,87.245,87245.0
24,8,28,5,87.252,87252.0
24,8,29,3,87.283,87283.0
24,8,30,4,87.354,87354.0
24,8,31,2,87.502,87502.0
24,8,32,8,87.292,88663.0
24,8,33,2,87.496,87496.0
24,8,34,10,87.202,87202.0
24,8,35,7,87.394,87394.0
24,8,36,4,87.267,87267.0
24,8,37,6,87.572,87572.0
24,8,38,7,87.314,87314.0
24,8,39,3,87.342,87342.0
24,8,40,10,87.0,87000.0
24,8,41,6,87.012,87012.0
24,8,42,9,86.886,86886.0
24,8,43,5,87.179,87179.0
24,8,44,2,87.02199999999999,87022.0
24,8,45,5,86.852,86852.0
24,8,46,5,87.19200000000001,87192.0
24,8,47,10,87.15299999999999,87153.0
24,8,48,4,86.846,86846.0
24,8,49,8,86.886,86886.0
24,8,50,6,87.09,87090.0
24,8,51,8,86.9,88663.0
24,9,1,5,87.943,87943.0
24,9,2,5,87.759,87759.0
24,9,3,6,88.038,88038.0
24,9,4,7,87.925,87925.0
24,9,5,3,87.87,87870.0
24,9,6,3,87.819,87819.0
24,9,7,4,87.876,87876.0
24,9,8,4,87.816,87816.0
24,9,9,8,87.943,88663.0
24,9,10,3,87.873,87873.0
24,9,11,2,87.95400000000001,87954.0
24,9,12,9,87.834,87834.0
24,9,13,10,87.90299999999999,87903.0
24,9,14,4,87.869,87869.0
24,9,15,7,87.758,87758.0
24,9,16,6,88.011,88011.0
24,9,17,1,87.854,87854.0
24,9,18,9,87.747,87747.0
24,9,19,6,87.89699999999999,87897.0
24,9,20,9,87.463,87463.0
24,9,21,7,87.525,87525.0
24,9,22,8,87.408,87408.0
24,9,23,4,87.562,87562.0
24,9,24,10,87.417,87417.0
24,9,25,7,87.361,88663.0
24,9,26,5,87.449,87449.0
24,9,27,1,87.535,87535.0
24,9,28,4,87.379,87379.0
24,9,29,7,87.5,87500.0
24,9,30,4,87.376,87376.0
24,9,31,6,87.32300000000001,87323.0
24,9,32,8,87.236,87236.0
24,9,33,9,87.139,87139.0
24,9,34,8,87.568,87568.0
24,9,35,9,87.209,87209.0
24,9,36,9,87.259,87259.0
24,9,37,8,87.411,87411.0
24,9,38,4,87.197,87197.0
24,9,39,10,87.312,87312.0
24,9,40,4,87.044,87044.0
24,9,41,5,87.167,87167.0
24,9,42,6,87.22200000000001,87222.0
24,9,43,6,87.07300000000001,87073.0
24,9,44,6,86.992,86992.0
24,9,45,1,86.967,86967.0
24,9,46,4,87.002,87002.0
24,9,47,5,87.08,87080.0
24,9,48,3,87.037,87037.0
24,9,49,10,87.01599999999999,87016.0
24,9,50,9,86.951,86951.0
24,9,51,4,86.90299999999999,86903.0
24,10,1,7,87.842,87842.0
24,10,2,8,87.824,87824.0
24,10,3,8,87.834,87834.0
24,10,4,9,87.675,87675.0
24,10,5,10,88.069,88069.0
24,10,6,9,87.886,87886.0
24,10,7,1,87.824,87824.0
24,10,8,2,87.674,87674.0
24,10,9,7,87.73,87730.0
24,10,10,9,87.618,87618.0
24,10,11,4,87.674,87674.0
24,10,12,10,87.825,87825.0
24,10,13,9,87.814,87814.0
24,10,14,9,87.561,87561.0
24,10,15,10,87.809,88663.0
24,10,16,5,87.695,87695.0
24,10,17,1,87.59100000000001,87591.0
24,10,18,7,87.768,87768.0
24,10,19,2,87.684,87684.0
24,10,20,5,87.575,87575.0
24,10,21,8,87.479,87479.0
24,10,22,5,87.365,87365.0
24,10,23,10,87.375,87375.0
24,10,24,8,87.455,87455.0
24,10,25,2,87.45,87450.0
24,10,26,10,87.513,87513.0
24,10,27,10,87.41,87410.0
24,10,28,2,87.49,87490.0
24,10,29,7,87.3,87300.0
24,10,30,10,87.367,87367.0
24,10,31,2,87.55799999999999,87558.0
24,10,32,5,87.541,87541.0
24,10,33,8,87.252,87252.0
24,10,34,3,87.238,87238.0
24,10,35,2,87.471,87471.0
24,10,36,10,87.422,87422.0
24,10,37,5,87.324,87324.0
24,10,38,9,86.985,86985.0
24,10,39,5,87.613,87613.0
24,10,40,8,86.711,86711.0
24,10,41,3,87.093,87093.0
24,10,42,6,86.963,86963.0
24,10,43,6,86.955,86955.0
24,10,44,2,87.17699999999999,87177.0
24,10,45,1,87.036,87036.0
24,10,46,6,87.152,87152.0
24,10,47,3,86.981,86981.0
24,10,48,2,86.973,86973.0
24,10,49,3,87.056,87056.0
24,10,50,7,87.061,87061.0
24,10,51,5,87.08,87080.0
1,9,39,6,91.556,91556.0
