Driver,LapNumber,LapTime,Stint,TyreLife,Sector1Time,Sector2Time,Sector3Time,SpeedFL,SpeedST,AirTemp,TrackTemp,Humidity,WindSpeed,Team_ALFA ROMEO,Team_ALPHATAURI,Team_ALPINE,Team_ASTON MARTIN,Team_FERRARI,Team_HAAS F1 TEAM,Team_MCLAREN,Team_MERCEDES,Team_RED BULL RACING,Team_WILLIAMS,Compound_HARD,Compound_MEDIUM,Compound_SOFT,FreshTyre_FALSE,FreshTyre_TRUE,TrackStatus_1,TrackStatus_12,TrackStatus_126,TrackStatus_21,TrackStatus_2671,TrackStatus_671,Rainfall_FALSE,IsPersonalBest_FALSE,IsPersonalBest_TRUE
18,-1.6556556446953206,-0.0911876319609733,-1.3812162141824724,-0.9787285854271865,-0.18152168480631803,-0.9205977743102588,-0.9535868768486745,-1.3386786495521015,-2.1306908839921417,1.6781422919534423,1.7610019590425439,2.430961030132826,-0.029566242988361767,False,False,False,False,False,False,False,False,True,False,False,False,True,True,False,False,True,False,False,False,False,True,True,False
18,-1.5941081920824396,-0.6006474325555261,-1.3812162141824724,-0.8102988231523832,-0.1887832863889367,-0.7969157893727631,-0.33780402658467956,-1.3386786495521015,-1.2300891312019397,1.6781422919534423,1.62456536751799,2.430961030132826,-1.762476595917336,False,False,False,False,False,False,False,False,True,False,False,False,True,True,False,False,True,False,False,False,False,True,False,True
18,-1.5325607394695586,-0.585046749666508,-1.3812162141824724,-0.6418690608775799,-0.0774387287887808,-0.8450143390706754,-0.29258920191494414,-1.3386786495521015,-1.3224585417445245,1.6781422919534423,1.7610019590425439,2.430961030132826,0.4036613452438818,False,False,False,False,False,False,False,False,True,False,False,False,True,True,False,True,False,False,False,False,False,True,True,False
18,-1.4710132868566774,-0.5996723898749646,-1.3812162141824724,-0.4734392986027766,-0.3606411905109006,-0.6072700791352547,-0.47775467437195324,-1.3386786495521015,-1.1377197206593548,1.6781422919534423,1.7610019590425439,2.430961030132826,-0.46279383122060536,False,False,False,False,False,False,False,False,True,False,False,False,True,True,False,True,False,False,False,False,False,True,True,False
18,-1.4094658342437965,-0.5709086307983356,-1.3812162141824724,-0.3050095363279733,-0.4259956047544687,-0.4945820484144293,-0.4691423268158106,-1.3386786495521015,-1.04535031011677,1.3716256510235767,1.4881287759934312,2.430961030132826,1.7033441099406126,False,False,False,False,False,False,False,False,True,False,False,False,True,True,False,True,False,False,False,False,False,True,True,False
18,-1.3479183816309155,-0.5947971764721435,-1.3812162141824724,-0.13657977405316998,-0.19120382024980387,-0.6210125219060951,-0.5854090188236939,-0.9764095780431952,-0.9529808995741851,1.065109010093722,1.4881287759934312,2.430961030132826,0.4036613452438818,False,False,False,False,False,False,False,False,True,False,False,False,True,True,False,True,False,False,False,False,False,True,True,False
18,-1.2863709290180345,-0.5777339295622798,-1.3812162141824724,0.03184998822163333,-0.31465104715432135,-0.440986521608177,-0.6822979288302697,-0.9764095780431952,-0.7682420784890154,1.065109010093722,1.3516921844688725,2.430961030132826,0.4036613452438818,False,False,False,False,False,False,False,False,True,False,False,False,True,True,False,True,False,False,False,False,False,True,True,False
18,-1.2248234764051535,-0.5128935913047935,-1.3812162141824724,0.20027975049643665,-0.3122305132934456,-0.3447894222123426,-0.5488065417101011,-0.9764095780431952,-0.7682420784890154,1.065109010093722,1.3516921844688725,-0.27438062259938295,1.7033441099406126,False,False,False,False,False,False,False,False,True,False,False,False,True,True,False,True,False,False,False,False,False,True,True,False
18,-1.1632760237922724,-0.4524409451098373,-1.3812162141824724,0.3687095127712399,-0.20330648955417405,-0.3585318649831733,-0.35718180858599474,-0.9764095780431952,-0.7682420784890154,1.065109010093722,1.3516921844688725,-0.27438062259938295,0.4036613452438818,False,False,False,False,False,False,False,False,True,False,False,False,True,True,False,True,False,False,False,False,False,True,True,False
18,-1.1017285711793914,-0.40807650314419025,-1.3812162141824724,0.5371392750460433,-0.14279314303234888,-0.27470296408108946,-0.34641637414082216,-0.9764095780431952,-0.7682420784890154,1.065109010093722,1.2152555929443185,-0.27438062259938295,1.2701165217083694,False,False,False,False,False,False,False,False,True,False,False,False,True,True,False,True,False,False,False,False,False,True,True,False
18,-1.0401811185665104,-0.3524990703520552,-1.3812162141824724,0.7055690373208465,-0.1887832863889367,-0.14552400203525365,-0.26244598546845643,-1.3386786495521015,-0.8606114890316002,1.3716256510235767,0.9423824098952058,-0.27438062259938295,0.4036613452438818,False,False,False,False,False,False,False,False,True,False,False,False,True,True,False,True,False,False,False,False,False,True,True,False
18,-0.9786336659536293,-0.2998467656016184,-1.3812162141824724,0.8739987995956499,-0.029028051571325823,-0.18262859751650531,-0.11388299012504781,-1.3386786495521015,-0.6758726679464305,1.065109010093722,0.9423824098952058,-0.27438062259938295,1.2701165217083694,False,False,False,False,False,False,False,False,True,False,False,False,True,True,False,True,False,False,False,False,False,True,True,False
18,-0.9170862133407484,-0.35298659169233937,-1.3812162141824724,1.0424285618704532,-0.07501819492791363,-0.24309534570817792,-0.21292498702065357,-1.3386786495521015,-0.8606114890316002,1.065109010093722,0.805945818370647,-0.27438062259938295,1.7033441099406126,False,False,False,False,False,False,False,False,True,False,False,False,True,True,False,True,False,False,False,False,False,True,True,False
18,-0.8555387607278674,1.0184109385205562,-1.3812162141824724,1.2108583241452564,0.016962091785253396,-0.2856969182977599,2.340636063374782,-0.2518714350253829,-0.8606114890316002,1.065109010093722,0.805945818370647,-0.27438062259938295,1.2701165217083694,False,False,False,False,False,False,False,False,True,False,False,False,True,True,False,True,False,False,False,False,False,True,True,False
18,-0.7939913081149863,2.3297214635437054,-0.3797157977133944,-1.4840178722515964,2.4374959526580366,-0.6251352547373453,-0.839473271729821,-0.9764095780431952,-2.1306908839921417,1.065109010093722,0.805945818370647,-0.27438062259938295,1.2701165217083694,False,False,False,False,False,False,False,False,True,False,False,False,True,True,False,True,False,False,False,False,False,True,True,False
18,-0.7324438555021053,-0.6849886244242902,-0.3797157977133944,-1.3155881099767932,-0.510714289885017,-0.5124472240165102,-0.8696164881763088,-0.6141405065342891,-1.3224585417445245,0.7585923691638562,0.805945818370647,-0.27438062259938295,0.4036613452438818,False,False,False,False,False,False,False,False,True,False,False,False,True,True,False,True,False,False,False,False,False,True,False,True
18,-0.6708964028892243,-0.7595793894874188,-0.3797157977133944,-1.1471583477019898,-0.6051151104590512,-0.6333807203998456,-0.9255967472912167,-0.6141405065342891,-0.7682420784890154,0.7585923691638562,0.5330726353215343,-2.979722275331592,0.4036613452438818,False,False,False,False,False,False,False,False,True,False,False,False,True,True,False,True,False,False,False,False,False,True,False,True
18,-0.6093489502763433,-0.7761551150569983,-0.3797157977133944,-0.9787285854271865,-0.5058732221632741,-0.7075899113623392,-0.9708115719609521,-0.6141405065342891,-1.4148279522871094,0.7585923691638562,0.5330726353215343,-0.27438062259938295,0.4036613452438818,False,False,False,False,False,False,False,False,True,False,False,False,True,True,False,True,False,False,False,False,False,True,False,True
18,-0.5478014976634622,-0.7283780237093758,-0.3797157977133944,-0.8102988231523832,-0.42841613861534444,-0.6539943845560966,-0.9126782259570065,-0.6141405065342891,-1.1377197206593548,0.45207572823399056,0.5330726353215343,-0.27438062259938295,-0.46279383122060536,False,False,False,False,False,False,False,False,True,False,False,False,True,True,False,True,False,False,False,False,False,True,True,False
18,-0.48625404505058123,-0.691326401847957,-0.3797157977133944,-0.6418690608775799,-0.5663865686850906,-0.4368637887769268,-0.9665053981828846,-0.6141405065342891,-0.9529808995741851,0.45207572823399056,0.3966360437969755,-0.27438062259938295,0.4036613452438818,False,False,False,False,False,False,False,False,True,False,False,False,True,True,False,True,False,False,False,False,False,True,True,False
18,-0.4247065924377002,-0.7917557979460232,-0.3797157977133944,-0.4734392986027766,-0.6099561781808027,-0.703467178531089,-0.9535868768486745,-0.6141405065342891,-0.7682420784890154,0.45207572823399056,0.3966360437969755,-0.27438062259938295,-0.46279383122060536,False,False,False,False,False,False,False,False,True,False,False,False,True,True,False,True,False,False,False,False,False,True,False,True
18,-0.3631591398248192,-0.7581168254665731,-0.3797157977133944,-0.3050095363279733,-0.47440628197192364,-0.7364490411810904,-0.8739226619543763,-0.2518714350253829,-0.8606114890316002,0.1455590873041358,0.2601994522724216,-0.27438062259938295,-0.029566242988361767,False,False,False,False,False,False,False,False,True,False,False,False,True,True,False,True,False,False,False,False,False,True,True,False
18,-0.30161168721193815,-0.8063814381544729,-0.3797157977133944,-0.13657977405316998,-0.6462641860938961,-0.7831733466019226,-0.8610041406201662,-0.2518714350253829,-0.6758726679464305,-0.16095755362572983,0.12376286074786279,-0.27438062259938295,-0.029566242988361767,False,False,False,False,False,False,False,False,True,False,False,False,True,True,False,True,False,False,False,False,False,True,False,True
18,-0.24006423459905715,-0.8868224593009842,-0.3797157977133944,0.03184998822163333,-0.6656284569808764,-0.9425856827435899,-0.9492807030705993,-0.6141405065342891,-1.1377197206593548,-0.16095755362572983,-0.012673730776696004,-0.27438062259938295,-0.46279383122060536,False,False,False,False,False,False,False,False,True,False,False,False,True,True,False,True,False,False,False,False,False,True,False,True
18,-0.17851678198617613,-0.8941352794052125,-0.3797157977133944,0.20027975049643665,-0.6656284569808764,-1.0167948737060932,-0.8653103143982412,-0.2518714350253829,-0.8606114890316002,-0.16095755362572983,-0.012673730776696004,-0.27438062259938295,0.4036613452438818,False,False,False,False,False,False,False,False,True,False,False,False,True,True,False,True,False,False,False,False,False,True,False,True
18,-0.11696932937329511,-0.7430036639178323,-0.3797157977133944,0.3687095127712399,-0.5010321544415226,-0.7570627053373414,-0.7511967092793879,-0.2518714350253829,-1.691936183914864,-0.16095755362572983,-0.012673730776696004,-0.27438062259938295,-0.029566242988361767,False,False,False,False,False,False,False,False,True,False,False,False,True,True,False,True,False,False,False,False,False,True,True,False
18,-0.05542187676041409,-0.890722630023237,-0.3797157977133944,0.5371392750460433,-0.8253836917984787,-1.0099236523206827,-0.7189004059438625,-0.2518714350253829,-0.5835032574038457,-0.16095755362572983,-0.012673730776696004,-0.27438062259938295,0.4036613452438818,False,False,False,False,False,False,False,False,True,False,False,False,True,True,False,True,False,False,False,False,False,True,True,False
18,0.006125575852466929,-0.7581168254665731,-0.3797157977133944,0.7055690373208465,-0.7455060743896819,-0.7282035755185902,-0.645695451716677,-0.2518714350253829,-0.5835032574038457,0.1455590873041358,-0.012673730776696004,-0.27438062259938295,-0.029566242988361767,False,False,False,False,False,False,False,False,True,False,False,False,True,True,False,True,False,False,False,False,False,True,True,False
18,0.06767302846534795,-0.7971185326891217,-0.3797157977133944,0.8739987995956499,-0.9076818430681513,-0.7570627053373414,-0.6284707566043994,0.47266670799242944,-0.4911338468612609,-0.16095755362572983,-0.012673730776696004,-0.27438062259938295,1.2701165217083694,False,False,False,False,False,False,False,False,True,False,False,False,True,True,False,True,False,False,False,False,False,True,True,False
18,0.12922048107822898,-0.8078440021753186,-0.3797157977133944,1.0424285618704532,-0.5688071025459664,-0.8807446902748469,-0.7834930126149131,0.47266670799242944,-0.21402561523350636,-0.4674741945555846,-0.2855469138258087,-0.27438062259938295,0.4036613452438818,False,False,False,False,False,False,False,False,True,False,False,False,True,True,False,True,False,False,False,False,False,True,True,False
18,0.19076793369110998,-0.8653715203285836,-0.3797157977133944,1.2108583241452564,-0.9197845123725215,-0.8518855604560956,-0.770574491280703,0.11039763648352328,-0.3063950257760912,-0.16095755362572983,-0.2855469138258087,-0.27438062259938295,0.4036613452438818,False,False,False,False,False,False,False,False,True,False,False,False,True,True,False,True,False,False,False,False,False,True,True,False
18,0.25231538630399103,-0.7386159718552954,-0.3797157977133944,1.3792880864200598,-0.6801516601461137,-0.7708051481081721,-0.5509596285991387,0.47266670799242944,-0.1216562046909215,-0.16095755362572983,-0.42198350535036266,-0.27438062259938295,0.4036613452438818,False,False,False,False,False,False,False,False,True,False,False,False,True,True,False,True,False,False,False,False,False,True,True,False
18,0.313862838916872,-0.7410535785567025,-0.3797157977133944,1.547717848694863,-0.7455060743896819,-0.7955415450956732,-0.4648361530377431,0.11039763648352328,-0.029286794148336657,-0.16095755362572983,-0.42198350535036266,-0.27438062259938295,0.4036613452438818,False,False,False,False,False,False,False,False,True,False,False,False,True,True,False,True,False,False,False,False,False,True,True,False
18,0.375410291529753,-0.6664628134935808,-0.3797157977133944,1.7161476109696665,-0.7043569987548369,-0.6443746746165063,-0.40885589392283517,0.47266670799242944,-0.21402561523350636,-0.16095755362572983,-0.42198350535036266,-0.27438062259938295,-0.029566242988361767,False,False,False,False,False,False,False,False,True,False,False,False,True,True,False,True,False,False,False,False,False,True,True,False
18,0.43695774414263405,-0.6611000787504824,-0.3797157977133944,1.8845773732444697,-0.5058732221632741,-0.8024127664810934,-0.3141200708052969,0.11039763648352328,0.15545202693683305,-0.4674741945555846,-0.42198350535036266,-0.27438062259938295,-0.029566242988361767,False,False,False,False,False,False,False,False,True,False,False,False,True,True,False,True,False,False,False,False,False,True,True,False
18,0.4985051967555151,0.8570413748872565,-0.3797157977133944,2.053007135519273,-0.16941901550194782,-0.6897247357602583,2.340636063374782,-0.2518714350253829,-0.21402561523350636,-0.16095755362572983,-0.42198350535036266,-0.27438062259938295,-0.46279383122060536,False,False,False,False,False,False,False,False,True,False,False,False,True,True,False,True,False,False,False,False,False,True,True,False
18,0.560052649368396,2.3297214635437054,0.6217846187556836,-1.4840178722515964,2.4374959526580366,-1.39196356134985,-1.3368363430968875,-0.2518714350253829,-2.1306908839921417,-0.4674741945555846,-0.42198350535036266,-0.27438062259938295,-0.46279383122060536,False,False,False,False,False,False,False,False,True,False,True,False,False,False,True,True,False,False,False,False,False,True,True,False
18,0.6216001019812771,-1.418220720208222,0.6217846187556836,-1.3155881099767932,-0.9343077155377588,-1.8028626001977688,-1.7093203748999355,-0.2518714350253829,-1.2300891312019397,-0.4674741945555846,-0.5584200968749214,-0.27438062259938295,-0.46279383122060536,False,False,False,False,False,False,False,False,True,False,True,False,False,False,True,True,False,False,False,False,False,True,False,True
18,0.6831475545941581,-1.345580040506223,0.6217846187556836,-1.1471583477019898,-1.4571430294862777,-1.3177543703873469,-1.6834833322315153,0.11039763648352328,-1.2300891312019397,-0.7739908354854502,-0.5584200968749214,-0.27438062259938295,-1.762476595917336,False,False,False,False,False,False,False,False,True,False,True,False,False,False,True,True,False,False,False,False,False,True,True,False
18,0.7446950072070392,-1.103769455726419,0.6217846187556836,-0.9787285854271865,-0.5930124411546897,-1.1500965685831792,-1.6468808551179224,0.11039763648352328,-1.4148279522871094,-0.7739908354854502,-0.5584200968749214,-0.27438062259938295,-0.46279383122060536,False,False,False,False,False,False,False,False,True,False,True,False,False,False,True,True,False,False,False,False,False,True,True,False
18,0.8062424598199202,2.3297214635437054,0.6217846187556836,-0.8102988231523832,-0.09438246581489391,2.41022679227049,2.340636063374782,-2.244351328324367,-1.4148279522871094,-0.7739908354854502,-0.5584200968749214,-0.27438062259938295,-0.46279383122060536,False,False,False,False,False,False,False,False,True,False,True,False,False,False,True,False,False,True,False,False,False,True,True,False
18,0.8677899124328012,2.3297214635437054,0.6217846187556836,-0.6418690608775799,2.4374959526580366,-1.2504164008102636,-1.2507128675354917,0.11039763648352328,-2.1306908839921417,-0.7739908354854502,-0.8312932799240341,-0.27438062259938295,-1.762476595917336,False,False,False,False,False,False,False,False,True,False,True,False,False,False,True,False,False,False,False,False,True,True,True,False
18,0.9293373650456822,-1.1291205654210725,0.6217846187556836,-0.4734392986027766,-0.7019364648939698,-1.0841328432831763,-1.7653006340148434,0.11039763648352328,-1.04535031011677,-1.080507476415316,-0.8312932799240341,-0.27438062259938295,-1.762476595917336,False,False,False,False,False,False,False,False,True,False,True,False,False,False,True,True,False,False,False,False,False,True,True,False
18,0.9908848176585633,-1.4479595219654124,0.6217846187556836,-0.3050095363279733,-1.541861714616826,-1.4826636836373444,-1.801903111128436,0.47266670799242944,-0.4911338468612609,-1.080507476415316,-0.9677298714485929,-0.27438062259938295,-1.762476595917336,False,False,False,False,False,False,False,False,True,False,True,False,False,False,True,True,False,False,False,False,False,True,False,True
18,1.0524322702714441,-1.068180397885839,0.6217846187556836,-0.13657977405316998,-0.8253836917984787,-1.1858269197873508,-1.227028911756109,-0.2518714350253829,-0.6758726679464305,-1.080507476415316,-0.9677298714485929,-0.27438062259938295,-0.8960214194528492,False,False,False,False,False,False,False,False,True,False,True,False,False,False,True,True,False,False,False,False,False,True,True,False
18,1.1139797228843253,-1.221262098734349,0.6217846187556836,0.03184998822163333,-0.9439898509812447,-1.4854121721915143,-1.3282239955407524,0.11039763648352328,-1.04535031011677,-1.080507476415316,-1.104166462973147,-0.27438062259938295,0.4036613452438818,False,False,False,False,False,False,False,False,True,False,True,False,False,False,True,True,False,False,False,False,False,True,True,False
18,1.1755271754972063,-1.0711055259275304,0.6217846187556836,0.20027975049643665,-0.7890756838853853,-1.2078148282206818,-1.2377943462012817,0.11039763648352328,-0.7682420784890154,-1.080507476415316,-1.2406030544977056,-0.27438062259938295,-0.8960214194528492,False,False,False,False,False,False,False,False,True,False,True,False,False,False,True,True,False,False,False,False,False,True,True,False
18,1.2370746281100873,-1.1154699678931774,0.6217846187556836,0.3687095127712399,-0.9924005281986996,-1.2160602938831822,-1.2399474330903193,0.8349357795013356,-0.6758726679464305,-1.080507476415316,-1.2406030544977056,-0.27438062259938295,-1.762476595917336,False,False,False,False,False,False,False,False,True,False,True,False,False,False,True,True,False,False,False,False,False,True,True,False
18,1.2986220807229683,-1.0940190289207767,0.6217846187556836,0.5371392750460433,-0.7164596680592071,-1.453804553818593,-1.0181794835197173,-0.9764095780431952,-0.21402561523350636,-1.3870241173451707,-1.2406030544977056,-0.27438062259938295,-1.762476595917336,False,False,False,False,False,False,False,False,True,False,True,False,False,False,True,True,False,False,False,False,False,True,True,False
18,1.3601695333358494,-0.9536128829196003,0.6217846187556836,0.7055690373208465,-0.8471684965463346,-0.9741933011165111,-1.0332510917429651,-0.2518714350253829,-0.4911338468612609,-1.080507476415316,-1.2406030544977056,-0.27438062259938295,0.4036613452438818,False,False,False,False,False,False,False,False,True,False,True,False,False,False,True,True,False,False,False,False,False,True,True,False
18,1.4217169859487304,-0.8673216056897064,0.6217846187556836,0.8739987995956499,-0.6438436522330203,-1.2119375610519318,-0.460529979259668,-0.9764095780431952,-0.5835032574038457,-1.3870241173451707,-1.2406030544977056,-0.27438062259938295,-1.762476595917336,False,False,False,False,False,False,False,False,True,False,True,False,False,False,True,True,False,False,False,False,False,True,True,False
18,1.4832644385616114,-1.1149824465529001,0.6217846187556836,1.0424285618704532,-0.936728249398626,-1.3067604161706763,-1.145211609972781,-0.6141405065342891,-0.39876443631867603,-1.3870241173451707,-1.3770396460222645,-0.27438062259938295,-0.8960214194528492,False,False,False,False,False,False,False,False,True,False,True,False,False,False,True,True,False,False,False,False,False,True,True,False
18,1.5448118911744924,-1.1291205654210725,0.6217846187556836,1.2108583241452564,-1.2441360497294776,-1.191323896895681,-1.1150683935262933,-0.6141405065342891,-0.7682420784890154,-1.3870241173451707,-1.3770396460222645,-0.27438062259938295,-1.762476595917336,False,False,False,False,False,False,False,False,True,False,True,False,False,False,True,True,False,False,False,False,False,True,True,False
18,1.6063593437873733,-1.23247508956083,0.6217846187556836,1.3792880864200598,-1.045652273137906,-1.5747380502019286,-1.1473646968618185,-0.6141405065342891,-0.39876443631867603,-1.3870241173451707,-1.5134762375468185,-0.27438062259938295,-0.46279383122060536,False,False,False,False,False,False,False,False,True,False,True,False,False,False,True,True,False,False,False,False,False,True,True,False
18,1.6679067964002545,-1.4060326867011725,0.6217846187556836,1.547717848694863,-1.1037450857988556,-1.8372187071248502,-1.4509499482157409,0.11039763648352328,-0.5835032574038457,-1.6935407582750364,-1.5134762375468185,-0.27438062259938295,-0.8960214194528492,False,False,False,False,False,False,False,False,True,False,True,False,False,False,True,True,False,False,False,False,False,True,True,False
18,1.7294542490131355,-0.9755513432322852,0.6217846187556836,1.7161476109696665,-0.796337285468004,-1.118488950210258,-0.9492807030705993,0.11039763648352328,-0.6758726679464305,-1.6935407582750364,-1.5134762375468185,-0.27438062259938295,-0.029566242988361767,False,False,False,False,False,False,False,False,True,False,True,False,False,False,True,True,False,False,False,False,False,True,True,False
18,1.7910017016260165,-1.3811690983467961,0.6217846187556836,1.8845773732444697,-1.1134272212423413,-1.8152307986915193,-1.3669795595433827,-2.244351328324367,-0.5835032574038457,-1.3870241173451707,-1.6499128290713772,-0.27438062259938295,0.4036613452438818,False,False,False,False,False,False,False,False,True,False,True,False,False,False,True,True,False,False,False,False,False,True,True,False
4,-1.6556556446953206,2.3297214635437054,-1.3812162141824724,-1.4840178722515964,-0.18152168480631803,2.41022679227049,1.830354470673505,-0.2518714350253829,-2.1306908839921417,1.6781422919534423,1.7610019590425439,2.430961030132826,-0.029566242988361767,False,False,True,False,False,False,False,False,False,False,False,False,True,False,True,False,True,False,False,False,False,True,True,False
4,-1.5941081920824396,0.6006051498989958,-1.3812162141824724,-1.3155881099767932,0.7697481225166942,1.1737505039647562,1.0272530610634714,-0.6141405065342891,-0.3063950257760912,1.6781422919534423,1.62456536751799,2.430961030132826,-1.762476595917336,False,False,True,False,False,False,False,False,False,False,False,False,True,False,True,False,False,False,True,False,False,True,False,True
4,-1.5325607394695586,0.7005470246567779,-1.3812162141824724,-1.1471583477019898,0.9198212218908106,1.3730159241418354,1.0229468872854037,1.5594739225191478,-1.5071973628296942,1.6781422919534423,1.7610019590425439,2.430961030132826,0.4036613452438818,False,False,True,False,False,False,False,False,False,False,False,False,True,False,True,True,False,False,False,False,False,True,True,False
4,-1.4710132868566774,0.8229148810675291,-1.3812162141824724,-0.9787285854271865,0.2275485376811864,1.9350818334689208,1.298542009081876,0.8349357795013356,0.8944073112775118,1.3716256510235767,1.62456536751799,2.430961030132826,1.2701165217083694,False,False,True,False,False,False,False,False,False,False,False,False,True,False,True,True,False,False,False,False,False,True,True,False
4,-1.4094658342437965,0.7858632592061034,-1.3812162141824724,-0.8102988231523832,0.6898705051078887,1.5228085503439222,1.369593876420024,1.1972048510102418,-0.21402561523350636,1.3716256510235767,1.4881287759934312,2.430961030132826,1.7033441099406126,False,False,True,False,False,False,False,False,False,False,False,False,True,False,True,True,False,False,False,False,False,True,True,False
4,-1.3479183816309155,0.9282194905684096,-1.3812162141824724,-0.6418690608775799,0.3703600354726842,1.9928000931064234,1.5461470013208904,0.8349357795013356,1.0791461323626814,1.065109010093722,1.4881287759934312,2.430961030132826,0.4036613452438818,False,False,True,False,False,False,False,False,False,False,False,False,True,False,True,True,False,False,False,False,False,True,True,False
4,-1.2863709290180345,0.9399200027351748,-1.3812162141824724,-0.4734392986027766,0.4453965851597381,1.9323333449147606,1.625811216215181,1.1972048510102418,0.6172990796497573,1.065109010093722,1.3516921844688725,-0.27438062259938295,0.4036613452438818,False,False,True,False,False,False,False,False,False,False,False,False,True,False,True,True,False,False,False,False,False,True,True,False
4,-1.2248234764051535,0.9589333350061685,-1.3812162141824724,-0.3050095363279733,0.8544668076472426,1.6368708253418374,1.8088236017831525,1.1972048510102418,0.3401908480220027,1.065109010093722,1.3516921844688725,-0.27438062259938295,1.7033441099406126,False,False,True,False,False,False,False,False,False,False,False,False,True,False,True,True,False,False,False,False,False,True,True,False
4,-1.1632760237922724,2.3297214635437054,-1.3812162141824724,-0.13657977405316998,1.0239041779083393,1.9982970702147538,2.340636063374782,-0.2518714350253829,0.15545202693683305,1.3716256510235767,1.2152555929443185,-0.27438062259938295,0.4036613452438818,False,False,True,False,False,False,False,False,False,False,False,False,True,False,True,True,False,False,False,False,False,True,True,False
4,-1.1017285711793914,2.3297214635437054,-0.3797157977133944,-1.4840178722515964,2.4374959526580366,-0.5825336821477634,-0.5531127154881763,-1.3386786495521015,-2.1306908839921417,1.065109010093722,1.2152555929443185,-0.27438062259938295,1.2701165217083694,False,False,True,False,False,False,False,False,False,False,True,False,False,False,True,True,False,False,False,False,False,True,True,False
4,-1.0401811185665104,-0.2164806164134158,-0.3797157977133944,-1.3155881099767932,0.08473703988968864,0.01938531121474391,-0.16340398857285068,-0.6141405065342891,-0.6758726679464305,1.065109010093722,0.9423824098952058,-0.27438062259938295,1.2701165217083694,False,False,True,False,False,False,False,False,False,False,True,False,False,False,True,True,False,False,False,False,False,True,False,True
4,-0.9786336659536293,-0.13555207392662727,-0.3797157977133944,-1.1471583477019898,0.3630984338900655,-0.024590505651918202,0.015302223217053303,-0.9764095780431952,-1.2300891312019397,1.065109010093722,0.9423824098952058,-0.27438062259938295,1.7033441099406126,False,False,True,False,False,False,False,False,False,False,True,False,False,False,True,True,False,False,False,False,False,True,True,False
4,-0.9170862133407484,0.06969441033204228,-0.3797157977133944,-0.9787285854271865,0.7842713256819315,0.24201288410224403,0.1294158283358991,-0.6141405065342891,-0.4911338468612609,1.065109010093722,0.805945818370647,-0.27438062259938295,1.2701165217083694,False,False,True,False,False,False,False,False,False,False,True,False,False,False,True,True,False,False,False,False,False,True,True,False
4,-0.8555387607278674,-0.16919104640607743,-0.3797157977133944,-0.8102988231523832,0.23723067312468085,-0.05619812402483953,0.028220744551255766,-0.6141405065342891,0.15545202693683305,1.065109010093722,0.805945818370647,-0.27438062259938295,1.2701165217083694,False,False,True,False,False,False,False,False,False,False,True,False,False,False,True,True,False,False,False,False,False,True,True,False
4,-0.7939913081149863,-0.10776335753055975,-0.3797157977133944,-0.6418690608775799,-0.053233390180057606,0.2310189298855834,0.107884959445554,-0.6141405065342891,0.06308261639424818,1.065109010093722,0.805945818370647,-0.27438062259938295,0.4036613452438818,False,False,True,False,False,False,False,False,False,False,True,False,False,False,True,True,False,False,False,False,False,True,True,False
4,-0.7324438555021053,-0.1272642111418375,-0.3797157977133944,-0.4734392986027766,0.2275485376811864,0.0729808380209963,0.01960839699512079,-0.6141405065342891,0.06308261639424818,0.7585923691638562,0.6695092268460883,-0.27438062259938295,1.2701165217083694,False,False,True,False,False,False,False,False,False,False,True,False,False,False,True,True,False,False,False,False,False,True,True,False
4,-0.6708964028892243,-0.09508780268323301,-0.3797157977133944,-0.3050095363279733,0.25901547787253687,0.09222025790016707,0.10357878566747887,-0.6141405065342891,-0.029286794148336657,0.7585923691638562,0.5330726353215343,-0.27438062259938295,0.4036613452438818,False,False,True,False,False,False,False,False,False,False,True,False,False,False,True,True,False,False,False,False,False,True,True,False
4,-0.6093489502763433,-0.08631241855815905,-0.3797157977133944,-0.13657977405316998,0.22996907154206217,-0.02184201709775792,0.34687760412843344,-0.9764095780431952,-0.1216562046909215,0.7585923691638562,0.5330726353215343,-0.27438062259938295,0.4036613452438818,False,False,True,False,False,False,False,False,False,False,True,False,False,False,True,True,False,False,False,False,False,True,True,False
4,-0.5478014976634622,-0.06827412896772694,-0.3797157977133944,0.03184998822163333,0.3655189677509413,0.01938531121474391,0.24137634656571497,-0.6141405065342891,-0.21402561523350636,0.45207572823399056,0.5330726353215343,-2.979722275331592,0.4036613452438818,False,False,True,False,False,False,False,False,False,False,True,False,False,False,True,True,False,False,False,False,False,True,True,False
4,-0.48625404505058123,-0.0921626746415417,-0.3797157977133944,0.20027975049643665,0.14767092027238957,0.13069909765849885,0.1552528710043193,-0.9764095780431952,-0.029286794148336657,0.45207572823399056,0.3966360437969755,-0.27438062259938295,-0.46279383122060536,False,False,True,False,False,False,False,False,False,False,True,False,False,False,True,True,False,False,False,False,False,True,True,False
4,-0.4247065924377002,0.05896894084583847,-0.3797157977133944,0.3687095127712399,0.6075723538382162,0.33546149494391814,0.09281335122230633,-0.6141405065342891,-0.1216562046909215,0.45207572823399056,0.2601994522724216,-0.27438062259938295,0.4036613452438818,False,False,True,False,False,False,False,False,False,False,True,False,False,False,True,True,False,False,False,False,False,True,True,False
4,-0.3631591398248192,0.13599731261037423,-0.3797157977133944,0.5371392750460433,0.4574992544641083,0.5484693578918279,0.23276399900957997,-0.6141405065342891,0.06308261639424818,0.1455590873041358,0.12376286074786279,-0.27438062259938295,-0.46279383122060536,False,False,True,False,False,False,False,False,False,False,True,False,False,False,True,True,False,False,False,False,False,True,True,False
4,-0.30161168721193815,0.027767575067802364,-0.3797157977133944,0.7055690373208465,0.28564135034213584,0.3244675407272477,0.2586010416780002,-0.2518714350253829,0.06308261639424818,-0.16095755362572983,-0.012673730776696004,-0.27438062259938295,-0.46279383122060536,False,False,True,False,False,False,False,False,False,False,True,False,False,False,True,True,False,False,False,False,False,True,True,False
4,-0.24006423459905715,0.27055320252816795,-0.3797157977133944,0.8739987995956499,0.7285990468818578,0.5787027319876692,0.5385023372525399,-0.2518714350253829,0.06308261639424818,-0.16095755362572983,-0.012673730776696004,-0.27438062259938295,1.2701165217083694,False,False,True,False,False,False,False,False,False,False,True,False,False,False,True,True,False,False,False,False,False,True,True,False
4,-0.17851678198617613,1.5025196294204488,-0.3797157977133944,1.0424285618704532,0.4671813899075941,0.6144330831918309,2.340636063374782,-0.2518714350253829,0.15545202693683305,-0.16095755362572983,-0.012673730776696004,-0.27438062259938295,0.4036613452438818,False,False,True,False,False,False,False,False,False,False,True,False,False,False,True,True,False,False,False,False,False,True,True,False
4,-0.11696932937329511,2.3297214635437054,0.6217846187556836,-1.4840178722515964,2.4374959526580366,-0.9398371941894296,-0.8308609241736784,-0.6141405065342891,-2.1306908839921417,-0.16095755362572983,-0.012673730776696004,-0.27438062259938295,0.4036613452438818,False,False,True,False,False,False,False,False,False,False,True,False,False,False,True,True,False,False,False,False,False,True,True,False
4,-0.05542187676041409,-0.23256882064271805,0.6217846187556836,-1.3155881099767932,1.0069604408822261,-0.32005302522484147,-0.522969499041681,1.5594739225191478,-0.39876443631867603,0.1455590873041358,-0.012673730776696004,-0.27438062259938295,-0.029566242988361767,False,False,True,False,False,False,False,False,False,False,True,False,False,False,True,True,False,False,False,False,False,True,False,True
4,0.006125575852466929,-0.7044894780355679,0.6217846187556836,-1.1471583477019898,-1.002082663642194,-0.5880306592560937,-0.40024354636669257,-0.2518714350253829,1.4486237745330208,-0.16095755362572983,-0.012673730776696004,-0.27438062259938295,1.2701165217083694,False,False,True,False,False,False,False,False,False,False,True,False,False,False,True,True,False,False,False,False,False,True,False,True
4,0.06767302846534795,-0.5821216216248167,0.6217846187556836,-0.9787285854271865,-0.585750839572071,-0.5330608881727611,-0.31627315769432685,1.5594739225191478,0.06308261639424818,-0.4674741945555846,-0.2855469138258087,-0.27438062259938295,0.4036613452438818,False,False,True,False,False,False,False,False,False,False,True,False,False,False,True,True,False,False,False,False,False,True,True,False
4,0.12922048107822898,-0.7049769993758452,0.6217846187556836,-0.8102988231523832,-1.2949672608077996,-0.5055760026310899,-0.2710583330245991,1.9217429940280542,1.6333625956181905,-0.16095755362572983,-0.14911032230124993,-0.27438062259938295,0.4036613452438818,False,False,True,False,False,False,False,False,False,False,True,False,False,False,True,True,False,False,False,False,False,True,False,True
4,0.19076793369110998,-0.6035725605972174,0.6217846187556836,-0.6418690608775799,-1.0868013487727424,-0.28432267402066996,-0.35502872169695715,1.9217429940280542,1.7257320061607755,-0.16095755362572983,-0.42198350535036266,-0.27438062259938295,0.4036613452438818,False,False,True,False,False,False,False,False,False,False,True,False,False,False,True,True,False,False,False,False,False,True,True,False
4,0.25231538630399103,-0.5821216216248167,0.6217846187556836,-0.4734392986027766,-1.0916424164944853,-0.35715762070609314,-0.14187311968249797,1.5594739225191478,1.7257320061607755,-0.16095755362572983,-0.42198350535036266,-0.27438062259938295,0.4036613452438818,False,False,True,False,False,False,False,False,False,False,True,False,False,False,True,True,False,False,False,False,False,True,True,False
4,0.313862838916872,-0.6006474325555261,0.6217846187556836,-0.3050095363279733,-1.1569968307380534,-0.35166064359775306,-0.17416942301802324,1.9217429940280542,1.7257320061607755,-0.16095755362572983,-0.42198350535036266,-0.27438062259938295,0.4036613452438818,False,False,True,False,False,False,False,False,False,False,True,False,False,False,True,True,False,False,False,False,False,True,True,False
4,0.375410291529753,-0.5772464082219956,0.6217846187556836,-0.13657977405316998,-1.1448941614336918,-0.28844540685192016,-0.1806286836851283,1.5594739225191478,1.8181014167033602,-0.4674741945555846,-0.42198350535036266,-0.27438062259938295,-0.029566242988361767,False,False,True,False,False,False,False,False,False,False,True,False,False,False,True,True,False,False,False,False,False,True,True,False
4,0.43695774414263405,-0.545069999763398,0.6217846187556836,0.03184998822163333,-0.9924005281986996,-0.32005302522484147,-0.12464842457022036,1.5594739225191478,1.7257320061607755,-0.16095755362572983,-0.42198350535036266,-0.27438062259938295,-0.46279383122060536,False,False,True,False,False,False,False,False,False,False,True,False,False,False,True,True,False,False,False,False,False,True,True,False
4,0.4985051967555151,-0.4982679510963369,0.6217846187556836,0.20027975049643665,-0.9076818430681513,-0.36128035353734334,0.07128248233196124,1.5594739225191478,1.5409931850756058,-0.4674741945555846,-0.42198350535036266,-0.27438062259938295,-0.029566242988361767,False,False,True,False,False,False,False,False,False,False,True,False,False,False,True,True,False,False,False,False,False,True,True,False
4,0.560052649368396,-0.5231315394507131,0.6217846187556836,0.3687095127712399,-0.7334034050853117,-0.30218784962276063,-0.2861299412478391,1.5594739225191478,1.5409931850756058,-0.4674741945555846,-0.5584200968749214,-0.27438062259938295,-0.46279383122060536,False,False,True,False,False,False,False,False,False,False,True,False,False,False,True,True,False,False,False,False,False,True,True,False
4,0.6216001019812771,-0.5353195729577557,0.6217846187556836,0.5371392750460433,-0.9560925202856149,-0.3599061092602534,-0.05144347034303482,1.5594739225191478,1.4486237745330208,-0.7739908354854502,-0.5584200968749214,-0.27438062259938295,-1.762476595917336,False,False,True,False,False,False,False,False,False,False,True,False,False,False,True,True,False,False,False,False,False,True,True,False
4,0.6831475545941581,-0.3261729179768333,0.6217846187556836,0.7055690373208465,-0.5736481702677093,-0.005351085772757189,-0.023453340785577034,1.1972048510102418,1.6333625956181905,-0.7739908354854502,-0.5584200968749214,-0.27438062259938295,0.4036613452438818,False,False,True,False,False,False,False,False,False,False,True,False,False,False,True,True,False,False,False,False,False,True,True,False
4,0.7446950072070392,2.3297214635437054,0.6217846187556836,0.8739987995956499,-0.6390025845112774,-0.13727853637275328,2.340636063374782,-0.2518714350253829,1.5409931850756058,-0.7739908354854502,-0.5584200968749214,-0.27438062259938295,-0.46279383122060536,False,False,True,False,False,False,False,False,False,False,True,False,False,False,True,False,False,True,False,False,False,True,True,False
4,0.8062424598199202,2.3297214635437054,1.6232850352247616,-1.4840178722515964,2.4374959526580366,1.7083315277501705,-1.7480759389025657,2.102877529782507,-2.1306908839921417,-0.7739908354854502,-0.8312932799240341,-0.27438062259938295,-1.762476595917336,False,False,True,False,False,False,False,False,False,False,False,False,True,False,True,False,False,False,False,False,True,True,True,False
4,0.8677899124328012,-2.017384447414637,1.6232850352247616,-1.3155881099767932,-2.6359430197313274,-2.3237011812123525,-1.4617153826609133,-0.2518714350253829,2.118302000966761,-1.080507476415316,-0.8312932799240341,-0.27438062259938295,-1.762476595917336,False,False,True,False,False,False,False,False,False,False,False,False,True,False,True,True,False,False,False,False,False,True,False,True
4,0.9293373650456822,-1.591290796008287,1.6232850352247616,-1.1471583477019898,-1.5588054516429393,-1.9334158065206848,-1.713626548678003,-0.2518714350253829,-0.5835032574038457,-1.080507476415316,-0.8312932799240341,-0.27438062259938295,1.2701165217083694,False,False,True,False,False,False,False,False,False,False,False,False,True,False,True,True,False,False,False,False,False,True,True,False
4,0.9908848176585633,-1.664418997050563,1.6232850352247616,-0.9787285854271865,-1.537020646895083,-2.118938783926933,-1.7653006340148434,-0.6141405065342891,-0.4911338468612609,-1.080507476415316,-0.9677298714485929,-0.27438062259938295,-0.8960214194528492,False,False,True,False,False,False,False,False,False,False,False,False,True,False,True,True,False,False,False,False,False,True,True,False
4,1.0524322702714441,-1.4723355889795045,1.6232850352247616,-0.8102988231523832,-1.3215931332774071,-1.7987398673665185,-1.6102783780043297,-0.2518714350253829,-0.6758726679464305,-1.080507476415316,-1.104166462973147,-0.27438062259938295,0.4036613452438818,False,False,True,False,False,False,False,False,False,False,False,False,True,False,True,True,False,False,False,False,False,True,True,False
4,1.1139797228843253,-1.5430261833203802,1.6232850352247616,-0.6418690608775799,-1.4256760892949358,-1.8921884782081828,-1.6834833322315153,-0.2518714350253829,-0.39876443631867603,-1.080507476415316,-1.104166462973147,-0.27438062259938295,-1.762476595917336,False,False,True,False,False,False,False,False,False,False,False,False,True,False,True,True,False,False,False,False,False,True,True,False
4,1.1755271754972063,-1.504511997438109,1.6232850352247616,-0.4734392986027766,-1.4861894358167524,-1.853709638449851,-1.519848728664859,-0.2518714350253829,-0.3063950257760912,-1.080507476415316,-1.2406030544977056,-0.27438062259938295,-1.762476595917336,False,False,True,False,False,False,False,False,False,False,False,False,True,False,True,True,False,False,False,False,False,True,True,False
4,1.2370746281100873,-1.3836067050482104,1.6232850352247616,-0.3050095363279733,-1.2368744481468588,-1.9114278980873536,-1.1172214804153309,-0.2518714350253829,-0.4911338468612609,-1.080507476415316,-1.2406030544977056,-0.27438062259938295,-0.8960214194528492,False,False,True,False,False,False,False,False,False,False,False,False,True,False,True,True,False,False,False,False,False,True,True,False
4,1.2986220807229683,-1.1715349220255966,1.6232850352247616,-0.13657977405316998,-0.9972415959204511,-1.3493619887602681,-1.2743968233148744,-0.2518714350253829,-0.39876443631867603,-1.080507476415316,-1.2406030544977056,-0.27438062259938295,0.4036613452438818,False,False,True,False,False,False,False,False,False,False,False,False,True,False,True,True,False,False,False,False,False,True,True,False
4,1.3601695333358494,-1.294390299776625,1.6232850352247616,0.03184998822163333,-1.0843808149118666,-1.6626896839352625,-1.248559780646462,-0.2518714350253829,-0.39876443631867603,-1.3870241173451707,-1.2406030544977056,-0.27438062259938295,-1.762476595917336,False,False,True,False,False,False,False,False,False,False,False,False,True,False,True,True,False,False,False,False,False,True,True,False
4,1.4217169859487304,-1.2534385071929466,1.6232850352247616,0.20027975049643665,-1.1594173645989292,-1.6324563098394311,-1.0483226999662127,-0.2518714350253829,-0.4911338468612609,-1.3870241173451707,-1.3770396460222645,-0.27438062259938295,-1.762476595917336,False,False,True,False,False,False,False,False,False,False,False,False,True,False,True,True,False,False,False,False,False,True,True,False
4,1.4832644385616114,-1.1286330440807884,1.6232850352247616,0.3687095127712399,-1.3119109978339127,-1.3026376833394262,-0.8782288357324514,-0.2518714350253829,-0.3063950257760912,-1.3870241173451707,-1.3770396460222645,-0.27438062259938295,-1.762476595917336,False,False,True,False,False,False,False,False,False,False,False,False,True,False,True,True,False,False,False,False,False,True,True,False
4,1.5448118911744924,-1.085731166135987,1.6232850352247616,0.5371392750460433,-1.1037450857988556,-1.4263196682769317,-0.6801448419412323,0.11039763648352328,-0.029286794148336657,-1.3870241173451707,-1.5134762375468185,-0.27438062259938295,-1.762476595917336,False,False,True,False,False,False,False,False,False,False,False,False,True,False,True,True,False,False,False,False,False,True,True,False
4,1.6063593437873733,-0.9672634804474954,1.6232850352247616,0.7055690373208465,-0.7721319468592808,-1.1445995914748488,-0.8933004439556914,0.11039763648352328,0.06308261639424818,-1.6935407582750364,-1.5134762375468185,-0.27438062259938295,-0.8960214194528492,False,False,True,False,False,False,False,False,False,False,False,False,True,False,True,True,False,False,False,False,False,True,True,False
4,1.6679067964002545,-0.8029687887725043,1.6232850352247616,0.8739987995956499,-0.7745524807201479,-0.9096038200935982,-0.5337349334868612,0.11039763648352328,0.15545202693683305,-1.6935407582750364,-1.5134762375468185,-0.27438062259938295,-0.029566242988361767,False,False,True,False,False,False,False,False,False,False,False,False,True,False,True,True,False,False,False,False,False,True,True,False
4,1.7294542490131355,-0.6635376854518895,1.6232850352247616,1.0424285618704532,-0.5421812300763589,-0.748817239674841,-0.37655959058730987,0.11039763648352328,0.3401908480220027,-1.3870241173451707,-1.6499128290713772,-0.27438062259938295,-0.46279383122060536,False,False,True,False,False,False,False,False,False,False,False,False,True,False,True,True,False,False,False,False,False,True,True,False
4,1.7910017016260165,-0.5163062406867621,1.6232850352247616,1.2108583241452564,-0.3872670629804995,-0.6223867661831752,-0.06220890478820737,1.5594739225191478,0.4325602585645876,-1.3870241173451707,-1.6499128290713772,-0.27438062259938295,0.4036613452438818,False,False,True,False,False,False,False,False,False,False,False,False,True,False,True,True,False,False,False,False,False,True,True,False
11,-1.6556556446953206,0.9053059875751632,-1.3812162141824724,-0.9787285854271865,-0.18152168480631803,0.1815461359105812,-0.4648361530377431,-0.6141405065342891,-2.1306908839921417,1.6781422919534423,1.7610019590425439,2.430961030132826,-0.029566242988361767,False,False,False,False,False,False,False,False,True,False,False,False,True,True,False,False,True,False,False,False,False,True,True,False
11,-1.5941081920824396,-0.16772848238523178,-1.3812162141824724,-0.8102988231523832,0.27111814717689847,0.04412170820224501,-0.15263855412767816,-0.2518714350253829,-1.691936183914864,1.6781422919534423,1.62456536751799,2.430961030132826,-1.762476595917336,False,False,False,False,False,False,False,False,True,False,False,False,True,True,False,False,False,False,True,False,False,True,False,True
11,-1.5325607394695586,-0.18332916527424983,-1.3812162141824724,-0.6418690608775799,-0.05565392404093337,0.08534903651474685,0.0045367887718731105,-0.6141405065342891,-0.7682420784890154,1.6781422919534423,1.7610019590425439,2.430961030132826,0.4036613452438818,False,False,False,False,False,False,False,False,True,False,False,False,True,True,False,True,False,False,False,False,False,True,False,True
11,-1.4710132868566774,-0.21843070177454565,-1.3812162141824724,-0.4734392986027766,-0.038710187014820256,0.0331277539855746,-0.0837397736785601,-0.2518714350253829,-0.39876443631867603,1.6781422919534423,1.7610019590425439,2.430961030132826,-0.46279383122060536,False,False,False,False,False,False,False,False,True,False,False,False,True,True,False,True,False,False,False,False,False,True,False,True
11,-1.4094658342437965,-0.39101325623432653,-1.3812162141824724,-0.3050095363279733,-0.4574625449458105,-0.19224830745608582,-0.12034225079215287,1.5594739225191478,-0.21402561523350636,1.3716256510235767,1.4881287759934312,2.430961030132826,1.7033441099406126,False,False,False,False,False,False,False,False,True,False,False,False,True,True,False,True,False,False,False,False,False,True,False,True
11,-1.3479183816309155,-0.23793155538581648,-1.3812162141824724,-0.13657977405316998,-0.348538521206539,-0.05619812402483953,0.2456825203437901,1.5594739225191478,0.7096684901923421,1.065109010093722,1.4881287759934312,2.430961030132826,0.4036613452438818,False,False,False,False,False,False,False,False,True,False,False,False,True,True,False,True,False,False,False,False,False,True,True,False
11,-1.2863709290180345,-0.19600472012157658,-1.3812162141824724,0.03184998822163333,-0.49861162058065545,0.12382787627307863,0.2822849974573829,0.11039763648352328,-0.3063950257760912,1.065109010093722,1.3516921844688725,2.430961030132826,0.4036613452438818,False,False,False,False,False,False,False,False,True,False,False,False,True,True,False,True,False,False,False,False,False,True,True,False
11,-1.2248234764051535,-0.016596866897851607,-1.3812162141824724,0.20027975049643665,0.38730377249878867,0.14993851753765988,0.2456825203437901,-0.2518714350253829,-0.4911338468612609,1.065109010093722,1.3516921844688725,-0.27438062259938295,1.7033441099406126,False,False,False,False,False,False,False,False,True,False,False,False,True,True,False,True,False,False,False,False,False,True,True,False
11,-1.1632760237922724,-0.14237737269057138,-1.3812162141824724,0.3687095127712399,0.10652184463754467,-0.009473818604007372,0.18970226122888217,-0.2518714350253829,-0.6758726679464305,1.3716256510235767,1.2152555929443185,-0.27438062259938295,0.4036613452438818,False,False,False,False,False,False,False,False,True,False,False,False,True,True,False,True,False,False,False,False,False,True,True,False
11,-1.1017285711793914,-0.059011223502375726,-1.3812162141824724,0.5371392750460433,0.03390582881136651,0.2557553268730845,0.20692695634115976,-0.6141405065342891,-0.39876443631867603,1.065109010093722,1.2152555929443185,-0.27438062259938295,1.2701165217083694,False,False,False,False,False,False,False,False,True,False,False,False,True,True,False,True,False,False,False,False,False,True,True,False
11,-1.0401811185665104,0.020942276303851336,-1.3812162141824724,0.7055690373208465,0.513171533264182,0.14306729615224942,0.310275127014833,-0.6141405065342891,-0.39876443631867603,1.3716256510235767,0.9423824098952058,-0.27438062259938295,0.4036613452438818,False,False,False,False,False,False,False,False,True,False,False,False,True,True,False,True,False,False,False,False,False,True,True,False
11,-0.9786336659536293,-0.004408833390802138,-1.3812162141824724,0.8739987995956499,0.25901547787253687,0.2310189298855834,0.28659117123545036,-0.6141405065342891,-0.39876443631867603,1.065109010093722,0.9423824098952058,-0.27438062259938295,1.7033441099406126,False,False,False,False,False,False,False,False,True,False,False,False,True,True,False,True,False,False,False,False,False,True,True,False
11,-0.9170862133407484,0.06335663290837545,-1.3812162141824724,1.0424285618704532,0.3630984338900655,0.29423416663141627,0.39424551568719873,-0.9764095780431952,-0.39876443631867603,1.065109010093722,0.805945818370647,-0.27438062259938295,1.7033441099406126,False,False,False,False,False,False,False,False,True,False,False,False,True,True,False,True,False,False,False,False,False,True,True,False
11,-0.8555387607278674,-0.22769360723989687,-1.3812162141824724,1.2108583241452564,-0.021766449988707144,-0.12491033787900274,0.107884959445554,-0.9764095780431952,-0.39876443631867603,1.065109010093722,0.805945818370647,-0.27438062259938295,1.2701165217083694,False,False,False,False,False,False,False,False,True,False,False,False,True,True,False,True,False,False,False,False,False,True,True,False
11,-0.7939913081149863,-0.2915589028168217,-1.3812162141824724,1.3792880864200598,0.050849565837471015,-0.2664574984185891,-0.016994080118471977,-1.3386786495521015,-0.39876443631867603,1.065109010093722,0.805945818370647,-0.27438062259938295,1.2701165217083694,False,False,False,False,False,False,False,False,True,False,False,False,True,True,False,True,False,False,False,False,False,True,True,False
11,-0.7324438555021053,-0.21258044569116302,-1.3812162141824724,1.547717848694863,0.11862451394191487,-0.08917998667484099,-0.006228645673299433,-0.9764095780431952,-0.4911338468612609,0.7585923691638562,0.805945818370647,-0.27438062259938295,0.4036613452438818,False,False,False,False,False,False,False,False,True,False,False,False,True,True,False,True,False,False,False,False,False,True,True,False
11,-0.6708964028892243,1.0500998256388765,-1.3812162141824724,1.7161476109696665,0.23238960540292933,-0.09055423095192114,2.340636063374782,-0.2518714350253829,-0.5835032574038457,0.7585923691638562,0.5330726353215343,-2.979722275331592,0.4036613452438818,False,False,False,False,False,False,False,False,True,False,False,False,True,True,False,True,False,False,False,False,False,True,True,False
11,-0.6093489502763433,2.3297214635437054,-0.3797157977133944,-1.1471583477019898,2.4374959526580366,-0.20324226167275622,-0.70813497149869,-0.6141405065342891,-2.1306908839921417,0.7585923691638562,0.5330726353215343,-0.27438062259938295,0.4036613452438818,False,False,False,False,False,False,False,False,True,False,False,False,True,True,False,True,False,False,False,False,False,True,True,False
11,-0.5478014976634622,-0.7542166547443134,-0.3797157977133944,-0.9787285854271865,-0.6196383136242886,-0.5921533920873439,-0.9535868768486745,-0.6141405065342891,-0.9529808995741851,0.45207572823399056,0.5330726353215343,-0.27438062259938295,-0.46279383122060536,False,False,False,False,False,False,False,False,True,False,False,False,True,True,False,True,False,False,False,False,False,True,False,True
11,-0.48625404505058123,-0.8570836575437938,-0.3797157977133944,-0.8102988231523832,-1.0698576117466292,-0.5330608881727611,-1.0999967853030455,-0.2518714350253829,-0.8606114890316002,0.45207572823399056,0.3966360437969755,-0.27438062259938295,0.4036613452438818,False,False,False,False,False,False,False,False,True,False,False,False,True,True,False,True,False,False,False,False,False,True,False,True
11,-0.4247065924377002,-0.9584880963224215,-0.3797157977133944,-0.6418690608775799,-1.0601754763031435,-0.7927930565415129,-1.1495177837508483,0.11039763648352328,-0.7682420784890154,0.45207572823399056,0.2601994522724216,-0.27438062259938295,0.4036613452438818,False,False,False,False,False,False,False,False,True,False,False,False,True,True,False,True,False,False,False,False,False,True,False,True
11,-0.3631591398248192,-0.9931021114824331,-0.3797157977133944,-0.4734392986027766,-1.123109356685836,-1.0030524309352624,-0.9169843997350741,-0.2518714350253829,-0.3063950257760912,0.1455590873041358,0.2601994522724216,-0.27438062259938295,-0.029566242988361767,False,False,False,False,False,False,False,False,True,False,False,False,True,True,False,True,False,False,False,False,False,True,False,True
11,-0.30161168721193815,-0.9272867305443785,-0.3797157977133944,-0.3050095363279733,-0.8786354367376852,-0.9192235300331787,-0.9751177457390195,0.11039763648352328,-0.5835032574038457,-0.16095755362572983,0.12376286074786279,-0.27438062259938295,-0.029566242988361767,False,False,False,False,False,False,False,False,True,False,False,False,True,True,False,True,False,False,False,False,False,True,True,False
11,-0.24006423459905715,-0.903885706210848,-0.3797157977133944,-0.13657977405316998,-0.672890058563495,-1.1555935456915094,-0.6844510157193073,2.102877529782507,-0.6758726679464305,-0.16095755362572983,-0.012673730776696004,-0.27438062259938295,1.2701165217083694,False,False,False,False,False,False,False,False,True,False,False,False,True,True,False,True,False,False,False,False,False,True,True,False
11,-0.17851678198617613,-0.3841879574703755,-0.3797157977133944,0.03184998822163333,-0.5905919072938225,-0.20186801739567609,0.04329235277450345,2.102877529782507,2.118302000966761,-0.16095755362572983,-0.012673730776696004,-0.27438062259938295,0.4036613452438818,False,False,False,False,False,False,False,False,True,False,False,False,True,True,False,True,False,False,False,False,False,True,True,False
11,-0.11696932937329511,-0.8541585295021025,-0.3797157977133944,0.20027975049643665,-1.2513976513120961,-0.5729139722081731,-0.8631572275092037,-0.6141405065342891,2.118302000966761,-0.16095755362572983,-0.012673730776696004,-0.27438062259938295,-0.029566242988361767,False,False,False,False,False,False,False,False,True,False,False,False,True,True,False,True,False,False,False,False,False,True,True,False
11,-0.05542187676041409,-0.8868224593009842,-0.3797157977133944,0.3687095127712399,-1.0892218826336182,-0.6113928119665049,-1.0913844377469106,-0.6141405065342891,-0.4911338468612609,-0.16095755362572983,-0.012673730776696004,-0.27438062259938295,0.4036613452438818,False,False,False,False,False,False,False,False,True,False,False,False,True,True,False,True,False,False,False,False,False,True,True,False
11,0.006125575852466929,-0.9726262151905939,-0.3797157977133944,0.5371392750460433,-0.8907381060420467,-1.1129919731019275,-0.8610041406201662,0.11039763648352328,-0.6758726679464305,0.1455590873041358,-0.012673730776696004,-0.27438062259938295,-0.029566242988361767,False,False,False,False,False,False,False,False,True,False,False,False,True,True,False,True,False,False,False,False,False,True,True,False
11,0.06767302846534795,-0.7181400755634562,-0.3797157977133944,0.7055690373208465,-0.6147972459025457,-0.5619200179915124,-0.8459325323969261,0.11039763648352328,-0.5835032574038457,-0.16095755362572983,-0.012673730776696004,-0.27438062259938295,0.4036613452438818,False,False,False,False,False,False,False,False,True,False,False,False,True,True,False,True,False,False,False,False,False,True,True,False
11,0.12922048107822898,-0.8804846818773173,-0.3797157977133944,0.8739987995956499,-0.9415693171203775,-0.8257749191915144,-0.8588510537311362,0.11039763648352328,-0.3063950257760912,-0.4674741945555846,-0.2855469138258087,-0.27438062259938295,0.4036613452438818,False,False,False,False,False,False,False,False,True,False,False,False,True,True,False,True,False,False,False,False,False,True,True,False
11,0.19076793369110998,-0.6274611062710321,-0.3797157977133944,1.0424285618704532,-0.42115453703272576,-0.4973305369685896,-0.7189004059438625,-0.2518714350253829,-0.029286794148336657,-0.16095755362572983,-0.2855469138258087,-0.27438062259938295,0.4036613452438818,False,False,False,False,False,False,False,False,True,False,False,False,True,True,False,True,False,False,False,False,False,True,True,False
11,0.25231538630399103,-0.7235028103065615,-0.3797157977133944,1.2108583241452564,-0.7600292775549106,-0.6141413005206748,-0.6586139730508871,-0.2518714350253829,-0.5835032574038457,-0.16095755362572983,-0.42198350535036266,-0.27438062259938295,0.4036613452438818,False,False,False,False,False,False,False,False,True,False,False,False,True,True,False,True,False,False,False,False,False,True,True,False
11,0.313862838916872,-0.6518371732851241,-0.3797157977133944,1.3792880864200598,-0.46230361266756204,-0.7391975297352605,-0.4110089808118651,-0.2518714350253829,0.06308261639424818,-0.16095755362572983,-0.42198350535036266,-0.27438062259938295,0.4036613452438818,False,False,False,False,False,False,False,False,True,False,False,False,True,True,False,True,False,False,False,False,False,True,True,False
11,0.375410291529753,0.7215104422889013,-0.3797157977133944,1.547717848694863,-0.3170715810151885,-0.6320064761227557,2.340636063374782,-0.2518714350253829,-0.3063950257760912,-0.16095755362572983,-0.42198350535036266,-0.27438062259938295,-0.029566242988361767,False,False,False,False,False,False,False,False,True,False,False,False,True,True,False,True,False,False,False,False,False,True,True,False
11,0.43695774414263405,2.3297214635437054,0.6217846187556836,-1.4840178722515964,2.4374959526580366,-0.9082295758165083,-1.3497548644310975,-0.2518714350253829,-2.1306908839921417,-0.4674741945555846,-0.42198350535036266,-0.27438062259938295,-0.029566242988361767,False,False,False,False,False,False,False,False,True,False,True,False,False,False,True,True,False,False,False,False,False,True,True,False
11,0.4985051967555151,-1.1632470592408068,0.6217846187556836,-1.3155881099767932,-1.239294982007726,-1.1404768586435987,-1.3497548644310975,-0.2518714350253829,-0.9529808995741851,-0.16095755362572983,-0.42198350535036266,-0.27438062259938295,-0.46279383122060536,False,False,False,False,False,False,False,False,True,False,True,False,False,False,True,True,False,False,False,False,False,True,False,True
11,0.560052649368396,-1.3953072172149756,0.6217846187556836,-1.1471583477019898,-1.212669109538127,-1.60771991285193,-1.6662586371192376,-0.2518714350253829,-0.7682420784890154,-0.4674741945555846,-0.42198350535036266,-0.27438062259938295,-0.46279383122060536,False,False,False,False,False,False,False,False,True,False,True,False,False,False,True,True,False,False,False,False,False,True,False,True
11,0.6216001019812771,-1.3528928606104516,0.6217846187556836,-0.9787285854271865,-1.3869475475209667,-1.474418217974844,-1.532767249999069,0.11039763648352328,-0.6758726679464305,-0.7739908354854502,-0.5584200968749214,-0.27438062259938295,0.4036613452438818,False,False,False,False,False,False,False,False,True,False,True,False,False,False,True,True,False,False,False,False,False,True,True,False
11,0.6831475545941581,-1.3538679032910128,0.6217846187556836,-0.8102988231523832,-1.4208350215731929,-1.452430309541513,-1.5413795975552116,0.11039763648352328,-0.39876443631867603,-0.7739908354854502,-0.5584200968749214,-0.27438062259938295,-1.762476595917336,False,False,False,False,False,False,False,False,True,False,True,False,False,False,True,True,False,False,False,False,False,True,True,False
11,0.7446950072070392,-1.0199157851979324,0.6217846187556836,-0.6418690608775799,-1.1957253725120225,-0.7144611327477595,-1.4229598186582908,-0.2518714350253829,-0.6758726679464305,-0.7739908354854502,-0.5584200968749214,-0.27438062259938295,-0.46279383122060536,False,False,False,False,False,False,False,False,True,False,True,False,False,False,True,True,False,False,False,False,False,True,True,False
11,0.8062424598199202,2.3297214635437054,0.6217846187556836,-0.4734392986027766,-1.2054075079555084,2.41022679227049,2.340636063374782,-2.244351328324367,-0.5835032574038457,-0.7739908354854502,-0.6948566883994802,-0.27438062259938295,-1.762476595917336,False,False,False,False,False,False,False,False,True,False,True,False,False,False,True,False,False,True,False,False,False,True,True,False
11,0.8677899124328012,0.21985098313885407,0.6217846187556836,-0.3050095363279733,2.4374959526580366,-1.4867864164685944,-1.6124314648933595,0.11039763648352328,-2.1306908839921417,-0.7739908354854502,-0.6948566883994802,-0.27438062259938295,-1.762476595917336,False,False,False,False,False,False,False,False,True,False,True,False,False,False,True,False,False,False,False,False,True,True,True,False
11,0.9293373650456822,-1.2929277357557794,0.6217846187556836,-0.13657977405316998,-1.563646519364682,-1.3631044315310987,-1.2851622577600545,-0.2518714350253829,0.06308261639424818,-1.080507476415316,-0.8312932799240341,-0.27438062259938295,-1.762476595917336,False,False,False,False,False,False,False,False,True,False,True,False,False,False,True,True,False,False,False,False,False,True,True,False
11,0.9908848176585633,-1.0862186874762711,0.6217846187556836,0.03184998822163333,-0.883476504459428,-0.9948069652727621,-1.5542981188894218,0.11039763648352328,-0.39876443631867603,-1.080507476415316,-0.9677298714485929,-0.27438062259938295,-1.762476595917336,False,False,False,False,False,False,False,False,True,False,True,False,False,False,True,True,False,False,False,False,False,True,True,False
11,1.0524322702714441,-1.1105947544903632,0.6217846187556836,0.20027975049643665,-1.1521557630163104,-0.8931128887685974,-1.5822882484468719,0.11039763648352328,-0.7682420784890154,-1.080507476415316,-0.9677298714485929,-0.27438062259938295,-0.8960214194528492,False,False,False,False,False,False,False,False,True,False,True,False,False,False,True,True,False,False,False,False,False,True,True,False
11,1.1139797228843253,-0.9502002335376248,0.6217846187556836,0.3687095127712399,-1.2247717788424886,-0.8079097435894237,-0.9428214424034943,0.11039763648352328,-0.9529808995741851,-1.080507476415316,-1.104166462973147,-0.27438062259938295,0.4036613452438818,False,False,False,False,False,False,False,False,True,False,True,False,False,False,True,True,False,False,False,False,False,True,True,False
11,1.1755271754972063,-1.2407629523456198,0.6217846187556836,0.5371392750460433,-1.188463770929404,-1.4221969354456816,-1.2959276922052272,0.11039763648352328,-0.6758726679464305,-1.080507476415316,-1.2406030544977056,-0.27438062259938295,-0.8960214194528492,False,False,False,False,False,False,False,False,True,False,True,False,False,False,True,True,False,False,False,False,False,True,True,False
11,1.2370746281100873,-1.1442337269698133,0.6217846187556836,0.7055690373208465,-0.9924005281986996,-1.055273713464425,-1.6188907255604645,0.47266670799242944,-0.7682420784890154,-1.080507476415316,-1.2406030544977056,-0.27438062259938295,-1.762476595917336,False,False,False,False,False,False,False,False,True,False,True,False,False,False,True,True,False,False,False,False,False,True,True,False
11,1.2986220807229683,-1.0516046723162527,0.6217846187556836,0.8739987995956499,-1.1521557630163104,-0.8092839878665137,-1.4531030351047785,-0.9764095780431952,-0.6758726679464305,-1.3870241173451707,-1.2406030544977056,-0.27438062259938295,-1.762476595917336,False,False,False,False,False,False,False,False,True,False,True,False,False,False,True,True,False,False,False,False,False,True,True,False
11,1.3601695333358494,-0.7191151182440245,0.6217846187556836,1.0424285618704532,-0.40905186772835556,-0.6017731020269244,-0.9708115719609521,-0.9764095780431952,-0.6758726679464305,-1.3870241173451707,-1.2406030544977056,-0.27438062259938295,-1.762476595917336,False,False,False,False,False,False,False,False,True,False,True,False,False,False,True,True,False,False,False,False,False,True,True,False
11,1.4217169859487304,-1.0516046723162527,0.6217846187556836,1.2108583241452564,-0.6462641860938961,-1.279275530629015,-1.1667424788631338,-0.2518714350253829,-0.8606114890316002,-1.3870241173451707,-1.2406030544977056,-0.27438062259938295,-1.762476595917336,False,False,False,False,False,False,False,False,True,False,True,False,False,False,True,True,False,False,False,False,False,True,True,False
11,1.4832644385616114,-1.0452668948925927,0.6217846187556836,1.3792880864200598,-0.6607873892591335,-1.3713498971935991,-0.9815770064061247,0.11039763648352328,-0.7682420784890154,-1.3870241173451707,-1.3770396460222645,-0.27438062259938295,-0.8960214194528492,False,False,False,False,False,False,False,False,True,False,True,False,False,False,True,True,False,False,False,False,False,True,True,False
11,1.5448118911744924,-0.9072983555928235,0.6217846187556836,1.547717848694863,-0.7890756838853853,-0.9631993468998408,-0.8976066177337666,0.11039763648352328,-0.1216562046909215,-1.3870241173451707,-1.3770396460222645,-0.27438062259938295,-1.762476595917336,False,False,False,False,False,False,False,False,True,False,True,False,False,False,True,True,False,False,False,False,False,True,True,False
11,1.6063593437873733,-0.9311869012666313,0.6217846187556836,1.7161476109696665,-0.4114724015892313,-1.1363541258123484,-1.0677004819675202,0.11039763648352328,-0.8606114890316002,-1.3870241173451707,-1.5134762375468185,-0.27438062259938295,-0.46279383122060536,False,False,False,False,False,False,False,False,True,False,True,False,False,False,True,True,False,False,False,False,False,True,True,False
11,1.6679067964002545,-1.0306412546841361,0.6217846187556836,1.8845773732444697,-0.813281022494117,-1.38509233996443,-0.7598090568355305,-0.9764095780431952,-0.029286794148336657,-1.3870241173451707,-1.5134762375468185,-0.27438062259938295,-1.762476595917336,False,False,False,False,False,False,False,False,True,False,True,False,False,False,True,True,False,False,False,False,False,True,True,False
11,1.7294542490131355,-1.287565001012681,0.6217846187556836,2.053007135519273,-0.6172177797634214,-1.783623180318598,-1.4444906875486359,-0.2518714350253829,-0.7682420784890154,-1.6935407582750364,-1.5134762375468185,-0.27438062259938295,-0.029566242988361767,False,False,False,False,False,False,False,False,True,False,True,False,False,False,True,True,False,False,False,False,False,True,True,False
11,1.7910017016260165,-1.2909776503946495,0.6217846187556836,2.221436897794076,-1.0916424164944853,-1.7657580047165171,-1.0655473950784904,-2.244351328324367,-0.1216562046909215,-1.3870241173451707,-1.6499128290713772,-0.27438062259938295,0.4036613452438818,False,False,False,False,False,False,False,False,True,False,True,False,False,False,True,True,False,False,False,False,False,True,True,False
1,-1.6556556446953206,2.146047798592518,-1.3812162141824724,-0.9787285854271865,-0.18152168480631803,1.0995413130022529,0.5944825963674478,-1.7009477210610076,-2.1306908839921417,1.6781422919534423,1.7610019590425439,2.430961030132826,-0.029566242988361767,False,False,False,True,False,False,False,False,False,False,False,False,True,True,False,False,True,False,False,False,False,True,True,False
1,-1.5941081920824396,0.2856663640769087,-1.3812162141824724,-0.8102988231523832,0.7818507918210558,0.7449862895147469,0.2973566056806229,-0.9764095780431952,-0.1216562046909215,1.6781422919534423,1.62456536751799,2.430961030132826,-1.762476595917336,False,False,False,True,False,False,False,False,False,False,False,False,True,True,False,False,False,False,True,False,False,True,False,True
1,-1.5325607394695586,-0.05169840339814743,-1.3812162141824724,-0.6418690608775799,0.2929029519247545,0.26400079253558484,-0.004075558784261865,-0.9764095780431952,-0.7682420784890154,1.6781422919534423,1.7610019590425439,2.430961030132826,0.4036613452438818,False,False,False,True,False,False,False,False,False,False,False,False,True,True,False,True,False,False,False,False,False,True,False,True
1,-1.4710132868566774,0.16671115704813305,-1.3812162141824724,-0.4734392986027766,0.7334401146036008,0.5127390066876663,0.17893682678370196,-0.9764095780431952,-0.1216562046909215,1.6781422919534423,1.7610019590425439,2.430961030132826,-0.46279383122060536,False,False,False,True,False,False,False,False,False,False,False,False,True,True,False,True,False,False,False,False,False,True,True,False
1,-1.4094658342437965,0.2222885898402681,-1.3812162141824724,-0.3050095363279733,0.6898705051078887,0.6446664572876624,0.25644795478896265,-0.9764095780431952,-0.029286794148336657,1.3716256510235767,1.4881287759934312,2.430961030132826,1.7033441099406126,False,False,False,True,False,False,False,False,False,False,False,False,True,True,False,True,False,False,False,False,False,True,True,False
1,-1.3479183816309155,0.22813884592365075,-1.3812162141824724,-0.13657977405316998,0.6656651664991655,0.5470951136147478,0.45668503546921174,-0.6141405065342891,0.4325602585645876,1.065109010093722,1.4881287759934312,2.430961030132826,0.4036613452438818,False,False,False,True,False,False,False,False,False,False,False,False,True,True,False,True,False,False,False,False,False,True,True,False
1,-1.2863709290180345,0.2549525196391499,-1.3812162141824724,0.03184998822163333,0.6172544892817106,0.5635860449397486,0.5923295094784102,-0.6141405065342891,0.3401908480220027,1.065109010093722,1.3516921844688725,2.430961030132826,0.4036613452438818,False,False,False,True,False,False,False,False,False,False,False,False,True,True,False,True,False,False,False,False,False,True,True,False
1,-1.2248234764051535,0.36708242790398143,-1.3812162141824724,0.20027975049643665,0.6148339554208349,0.8123242590918299,0.6999838539301586,-0.6141405065342891,0.3401908480220027,1.065109010093722,1.3516921844688725,-0.27438062259938295,1.7033441099406126,False,False,False,True,False,False,False,False,False,False,False,False,True,True,False,True,False,False,False,False,False,True,True,False
1,-1.1632760237922724,0.5211391714330529,-1.3812162141824724,0.3687095127712399,0.8568873415081183,1.0102154349918386,0.8550061099406723,0.8349357795013356,0.5249296691071724,1.3716256510235767,1.2152555929443185,-0.27438062259938295,0.4036613452438818,False,False,False,True,False,False,False,False,False,False,False,False,True,True,False,True,False,False,False,False,False,True,True,False
1,-1.1017285711793914,0.4860376349327571,-1.3812162141824724,0.5371392750460433,0.2057637329333304,1.1284004428210042,1.0939987546235517,1.5594739225191478,1.8181014167033602,1.065109010093722,1.2152555929443185,-0.27438062259938295,1.2701165217083694,False,False,False,True,False,False,False,False,False,False,False,False,True,True,False,True,False,False,False,False,False,True,True,False
1,-1.0401811185665104,0.9462577801588418,-1.3812162141824724,0.7055690373208465,0.5736848797859985,1.70008606208767,1.9035594249006906,1.1972048510102418,2.118302000966761,1.3716256510235767,0.9423824098952058,-0.27438062259938295,0.4036613452438818,False,False,False,True,False,False,False,False,False,False,False,False,True,True,False,True,False,False,False,False,False,True,True,False
1,-0.9786336659536293,0.8424157346787999,-1.3812162141824724,0.8739987995956499,0.8931953494212117,1.344156794323084,1.7183939524436818,1.5594739225191478,2.0952096483311147,1.065109010093722,0.9423824098952058,-0.27438062259938295,1.7033441099406126,False,False,False,True,False,False,False,False,False,False,False,False,True,True,False,True,False,False,False,False,False,True,True,False
1,-0.9170862133407484,0.5533155798916505,-1.3812162141824724,1.0424285618704532,0.9754935006908843,1.1847444581814168,0.6181665521468305,-1.7009477210610076,2.118302000966761,1.065109010093722,0.805945818370647,-0.27438062259938295,1.7033441099406126,False,False,False,True,False,False,False,False,False,False,False,False,True,True,False,True,False,False,False,False,False,True,True,False
1,-0.8555387607278674,1.46546800755903,-1.3812162141824724,1.2108583241452564,1.0868380582910315,0.30935085367932713,2.340636063374782,-0.2518714350253829,0.06308261639424818,1.065109010093722,0.805945818370647,-0.27438062259938295,1.2701165217083694,False,False,False,True,False,False,False,False,False,False,False,False,True,True,False,True,False,False,False,False,False,True,True,False
1,-0.7939913081149863,2.3297214635437054,-0.3797157977133944,-1.4840178722515964,2.4374959526580366,-0.6347549646769258,-0.8631572275092037,-0.6141405065342891,-2.1306908839921417,1.065109010093722,0.805945818370647,-0.27438062259938295,0.4036613452438818,False,False,False,True,False,False,False,False,False,False,True,False,False,False,True,True,False,False,False,False,False,True,True,False
1,-0.7324438555021053,-0.8112566515572941,-0.3797157977133944,-1.3155881099767932,-0.6438436522330203,-0.8587567818415061,-0.7662683175026355,1.9217429940280542,0.3401908480220027,0.7585923691638562,0.6695092268460883,-0.27438062259938295,1.2701165217083694,False,False,False,True,False,False,False,False,False,False,True,False,False,False,True,True,False,False,False,False,False,True,False,True
1,-0.6708964028892243,-0.5202064114090218,-0.3797157977133944,-1.1471583477019898,-1.147314695294559,0.15543549464599996,-0.6220114959372943,-0.9764095780431952,2.118302000966761,0.7585923691638562,0.5330726353215343,-2.979722275331592,0.4036613452438818,False,False,False,True,False,False,False,False,False,False,True,False,False,False,True,True,False,False,False,False,False,True,True,False
1,-0.6093489502763433,-0.5275192315132501,-0.3797157977133944,-0.9787285854271865,-0.29044570854558954,-0.4767168728123387,-0.42608058903511276,-0.9764095780431952,-0.1216562046909215,0.7585923691638562,0.5330726353215343,-0.27438062259938295,0.4036613452438818,False,False,False,True,False,False,False,False,False,False,True,False,False,False,True,True,False,False,False,False,False,True,True,False
1,-0.5478014976634622,-0.411976673866443,-0.3797157977133944,-0.8102988231523832,-0.2589787683542477,-0.16338917763733452,-0.4346929365912554,-0.6141405065342891,0.24782143747941787,0.45207572823399056,0.5330726353215343,-2.979722275331592,0.4036613452438818,False,False,False,True,False,False,False,False,False,False,True,False,False,False,True,True,False,False,False,False,False,True,True,False
1,-0.48625404505058123,-0.43294009149856644,-0.3797157977133944,-0.6418690608775799,-0.20088595569329828,-0.2321013914915075,-0.4712954137048482,-0.9764095780431952,0.24782143747941787,0.45207572823399056,0.3966360437969755,-0.27438062259938295,0.4036613452438818,False,False,False,True,False,False,False,False,False,False,True,False,False,False,True,True,False,False,False,False,False,True,True,False
1,-0.4247065924377002,-0.3895506922134809,-0.3797157977133944,-0.4734392986027766,-0.089541398093151,-0.1235360936019226,-0.5488065417101011,-0.6141405065342891,0.15545202693683305,0.45207572823399056,0.2601994522724216,-0.27438062259938295,0.4036613452438818,False,False,False,True,False,False,False,False,False,False,True,False,False,False,True,True,False,False,False,False,False,True,True,False
1,-0.3631591398248192,-0.4904676096518244,-0.3797157977133944,-0.3050095363279733,-0.1355315414497302,-0.31730453667067143,-0.6500016254947445,-0.2518714350253829,0.24782143747941787,0.1455590873041358,0.12376286074786279,-0.27438062259938295,-0.46279383122060536,False,False,False,True,False,False,False,False,False,False,True,False,False,False,True,True,False,False,False,False,False,True,True,False
1,-0.30161168721193815,-0.6596375147296367,-0.3797157977133944,-0.13657977405316998,-0.677731126285238,-0.6237610104602553,-0.4346929365912554,-0.6141405065342891,0.3401908480220027,-0.16095755362572983,0.12376286074786279,-0.27438062259938295,-0.029566242988361767,False,False,False,True,False,False,False,False,False,False,True,False,False,False,True,True,False,False,False,False,False,True,True,False
1,-0.24006423459905715,-0.6474494812225872,-0.3797157977133944,0.03184998822163333,-0.44293934178058175,-0.6498716517248464,-0.5488065417101011,-0.2518714350253829,0.3401908480220027,-0.16095755362572983,-0.012673730776696004,-0.27438062259938295,1.2701165217083694,False,False,False,True,False,False,False,False,False,False,True,False,False,False,True,True,False,False,False,False,False,True,True,False
1,-0.17851678198617613,-0.5202064114090218,-0.3797157977133944,0.20027975049643665,-0.2541377006324962,-0.5701654836540128,-0.2796706805807341,0.11039763648352328,0.24782143747941787,-0.16095755362572983,-0.012673730776696004,-0.27438062259938295,0.4036613452438818,False,False,False,True,False,False,False,False,False,False,True,False,False,False,True,True,False,False,False,False,False,True,True,False
1,-0.11696932937329511,-0.5260566674924044,-0.3797157977133944,0.3687095127712399,-0.370323325954395,-0.5358093767269214,-0.2559867248013514,-0.2518714350253829,0.4325602585645876,-0.16095755362572983,-0.012673730776696004,-0.27438062259938295,-0.029566242988361767,False,False,False,True,False,False,False,False,False,False,True,False,False,False,True,True,False,False,False,False,False,True,True,False
1,-0.05542187676041409,-0.2896088174556988,-0.3797157977133944,0.5371392750460433,-0.06049499176267629,0.041373219648074964,-0.3916311988105499,-0.2518714350253829,0.4325602585645876,0.1455590873041358,-0.012673730776696004,-0.27438062259938295,0.4036613452438818,False,False,False,True,False,False,False,False,False,False,True,False,False,False,True,True,False,False,False,False,False,True,True,False
1,0.006125575852466929,-0.49095513099210863,-0.3797157977133944,0.7055690373208465,-0.18152168480631803,-0.44785774299358744,-0.4067028070337976,-0.2518714350253829,0.06308261639424818,0.1455590873041358,-0.012673730776696004,-0.27438062259938295,-0.029566242988361767,False,False,False,True,False,False,False,False,False,False,True,False,False,False,True,True,False,False,False,False,False,True,True,False
1,0.06767302846534795,-0.3027718936433097,-0.3797157977133944,0.8739987995956499,0.169455725020237,-0.23072714721442736,-0.22799659524390126,-0.2518714350253829,0.5249296691071724,-0.16095755362572983,-0.012673730776696004,-0.27438062259938295,0.4036613452438818,False,False,False,True,False,False,False,False,False,False,True,False,False,False,True,True,False,False,False,False,False,True,True,False
1,0.12922048107822898,-0.45049085974871433,-0.3797157977133944,1.0424285618704532,-0.12100833828449285,-0.5124472240165102,-0.1806286836851283,-0.6141405065342891,0.4325602585645876,-0.16095755362572983,-0.14911032230124993,-0.27438062259938295,0.4036613452438818,False,False,False,True,False,False,False,False,False,False,True,False,False,False,True,True,False,False,False,False,False,True,True,False
1,0.19076793369110998,-0.5835841856456624,-0.3797157977133944,1.2108583241452564,-0.3945286645631182,-0.5784109493165132,-0.4217744152570453,-0.6141405065342891,0.24782143747941787,-0.16095755362572983,-0.2855469138258087,-0.27438062259938295,0.4036613452438818,False,False,False,True,False,False,False,False,False,False,True,False,False,False,True,True,False,False,False,False,False,True,True,False
1,0.25231538630399103,-0.6508621306045628,-0.3797157977133944,1.3792880864200598,-0.2057270234150412,-0.7227065984102597,-0.660767059939917,-0.6141405065342891,0.15545202693683305,-0.16095755362572983,-0.42198350535036266,-0.27438062259938295,0.4036613452438818,False,False,False,True,False,False,False,False,False,False,True,False,False,False,True,True,False,False,False,False,False,True,True,False
1,0.313862838916872,-0.7005893073133083,-0.3797157977133944,1.547717848694863,-0.37274385981527075,-0.7350747969040103,-0.7124411452767575,-0.6141405065342891,0.15545202693683305,-0.16095755362572983,-0.42198350535036266,-0.27438062259938295,0.4036613452438818,False,False,False,True,False,False,False,False,False,False,True,False,False,False,True,True,False,False,False,False,False,True,True,False
1,0.375410291529753,0.5591658359750331,-0.3797157977133944,1.7161476109696665,-0.38968759684137527,-0.7405717740123406,2.340636063374782,-0.2518714350253829,0.15545202693683305,-0.16095755362572983,-0.42198350535036266,-0.27438062259938295,-0.029566242988361767,False,False,False,True,False,False,False,False,False,False,True,False,False,False,True,True,False,False,False,False,False,True,True,False
1,0.43695774414263405,2.3297214635437054,0.6217846187556836,-1.4840178722515964,2.4374959526580366,-2.1491721580227647,-1.6124314648933595,0.47266670799242944,-2.1306908839921417,-0.4674741945555846,-0.42198350535036266,-0.27438062259938295,-0.46279383122060536,False,False,False,True,False,False,False,False,False,False,True,False,False,False,True,True,False,False,False,False,False,True,True,False
1,0.4985051967555151,-1.486961229187961,0.6217846187556836,-1.3155881099767932,-1.2707619221990765,-2.2288783260935983,-1.0461696130771752,2.102877529782507,-0.4911338468612609,-0.4674741945555846,-0.42198350535036266,-0.27438062259938295,-0.029566242988361767,False,False,False,True,False,False,False,False,False,False,True,False,False,False,True,True,False,False,False,False,False,True,False,True
1,0.560052649368396,-0.8653715203285836,0.6217846187556836,-1.1471583477019898,-0.5663865686850906,-1.236673958039433,-0.4820608481500207,2.102877529782507,2.118302000966761,-0.4674741945555846,-0.42198350535036266,-0.27438062259938295,-0.46279383122060536,False,False,False,True,False,False,False,False,False,False,True,False,False,False,True,True,False,False,False,False,False,True,True,False
1,0.6216001019812771,-1.0745181753095059,0.6217846187556836,-0.9787285854271865,-1.590272391834281,-1.0662676676810954,-0.7619621437245604,-0.6141405065342891,2.118302000966761,-0.7739908354854502,-0.5584200968749214,-0.27438062259938295,0.4036613452438818,False,False,False,True,False,False,False,False,False,False,True,False,False,False,True,True,False,False,False,False,False,True,True,False
1,0.6831475545941581,-0.9570255323015758,0.6217846187556836,-0.8102988231523832,-0.4259956047544687,-1.0731388890665157,-1.2679375626477694,-0.2518714350253829,0.24782143747941787,-0.7739908354854502,-0.5584200968749214,-0.27438062259938295,0.4036613452438818,False,False,False,True,False,False,False,False,False,False,True,False,False,False,True,True,False,False,False,False,False,True,True,False
1,0.7446950072070392,-0.9740887792114395,0.6217846187556836,-0.6418690608775799,-0.4816678835545423,-1.0690161562352654,-1.3002338659832946,-0.2518714350253829,0.24782143747941787,-0.7739908354854502,-0.5584200968749214,-0.27438062259938295,-0.46279383122060536,False,False,False,True,False,False,False,False,False,False,True,False,False,False,True,False,True,False,False,False,False,True,True,False
1,0.8062424598199202,2.3297214635437054,0.6217846187556836,-0.4734392986027766,2.4374959526580366,2.41022679227049,2.340636063374782,-0.6141405065342891,0.24782143747941787,-0.7739908354854502,-0.6948566883994802,-0.27438062259938295,-1.762476595917336,False,False,False,True,False,False,False,False,False,False,True,False,False,False,True,False,False,False,False,True,False,True,True,False
1,0.8677899124328012,-1.40018243061779,0.6217846187556836,-0.3050095363279733,-1.239294982007726,-1.8385929514019306,-1.3023869528723322,0.11039763648352328,0.24782143747941787,-0.7739908354854502,-0.6948566883994802,-0.27438062259938295,-1.762476595917336,False,False,False,True,False,False,False,False,False,False,True,False,False,False,True,True,False,False,False,False,False,True,True,False
1,0.9293373650456822,-1.118882617275153,0.6217846187556836,-0.13657977405316998,-1.123109356685836,-1.3576074544227685,-0.9169843997350741,1.9217429940280542,0.3401908480220027,-1.080507476415316,-0.8312932799240341,-0.27438062259938295,1.2701165217083694,False,False,False,True,False,False,False,False,False,False,True,False,False,False,True,True,False,False,False,False,False,True,True,False
1,0.9908848176585633,-1.0647677485038636,0.6217846187556836,0.03184998822163333,-1.4595635633471535,-1.2036920953894314,-0.6198584090482568,2.102877529782507,0.9867767218200967,-1.080507476415316,-0.9677298714485929,-0.27438062259938295,-1.762476595917336,False,False,False,True,False,False,False,False,False,False,True,False,False,False,True,True,False,False,False,False,False,True,True,False
1,1.0524322702714441,-0.6216108501876495,0.6217846187556836,0.20027975049643665,-0.9004202414855412,0.19941131151266206,-1.35836721198724,-0.6141405065342891,2.0952096483311147,-1.080507476415316,-1.104166462973147,-0.27438062259938295,-0.029566242988361767,False,False,False,True,False,False,False,False,False,False,True,False,False,False,True,True,False,False,False,False,False,True,True,False
1,1.1139797228843253,-1.0330788613855433,0.6217846187556836,0.3687095127712399,-0.6680489908417522,-1.2669073321352644,-1.0849251770798056,-0.6141405065342891,0.06308261639424818,-1.080507476415316,-1.104166462973147,-0.27438062259938295,-1.762476595917336,False,False,False,True,False,False,False,False,False,False,True,False,False,False,True,True,False,False,False,False,False,True,True,False
1,1.1755271754972063,-0.9165612610581816,0.6217846187556836,0.5371392750460433,-0.30738944557170267,-1.0195433622602632,-1.2787029970929495,-0.6141405065342891,0.06308261639424818,-1.080507476415316,-1.2406030544977056,-0.27438062259938295,-0.8960214194528492,False,False,False,True,False,False,False,False,False,False,True,False,False,False,True,True,False,False,False,False,False,True,True,False
1,1.2370746281100873,-1.181285348831232,0.6217846187556836,0.7055690373208465,-0.8326452933810974,-1.5307622333352664,-1.1796610001973438,-0.6141405065342891,-0.8606114890316002,-1.080507476415316,-1.2406030544977056,-0.27438062259938295,-0.8960214194528492,False,False,False,True,False,False,False,False,False,False,True,False,False,False,True,True,False,False,False,False,False,True,True,False
1,1.2986220807229683,-1.2090740652272995,0.6217846187556836,0.8739987995956499,-0.8762149028768094,-1.5156455462873457,-1.2873153446490846,-0.2518714350253829,0.06308261639424818,-1.3870241173451707,-1.2406030544977056,-0.27438062259938295,-1.762476595917336,False,False,False,True,False,False,False,False,False,False,True,False,False,False,True,True,False,False,False,False,False,True,True,False
1,1.3601695333358494,-1.4016449946386356,0.6217846187556836,1.0424285618704532,-1.1787816354859095,-1.8138565544144294,-1.401428949767938,-0.6141405065342891,0.15545202693683305,-1.3870241173451707,-1.2406030544977056,-0.27438062259938295,-1.762476595917336,False,False,False,True,False,False,False,False,False,False,True,False,False,False,True,True,False,False,False,False,False,True,True,False
1,1.4217169859487304,-1.094994071601345,0.6217846187556836,1.2108583241452564,-0.6341615167895259,-1.4826636836373444,-1.0504757868552426,-0.6141405065342891,0.15545202693683305,-1.3870241173451707,-1.3770396460222645,-0.27438062259938295,-1.762476595917336,False,False,False,True,False,False,False,False,False,False,True,False,False,False,True,True,False,False,False,False,False,True,True,False
1,1.4832644385616114,-1.0706180045872462,0.6217846187556836,1.3792880864200598,-0.9125229107899028,-1.1555935456915094,-1.2076511297547938,-0.2518714350253829,0.06308261639424818,-1.3870241173451707,-1.3770396460222645,-0.27438062259938295,-0.8960214194528492,False,False,False,True,False,False,False,False,False,False,True,False,False,False,True,True,False,False,False,False,False,True,True,False
1,1.5448118911744924,-1.0706180045872462,0.6217846187556836,1.547717848694863,-0.6317409829286588,-1.304011927616516,-1.2248758248670715,-0.2518714350253829,0.15545202693683305,-1.3870241173451707,-1.5134762375468185,-0.27438062259938295,-1.762476595917336,False,False,False,True,False,False,False,False,False,False,True,False,False,False,True,True,False,False,False,False,False,True,True,False
1,1.6063593437873733,-0.7834679351612266,0.6217846187556836,1.7161476109696665,-0.278343039241228,-0.8450143390706754,-0.9901893539622673,-0.2518714350253829,0.15545202693683305,-1.3870241173451707,-1.5134762375468185,-0.27438062259938295,-0.46279383122060536,False,False,False,True,False,False,False,False,False,False,True,False,False,False,True,True,False,False,False,False,False,True,True,False
1,1.6679067964002545,-0.7527540907234678,0.6217846187556836,1.8845773732444697,-0.44293934178058175,-0.6993444456998388,-0.9363621817363892,-0.2518714350253829,-0.4911338468612609,-1.3870241173451707,-1.5134762375468185,-0.27438062259938295,-1.762476595917336,False,False,False,True,False,False,False,False,False,False,True,False,False,False,True,True,False,False,False,False,False,True,True,False
1,1.7294542490131355,-0.8448956240367442,0.6217846187556836,2.053007135519273,0.012121024063510477,-1.2737785535206847,-0.8480856192859637,-0.2518714350253829,0.15545202693683305,-1.3870241173451707,-1.6499128290713772,-0.27438062259938295,-0.46279383122060536,False,False,False,True,False,False,False,False,False,False,True,False,False,False,True,True,False,False,False,False,False,True,True,False
1,1.7910017016260165,-0.8697592123911205,0.6217846187556836,2.221436897794076,0.002438888620016043,-1.3686014086394291,-0.8007177077271908,-1.7009477210610076,-0.21402561523350636,-1.3870241173451707,-1.6499128290713772,-0.27438062259938295,0.4036613452438818,False,False,False,True,False,False,False,False,False,False,True,False,False,False,True,True,False,False,False,False,False,True,True,False
7,-1.6556556446953206,0.49920071112036807,-1.3812162141824724,-1.4840178722515964,-0.18152168480631803,-0.7350747969040103,-0.3507225479188897,-0.2518714350253829,-2.1306908839921417,1.6781422919534423,1.7610019590425439,2.430961030132826,-0.029566242988361767,False,False,False,False,True,False,False,False,False,False,False,False,True,False,True,False,True,False,False,False,False,True,True,False
7,-1.5941081920824396,-0.22233087249679842,-1.3812162141824724,-1.3155881099767932,-0.03144858543220158,0.0592383952501656,-0.14833238034960303,-0.2518714350253829,-0.6758726679464305,1.6781422919534423,1.62456536751799,2.430961030132826,-1.762476595917336,False,False,False,False,True,False,False,False,False,False,False,False,True,False,True,False,False,False,True,False,False,True,False,True
7,-1.5325607394695586,-0.26718283580272967,-1.3812162141824724,-1.1471583477019898,-0.440518807919706,0.026256532600164136,0.06912939544292367,-0.6141405065342891,0.15545202693683305,1.6781422919534423,1.7610019590425439,2.430961030132826,0.4036613452438818,False,False,False,False,True,False,False,False,False,False,False,False,True,False,True,True,False,False,False,False,False,True,False,True
7,-1.4710132868566774,-0.18576677197565694,-1.3812162141824724,-0.9787285854271865,-0.043551254736563176,0.09084601362307716,-0.0256064276746146,-0.6141405065342891,0.3401908480220027,1.6781422919534423,1.7610019590425439,2.430961030132826,-0.46279383122060536,False,False,False,False,True,False,False,False,False,False,False,False,True,False,True,True,False,False,False,False,False,True,True,False
7,-1.4094658342437965,-0.26425770776103835,-1.3812162141824724,-0.8102988231523832,0.29774401964649744,-0.19362255173317572,-0.23014968213293116,-0.2518714350253829,0.5249296691071724,1.3716256510235767,1.4881287759934312,2.430961030132826,1.7033441099406126,False,False,False,False,True,False,False,False,False,False,False,False,True,False,True,True,False,False,False,False,False,True,True,False
7,-1.3479183816309155,-0.30910967106696957,-1.3812162141824724,-0.6418690608775799,0.0581111674200897,-0.06444358968733989,-0.41746824147897016,-0.6141405065342891,0.06308261639424818,1.065109010093722,1.4881287759934312,2.430961030132826,0.4036613452438818,False,False,False,False,True,False,False,False,False,False,False,False,True,False,True,True,False,False,False,False,False,True,False,True
7,-1.2863709290180345,-0.25109463157342743,-1.3812162141824724,-0.4734392986027766,0.050849565837471015,-0.005351085772757189,-0.24737437724520878,-0.2518714350253829,0.24782143747941787,1.065109010093722,1.3516921844688725,2.430961030132826,0.4036613452438818,False,False,False,False,True,False,False,False,False,False,False,False,True,False,True,True,False,False,False,False,False,True,True,False
7,-1.2248234764051535,-0.28863377477513036,-1.3812162141824724,-0.3050095363279733,0.04358796425485234,-0.14689824631234355,-0.18493485746319577,-0.2518714350253829,0.06308261639424818,1.065109010093722,1.3516921844688725,-0.27438062259938295,1.7033441099406126,False,False,False,False,True,False,False,False,False,False,False,False,True,False,True,True,False,False,False,False,False,True,True,False
7,-1.1632760237922724,-0.18430420795481128,-1.3812162141824724,-0.13657977405316998,0.20092266521158747,0.008391356998083264,-0.10742372945794276,-0.2518714350253829,0.24782143747941787,1.3716256510235767,1.2152555929443185,-0.27438062259938295,0.4036613452438818,False,False,False,False,True,False,False,False,False,False,False,False,True,False,True,True,False,False,False,False,False,True,True,False
7,-1.1017285711793914,-0.06486147958575836,-1.3812162141824724,0.03184998822163333,0.21786640223770057,0.2612523039814148,0.008842962549948248,-0.2518714350253829,0.3401908480220027,1.065109010093722,1.2152555929443185,-0.27438062259938295,1.2701165217083694,False,False,False,False,True,False,False,False,False,False,False,False,True,False,True,True,False,False,False,False,False,True,True,False
7,-1.0401811185665104,0.002903986713426158,-1.3812162141824724,0.20027975049643665,0.32921095983784787,0.2694977696439152,0.1961615218959872,-0.6141405065342891,0.3401908480220027,1.3716256510235767,0.9423824098952058,-0.27438062259938295,0.4036613452438818,False,False,False,False,True,False,False,False,False,False,False,False,True,False,True,True,False,False,False,False,False,True,True,False
7,-0.9786336659536293,0.13794739797150407,-1.3812162141824724,0.3687095127712399,0.4284528481336336,0.4426525485564131,0.4330010796898291,-0.6141405065342891,0.3401908480220027,1.065109010093722,0.9423824098952058,-0.27438062259938295,1.2701165217083694,False,False,False,False,True,False,False,False,False,False,False,False,True,False,True,True,False,False,False,False,False,True,True,False
7,-0.9170862133407484,1.3952649345584383,-1.3812162141824724,0.5371392750460433,0.6850294373861459,0.5457208693376677,2.340636063374782,-0.2518714350253829,0.15545202693683305,1.065109010093722,0.805945818370647,-0.27438062259938295,1.7033441099406126,False,False,False,False,True,False,False,False,False,False,False,False,True,False,True,True,False,False,False,False,False,True,True,False
7,-0.8555387607278674,2.3297214635437054,-0.3797157977133944,-1.4840178722515964,2.4374959526580366,-0.4739683842581784,-0.6973695370535175,0.11039763648352328,-2.1306908839921417,1.065109010093722,0.805945818370647,-0.27438062259938295,1.2701165217083694,False,False,False,False,True,False,False,False,False,False,True,False,False,False,True,True,False,False,False,False,False,True,True,False
7,-0.7939913081149863,-0.3554241983937465,-0.3797157977133944,-1.3155881099767932,-0.38484652911963235,0.13757031904390932,-0.5445003679320337,1.1972048510102418,-0.029286794148336657,1.065109010093722,0.805945818370647,-0.27438062259938295,0.4036613452438818,False,False,False,False,True,False,False,False,False,False,True,False,False,False,True,True,False,False,False,False,False,True,False,True
7,-0.7324438555021053,-0.6108853807014457,-0.3797157977133944,-1.1471583477019898,-1.357901141190492,-0.16338917763733452,-0.33565093969564197,-0.6141405065342891,2.0952096483311147,0.7585923691638562,0.805945818370647,-0.27438062259938295,0.4036613452438818,False,False,False,False,True,False,False,False,False,False,True,False,False,False,True,True,False,False,False,False,False,True,False,True
7,-0.6708964028892243,-0.5728587161594586,-0.3797157977133944,-0.9787285854271865,-0.26139930221511487,-0.4973305369685896,-0.6198584090482568,-0.2518714350253829,0.15545202693683305,0.7585923691638562,0.5330726353215343,-2.979722275331592,0.4036613452438818,False,False,False,False,True,False,False,False,False,False,True,False,False,False,True,True,False,False,False,False,False,True,True,False
7,-0.6093489502763433,-0.6864511884451359,-0.3797157977133944,-0.8102988231523832,-0.51555535760676,-0.5330608881727611,-0.839473271729821,-0.2518714350253829,-0.1216562046909215,0.7585923691638562,0.5330726353215343,-0.27438062259938295,0.4036613452438818,False,False,False,False,True,False,False,False,False,False,True,False,False,False,True,True,False,False,False,False,False,True,False,True
7,-0.5478014976634622,-0.6571999080282226,-0.3797157977133944,-0.6418690608775799,-0.655946321537382,-0.4684714071498383,-0.6866041026083373,-0.2518714350253829,0.15545202693683305,0.45207572823399056,0.5330726353215343,-0.27438062259938295,-0.46279383122060536,False,False,False,False,True,False,False,False,False,False,True,False,False,False,True,True,False,False,False,False,False,True,True,False
7,-0.48625404505058123,-0.7678672522722085,-0.3797157977133944,-0.4734392986027766,-0.6147972459025457,-0.7185838655790096,-0.8200954897285059,-0.2518714350253829,0.15545202693683305,0.45207572823399056,0.3966360437969755,-0.27438062259938295,0.4036613452438818,False,False,False,False,True,False,False,False,False,False,True,False,False,False,True,True,False,False,False,False,False,True,False,True
7,-0.4247065924377002,-0.7083896487578207,-0.3797157977133944,-0.3050095363279733,-0.7406650066679303,-0.4918335598602593,-0.8007177077271908,-0.2518714350253829,0.3401908480220027,0.45207572823399056,0.2601994522724216,-0.27438062259938295,0.4036613452438818,False,False,False,False,True,False,False,False,False,False,True,False,False,False,True,True,False,False,False,False,False,True,True,False
7,-0.3631591398248192,-0.5089934205825338,-0.3797157977133944,-0.13657977405316998,0.19124052976809303,-0.6402519417852561,-0.5165102383745759,-0.2518714350253829,0.3401908480220027,0.1455590873041358,0.2601994522724216,-0.27438062259938295,-0.029566242988361767,False,False,False,False,True,False,False,False,False,False,True,False,False,False,True,True,False,False,False,False,False,True,True,False
7,-0.30161168721193815,-0.5616457253329775,-0.3797157977133944,0.03184998822163333,-0.510714289885017,-0.18400284179358545,-0.839473271729821,0.47266670799242944,0.4325602585645876,-0.16095755362572983,0.12376286074786279,-0.27438062259938295,-0.029566242988361767,False,False,False,False,True,False,False,False,False,False,True,False,False,False,True,True,False,False,False,False,False,True,True,False
7,-0.24006423459905715,-0.6016224752360945,-0.3797157977133944,0.20027975049643665,-0.5397606962154917,-0.46984565142692825,-0.5423472810429961,-0.2518714350253829,0.24782143747941787,-0.16095755362572983,-0.012673730776696004,-0.27438062259938295,1.2701165217083694,False,False,False,False,True,False,False,False,False,False,True,False,False,False,True,True,False,False,False,False,False,True,True,False
7,-0.17851678198617613,-0.3242228326157104,-0.3797157977133944,0.3687095127712399,-0.1839422186671852,-0.052075391193589345,-0.2882830281368767,0.11039763648352328,0.4325602585645876,-0.16095755362572983,-0.012673730776696004,-0.27438062259938295,0.4036613452438818,False,False,False,False,True,False,False,False,False,False,True,False,False,False,True,True,False,False,False,False,False,True,True,False
7,-0.11696932937329511,0.22521371788195943,-0.3797157977133944,0.5371392750460433,2.0017998577009504,0.08122630368349666,-0.014840993229442058,0.47266670799242944,-0.029286794148336657,-0.16095755362572983,-0.012673730776696004,-0.27438062259938295,-0.029566242988361767,False,False,False,False,True,False,False,False,False,False,True,False,False,False,True,True,False,False,False,False,False,True,True,False
7,-0.05542187676041409,-0.19112950671876233,-0.3797157977133944,0.7055690373208465,-0.019345916127839986,0.11558241061057827,-0.10957681634697268,0.11039763648352328,0.15545202693683305,-0.16095755362572983,-0.012673730776696004,-0.27438062259938295,0.4036613452438818,False,False,False,False,True,False,False,False,False,False,True,False,False,False,True,True,False,False,False,False,False,True,True,False
7,0.006125575852466929,-0.28668368941400746,-0.3797157977133944,0.8739987995956499,-0.09196193195401815,-0.003976841495667285,-0.2796706805807341,0.11039763648352328,0.3401908480220027,0.1455590873041358,-0.012673730776696004,-0.27438062259938295,-0.029566242988361767,False,False,False,False,True,False,False,False,False,False,True,False,False,False,True,True,False,False,False,False,False,True,True,False
7,0.06767302846534795,-0.3700498386022031,-0.3797157977133944,1.0424285618704532,-0.06291552562355204,-0.16476342191442445,-0.4217744152570453,0.11039763648352328,0.6172990796497573,-0.16095755362572983,-0.012673730776696004,-0.27438062259938295,0.4036613452438818,False,False,False,False,True,False,False,False,False,False,True,False,False,False,True,True,False,False,False,False,False,True,True,False
7,0.12922048107822898,-0.3978385549982706,-0.3797157977133944,1.2108583241452564,-0.19604488797155536,-0.2705802312498393,-0.2602928985794189,0.11039763648352328,0.3401908480220027,-0.4674741945555846,-0.2855469138258087,-0.27438062259938295,0.4036613452438818,False,False,False,False,True,False,False,False,False,False,True,False,False,False,True,True,False,False,False,False,False,True,True,False
7,0.19076793369110998,-0.2242809578579283,-0.3797157977133944,1.3792880864200598,0.0581111674200897,0.050992929587665235,-0.22369042146582613,0.11039763648352328,0.3401908480220027,-0.16095755362572983,-0.2855469138258087,-0.27438062259938295,0.4036613452438818,False,False,False,False,True,False,False,False,False,False,True,False,False,False,True,True,False,False,False,False,False,True,True,False
7,0.25231538630399103,-0.12580164712099184,-0.3797157977133944,1.547717848694863,0.20818426679420615,0.25850381542724477,-0.24737437724520878,-0.2518714350253829,0.3401908480220027,-0.16095755362572983,-0.42198350535036266,-0.27438062259938295,0.4036613452438818,False,False,False,False,True,False,False,False,False,False,True,False,False,False,True,True,False,False,False,False,False,True,True,False
7,0.313862838916872,1.0320615360484444,-0.3797157977133944,1.7161476109696665,0.10652184463754467,0.22552195277724332,2.340636063374782,-0.2518714350253829,0.4325602585645876,-0.16095755362572983,-0.42198350535036266,-0.27438062259938295,0.4036613452438818,False,False,False,False,True,False,False,False,False,False,True,False,False,False,True,True,False,False,False,False,False,True,True,False
7,0.375410291529753,2.3297214635437054,0.6217846187556836,-1.4840178722515964,2.4374959526580366,0.08122630368349666,-0.5854090188236939,-0.2518714350253829,-2.1306908839921417,-0.16095755362572983,-0.42198350535036266,-0.27438062259938295,-0.029566242988361767,False,False,False,False,True,False,False,False,False,False,True,False,False,False,True,True,False,False,False,False,False,True,True,False
7,0.43695774414263405,-0.5523828198676263,0.6217846187556836,-1.3155881099767932,0.26143601173340403,-0.4877108270290091,-1.0095671359635825,-0.2518714350253829,-0.3063950257760912,-0.4674741945555846,-0.42198350535036266,-0.27438062259938295,-0.46279383122060536,False,False,False,False,True,False,False,False,False,False,True,False,False,False,True,True,False,False,False,False,False,True,True,False
7,0.4985051967555151,-0.9228990384818415,0.6217846187556836,-1.1471583477019898,-0.8471684965463346,-0.6443746746165063,-1.414347471102148,0.11039763648352328,0.15545202693683305,-0.4674741945555846,-0.42198350535036266,-0.27438062259938295,-0.029566242988361767,False,False,False,False,True,False,False,False,False,False,True,False,False,False,True,True,False,False,False,False,False,True,False,True
7,0.560052649368396,-0.9926145901421489,0.6217846187556836,-0.9787285854271865,-0.8471684965463346,-0.9604508583456806,-1.227028911756109,0.11039763648352328,0.3401908480220027,-0.4674741945555846,-0.42198350535036266,-0.27438062259938295,-0.46279383122060536,False,False,False,False,True,False,False,False,False,False,True,False,False,False,True,True,False,False,False,False,False,True,False,True
7,0.6216001019812771,-0.9926145901421489,0.6217846187556836,-0.8102988231523832,-0.796337285468004,-0.8793704459977569,-1.3992758628789004,0.11039763648352328,-0.1216562046909215,-0.7739908354854502,-0.5584200968749214,-0.27438062259938295,0.4036613452438818,False,False,False,False,True,False,False,False,False,False,True,False,False,False,True,True,False,False,False,False,False,True,True,False
7,0.6831475545941581,-0.9355745933291683,0.6217846187556836,-0.6418690608775799,-0.7672908791375292,-0.7144611327477595,-1.4315721662144256,0.11039763648352328,0.24782143747941787,-0.7739908354854502,-0.5584200968749214,-0.27438062259938295,-1.762476595917336,False,False,False,False,True,False,False,False,False,False,True,False,False,False,True,True,False,False,False,False,False,True,True,False
16,-1.6556556446953206,2.3297214635437054,-1.3812162141824724,-0.9787285854271865,-0.18152168480631803,1.455470580766839,0.6978307670411287,-0.2518714350253829,-2.1306908839921417,1.6781422919534423,1.7610019590425439,2.430961030132826,-0.029566242988361767,False,False,False,True,False,False,False,False,False,False,False,False,True,True,False,False,True,False,False,False,False,True,True,False
16,-1.5941081920824396,0.3344184981050928,-1.3812162141824724,-0.8102988231523832,0.6414598278904338,0.681771052768914,0.7365863310437514,0.11039763648352328,0.3401908480220027,1.6781422919534423,1.62456536751799,2.430961030132826,-1.762476595917336,False,False,False,True,False,False,False,False,False,False,False,False,True,True,False,False,False,False,True,False,False,True,False,True
16,-1.5325607394695586,0.204250300249836,-1.3812162141824724,-0.6418690608775799,0.19608159748984455,0.5319784265668273,0.7925665901586594,0.8349357795013356,0.4325602585645876,1.6781422919534423,1.7610019590425439,2.430961030132826,0.4036613452438818,False,False,False,True,False,False,False,False,False,False,False,False,True,True,False,True,False,False,False,False,False,True,False,True
16,-1.4710132868566774,0.26275286108366236,-1.3812162141824724,-0.4734392986027766,-0.3533795889282819,0.9813563051730875,0.8356283279393572,0.8349357795013356,1.7257320061607755,1.6781422919534423,1.7610019590425439,2.430961030132826,-0.46279383122060536,False,False,False,True,False,False,False,False,False,False,False,False,True,True,False,True,False,False,False,False,False,True,True,False
16,-1.4094658342437965,-0.03024746442573981,-1.3812162141824724,-0.3050095363279733,-0.6898337955895996,0.5429723807834976,0.5277369028073673,-0.9764095780431952,2.00284023778853,1.3716256510235767,1.4881287759934312,2.430961030132826,1.7033441099406126,False,False,False,True,False,False,False,False,False,False,False,False,True,True,False,True,False,False,False,False,False,True,False,True
16,-1.3479183816309155,0.2476396995349216,-1.3812162141824724,-0.13657977405316998,0.2808002826203929,0.6955134955397544,0.6526159423713933,-0.9764095780431952,-0.3063950257760912,1.065109010093722,1.4881287759934312,2.430961030132826,0.4036613452438818,False,False,False,True,False,False,False,False,False,False,False,False,True,True,False,True,False,False,False,False,False,True,True,False
16,-1.2863709290180345,0.36025712914003044,-1.3812162141824724,0.03184998822163333,0.3340520275595908,1.0280806105939195,0.5815640750332377,-0.9764095780431952,-0.5835032574038457,1.065109010093722,1.3516921844688725,2.430961030132826,0.4036613452438818,False,False,False,True,False,False,False,False,False,False,False,False,True,True,False,True,False,False,False,False,False,True,True,False
16,-1.2248234764051535,0.2900540561394457,-1.3812162141824724,0.20027975049643665,0.4817045930728315,0.6048133732522504,0.8033320246038396,-1.3386786495521015,0.24782143747941787,1.065109010093722,1.3516921844688725,-0.27438062259938295,1.7033441099406126,False,False,False,True,False,False,False,False,False,False,False,False,True,True,False,True,False,False,False,False,False,True,True,False
16,-1.1632760237922724,0.4387480649254118,-1.3812162141824724,0.3687095127712399,0.6995526405513832,0.8961531599939138,0.8097912852709446,-0.9764095780431952,-0.6758726679464305,1.3716256510235767,1.2152555929443185,-0.27438062259938295,0.4036613452438818,False,False,False,True,False,False,False,False,False,False,False,False,True,True,False,True,False,False,False,False,False,True,True,False
16,-1.1017285711793914,0.48067490018965175,-1.3812162141824724,0.5371392750460433,0.7116553098557448,0.9208895569814148,0.9454357592801431,-0.9764095780431952,0.4325602585645876,1.065109010093722,1.2152555929443185,-0.27438062259938295,1.2701165217083694,False,False,False,True,False,False,False,False,False,False,False,False,True,True,False,True,False,False,False,False,False,True,True,False
16,-1.0401811185665104,0.8370529999357015,-1.3812162141824724,0.7055690373208465,1.009380974743102,1.568158611487674,1.2404086630779305,-0.9764095780431952,0.4325602585645876,1.3716256510235767,0.9423824098952058,-0.27438062259938295,0.4036613452438818,False,False,False,True,False,False,False,False,False,False,False,False,True,True,False,True,False,False,False,False,False,True,True,False
16,-0.9786336659536293,0.893605475408398,-1.3812162141824724,0.8739987995956499,1.2320700899433965,1.430734183779338,1.50739143731826,-0.6141405065342891,0.3401908480220027,1.065109010093722,0.9423824098952058,-0.27438062259938295,1.7033441099406126,False,False,False,True,False,False,False,False,False,False,False,False,True,True,False,True,False,False,False,False,False,True,True,False
16,-0.9170862133407484,0.9330947039712307,-1.3812162141824724,1.0424285618704532,1.118304998482382,1.5228085503439222,1.638729737549391,0.8349357795013356,0.24782143747941787,1.065109010093722,0.805945818370647,-0.27438062259938295,1.7033441099406126,False,False,False,True,False,False,False,False,False,False,False,False,True,True,False,True,False,False,False,False,False,True,True,False
16,-0.8555387607278674,0.38804584553609794,-1.3812162141824724,1.2108583241452564,0.3509957645857039,0.905772869933504,0.8808431526090925,-1.7009477210610076,1.4486237745330208,1.065109010093722,0.805945818370647,-0.27438062259938295,1.2701165217083694,False,False,False,True,False,False,False,False,False,False,False,False,True,True,False,True,False,False,False,False,False,True,True,False
16,-0.7939913081149863,1.7721189305963203,-1.3812162141824724,1.3792880864200598,1.0577916519605568,0.8975274042710036,2.340636063374782,-0.2518714350253829,-0.5835032574038457,1.065109010093722,0.805945818370647,-0.27438062259938295,0.4036613452438818,False,False,False,True,False,False,False,False,False,False,False,False,True,True,False,True,False,False,False,False,False,True,True,False
16,-0.7324438555021053,2.3297214635437054,-0.3797157977133944,-1.4840178722515964,2.4374959526580366,-0.7653081709998417,-0.45622380548160046,-0.9764095780431952,-2.1306908839921417,0.7585923691638562,0.805945818370647,-0.27438062259938295,0.4036613452438818,False,False,False,True,False,False,False,False,False,False,True,False,False,False,True,True,False,False,False,False,False,True,True,False
16,-0.6708964028892243,-0.8283198984671578,-0.3797157977133944,-1.3155881099767932,-0.41873400317185,-1.0209176065373433,-0.7877991863929806,-0.6141405065342891,-0.029286794148336657,0.7585923691638562,0.5330726353215343,-2.979722275331592,0.4036613452438818,False,False,False,True,False,False,False,False,False,False,True,False,False,False,True,True,False,False,False,False,False,True,False,True
16,-0.6093489502763433,-0.5260566674924044,-0.3797157977133944,-1.1471583477019898,-0.04839232245831469,-0.7611854381685915,-0.18924103124127092,-0.9764095780431952,0.15545202693683305,0.7585923691638562,0.5330726353215343,-0.27438062259938295,0.4036613452438818,False,False,False,True,False,False,False,False,False,False,True,False,False,False,True,True,False,False,False,False,False,True,True,False
16,-0.5478014976634622,-0.3017968509627413,-0.3797157977133944,-0.9787285854271865,-0.35095905506741476,-0.40113343757275527,0.5062060339170146,2.102877529782507,0.24782143747941787,0.45207572823399056,0.5330726353215343,-2.979722275331592,0.4036613452438818,False,False,False,True,False,False,False,False,False,False,True,False,False,False,True,True,False,False,False,False,False,True,True,False
16,-0.48625404505058123,-0.56944606677749,-0.3797157977133944,-0.8102988231523832,-0.9415693171203775,-0.3695258191998437,-0.20000646568644345,-0.9764095780431952,2.0952096483311147,0.45207572823399056,0.3966360437969755,-0.27438062259938295,0.4036613452438818,False,False,False,True,False,False,False,False,False,False,True,False,False,False,True,True,False,False,False,False,False,True,True,False
16,-0.4247065924377002,-0.4548785518112513,-0.3797157977133944,-0.6418690608775799,-0.6002740427373083,-0.11803911649359228,-0.3916311988105499,-0.6141405065342891,0.24782143747941787,0.45207572823399056,0.2601994522724216,-0.27438062259938295,0.4036613452438818,False,False,False,True,False,False,False,False,False,False,True,False,False,False,True,True,False,False,False,False,False,True,True,False
16,-0.3631591398248192,-0.23208129930243385,-0.3797157977133944,-0.4734392986027766,-0.19846542183242252,0.23376741843974366,-0.31627315769432685,-0.6141405065342891,0.24782143747941787,0.1455590873041358,0.12376286074786279,-0.27438062259938295,-0.46279383122060536,False,False,False,True,False,False,False,False,False,False,True,False,False,False,True,True,False,False,False,False,False,True,True,False
16,-0.30161168721193815,-0.4441530823250475,-0.3797157977133944,-0.3050095363279733,-0.17426008322369935,-0.36540308636859353,-0.33565093969564197,-0.6141405065342891,0.06308261639424818,-0.16095755362572983,0.12376286074786279,-0.27438062259938295,-0.029566242988361767,False,False,False,True,False,False,False,False,False,False,True,False,False,False,True,True,False,False,False,False,False,True,True,False
16,-0.24006423459905715,-0.3549366770534692,-0.3797157977133944,-0.13657977405316998,-0.33885638576304455,-0.12216184932484246,-0.1763225099070608,-0.2518714350253829,0.3401908480220027,-0.16095755362572983,-0.012673730776696004,-0.27438062259938295,1.2701165217083694,False,False,False,True,False,False,False,False,False,False,True,False,False,False,True,True,False,False,False,False,False,True,True,False
16,-0.17851678198617613,-0.4660915426377324,-0.3797157977133944,0.03184998822163333,-0.5954329750155654,-0.21423621588942662,-0.29474228880398173,-0.2518714350253829,0.06308261639424818,-0.16095755362572983,-0.012673730776696004,-0.27438062259938295,0.4036613452438818,False,False,False,True,False,False,False,False,False,False,True,False,False,False,True,True,False,False,False,False,False,True,True,False
16,-0.11696932937329511,-0.35298659169233937,-0.3797157977133944,0.20027975049643665,-0.5252374930502544,0.0633611280814158,-0.29258920191494414,-0.2518714350253829,0.06308261639424818,-0.16095755362572983,-0.012673730776696004,-0.27438062259938295,-0.029566242988361767,False,False,False,True,False,False,False,False,False,False,True,False,False,False,True,True,False,False,False,False,False,True,True,False
16,-0.05542187676041409,-0.09021258928041184,-0.3797157977133944,0.3687095127712399,-0.5881713734329467,0.5800769762647493,0.11434422011265906,-0.6141405065342891,0.15545202693683305,0.1455590873041358,-0.012673730776696004,-0.27438062259938295,0.4036613452438818,False,False,False,True,False,False,False,False,False,False,True,False,False,False,True,True,False,False,False,False,False,True,True,False
16,0.006125575852466929,-0.23549394868440937,-0.3797157977133944,0.5371392750460433,0.13314771710715223,-0.08780574239775109,-0.12249533768118279,-0.6141405065342891,0.06308261639424818,-0.16095755362572983,-0.012673730776696004,-0.27438062259938295,1.2701165217083694,False,False,False,True,False,False,False,False,False,False,True,False,False,False,True,True,False,False,False,False,False,True,True,False
16,0.06767302846534795,-0.2418317261080762,-0.3797157977133944,0.7055690373208465,0.09926024305492599,-0.16201493336025438,-0.004075558784261865,-0.2518714350253829,0.15545202693683305,-0.16095755362572983,-0.012673730776696004,-0.27438062259938295,0.4036613452438818,False,False,False,True,False,False,False,False,False,False,True,False,False,False,True,True,False,False,False,False,False,True,True,False
16,0.12922048107822898,1.1022646090490362,-0.3797157977133944,0.8739987995956499,0.2227074699594435,-0.08093452101234062,2.340636063374782,-0.2518714350253829,-0.029286794148336657,-0.16095755362572983,-0.14911032230124993,-0.27438062259938295,0.4036613452438818,False,False,False,True,False,False,False,False,False,False,True,False,False,False,True,True,False,False,False,False,False,True,True,False
16,0.19076793369110998,2.3297214635437054,0.6217846187556836,-1.4840178722515964,2.4374959526580366,-2.0763372113373513,-1.5715228140016992,0.47266670799242944,-2.1306908839921417,-0.16095755362572983,-0.42198350535036266,-0.27438062259938295,0.4036613452438818,False,False,False,True,False,False,False,False,False,False,True,False,False,False,True,True,False,False,False,False,False,True,True,False
16,0.25231538630399103,-1.2968279064780321,0.6217846187556836,-1.3155881099767932,-1.3724243443557294,-1.4991546149623451,-1.2593252150916343,-0.6141405065342891,0.15545202693683305,-0.16095755362572983,-0.42198350535036266,-0.27438062259938295,0.4036613452438818,False,False,False,True,False,False,False,False,False,False,True,False,False,False,True,True,False,False,False,False,False,True,False,True
16,0.313862838916872,-0.9731137365308781,0.6217846187556836,-1.1471583477019898,-0.8786354367376852,-0.8202779420831743,-1.3325301693188198,-0.2518714350253829,-0.029286794148336657,-0.16095755362572983,-0.42198350535036266,-0.27438062259938295,0.4036613452438818,False,False,False,True,False,False,False,False,False,False,True,False,False,False,True,True,False,False,False,False,False,True,True,False
16,0.375410291529753,-0.9935896328227104,0.6217846187556836,-0.9787285854271865,-1.045652273137906,-0.838143117685265,-1.2464066937574243,-0.6141405065342891,-0.1216562046909215,-0.4674741945555846,-0.42198350535036266,-0.27438062259938295,-0.029566242988361767,False,False,False,True,False,False,False,False,False,False,True,False,False,False,True,True,False,False,False,False,False,True,True,False
16,0.43695774414263405,-0.8214945997032137,0.6217846187556836,-0.8102988231523832,-0.6123767120416699,-0.708964155639429,-1.0741597426346254,-0.6141405065342891,-0.39876443631867603,-0.4674741945555846,-0.42198350535036266,-0.27438062259938295,-0.46279383122060536,False,False,False,True,False,False,False,False,False,False,True,False,False,False,True,True,False,False,False,False,False,True,True,False
16,0.4985051967555151,-0.724477852987123,0.6217846187556836,-0.6418690608775799,-0.9560925202856149,-0.32417575805609167,-0.9428214424034943,-0.6141405065342891,-0.029286794148336657,-0.4674741945555846,-0.42198350535036266,-0.27438062259938295,-0.029566242988361767,False,False,False,True,False,False,False,False,False,False,True,False,False,False,True,True,False,False,False,False,False,True,True,False
16,0.560052649368396,-0.7439787065983938,0.6217846187556836,-0.4734392986027766,-0.7334034050853117,-0.5495518194977619,-0.8739226619543763,-0.6141405065342891,-0.9529808995741851,-0.4674741945555846,-0.5584200968749214,-0.27438062259938295,-0.46279383122060536,False,False,False,True,False,False,False,False,False,False,True,False,False,False,True,True,False,False,False,False,False,True,True,False
16,0.6216001019812771,-0.9419123707528351,0.6217846187556836,-0.3050095363279733,-0.866532767433315,-0.8532598047331758,-1.1538239575289235,-0.6141405065342891,-0.21402561523350636,-0.7739908354854502,-0.5584200968749214,-0.27438062259938295,0.4036613452438818,False,False,False,True,False,False,False,False,False,False,True,False,False,False,True,True,False,False,False,False,False,True,True,False
16,0.6831475545941581,-0.853183486821534,0.6217846187556836,-0.13657977405316998,-0.9076818430681513,-0.6045215905810943,-1.1150683935262933,-0.6141405065342891,-0.029286794148336657,-0.7739908354854502,-0.5584200968749214,-0.27438062259938295,0.4036613452438818,False,False,False,True,False,False,False,False,False,False,True,False,False,False,True,True,False,False,False,False,False,True,True,False
16,0.7446950072070392,-0.6289236702918778,0.6217846187556836,0.03184998822163333,-0.9924005281986996,-0.6017731020269244,-0.053596557232064745,-0.6141405065342891,-0.029286794148336657,-0.7739908354854502,-0.5584200968749214,-0.27438062259938295,-0.46279383122060536,False,False,False,True,False,False,False,False,False,False,True,False,False,False,True,False,False,True,False,False,False,True,True,False
16,0.8062424598199202,2.3297214635437054,0.6217846187556836,0.20027975049643665,2.4374959526580366,2.41022679227049,1.49231982909502,-0.6141405065342891,-2.1306908839921417,-0.7739908354854502,-0.6948566883994802,-0.27438062259938295,-1.762476595917336,False,False,False,True,False,False,False,False,False,False,True,False,False,False,True,False,False,False,False,False,True,True,True,False
16,0.8677899124328012,-0.9302118585860698,0.6217846187556836,0.3687095127712399,-0.931887181676883,-0.8340203848540148,-1.0741597426346254,-0.2518714350253829,0.15545202693683305,-0.7739908354854502,-0.6948566883994802,-0.27438062259938295,-1.762476595917336,False,False,False,True,False,False,False,False,False,False,True,False,False,False,True,True,False,False,False,False,False,True,True,False
16,0.9293373650456822,-0.9272867305443785,0.6217846187556836,0.5371392750460433,-0.7188802019200743,-1.0525252249102648,-0.9083720521789391,-0.6141405065342891,0.15545202693683305,-1.080507476415316,-0.8312932799240341,-0.27438062259938295,1.2701165217083694,False,False,False,True,False,False,False,False,False,False,True,False,False,False,True,True,False,False,False,False,False,True,True,False
16,0.9908848176585633,-0.9297243372457856,0.6217846187556836,0.7055690373208465,-0.8568506319898291,-1.0346600493081741,-0.8244016635065734,-0.6141405065342891,-0.21402561523350636,-1.080507476415316,-0.9677298714485929,-0.27438062259938295,-1.762476595917336,False,False,False,True,False,False,False,False,False,False,True,False,False,False,True,True,False,False,False,False,False,True,True,False
16,1.0524322702714441,-0.9672634804474954,0.6217846187556836,0.8739987995956499,-0.9754567911725951,-0.9535796369602603,-1.0117202228526123,-0.2518714350253829,0.06308261639424818,-1.080507476415316,-1.104166462973147,-0.27438062259938295,-0.029566242988361767,False,False,False,True,False,False,False,False,False,False,True,False,False,False,True,True,False,False,False,False,False,True,True,False
16,1.1139797228843253,-0.8015062247516587,0.6217846187556836,1.0424285618704532,-0.9197845123725215,-0.5619200179915124,-0.9428214424034943,-0.2518714350253829,-0.029286794148336657,-1.080507476415316,-1.104166462973147,-0.27438062259938295,-1.762476595917336,False,False,False,True,False,False,False,False,False,False,True,False,False,False,True,True,False,False,False,False,False,True,True,False
16,1.1755271754972063,-0.9502002335376248,0.6217846187556836,1.2108583241452564,-0.9125229107899028,-0.9838130110560918,-0.9449745292925319,-0.2518714350253829,0.06308261639424818,-1.080507476415316,-1.2406030544977056,-0.27438062259938295,-0.8960214194528492,False,False,False,True,False,False,False,False,False,False,True,False,False,False,True,True,False,False,False,False,False,True,True,False
16,1.2370746281100873,-0.8570836575437938,0.6217846187556836,1.3792880864200598,-0.6632079231200007,-0.9494569041290101,-0.8093300552833333,-0.6141405065342891,-0.029286794148336657,-1.080507476415316,-1.2406030544977056,-0.27438062259938295,-0.8960214194528492,False,False,False,True,False,False,False,False,False,False,True,False,False,False,True,True,False,False,False,False,False,True,True,False
16,1.2986220807229683,-0.8068689594947571,0.6217846187556836,1.547717848694863,-0.7600292775549106,-0.7529399725060912,-0.8093300552833333,-0.2518714350253829,0.06308261639424818,-1.080507476415316,-1.2406030544977056,-0.27438062259938295,0.4036613452438818,False,False,False,True,False,False,False,False,False,False,True,False,False,False,True,True,False,False,False,False,False,True,True,False
16,1.3601695333358494,-0.8863349379607,0.6217846187556836,1.7161476109696665,-0.9439898509812447,-1.0346600493081741,-0.5552658023772062,-0.6141405065342891,-0.029286794148336657,-1.3870241173451707,-1.2406030544977056,-0.27438062259938295,-1.762476595917336,False,False,False,True,False,False,False,False,False,False,True,False,False,False,True,True,False,False,False,False,False,True,True,False
16,1.4217169859487304,-0.6532997373059699,0.6217846187556836,1.8845773732444697,-0.7551882098331677,-0.5151957125706704,-0.507897890818441,-0.6141405065342891,-0.1216562046909215,-1.3870241173451707,-1.3770396460222645,-0.27438062259938295,-1.762476595917336,False,False,False,True,False,False,False,False,False,False,True,False,False,False,True,True,False,False,False,False,False,True,True,False
16,1.4832644385616114,-0.7932183619668689,0.6217846187556836,2.053007135519273,-0.7237212696418258,-0.8010385222040133,-0.7059818846096524,-0.2518714350253829,-0.21402561523350636,-1.3870241173451707,-1.3770396460222645,-0.27438062259938295,-0.8960214194528492,False,False,False,True,False,False,False,False,False,False,True,False,False,False,True,True,False,False,False,False,False,True,True,False
16,1.5448118911744924,-0.40320128974136904,0.6217846187556836,2.221436897794076,-0.6244793813460401,0.26262654825849496,-0.7382781879451777,-0.2518714350253829,-0.1216562046909215,-1.3870241173451707,-1.5134762375468185,-0.27438062259938295,-1.762476595917336,False,False,False,True,False,False,False,False,False,False,True,False,False,False,True,True,False,False,False,False,False,True,True,False
16,1.6063593437873733,-0.784442977841795,0.6217846187556836,2.3898666600688796,-0.7503471421114247,-0.9769417896706812,-0.36794724303116727,-0.2518714350253829,-0.1216562046909215,-1.6935407582750364,-1.5134762375468185,-0.27438062259938295,-0.8960214194528492,False,False,False,True,False,False,False,False,False,False,True,False,False,False,True,True,False,False,False,False,False,True,True,False
16,1.6679067964002545,-0.7337407584524811,0.6217846187556836,2.558296422343683,-0.655946321537382,-0.7790506137706724,-0.5380411072649286,-0.2518714350253829,-0.029286794148336657,-1.3870241173451707,-1.5134762375468185,-0.27438062259938295,-1.762476595917336,False,False,False,True,False,False,False,False,False,False,True,False,False,False,True,True,False,False,False,False,False,True,True,False
16,1.7294542490131355,-0.5343445302771942,0.6217846187556836,2.7267261846184865,-0.32191264873694003,-0.4767168728123387,-0.42823367592415035,-0.6141405065342891,-0.029286794148336657,-1.3870241173451707,-1.6499128290713772,-0.27438062259938295,-0.46279383122060536,False,False,False,True,False,False,False,False,False,False,True,False,False,False,True,True,False,False,False,False,False,True,True,False
16,1.7910017016260165,-0.5923595697707363,0.6217846187556836,2.8951559468932895,-0.5470222977981104,-0.596276124918594,-0.2968953756930193,-0.2518714350253829,-0.1216562046909215,-1.3870241173451707,-1.6499128290713772,-0.27438062259938295,0.4036613452438818,False,False,False,True,False,False,False,False,False,False,True,False,False,False,True,True,False,False,False,False,False,True,True,False
15,-1.6556556446953206,2.3297214635437054,-1.3812162141824724,-1.4840178722515964,-0.18152168480631803,2.41022679227049,0.9066801952775128,0.47266670799242944,-2.1306908839921417,1.6781422919534423,1.7610019590425439,2.430961030132826,-0.029566242988361767,False,False,False,False,False,False,False,False,False,True,False,False,True,False,True,False,True,False,False,False,False,True,True,False
15,-1.5941081920824396,0.6147432687671682,-1.3812162141824724,-1.3155881099767932,0.9077185525864491,1.1984869009522572,0.9282110641678655,0.47266670799242944,0.7096684901923421,1.6781422919534423,1.62456536751799,2.430961030132826,-1.762476595917336,False,False,False,False,False,False,False,False,False,True,False,False,True,False,True,False,False,False,True,False,False,True,False,True
15,-1.5325607394695586,0.5572157506139103,-1.3812162141824724,-1.1471583477019898,0.7891123934036745,0.9841047937272477,1.1155296235139045,2.102877529782507,-0.1216562046909215,1.6781422919534423,1.7610019590425439,2.430961030132826,0.4036613452438818,False,False,False,False,False,False,False,False,False,True,False,False,True,False,True,True,False,False,False,False,False,True,False,True
15,-1.4710132868566774,0.701034545997062,-1.3812162141824724,-0.9787285854271865,0.002438888620016043,1.4293599395022578,1.7528433426682446,2.102877529782507,2.118302000966761,1.6781422919534423,1.7610019590425439,2.430961030132826,-0.46279383122060536,False,False,False,False,False,False,False,False,False,True,False,False,True,False,True,True,False,False,False,False,False,True,True,False
15,-1.4094658342437965,0.8268150517897819,-1.3812162141824724,-0.8102988231523832,0.44297605129887097,1.941953054854341,1.113376536624867,0.11039763648352328,0.802037900734927,1.3716256510235767,1.4881287759934312,2.430961030132826,1.7033441099406126,False,False,False,False,False,False,False,False,False,True,False,False,True,False,True,True,False,False,False,False,False,True,True,False
15,-1.3479183816309155,0.7727001830184924,-1.3812162141824724,-0.6418690608775799,0.8617284092298612,1.4362311608876683,1.2942358353038008,1.9217429940280542,0.15545202693683305,1.065109010093722,1.4881287759934312,2.430961030132826,0.4036613452438818,False,False,False,False,False,False,False,False,False,True,False,False,True,False,True,True,False,False,False,False,False,True,True,False
15,-1.2863709290180345,0.8219398383869607,-1.3812162141824724,-0.4734392986027766,0.9222417557516778,1.520060061789752,1.326532138639326,1.9217429940280542,0.6172990796497573,1.065109010093722,1.3516921844688725,-0.27438062259938295,0.4036613452438818,False,False,False,False,False,False,False,False,False,True,False,False,True,False,True,True,False,False,False,False,False,True,True,False
15,-1.2248234764051535,0.8102393262201955,-1.3812162141824724,-0.3050095363279733,0.5494795411772667,1.7976574057605945,1.1715098826288124,1.5594739225191478,0.9867767218200967,1.065109010093722,1.3516921844688725,-0.27438062259938295,1.7033441099406126,False,False,False,False,False,False,False,False,False,True,False,False,True,False,True,True,False,False,False,False,False,True,True,False
15,-1.1632760237922724,0.8297401798314732,-1.3812162141824724,-0.13657977405316998,1.2780602332999844,1.349653771431424,1.3114605304160785,1.9217429940280542,0.6172990796497573,1.3716256510235767,1.2152555929443185,-0.27438062259938295,0.4036613452438818,False,False,False,False,False,False,False,False,False,True,False,False,True,False,True,True,False,False,False,False,False,True,True,False
15,-1.1017285711793914,0.9394324813948907,-1.3812162141824724,0.03184998822163333,0.4211912465510149,1.9199651464210101,1.6645667802178112,-0.2518714350253829,2.00284023778853,1.065109010093722,1.2152555929443185,-0.27438062259938295,1.2701165217083694,False,False,False,False,False,False,False,False,False,True,False,False,True,False,True,True,False,False,False,False,False,True,True,False
15,-1.0401811185665104,1.1339534961673565,-1.3812162141824724,0.20027975049643665,1.6992331250918504,1.7674240316647534,1.625811216215181,-0.6141405065342891,0.3401908480220027,1.3716256510235767,0.9423824098952058,-0.27438062259938295,0.4036613452438818,False,False,False,False,False,False,False,False,False,True,False,False,True,False,True,True,False,False,False,False,False,True,True,False
15,-0.9786336659536293,2.278653603149182,-1.3812162141824724,0.3687095127712399,1.4789645437524228,1.4211144738397574,2.340636063374782,-0.2518714350253829,0.3401908480220027,1.065109010093722,0.9423824098952058,-0.27438062259938295,1.7033441099406126,False,False,False,False,False,False,False,False,False,True,False,False,True,False,True,True,False,False,False,False,False,True,True,False
15,-0.9170862133407484,2.3297214635437054,-0.3797157977133944,-1.4840178722515964,2.4374959526580366,-0.6017731020269244,-0.17847559679609074,0.8349357795013356,-2.1306908839921417,1.065109010093722,0.805945818370647,-0.27438062259938295,1.2701165217083694,False,False,False,False,False,False,False,False,False,True,False,False,True,False,True,True,False,False,False,False,False,True,True,False
15,-0.8555387607278674,-0.38662556417178956,-0.3797157977133944,-1.3155881099767932,-0.6390025845112774,-0.17163464329983488,0.028220744551255766,1.9217429940280542,0.3401908480220027,1.065109010093722,0.805945818370647,-0.27438062259938295,1.2701165217083694,False,False,False,False,False,False,False,False,False,True,False,False,True,False,True,True,False,False,False,False,False,True,False,True
15,-0.7939913081149863,-0.0843623331970292,-0.3797157977133944,-1.1471583477019898,-0.5518633655198533,0.5196102280730864,0.20262078256309227,2.102877529782507,1.1715155429052664,1.065109010093722,0.805945818370647,-0.27438062259938295,0.4036613452438818,False,False,False,False,False,False,False,False,False,True,False,False,True,False,True,True,False,False,False,False,False,True,True,False
15,-0.7324438555021053,-0.1063007935097141,-0.3797157977133944,-0.9787285854271865,-0.43809827405883023,0.29560841090849643,0.3554899516845684,2.102877529782507,2.118302000966761,0.7585923691638562,0.6695092268460883,-0.27438062259938295,1.2701165217083694,False,False,False,False,False,False,False,False,False,True,False,False,True,False,True,True,False,False,False,False,False,True,True,False
15,-0.6708964028892243,0.11357133095740514,-0.3797157977133944,-0.8102988231523832,0.0460084981157281,0.6295497702397516,0.372714646796846,0.47266670799242944,1.7257320061607755,0.7585923691638562,0.5330726353215343,-0.27438062259938295,0.4036613452438818,False,False,False,False,False,False,False,False,False,True,False,False,True,False,True,True,False,False,False,False,False,True,True,False
15,-0.6093489502763433,0.0940704773461343,-0.3797157977133944,-0.6418690608775799,0.1863994620463501,0.4660147012668341,0.4179294714665814,0.11039763648352328,-0.3063950257760912,0.7585923691638562,0.5330726353215343,-0.27438062259938295,0.4036613452438818,False,False,False,False,False,False,False,False,False,True,False,False,True,False,True,True,False,False,False,False,False,True,True,False
15,-0.5478014976634622,0.00680415743567894,-0.3797157977133944,-0.4734392986027766,-0.29044570854558954,0.6350467473480819,0.19185534811791208,0.47266670799242944,0.6172990796497573,0.45207572823399056,0.5330726353215343,-2.979722275331592,0.4036613452438818,False,False,False,False,False,False,False,False,False,True,False,False,True,False,True,True,False,False,False,False,False,True,True,False
15,-0.48625404505058123,-0.00977156813390058,-0.3797157977133944,-0.3050095363279733,-0.20088595569329828,0.4206646401230821,0.37486773368588355,0.47266670799242944,0.6172990796497573,0.45207572823399056,0.3966360437969755,-0.27438062259938295,-0.46279383122060536,False,False,False,False,False,False,False,False,False,True,False,False,True,False,True,True,False,False,False,False,False,True,True,False
15,-0.4247065924377002,0.19791252282616917,-0.3797157977133944,-0.13657977405316998,0.11136291235929618,0.7367408238522465,0.5191245552512247,0.11039763648352328,0.5249296691071724,0.45207572823399056,0.2601994522724216,-0.27438062259938295,0.4036613452438818,False,False,False,False,False,False,False,False,False,True,False,False,True,False,True,True,False,False,False,False,False,True,True,False
15,-0.3631591398248192,0.0760321877557022,-0.3797157977133944,0.03184998822163333,-0.08470033037139947,0.5182359837959966,0.497593686360872,0.47266670799242944,0.4325602585645876,0.1455590873041358,0.12376286074786279,-0.27438062259938295,-0.46279383122060536,False,False,False,False,False,False,False,False,False,True,False,False,True,False,True,True,False,False,False,False,False,True,True,False
15,-0.30161168721193815,0.23691423004871778,-0.3797157977133944,0.20027975049643665,0.5083304655424304,0.6350467473480819,0.497593686360872,0.47266670799242944,0.5249296691071724,-0.16095755362572983,-0.012673730776696004,-0.27438062259938295,-0.46279383122060536,False,False,False,False,False,False,False,False,False,True,False,False,True,False,True,True,False,False,False,False,False,True,True,False
15,-0.24006423459905715,0.32466807129945735,-0.3797157977133944,0.3687095127712399,0.39456537408140735,0.7958333277668292,0.7344332441547214,0.11039763648352328,0.5249296691071724,-0.16095755362572983,-0.012673730776696004,-0.27438062259938295,1.2701165217083694,False,False,False,False,False,False,False,False,False,True,False,False,True,False,True,True,False,False,False,False,False,True,True,False
15,-0.17851678198617613,0.306142260368748,-0.3797157977133944,0.5371392750460433,0.38972430635966443,0.8727910072835026,0.5363492503635023,0.47266670799242944,0.5249296691071724,-0.16095755362572983,-0.012673730776696004,-0.27438062259938295,0.4036613452438818,False,False,False,False,False,False,False,False,False,True,False,False,True,False,True,True,False,False,False,False,False,True,True,False
15,-0.11696932937329511,0.3899959308972278,-0.3797157977133944,0.7055690373208465,0.4865456607945744,1.1380201527605847,0.40501095013237126,0.11039763648352328,0.4325602585645876,-0.16095755362572983,-0.012673730776696004,-0.27438062259938295,0.4036613452438818,False,False,False,False,False,False,False,False,False,True,False,False,True,False,True,True,False,False,False,False,False,True,True,False
15,-0.05542187676041409,0.19303730942335492,-0.3797157977133944,0.8739987995956499,0.3074261550899918,0.6886422741543342,0.3985516894652662,0.11039763648352328,0.5249296691071724,0.1455590873041358,-0.012673730776696004,-0.27438062259938295,0.4036613452438818,False,False,False,False,False,False,False,False,False,True,False,False,True,False,True,True,False,False,False,False,False,True,True,False
15,0.006125575852466929,0.20181269354842887,-0.3797157977133944,1.0424285618704532,0.309846688950859,0.6322982587939118,0.5234307290292922,-0.2518714350253829,0.5249296691071724,-0.16095755362572983,-0.012673730776696004,-0.27438062259938295,1.2701165217083694,False,False,False,False,False,False,False,False,False,True,False,False,True,False,True,True,False,False,False,False,False,True,True,False
15,0.06767302846534795,0.22765132458336657,-0.3797157977133944,1.2108583241452564,0.6099928876990919,0.5690830220480789,0.46960355680342186,0.11039763648352328,0.3401908480220027,-0.4674741945555846,-0.2855469138258087,-0.27438062259938295,0.4036613452438818,False,False,False,False,False,False,False,False,False,True,False,False,True,False,True,True,False,False,False,False,False,True,True,False
15,0.12922048107822898,1.5615097115945593,-0.3797157977133944,1.3792880864200598,0.6463008956121853,0.4701374340980843,2.340636063374782,-0.2518714350253829,0.5249296691071724,-0.16095755362572983,-0.14911032230124993,-0.27438062259938295,0.4036613452438818,False,False,False,False,False,False,False,False,False,True,False,False,True,False,True,True,False,False,False,False,False,True,True,False
15,0.19076793369110998,2.3297214635437054,0.6217846187556836,-1.4840178722515964,2.4374959526580366,-1.319128614664427,-0.9600461375157795,0.47266670799242944,-2.1306908839921417,-0.16095755362572983,-0.42198350535036266,-0.27438062259938295,0.4036613452438818,False,False,False,False,False,False,False,False,False,True,True,False,False,False,True,True,False,False,False,False,False,True,True,False
15,0.25231538630399103,-0.7766426363972825,0.6217846187556836,-1.3155881099767932,-1.077119213329248,-0.5358093767269214,-0.7339720141671102,0.47266670799242944,0.3401908480220027,-0.16095755362572983,-0.42198350535036266,-0.27438062259938295,0.4036613452438818,False,False,False,False,False,False,False,False,False,True,True,False,False,False,True,True,False,False,False,False,False,True,False,True
15,0.313862838916872,-0.6552498226670997,0.6217846187556836,-1.1471583477019898,-0.8278042256593544,-0.5165699568477604,-0.4497645448144954,0.47266670799242944,-0.4911338468612609,-0.16095755362572983,-0.42198350535036266,-0.27438062259938295,-0.029566242988361767,False,False,False,False,False,False,False,False,False,True,True,False,False,False,True,True,False,False,False,False,False,True,True,False
15,0.375410291529753,-0.6357489690558219,0.6217846187556836,-0.9787285854271865,-0.6365820506504016,-0.3928879719102549,-0.7275127535000052,0.47266670799242944,0.5249296691071724,-0.4674741945555846,-0.42198350535036266,-0.27438062259938295,-0.029566242988361767,False,False,False,False,False,False,False,False,False,True,True,False,False,False,True,True,False,False,False,False,False,True,True,False
15,0.43695774414263405,-0.573833758840027,0.6217846187556836,-0.8102988231523832,-0.5905919072938225,-0.4038819261269253,-0.47775467437195324,0.47266670799242944,0.6172990796497573,-0.16095755362572983,-0.42198350535036266,-0.27438062259938295,-0.46279383122060536,False,False,False,False,False,False,False,False,False,True,True,False,False,False,True,True,False,False,False,False,False,True,True,False
15,0.4985051967555151,-0.7259404170079686,0.6217846187556836,-0.6418690608775799,-0.796337285468004,-0.5440548423894218,-0.7468905355013203,0.47266670799242944,0.5249296691071724,-0.4674741945555846,-0.42198350535036266,-0.27438062259938295,-0.029566242988361767,False,False,False,False,False,False,False,False,False,True,True,False,False,False,True,True,False,False,False,False,False,True,True,False
15,0.560052649368396,-0.6703629842158335,0.6217846187556836,-0.4734392986027766,-0.8060194209114984,-0.3860167505248444,-0.7404312748342153,0.47266670799242944,0.5249296691071724,-0.4674741945555846,-0.5584200968749214,-0.27438062259938295,-0.46279383122060536,False,False,False,False,False,False,False,False,False,True,True,False,False,False,True,True,False,False,False,False,False,True,True,False
15,0.6216001019812771,-0.5806590576039711,0.6217846187556836,-0.3050095363279733,-0.6874132617287324,-0.372274307754004,-0.4712954137048482,0.47266670799242944,0.6172990796497573,-0.7739908354854502,-0.5584200968749214,-0.27438062259938295,-1.762476595917336,False,False,False,False,False,False,False,False,False,True,True,False,False,False,True,True,False,False,False,False,False,True,True,False
15,0.6831475545941581,-0.6021099965763718,0.6217846187556836,-0.13657977405316998,-0.6583668553982577,-0.4451092544394271,-0.47775467437195324,0.11039763648352328,0.6172990796497573,-0.7739908354854502,-0.5584200968749214,-0.27438062259938295,0.4036613452438818,False,False,False,False,False,False,False,False,False,True,True,False,False,False,True,True,False,False,False,False,False,True,True,False
15,0.7446950072070392,2.3297214635437054,0.6217846187556836,0.03184998822163333,-0.5276580269111215,2.41022679227049,2.340636063374782,-0.2518714350253829,0.6172990796497573,-0.7739908354854502,-0.5584200968749214,-0.27438062259938295,-0.46279383122060536,False,False,False,False,False,False,False,False,False,True,True,False,False,False,True,False,False,True,False,False,False,True,True,False
15,0.8062424598199202,2.3297214635437054,1.6232850352247616,-1.4840178722515964,2.4374959526580366,-0.3736485520310939,-1.1882733477534788,0.8349357795013356,-2.1306908839921417,-0.7739908354854502,-0.8312932799240341,-0.27438062259938295,-1.762476595917336,False,False,False,False,False,False,False,False,False,True,False,False,True,False,True,False,False,False,False,False,True,True,True,False
15,0.8677899124328012,-1.5449762686815032,1.6232850352247616,-1.3155881099767932,-2.246237068130812,-1.6613154396581824,-1.3239178217626772,1.1972048510102418,0.7096684901923421,-1.080507476415316,-0.8312932799240341,-0.27438062259938295,-1.762476595917336,False,False,False,False,False,False,False,False,False,True,False,False,True,False,True,True,False,False,False,False,False,True,False,True
15,0.9293373650456822,-1.172509964706158,1.6232850352247616,-1.1471583477019898,-1.7597097620953777,-1.2888952405685956,-0.6952164501644799,2.102877529782507,0.7096684901923421,-1.080507476415316,-0.9677298714485929,-0.27438062259938295,-1.762476595917336,False,False,False,False,False,False,False,False,False,True,False,False,True,False,True,True,False,False,False,False,False,True,True,False
15,0.9908848176585633,-0.8770720324953488,1.6232850352247616,-0.9787285854271865,-1.4813483680950095,-0.5426805981123416,-0.8071769683942958,2.102877529782507,2.00284023778853,-1.080507476415316,-0.9677298714485929,-0.27438062259938295,-0.8960214194528492,False,False,False,False,False,False,False,False,False,True,False,False,True,False,True,True,False,False,False,False,False,True,True,False
15,1.0524322702714441,-0.8502583587798427,1.6232850352247616,-0.8102988231523832,-1.6386830690517447,-0.4492319872706773,-0.6952164501644799,2.102877529782507,1.5409931850756058,-1.080507476415316,-1.104166462973147,-0.27438062259938295,0.4036613452438818,False,False,False,False,False,False,False,False,False,True,False,False,True,False,True,True,False,False,False,False,False,True,True,False
15,1.1139797228843253,-0.3729749666438944,1.6232850352247616,-0.6418690608775799,-0.6680489908417522,0.2516325940418343,-0.5488065417101011,2.102877529782507,2.118302000966761,-1.080507476415316,-1.104166462973147,-0.27438062259938295,-1.762476595917336,False,False,False,False,False,False,False,False,False,True,False,False,True,False,True,True,False,False,False,False,False,True,True,False
15,1.1755271754972063,-0.9648258737460814,1.6232850352247616,-0.4734392986027766,-0.8858970383203039,-1.0003039423810924,-1.007414049074545,0.8349357795013356,2.118302000966761,-1.080507476415316,-1.2406030544977056,-0.27438062259938295,-1.762476595917336,False,False,False,False,False,False,False,False,False,True,False,False,True,False,True,True,False,False,False,False,False,True,True,False
15,1.2370746281100873,-1.0423417668509014,1.6232850352247616,-0.3050095363279733,-1.2199307111207458,-1.1047465074394272,-0.8889942701776239,0.8349357795013356,0.6172990796497573,-1.3870241173451707,-1.2406030544977056,-0.27438062259938295,-1.762476595917336,False,False,False,False,False,False,False,False,False,True,False,False,True,False,True,True,False,False,False,False,False,True,True,False
15,1.2986220807229683,-0.9658009164266498,1.6232850352247616,-0.13657977405316998,-1.2441360497294776,-0.9096038200935982,-0.8351670979517536,0.8349357795013356,0.6172990796497573,-1.080507476415316,-1.2406030544977056,-0.27438062259938295,0.4036613452438818,False,False,False,False,False,False,False,False,False,True,False,False,True,False,True,True,False,False,False,False,False,True,True,False
15,1.3601695333358494,-0.9341120293083226,1.6232850352247616,0.03184998822163333,-1.1255298905467115,-0.9151007972019285,-0.792105360171048,0.8349357795013356,0.6172990796497573,-1.3870241173451707,-1.2406030544977056,-0.27438062259938295,-1.762476595917336,False,False,False,False,False,False,False,False,False,True,False,False,True,False,True,True,False,False,False,False,False,True,True,False
15,1.4217169859487304,-0.8453831453770285,1.6232850352247616,0.20027975049643665,-0.958513054146482,-0.7708051481081721,-0.7748806650587705,0.8349357795013356,0.6172990796497573,-1.3870241173451707,-1.3770396460222645,-0.27438062259938295,-0.8960214194528492,False,False,False,False,False,False,False,False,False,True,False,False,True,False,True,True,False,False,False,False,False,True,True,False
15,1.4832644385616114,-0.853183486821534,1.6232850352247616,0.3687095127712399,-0.9415693171203775,-0.8230264306373444,-0.7425843617232452,0.8349357795013356,0.7096684901923421,-1.3870241173451707,-1.3770396460222645,-0.27438062259938295,-1.762476595917336,False,False,False,False,False,False,False,False,False,True,False,False,True,False,True,True,False,False,False,False,False,True,True,False
15,1.5448118911744924,-0.7527540907234678,1.6232850352247616,0.5371392750460433,-0.9101023769290271,-0.6746080487123377,-0.5595719761552814,0.8349357795013356,0.6172990796497573,-1.3870241173451707,-1.5134762375468185,-0.27438062259938295,-0.46279383122060536,False,False,False,False,False,False,False,False,False,True,False,False,True,False,True,True,False,False,False,False,False,True,True,False
15,1.6063593437873733,-0.6191732434862355,1.6232850352247616,0.7055690373208465,-0.9052613092072841,-0.35715762070609314,-0.4712954137048482,0.8349357795013356,0.7096684901923421,-1.6935407582750364,-1.5134762375468185,-0.27438062259938295,-0.8960214194528492,False,False,False,False,False,False,False,False,False,True,False,False,True,False,True,True,False,False,False,False,False,True,True,False
15,1.6679067964002545,-0.4339151341791279,1.6232850352247616,0.8739987995956499,-0.72130073578095,0.03175350970849446,-0.42608058903511276,0.8349357795013356,0.7096684901923421,-1.6935407582750364,-1.5134762375468185,-0.27438062259938295,-0.029566242988361767,False,False,False,False,False,False,False,False,False,True,False,False,True,False,True,True,False,False,False,False,False,True,True,False
15,1.7294542490131355,0.2047378215901202,1.6232850352247616,1.0424285618704532,-0.6365820506504016,1.5915207641980853,-0.12464842457022036,1.1972048510102418,0.7096684901923421,-1.3870241173451707,-1.6499128290713772,-0.27438062259938295,0.4036613452438818,False,False,False,False,False,False,False,False,False,True,False,False,True,False,True,True,False,False,False,False,False,True,True,False
8,-1.6556556446953206,2.3297214635437054,-1.3812162141824724,-1.4840178722515964,-0.18152168480631803,2.41022679227049,1.632270476882286,-0.6141405065342891,-2.1306908839921417,1.6781422919534423,1.7610019590425439,2.430961030132826,-0.029566242988361767,False,False,False,False,False,True,False,False,False,False,True,False,False,False,True,False,True,False,False,False,False,True,True,False
8,-1.5941081920824396,1.128590761424258,-1.3812162141824724,-1.3155881099767932,2.4205522156319494,1.7468103675085023,0.9928036708389084,-0.6141405065342891,0.4325602585645876,1.6781422919534423,1.62456536751799,2.430961030132826,-1.762476595917336,False,False,False,False,False,True,False,False,False,False,True,False,False,False,True,False,False,False,True,False,False,True,False,True
8,-1.5325607394695586,1.3513880139330685,-1.3812162141824724,-1.1471583477019898,0.9706524329691414,2.41022679227049,1.8583446002309554,1.5594739225191478,-0.6758726679464305,1.6781422919534423,1.7610019590425439,2.430961030132826,0.4036613452438818,False,False,False,False,False,True,False,False,False,False,True,False,False,False,True,True,False,False,False,False,False,True,True,False
8,-1.4710132868566774,0.7639247988934185,-1.3812162141824724,-0.9787285854271865,0.8108971981515305,1.3207946416126728,1.4815543946498397,0.8349357795013356,0.15545202693683305,1.3716256510235767,1.62456536751799,2.430961030132826,1.2701165217083694,False,False,False,False,False,True,False,False,False,False,True,False,False,False,True,True,False,False,False,False,False,True,False,True
8,-1.4094658342437965,1.040349398833241,-1.3812162141824724,-0.8102988231523832,0.8447846722037481,2.0450213756355957,1.5375346537647476,-0.6141405065342891,1.1715155429052664,1.3716256510235767,1.4881287759934312,2.430961030132826,1.7033441099406126,False,False,False,False,False,True,False,False,False,False,True,False,False,False,True,True,False,False,False,False,False,True,True,False
8,-1.3479183816309155,0.9355323106726379,-1.3812162141824724,-0.6418690608775799,1.4596002728654511,1.6561102452210081,1.1370604924042496,-0.9764095780431952,-0.21402561523350636,1.065109010093722,1.4881287759934312,2.430961030132826,0.4036613452438818,False,False,False,False,False,True,False,False,False,False,True,False,False,False,True,True,False,False,False,False,False,True,True,False
8,-1.2863709290180345,1.1310283681256652,-1.3812162141824724,-0.4734392986027766,1.7307000652831923,1.8911060166022589,1.3911247453103768,-0.6141405065342891,-0.21402561523350636,1.065109010093722,1.3516921844688725,-0.27438062259938295,0.4036613452438818,False,False,False,False,False,True,False,False,False,False,True,False,False,False,True,True,False,False,False,False,False,True,True,False
8,-1.2248234764051535,1.0125606824371736,-1.3812162141824724,-0.3050095363279733,1.5540010934394768,1.6561102452210081,1.3932778321994066,-0.6141405065342891,0.15545202693683305,1.065109010093722,1.3516921844688725,-0.27438062259938295,1.7033441099406126,False,False,False,False,False,True,False,False,False,False,True,False,False,False,True,True,False,False,False,False,False,True,True,False
8,-1.1632760237922724,1.0101230757357664,-1.3812162141824724,-0.13657977405316998,1.7936339456658932,1.5283055274522523,1.369593876420024,-0.6141405065342891,-0.21402561523350636,1.3716256510235767,1.2152555929443185,-0.27438062259938295,0.4036613452438818,False,False,False,False,False,True,False,False,False,False,True,False,False,False,True,True,False,False,False,False,False,True,True,False
8,-1.1017285711793914,1.2251199868000646,-1.3812162141824724,0.03184998822163333,2.1034622798576117,1.8649953753376776,1.5160037848744026,-0.6141405065342891,0.06308261639424818,1.065109010093722,1.2152555929443185,-0.27438062259938295,1.2701165217083694,False,False,False,False,False,True,False,False,False,False,True,False,False,False,True,True,False,False,False,False,False,True,True,False
8,-1.0401811185665104,1.386002029093087,-1.3812162141824724,0.20027975049643665,2.212386303596892,1.8883575280480887,2.0930310711357674,-0.9764095780431952,0.24782143747941787,1.3716256510235767,0.9423824098952058,-0.27438062259938295,0.4036613452438818,False,False,False,False,False,True,False,False,False,False,True,False,False,False,True,True,False,False,False,False,False,True,True,False
8,-0.9786336659536293,1.0427870055346482,-1.3812162141824724,0.3687095127712399,1.8517267583268426,1.5296797717293422,1.4600235257594947,-0.9764095780431952,-0.1216562046909215,1.065109010093722,0.9423824098952058,-0.27438062259938295,1.7033441099406126,False,False,False,False,False,True,False,False,False,False,True,False,False,False,True,True,False,False,False,False,False,True,True,False
8,-0.9170862133407484,1.1934310996817443,-1.3812162141824724,0.5371392750460433,1.8807731646573174,1.8842347952168386,1.5439939144318529,-0.9764095780431952,-0.39876443631867603,1.065109010093722,0.805945818370647,-0.27438062259938295,1.2701165217083694,False,False,False,False,False,True,False,False,False,False,True,False,False,False,True,True,False,False,False,False,False,True,True,False
8,-0.8555387607278674,1.234870413605707,-1.3812162141824724,0.7055690373208465,2.3939263431623417,1.9158424135897598,1.2210308810766153,-0.9764095780431952,-0.4911338468612609,1.065109010093722,0.805945818370647,-0.27438062259938295,1.2701165217083694,False,False,False,False,False,True,False,False,False,False,True,False,False,False,True,True,False,False,False,False,False,True,True,False
8,-0.7939913081149863,2.3297214635437054,-1.3812162141824724,0.8739987995956499,2.430234351075435,2.185194291898092,2.340636063374782,-0.2518714350253829,-0.1216562046909215,1.065109010093722,0.805945818370647,-0.27438062259938295,0.4036613452438818,False,False,False,False,False,True,False,False,False,False,True,False,False,False,True,True,False,False,False,False,False,True,True,False
8,-0.7324438555021053,2.3297214635437054,-0.3797157977133944,-1.4840178722515964,2.4374959526580366,0.1609324717543303,-0.41746824147897016,-0.9764095780431952,-2.1306908839921417,0.7585923691638562,0.6695092268460883,-0.27438062259938295,1.2701165217083694,False,False,False,False,False,True,False,False,False,False,True,False,False,False,True,True,False,False,False,False,False,True,True,False
8,-0.6708964028892243,-0.43245257015828226,-0.3797157977133944,-1.3155881099767932,0.18881999590722587,-0.4739683842581784,-0.43684602348028534,-0.6141405065342891,-0.5835032574038457,0.7585923691638562,0.5330726353215343,-0.27438062259938295,0.4036613452438818,False,False,False,False,False,True,False,False,False,False,True,False,False,False,True,True,False,False,False,False,False,True,False,True
8,-0.6093489502763433,-0.4543910304709671,-0.3797157977133944,-1.1471583477019898,-0.2420350313281346,-0.39151372763317477,-0.2796706805807341,-0.9764095780431952,-0.3063950257760912,0.45207572823399056,0.5330726353215343,-0.27438062259938295,-0.46279383122060536,False,False,False,False,False,True,False,False,False,False,True,False,False,False,True,True,False,False,False,False,False,True,False,True
8,-0.5478014976634622,-0.19649224146186076,-0.3797157977133944,-0.9787285854271865,0.07021383672445988,0.0331277539855746,-0.0837397736785601,-0.9764095780431952,-0.21402561523350636,0.45207572823399056,0.5330726353215343,-2.979722275331592,0.4036613452438818,False,False,False,False,False,True,False,False,False,False,True,False,False,False,True,True,False,False,False,False,False,True,True,False
8,-0.48625404505058123,-0.05998626618293719,-0.3797157977133944,-0.8102988231523832,0.5930491506729788,0.1568097389230801,-0.13972003279346804,-0.9764095780431952,-0.39876443631867603,0.45207572823399056,0.3966360437969755,-0.27438062259938295,-0.46279383122060536,False,False,False,False,False,True,False,False,False,False,True,False,False,False,True,True,False,False,False,False,False,True,True,False
8,-0.4247065924377002,-0.05852370216209153,-0.3797157977133944,-0.6418690608775799,0.5519000750381425,-0.0026025972185871457,0.1530997841152894,-0.6141405065342891,-0.21402561523350636,0.45207572823399056,0.2601994522724216,-0.27438062259938295,0.4036613452438818,False,False,False,False,False,True,False,False,False,False,True,False,False,False,True,True,False,False,False,False,False,True,True,False
8,-0.3631591398248192,-0.14286489403085556,-0.3797157977133944,-0.4734392986027766,0.32436989211609635,-0.003976841495667285,-0.014840993229442058,-0.6141405065342891,-0.21402561523350636,0.1455590873041358,0.12376286074786279,-0.27438062259938295,-0.46279383122060536,False,False,False,False,False,True,False,False,False,False,True,False,False,False,True,True,False,False,False,False,False,True,True,False
8,-0.30161168721193815,-0.08728746123872051,-0.3797157977133944,-0.3050095363279733,0.46476085604671835,-0.07131481107276012,0.21123313011922726,-0.6141405065342891,-0.3063950257760912,-0.16095755362572983,-0.012673730776696004,-0.27438062259938295,-0.46279383122060536,False,False,False,False,False,True,False,False,False,False,True,False,False,False,True,True,False,False,False,False,False,True,True,False
8,-0.24006423459905715,-0.1262891684612691,-0.3797157977133944,-0.13657977405316998,0.3630984338900655,-0.0740632996269204,0.13372200211397423,-0.6141405065342891,0.06308261639424818,-0.16095755362572983,-0.012673730776696004,-0.27438062259938295,1.2701165217083694,False,False,False,False,False,True,False,False,False,False,True,False,False,False,True,True,False,False,False,False,False,True,True,False
8,-0.17851678198617613,0.13160962054783723,-0.3797157977133944,0.03184998822163333,0.605151819977349,0.4797571440376648,0.18970226122888217,0.11039763648352328,-0.029286794148336657,-0.16095755362572983,-0.012673730776696004,-0.27438062259938295,0.4036613452438818,False,False,False,False,False,True,False,False,False,False,True,False,False,False,True,True,False,False,False,False,False,True,True,False
8,-0.11696932937329511,0.19254978808307074,-0.3797157977133944,0.20027975049643665,0.6850294373861459,0.45364650277308355,0.42869490591176157,-0.2518714350253829,-0.029286794148336657,-0.16095755362572983,-0.012673730776696004,-0.27438062259938295,0.4036613452438818,False,False,False,False,False,True,False,False,False,False,True,False,False,False,True,True,False,False,False,False,False,True,True,False
8,-0.05542187676041409,0.04483082197766608,-0.3797157977133944,0.3687095127712399,0.6632446326382898,0.22827044133141336,0.14879361033721425,-0.6141405065342891,-0.1216562046909215,0.1455590873041358,-0.012673730776696004,-0.27438062259938295,0.4036613452438818,False,False,False,False,False,True,False,False,False,False,True,False,False,False,True,True,False,False,False,False,False,True,True,False
8,0.006125575852466929,0.053606206102740035,-0.3797157977133944,0.5371392750460433,0.6850294373861459,0.2351416627168336,0.15740595789335687,-0.9764095780431952,-0.3063950257760912,-0.16095755362572983,-0.012673730776696004,-0.27438062259938295,1.2701165217083694,False,False,False,False,False,True,False,False,False,False,True,False,False,False,True,True,False,False,False,False,False,True,True,False
8,0.06767302846534795,1.3518755352733527,-0.3797157977133944,0.7055690373208465,0.6705062342209085,0.46326621271266405,2.340636063374782,-0.2518714350253829,-0.1216562046909215,-0.4674741945555846,-0.2855469138258087,-0.27438062259938295,0.4036613452438818,False,False,False,False,False,True,False,False,False,False,True,False,False,False,True,True,False,False,False,False,False,True,True,False
8,0.12922048107822898,2.3297214635437054,0.6217846187556836,-1.4840178722515964,2.4374959526580366,0.8508030988501715,0.14018126278107929,-0.2518714350253829,-2.1306908839921417,-0.16095755362572983,-0.14911032230124993,-0.27438062259938295,0.4036613452438818,False,False,False,False,False,True,False,False,False,False,False,False,True,False,True,True,False,False,False,False,False,True,True,False
8,0.19076793369110998,-0.29887172292104996,0.6217846187556836,-1.3155881099767932,-0.2129886249976599,0.28049172386057586,-0.6715324943850972,0.11039763648352328,-0.39876443631867603,-0.16095755362572983,-0.42198350535036266,-0.27438062259938295,0.4036613452438818,False,False,False,False,False,True,False,False,False,False,False,False,True,False,True,True,False,False,False,False,False,True,True,False
8,0.25231538630399103,-0.7615294748485417,0.6217846187556836,-1.1471583477019898,-1.1085861535205985,-0.50282751407692,-0.6909102763864124,-0.2518714350253829,-0.1216562046909215,-0.16095755362572983,-0.42198350535036266,-0.27438062259938295,0.4036613452438818,False,False,False,False,False,True,False,False,False,False,False,False,True,False,True,True,False,False,False,False,False,True,False,True
8,0.313862838916872,-1.028203647982729,0.6217846187556836,-0.9787285854271865,-0.8979997076246654,-1.3356195459894276,-0.7511967092793879,-0.6141405065342891,-0.39876443631867603,-0.16095755362572983,-0.42198350535036266,-0.27438062259938295,-0.029566242988361767,False,False,False,False,False,True,False,False,False,False,False,False,True,False,True,True,False,False,False,False,False,True,False,True
8,0.375410291529753,-0.8180819503212382,0.6217846187556836,-0.8102988231523832,-0.6946748633113511,-0.8656280032269263,-0.7404312748342153,-0.2518714350253829,-0.3063950257760912,-0.4674741945555846,-0.42198350535036266,-0.27438062259938295,-0.029566242988361767,False,False,False,False,False,True,False,False,False,False,False,False,True,False,True,True,False,False,False,False,False,True,True,False
8,0.43695774414263405,-0.8512334014604112,0.6217846187556836,-0.6418690608775799,-0.6341615167895259,-0.9522053926831802,-0.8050238815052582,-0.2518714350253829,-0.029286794148336657,-0.16095755362572983,-0.42198350535036266,-0.27438062259938295,-0.46279383122060536,False,False,False,False,False,True,False,False,False,False,False,False,True,False,True,True,False,False,False,False,False,True,True,False
8,0.4985051967555151,-0.7079021274175366,0.6217846187556836,-0.4734392986027766,-0.4768268158327994,-0.8491370719019256,-0.47344850059387805,-0.9764095780431952,-0.21402561523350636,-0.4674741945555846,-0.42198350535036266,-0.27438062259938295,-0.46279383122060536,False,False,False,False,False,True,False,False,False,False,False,False,True,False,True,True,False,False,False,False,False,True,True,False
8,0.560052649368396,-0.5889469203887608,0.6217846187556836,-0.3050095363279733,-0.4259956047544687,-0.5138214682935903,-0.5186633252636135,-0.6141405065342891,-0.21402561523350636,-0.4674741945555846,-0.5584200968749214,-0.27438062259938295,-0.46279383122060536,False,False,False,False,False,True,False,False,False,False,False,False,True,False,True,True,False,False,False,False,False,True,True,False
8,0.6216001019812771,-0.4402529116027947,0.6217846187556836,-0.13657977405316998,-0.2977073101282082,-0.30218784962276063,-0.30766081013819185,-0.6141405065342891,-0.3063950257760912,-0.7739908354854502,-0.5584200968749214,-0.27438062259938295,-1.762476595917336,False,False,False,False,False,True,False,False,False,False,False,False,True,False,True,True,False,False,False,False,False,True,True,False
8,0.6831475545941581,-0.3017968509627413,0.6217846187556836,0.03184998822163333,-0.3412769196239203,-0.222481681551927,0.21769239078633232,-0.6141405065342891,-0.21402561523350636,-0.7739908354854502,-0.5584200968749214,-0.27438062259938295,0.4036613452438818,False,False,False,False,False,True,False,False,False,False,False,False,True,False,True,True,False,False,False,False,False,True,True,False
8,0.7446950072070392,2.3297214635437054,0.6217846187556836,0.20027975049643665,-0.033869119293077336,2.41022679227049,2.340636063374782,-0.2518714350253829,-0.21402561523350636,-0.7739908354854502,-0.5584200968749214,-0.27438062259938295,-0.46279383122060536,False,False,False,False,False,True,False,False,False,False,False,False,True,False,True,False,False,True,False,False,False,True,True,False
8,0.8062424598199202,2.3297214635437054,1.6232850352247616,-1.4840178722515964,2.4374959526580366,-0.9522053926831802,-1.0332510917429651,0.11039763648352328,-2.1306908839921417,-0.7739908354854502,-0.8312932799240341,-0.27438062259938295,-1.762476595917336,False,False,False,False,False,True,False,False,False,False,False,False,True,False,True,False,False,False,False,False,True,True,True,False
8,0.8677899124328012,-1.3333920069991736,1.6232850352247616,-1.3155881099767932,-1.653206272216982,-1.3342453017123475,-1.4294190793253958,0.11039763648352328,-0.1216562046909215,-1.080507476415316,-0.8312932799240341,-0.27438062259938295,-1.762476595917336,False,False,False,False,False,True,False,False,False,False,False,False,True,False,True,True,False,False,False,False,False,True,False,True
8,0.9293373650456822,-1.103769455726419,1.6232850352247616,-1.1471583477019898,-1.614477730443013,-0.9659478354540109,-1.02679183107586,0.11039763648352328,-0.029286794148336657,-1.080507476415316,-0.9677298714485929,-0.27438062259938295,-1.762476595917336,False,False,False,False,False,True,False,False,False,False,False,False,True,False,True,True,False,False,False,False,False,True,True,False
8,0.9908848176585633,-1.2763520101861998,1.6232850352247616,-0.9787285854271865,-1.5975339934168997,-1.4221969354456816,-1.089231350857873,0.11039763648352328,-0.029286794148336657,-1.080507476415316,-0.9677298714485929,-0.27438062259938295,-0.8960214194528492,False,False,False,False,False,True,False,False,False,False,False,False,True,False,True,True,False,False,False,False,False,True,True,False
8,1.0524322702714441,-1.0140655291145497,1.6232850352247616,-0.8102988231523832,-1.0577549424422676,-1.121237438764428,-0.8825350095105189,0.11039763648352328,-0.21402561523350636,-1.080507476415316,-1.104166462973147,-0.27438062259938295,0.4036613452438818,False,False,False,False,False,True,False,False,False,False,False,False,True,False,True,True,False,False,False,False,False,True,True,False
8,1.1139797228843253,-0.7883431485640477,1.6232850352247616,-0.6418690608775799,-0.9052613092072841,-0.7570627053373414,-0.591868279490799,-0.2518714350253829,0.06308261639424818,-1.080507476415316,-1.2406030544977056,-0.27438062259938295,-0.8960214194528492,False,False,False,False,False,True,False,False,False,False,False,False,True,False,True,True,False,False,False,False,False,True,True,False
8,1.1755271754972063,-0.76884229495277,1.6232850352247616,-0.4734392986027766,-0.9464103848421204,-0.6100185676894248,-0.6995226239425474,-0.2518714350253829,0.06308261639424818,-1.080507476415316,-1.2406030544977056,-0.27438062259938295,-1.762476595917336,False,False,False,False,False,True,False,False,False,False,False,False,True,False,True,True,False,False,False,False,False,True,True,False
8,1.2370746281100873,-0.7795677644389738,1.6232850352247616,-0.3050095363279733,-0.8737943690159337,-0.6910989800373385,-0.6844510157193073,-0.2518714350253829,-0.21402561523350636,-1.3870241173451707,-1.2406030544977056,-0.27438062259938295,-1.762476595917336,False,False,False,False,False,True,False,False,False,False,False,False,True,False,True,True,False,False,False,False,False,True,True,False
8,1.2986220807229683,-0.7152149475217648,1.6232850352247616,-0.13657977405316998,-0.8302247595202216,-0.5069502469081701,-0.7275127535000052,0.11039763648352328,-0.1216562046909215,-1.080507476415316,-1.2406030544977056,-0.27438062259938295,0.4036613452438818,False,False,False,False,False,True,False,False,False,False,False,False,True,False,True,True,False,False,False,False,False,True,True,False
8,1.3601695333358494,-0.4344026555194121,1.6232850352247616,0.03184998822163333,-0.2347734297455159,-0.593527636364424,0.11865039389072655,2.102877529782507,0.06308261639424818,-1.3870241173451707,-1.2406030544977056,-0.27438062259938295,-1.762476595917336,False,False,False,False,False,True,False,False,False,False,False,False,True,False,True,True,False,False,False,False,False,True,True,False
8,1.4217169859487304,-0.5114310272839478,1.6232850352247616,0.20027975049643665,-0.1355315414497302,-0.4959562926915095,-0.4626830661487055,-0.2518714350253829,1.0791461323626814,-1.3870241173451707,-1.3770396460222645,-0.27438062259938295,-0.8960214194528492,False,False,False,False,False,True,False,False,False,False,False,False,True,False,True,True,False,False,False,False,False,True,True,False
8,1.4832644385616114,-0.6060101672986314,1.6232850352247616,0.3687095127712399,-0.35095905506741476,-0.6677368273269273,-0.4196213283680077,-0.2518714350253829,-0.4911338468612609,-1.3870241173451707,-1.3770396460222645,-0.27438062259938295,-1.762476595917336,False,False,False,False,False,True,False,False,False,False,False,False,True,False,True,True,False,False,False,False,False,True,True,False
8,1.5448118911744924,-0.5967472618332733,1.6232850352247616,0.5371392750460433,-0.23235289588464017,-0.6484974074477565,-0.514357151485546,0.11039763648352328,-0.029286794148336657,-1.3870241173451707,-1.5134762375468185,-0.27438062259938295,-0.46279383122060536,False,False,False,False,False,True,False,False,False,False,False,False,True,False,True,True,False,False,False,False,False,True,True,False
8,1.6063593437873733,0.21692585509716275,1.6232850352247616,0.7055690373208465,-0.35822065665003344,-0.5344351324498413,2.340636063374782,2.102877529782507,-0.029286794148336657,-1.3870241173451707,-1.5134762375468185,-0.27438062259938295,-1.762476595917336,False,False,False,False,False,True,False,False,False,False,False,False,True,False,True,True,False,False,False,False,False,True,True,False
8,1.6679067964002545,-0.37053735994248727,1.6232850352247616,0.8739987995956499,-0.13069047372798728,-0.15514371197484392,-0.3787126774763398,-0.2518714350253829,1.2638849534478511,-1.6935407582750364,-1.5134762375468185,-0.27438062259938295,-0.029566242988361767,False,False,False,False,False,True,False,False,False,False,False,False,True,False,True,True,False,False,False,False,False,True,True,False
8,1.7294542490131355,-0.20819275362862605,1.6232850352247616,1.0424285618704532,0.5155920671250491,-0.2774514526352595,-0.04498420967592977,0.11039763648352328,0.06308261639424818,-1.3870241173451707,-1.6499128290713772,-0.27438062259938295,0.4036613452438818,False,False,False,False,False,True,False,False,False,False,False,False,True,False,True,True,False,False,False,False,False,True,True,False
3,-1.6556556446953206,2.3297214635437054,-1.3812162141824724,-1.4840178722515964,-0.18152168480631803,2.41022679227049,1.9250902937910357,0.11039763648352328,-2.1306908839921417,1.6781422919534423,1.7610019590425439,2.430961030132826,-0.029566242988361767,False,True,False,False,False,False,False,False,False,False,False,False,True,False,True,False,True,False,False,False,False,True,True,False
3,-1.5941081920824396,1.0154858104788649,-1.3812162141824724,-1.3155881099767932,1.7331205991440766,1.676723909377259,1.2145716204095103,-0.2518714350253829,-2.1306908839921417,1.6781422919534423,1.62456536751799,2.430961030132826,-1.762476595917336,False,True,False,False,False,False,False,False,False,False,False,False,True,False,True,False,False,False,True,False,False,True,False,True
3,-1.5325607394695586,0.8326653078731645,-1.3812162141824724,-1.1471583477019898,0.8254204013167679,1.764675543110593,1.0767740595112743,-0.6141405065342891,-0.9529808995741851,1.6781422919534423,1.7610019590425439,2.430961030132826,0.4036613452438818,False,True,False,False,False,False,False,False,False,False,False,False,True,False,True,True,False,False,False,False,False,True,False,True
3,-1.4710132868566774,0.5689162627806755,-1.3812162141824724,-0.9787285854271865,0.4623403221858512,1.1215292214355839,1.2425617499669603,0.47266670799242944,0.06308261639424818,1.3716256510235767,1.62456536751799,2.430961030132826,1.2701165217083694,False,True,False,False,False,False,False,False,False,False,False,False,True,False,True,True,False,False,False,False,False,True,False,True
3,-1.4094658342437965,0.6942092472331111,-1.3812162141824724,-0.8102988231523832,0.019382625646129154,1.4719615120918397,1.6408828244384286,0.8349357795013356,1.5409931850756058,1.3716256510235767,1.4881287759934312,2.430961030132826,1.7033441099406126,False,True,False,False,False,False,False,False,False,False,False,False,True,False,True,True,False,False,False,False,False,True,True,False
3,-1.3479183816309155,0.9355323106726379,-1.3812162141824724,-0.6418690608775799,0.3461546968639524,1.8787378181085082,1.7786803853366646,0.8349357795013356,1.7257320061607755,1.065109010093722,1.4881287759934312,2.430961030132826,0.4036613452438818,False,True,False,False,False,False,False,False,False,False,False,False,True,False,True,True,False,False,False,False,False,True,True,False
3,-1.2863709290180345,0.9555206856241929,-1.3812162141824724,-0.4734392986027766,0.22028693609856773,2.13572149792309,1.576290217767378,0.47266670799242944,1.5409931850756058,1.065109010093722,1.3516921844688725,-0.27438062259938295,0.4036613452438818,False,True,False,False,False,False,False,False,False,False,False,False,True,False,True,True,False,False,False,False,False,True,True,False
3,-1.2248234764051535,0.986722051402236,-1.3812162141824724,-0.3050095363279733,0.43813498357711944,1.965315207564762,1.7872927328927997,0.47266670799242944,1.6333625956181905,1.065109010093722,1.3516921844688725,-0.27438062259938295,1.7033441099406126,False,True,False,False,False,False,False,False,False,False,False,False,True,False,True,True,False,False,False,False,False,True,True,False
3,-1.1632760237922724,1.1539418711189116,-1.3812162141824724,-0.13657977405316998,0.9609702975256469,2.001045558768924,2.004754508685334,0.47266670799242944,1.4486237745330208,1.3716256510235767,1.2152555929443185,-0.27438062259938295,0.4036613452438818,False,True,False,False,False,False,False,False,False,False,False,False,True,False,True,True,False,False,False,False,False,True,True,False
3,-1.1017285711793914,1.199281355765127,-1.3812162141824724,0.03184998822163333,0.8714105446733557,2.3679687807501804,1.7097816048875467,-0.9764095780431952,1.6333625956181905,1.065109010093722,1.2152555929443185,-0.27438062259938295,1.2701165217083694,False,True,False,False,False,False,False,False,False,False,False,False,True,False,True,True,False,False,False,False,False,True,True,False
3,-1.0401811185665104,2.3297214635437054,-1.3812162141824724,0.20027975049643665,1.5782064320482172,2.2415383072585144,2.340636063374782,-0.2518714350253829,-0.21402561523350636,1.3716256510235767,0.9423824098952058,-0.27438062259938295,0.4036613452438818,False,True,False,False,False,False,False,False,False,False,False,False,True,False,True,True,False,False,False,False,False,True,True,False
3,-0.9786336659536293,2.3297214635437054,-0.3797157977133944,-1.4840178722515964,2.4374959526580366,0.5154874952418362,-0.210771900131616,-0.6141405065342891,-2.1306908839921417,1.065109010093722,0.9423824098952058,-0.27438062259938295,1.7033441099406126,False,True,False,False,False,False,False,False,False,False,True,False,False,False,True,True,False,False,False,False,False,True,True,False
3,-0.9170862133407484,-0.1375021592877502,-0.3797157977133944,-1.3155881099767932,0.1162039800810391,0.14444154042932955,-0.038524949008824715,-0.6141405065342891,0.06308261639424818,1.065109010093722,0.805945818370647,-0.27438062259938295,1.2701165217083694,False,True,False,False,False,False,False,False,False,False,True,False,False,False,True,True,False,False,False,False,False,True,False,True
3,-0.8555387607278674,-0.18381668661453401,-0.3797157977133944,-1.1471583477019898,-0.089541398093151,-0.0026025972185871457,0.170324479227567,-0.6141405065342891,-0.7682420784890154,1.065109010093722,0.805945818370647,-0.27438062259938295,1.2701165217083694,False,True,False,False,False,False,False,False,False,False,True,False,False,False,True,True,False,False,False,False,False,True,False,True
3,-0.7939913081149863,-0.16480335434354046,-0.3797157977133944,-0.9787285854271865,0.012121024063510477,0.05511566241891542,0.07343556922099116,-0.2518714350253829,-0.39876443631867603,1.065109010093722,0.805945818370647,-0.27438062259938295,0.4036613452438818,False,True,False,False,False,False,False,False,False,False,True,False,False,False,True,True,False,False,False,False,False,True,True,False
3,-0.7324438555021053,-0.0385353272105365,-0.3797157977133944,-0.8102988231523832,0.16219412343761833,0.19941131151266206,0.2715195630122103,-0.6141405065342891,-0.39876443631867603,0.7585923691638562,0.6695092268460883,-0.27438062259938295,1.2701165217083694,False,True,False,False,False,False,False,False,False,False,True,False,False,False,True,True,False,False,False,False,False,True,True,False
3,-0.6708964028892243,-0.1024006227874613,-0.3797157977133944,-0.6418690608775799,0.18881999590722587,0.0578641509730757,0.18754917433984458,-0.9764095780431952,-0.39876443631867603,0.7585923691638562,0.5330726353215343,-0.27438062259938295,0.4036613452438818,False,True,False,False,False,False,False,False,False,False,True,False,False,False,True,True,False,False,False,False,False,True,True,False
3,-0.6093489502763433,-0.07412438505110959,-0.3797157977133944,-0.4734392986027766,0.014541557924377637,0.3340872506668282,0.03468000521836082,-1.3386786495521015,-0.5835032574038457,0.7585923691638562,0.5330726353215343,-0.27438062259938295,0.4036613452438818,False,True,False,False,False,False,False,False,False,False,True,False,False,False,True,True,False,False,False,False,False,True,True,False
3,-0.5478014976634622,-0.06242387288434431,-0.3797157977133944,-0.3050095363279733,0.05327009969834678,0.23239317416266353,0.21123313011922726,-1.3386786495521015,-0.4911338468612609,0.45207572823399056,0.5330726353215343,-2.979722275331592,0.4036613452438818,False,True,False,False,False,False,False,False,False,False,True,False,False,False,True,True,False,False,False,False,False,True,True,False
3,-0.48625404505058123,-0.011721653495030434,-0.3797157977133944,-0.13657977405316998,0.05327009969834678,0.34095847205224844,0.26506030234510525,-1.3386786495521015,-0.39876443631867603,0.45207572823399056,0.3966360437969755,-0.27438062259938295,-0.46279383122060536,False,True,False,False,False,False,False,False,False,False,True,False,False,False,True,True,False,False,False,False,False,True,True,False
3,-0.4247065924377002,-0.011721653495030434,-0.3797157977133944,0.03184998822163333,0.21302533451594904,0.30935085367932713,0.17247756611659693,-1.3386786495521015,-0.5835032574038457,0.45207572823399056,0.2601994522724216,-0.27438062259938295,0.4036613452438818,False,True,False,False,False,False,False,False,False,False,True,False,False,False,True,True,False,False,False,False,False,True,True,False
3,-0.3631591398248192,0.043855779297104616,-0.3797157977133944,0.20027975049643665,0.36793950161180844,0.33546149494391814,0.23922325967668503,-1.3386786495521015,-0.39876443631867603,0.1455590873041358,0.12376286074786279,-0.27438062259938295,-0.46279383122060536,False,True,False,False,False,False,False,False,False,False,True,False,False,False,True,True,False,False,False,False,False,True,True,False
3,-0.30161168721193815,0.16378602900644174,-0.3797157977133944,0.3687095127712399,0.5252742025685435,0.5429723807834976,0.30381586634772795,-1.3386786495521015,-0.39876443631867603,-0.16095755362572983,-0.012673730776696004,-0.27438062259938295,-0.46279383122060536,False,True,False,False,False,False,False,False,False,False,True,False,False,False,True,True,False,False,False,False,False,True,True,False
3,-0.24006423459905715,0.292979184181137,-0.3797157977133944,0.5371392750460433,1.0335863133518337,0.5622118006626684,0.39209242879816114,-0.9764095780431952,-0.5835032574038457,-0.16095755362572983,-0.012673730776696004,-0.27438062259938295,1.2701165217083694,False,True,False,False,False,False,False,False,False,False,True,False,False,False,True,True,False,False,False,False,False,True,True,False
3,-0.17851678198617613,0.8550912895261267,-0.3797157977133944,0.7055690373208465,1.6484019140135195,1.4513478479355888,0.9346703248349706,-0.2518714350253829,-0.4911338468612609,-0.16095755362572983,-0.012673730776696004,-0.27438062259938295,0.4036613452438818,False,True,False,False,False,False,False,False,False,False,True,False,False,False,True,True,False,False,False,False,False,True,True,False
3,-0.11696932937329511,0.3724451626470799,-0.3797157977133944,0.8739987995956499,0.6729267680817842,0.8356864118022509,0.6353912472591081,-0.2518714350253829,-0.3063950257760912,-0.16095755362572983,-0.012673730776696004,-0.27438062259938295,0.4036613452438818,False,True,False,False,False,False,False,False,False,False,True,False,False,False,True,True,False,False,False,False,False,True,True,False
3,-0.05542187676041409,1.5127575775663684,-0.3797157977133944,1.0424285618704532,0.542217939594648,0.5567148235543283,2.340636063374782,-0.2518714350253829,-0.4911338468612609,0.1455590873041358,-0.012673730776696004,-0.27438062259938295,0.4036613452438818,False,True,False,False,False,False,False,False,False,False,True,False,False,False,True,True,False,False,False,False,False,True,True,False
3,0.006125575852466929,2.3297214635437054,0.6217846187556836,-1.4840178722515964,2.4374959526580366,-0.13590429209567315,-0.7748806650587705,-1.3386786495521015,-2.1306908839921417,-0.16095755362572983,-0.012673730776696004,-0.27438062259938295,1.2701165217083694,False,True,False,False,False,False,False,False,False,False,True,False,False,False,True,True,False,False,False,False,False,True,True,False
3,0.06767302846534795,-0.5289817955340957,0.6217846187556836,-1.3155881099767932,-0.35095905506741476,-0.4464834987165073,-0.42608058903511276,-0.6141405065342891,-0.8606114890316002,-0.4674741945555846,-0.2855469138258087,-0.27438062259938295,0.4036613452438818,False,True,False,False,False,False,False,False,False,False,True,False,False,False,True,True,False,False,False,False,False,True,False,True
3,0.12922048107822898,-0.7298405877302214,0.6217846187556836,-1.1471583477019898,-0.5663865686850906,-0.6581171173873468,-0.7899522732820181,-0.6141405065342891,-0.1216562046909215,-0.16095755362572983,-0.2855469138258087,-0.27438062259938295,0.4036613452438818,False,True,False,False,False,False,False,False,False,False,True,False,False,False,True,True,False,False,False,False,False,True,False,True
3,0.19076793369110998,-0.6323363196738464,0.6217846187556836,-0.9787285854271865,-0.7116186003374556,-0.38464250624775453,-0.6586139730508871,0.11039763648352328,-0.21402561523350636,-0.16095755362572983,-0.42198350535036266,-0.27438062259938295,0.4036613452438818,False,True,False,False,False,False,False,False,False,False,True,False,False,False,True,True,False,False,False,False,False,True,True,False
3,0.25231538630399103,-0.6357489690558219,0.6217846187556836,-0.8102988231523832,-0.7309828712244445,-0.4272440788373365,-0.5897151926017691,0.11039763648352328,-0.3063950257760912,-0.16095755362572983,-0.42198350535036266,-0.27438062259938295,0.4036613452438818,False,True,False,False,False,False,False,False,False,False,True,False,False,False,True,True,False,False,False,False,False,True,True,False
3,0.313862838916872,-0.6206358075070811,0.6217846187556836,-0.6418690608775799,-0.7382444728070632,-0.4877108270290091,-0.4217744152570453,-0.2518714350253829,-0.1216562046909215,-0.16095755362572983,-0.42198350535036266,-0.27438062259938295,-0.029566242988361767,False,True,False,False,False,False,False,False,False,False,True,False,False,False,True,True,False,False,False,False,False,True,True,False
3,0.375410291529753,-0.4582912011932199,0.6217846187556836,-0.4734392986027766,-0.4695652142501807,-0.2582120327560887,-0.30335463636012433,-0.2518714350253829,-0.5835032574038457,-0.4674741945555846,-0.42198350535036266,-0.27438062259938295,-0.029566242988361767,False,True,False,False,False,False,False,False,False,False,True,False,False,False,True,True,False,False,False,False,False,True,True,False
3,0.43695774414263405,-0.5280067528535274,0.6217846187556836,-0.3050095363279733,-0.4138929354501071,-0.5055760026310899,-0.273211419913629,-0.2518714350253829,-0.4911338468612609,-0.16095755362572983,-0.42198350535036266,-0.27438062259938295,-0.46279383122060536,False,True,False,False,False,False,False,False,False,False,True,False,False,False,True,True,False,False,False,False,False,True,True,False
3,0.4985051967555151,-0.4875424816101331,0.6217846187556836,-0.13657977405316998,-0.3751643936761379,-0.40250768184984514,-0.29043611502591427,-0.6141405065342891,-0.4911338468612609,-0.4674741945555846,-0.42198350535036266,-0.27438062259938295,-0.029566242988361767,False,True,False,False,False,False,False,False,False,False,True,False,False,False,True,True,False,False,False,False,False,True,True,False
3,0.560052649368396,-0.38175035076896835,0.6217846187556836,0.03184998822163333,-0.04597178859743893,-0.2458438342623382,-0.3614879823640622,-0.6141405065342891,-0.21402561523350636,-0.4674741945555846,-0.5584200968749214,-0.27438062259938295,-0.46279383122060536,False,True,False,False,False,False,False,False,False,False,True,False,False,False,True,True,False,False,False,False,False,True,True,False
3,0.6216001019812771,-0.40320128974136904,0.6217846187556836,0.20027975049643665,-0.15731634619758625,-0.28432267402066996,-0.2968953756930193,-0.6141405065342891,-0.21402561523350636,-0.7739908354854502,-0.5584200968749214,-0.27438062259938295,-1.762476595917336,False,True,False,False,False,False,False,False,False,False,True,False,False,False,True,True,False,False,False,False,False,True,True,False
3,0.6831475545941581,-0.3271479606574017,0.6217846187556836,0.3687095127712399,-0.2662403699368664,-0.14689824631234355,-0.07943359990048497,-0.9764095780431952,-0.39876443631867603,-0.7739908354854502,-0.5584200968749214,-0.27438062259938295,0.4036613452438818,False,True,False,False,False,False,False,False,False,False,True,False,False,False,True,True,False,False,False,False,False,True,True,False
3,0.7446950072070392,2.3297214635437054,0.6217846187556836,0.5371392750460433,-0.17910115094544227,2.41022679227049,2.340636063374782,-2.244351328324367,-0.39876443631867603,-0.7739908354854502,-0.5584200968749214,-0.27438062259938295,-0.46279383122060536,False,True,False,False,False,False,False,False,False,False,True,False,False,False,True,False,False,True,False,False,False,True,True,False
3,0.8062424598199202,2.3297214635437054,0.6217846187556836,0.7055690373208465,2.4374959526580366,2.41022679227049,-0.4303867628131803,-0.6141405065342891,-2.1306908839921417,-0.7739908354854502,-0.8312932799240341,-0.27438062259938295,-1.762476595917336,False,True,False,False,False,False,False,False,False,False,True,False,False,False,True,False,False,False,False,False,True,True,True,False
3,0.8677899124328012,0.32515559263974153,0.6217846187556836,0.8739987995956499,1.8856142323790517,0.5251072051814167,-0.16555707546188828,-0.6141405065342891,0.24782143747941787,-1.080507476415316,-0.8312932799240341,-0.27438062259938295,-1.762476595917336,False,True,False,False,False,False,False,False,False,False,True,False,False,False,True,True,False,False,False,False,False,True,True,False
3,0.9293373650456822,0.47336208008543035,0.6217846187556836,1.0424285618704532,1.46686187444807,0.8480546102960015,0.3554899516845684,-0.2518714350253829,-0.029286794148336657,-1.080507476415316,-0.8312932799240341,-0.27438062259938295,1.2701165217083694,False,True,False,False,False,False,False,False,False,False,True,False,False,False,True,True,False,False,False,False,False,True,True,False
3,0.9908848176585633,0.1862120106594039,0.6217846187556836,1.2108583241452564,0.8714105446733557,0.5484693578918279,0.08635409055520127,-0.2518714350253829,-0.3063950257760912,-1.080507476415316,-0.9677298714485929,-0.27438062259938295,-0.8960214194528492,False,True,False,False,False,False,False,False,False,False,True,False,False,False,True,True,False,False,False,False,False,True,True,False
3,1.0524322702714441,-0.15456540619762085,0.6217846187556836,1.3792880864200598,0.14767092027238957,0.0826005479605768,-0.04498420967592977,-0.6141405065342891,-0.7682420784890154,-1.080507476415316,-1.104166462973147,-0.27438062259938295,0.4036613452438818,False,True,False,False,False,False,False,False,False,False,True,False,False,False,True,True,False,False,False,False,False,True,True,False
3,1.1139797228843253,-0.1633407903226948,0.6217846187556836,1.547717848694863,0.33163149369871503,-0.031461727037338426,-0.06866816545531243,-0.6141405065342891,-0.5835032574038457,-1.080507476415316,-1.104166462973147,-0.27438062259938295,-1.762476595917336,False,True,False,False,False,False,False,False,False,False,True,False,False,False,True,True,False,False,False,False,False,True,True,False
3,1.1755271754972063,-0.13896472330859586,0.6217846187556836,1.7161476109696665,0.26627707945515555,0.14031880759807935,-0.1720163361289933,-0.6141405065342891,-0.3063950257760912,-1.080507476415316,-1.2406030544977056,-0.27438062259938295,-1.762476595917336,False,True,False,False,False,False,False,False,False,False,True,False,False,False,True,True,False,False,False,False,False,True,True,False
3,1.2370746281100873,0.6020677139198415,0.6217846187556836,1.8845773732444697,2.4374959526580366,0.703758961202245,0.07989482988809621,-0.6141405065342891,0.06308261639424818,-1.3870241173451707,-1.2406030544977056,-0.27438062259938295,-1.762476595917336,False,True,False,False,False,False,False,False,False,False,True,False,False,False,True,True,False,False,False,False,False,True,True,False
3,1.2986220807229683,-0.10776335753055975,0.6217846187556836,2.053007135519273,0.21302533451594904,0.11420816633349813,0.05405778721967599,-0.6141405065342891,0.15545202693683305,-1.080507476415316,-1.2406030544977056,-0.27438062259938295,0.4036613452438818,False,True,False,False,False,False,False,False,False,False,True,False,False,False,True,True,False,False,False,False,False,True,True,False
3,1.3601695333358494,-0.05706113814124587,0.6217846187556836,2.221436897794076,0.27111814717689847,0.21452799856058266,0.06912939544292367,-0.6141405065342891,-0.39876443631867603,-1.3870241173451707,-1.2406030544977056,-0.27438062259938295,-1.762476595917336,False,True,False,False,False,False,False,False,False,False,True,False,False,False,True,True,False,False,False,False,False,True,True,False
3,1.4217169859487304,0.618643439489421,0.6217846187556836,2.3898666600688796,2.4374959526580366,0.5580890678314182,0.4502257748021067,-0.2518714350253829,0.24782143747941787,-1.3870241173451707,-1.3770396460222645,-0.27438062259938295,-0.8960214194528492,False,True,False,False,False,False,False,False,False,False,True,False,False,False,True,True,False,False,False,False,False,True,True,False
3,1.4832644385616114,0.547952845148552,0.6217846187556836,2.558296422343683,0.1863994620463501,1.5447964587772531,0.732280157265684,-0.2518714350253829,-0.1216562046909215,-1.3870241173451707,-1.3770396460222645,-0.27438062259938295,-1.762476595917336,False,True,False,False,False,False,False,False,False,False,True,False,False,False,True,True,False,False,False,False,False,True,True,False
3,1.5448118911744924,-0.02732233638404849,0.6217846187556836,2.7267261846184865,0.09441917533318307,0.2749947467522455,0.2629072154560677,-0.2518714350253829,0.06308261639424818,-1.3870241173451707,-1.5134762375468185,-0.27438062259938295,-0.46279383122060536,False,True,False,False,False,False,False,False,False,False,True,False,False,False,True,True,False,False,False,False,False,True,True,False
3,1.6063593437873733,-0.15651549155874378,0.6217846187556836,2.8951559468932895,0.11378344622016334,0.0331277539855746,0.05405778721967599,-0.2518714350253829,-0.21402561523350636,-1.3870241173451707,-1.5134762375468185,-0.27438062259938295,-1.762476595917336,False,True,False,False,False,False,False,False,False,False,True,False,False,False,True,True,False,False,False,False,False,True,True,False
3,1.6679067964002545,0.016067062901037092,0.6217846187556836,2.9793708280306914,0.06053170128096545,0.6240527931314114,-0.06220890478820737,-0.6141405065342891,-0.3063950257760912,-1.6935407582750364,-1.5134762375468185,-0.27438062259938295,-0.029566242988361767,False,True,False,False,False,False,False,False,False,False,True,False,False,False,True,True,False,False,False,False,False,True,True,False
3,1.7294542490131355,-0.02195960164095005,0.6217846187556836,2.9793708280306914,0.542217939594648,0.17467491452516096,0.04544543966354101,-0.6141405065342891,-0.5835032574038457,-1.3870241173451707,-1.6499128290713772,-0.27438062259938295,0.4036613452438818,False,True,False,False,False,False,False,False,False,False,True,False,False,False,True,True,False,False,False,False,False,True,True,False
17,-1.6556556446953206,2.3297214635437054,-1.3812162141824724,-1.4840178722515964,-0.18152168480631803,2.41022679227049,1.3782062239761665,0.11039763648352328,-2.1306908839921417,1.6781422919534423,1.7610019590425439,2.430961030132826,-0.029566242988361767,False,True,False,False,False,False,False,False,False,False,False,False,True,False,True,False,True,False,False,False,False,True,True,False
17,-1.5941081920824396,0.7951261646714616,-1.3812162141824724,-1.3155881099767932,1.3458351814044196,1.2410884735418393,1.2683987926353806,-0.6141405065342891,-0.6758726679464305,1.6781422919534423,1.62456536751799,2.430961030132826,-1.762476595917336,False,True,False,False,False,False,False,False,False,False,False,False,True,False,True,False,False,False,True,False,False,True,False,True
17,-1.5325607394695586,0.5055384885440279,-1.3812162141824724,-1.1471583477019898,0.67534730194266,0.8961531599939138,1.126295057959077,2.102877529782507,-0.029286794148336657,1.6781422919534423,1.7610019590425439,2.430961030132826,0.4036613452438818,False,True,False,False,False,False,False,False,False,False,False,False,True,False,True,True,False,False,False,False,False,True,False,True
17,-1.4710132868566774,0.36269473584144446,-1.3812162141824724,-0.9787285854271865,-0.38968759684137527,0.6955134955397544,1.757149516446312,1.5594739225191478,1.4486237745330208,1.6781422919534423,1.7610019590425439,2.430961030132826,-0.46279383122060536,False,True,False,False,False,False,False,False,False,False,False,False,True,False,True,True,False,False,False,False,False,True,False,True
17,-1.4094658342437965,0.9384574387143292,-1.3812162141824724,-0.8102988231523832,0.3534162984465711,2.031278932864755,1.5461470013208904,0.8349357795013356,0.06308261639424818,1.3716256510235767,1.4881287759934312,2.430961030132826,1.7033441099406126,False,True,False,False,False,False,False,False,False,False,False,False,True,False,True,True,False,False,False,False,False,True,True,False
17,-1.3479183816309155,0.8190147103452694,-1.3812162141824724,-0.6418690608775799,0.6075723538382162,1.495323664802251,1.632270476882286,1.1972048510102418,0.8944073112775118,1.065109010093722,1.4881287759934312,2.430961030132826,0.4036613452438818,False,True,False,False,False,False,False,False,False,False,False,False,True,False,True,True,False,False,False,False,False,True,True,False
17,-1.2863709290180345,0.8511911188038739,-1.3812162141824724,-0.4734392986027766,0.34857523072482816,1.6148829169085062,1.817435949339295,0.8349357795013356,0.9867767218200967,1.065109010093722,1.3516921844688725,-0.27438062259938295,0.4036613452438818,False,True,False,False,False,False,False,False,False,False,False,False,True,False,True,True,False,False,False,False,False,True,True,False
17,-1.2248234764051535,0.7995138567339986,-1.3812162141824724,-0.3050095363279733,0.3534162984465711,1.4733357563689198,1.806670514894115,0.8349357795013356,1.6333625956181905,1.065109010093722,1.3516921844688725,-0.27438062259938295,1.7033441099406126,False,True,False,False,False,False,False,False,False,False,False,False,True,False,True,True,False,False,False,False,False,True,True,False
17,-1.1632760237922724,0.8794673565402256,-1.3812162141824724,-0.13657977405316998,0.5010688639598118,1.5901465199210052,1.8454260788967451,0.8349357795013356,1.5409931850756058,1.3716256510235767,1.2152555929443185,-0.27438062259938295,0.4036613452438818,False,True,False,False,False,False,False,False,False,False,False,False,True,False,True,True,False,False,False,False,False,True,True,False
17,-1.1017285711793914,2.214788307572257,-1.3812162141824724,0.03184998822163333,0.5543206088990182,1.650613268112668,2.340636063374782,-0.2518714350253829,1.9104708272459452,1.065109010093722,1.2152555929443185,-0.27438062259938295,1.2701165217083694,False,True,False,False,False,False,False,False,False,False,False,False,True,False,True,True,False,False,False,False,False,True,True,False
17,-1.0401811185665104,2.3297214635437054,-0.3797157977133944,-1.4840178722515964,2.4374959526580366,-0.9082295758165083,-0.47775467437195324,-0.9764095780431952,-2.1306908839921417,1.3716256510235767,0.9423824098952058,-0.27438062259938295,0.4036613452438818,False,True,False,False,False,False,False,False,False,False,True,False,False,False,True,True,False,False,False,False,False,True,True,False
17,-0.9786336659536293,-0.030734985766024004,-0.3797157977133944,-1.3155881099767932,0.4913867285163259,0.07710357085224648,0.2047738694521222,-0.6141405065342891,0.15545202693683305,1.065109010093722,0.9423824098952058,-0.27438062259938295,1.7033441099406126,False,True,False,False,False,False,False,False,False,False,True,False,False,False,True,True,False,False,False,False,False,True,False,True
17,-0.9170862133407484,0.12917201384643012,-0.3797157977133944,-1.1471583477019898,0.45265818674235675,0.2832402124147459,0.6224727259249057,0.8349357795013356,0.06308261639424818,1.065109010093722,0.805945818370647,-0.27438062259938295,1.2701165217083694,False,True,False,False,False,False,False,False,False,False,True,False,False,False,True,True,False,False,False,False,False,True,True,False
17,-0.8555387607278674,-0.22623104321905121,-0.3797157977133944,-0.9787285854271865,-0.46714468038930496,0.03725048681682478,0.25644795478896265,-0.2518714350253829,1.4486237745330208,1.065109010093722,0.805945818370647,-0.27438062259938295,1.2701165217083694,False,True,False,False,False,False,False,False,False,False,True,False,False,False,True,True,False,False,False,False,False,True,False,True
17,-0.7939913081149863,-0.11263857093338092,-0.3797157977133944,-0.8102988231523832,-0.053233390180057606,0.08122630368349666,0.3210405614600132,-0.2518714350253829,0.6172990796497573,1.065109010093722,0.805945818370647,-0.27438062259938295,0.4036613452438818,False,True,False,False,False,False,False,False,False,False,True,False,False,False,True,True,False,False,False,False,False,True,True,False
17,-0.7324438555021053,-0.07071173566913407,-0.3797157977133944,-0.6418690608775799,0.021803159506996312,0.13757031904390932,0.3511837779065009,-0.6141405065342891,0.6172990796497573,0.7585923691638562,0.6695092268460883,-0.27438062259938295,1.2701165217083694,False,True,False,False,False,False,False,False,False,False,True,False,False,False,True,True,False,False,False,False,False,True,True,False
17,-0.6708964028892243,-0.09021258928041184,-0.3797157977133944,-0.4734392986027766,-0.007243246823469792,0.06610961663557606,0.4028578632433414,-0.6141405065342891,0.24782143747941787,0.7585923691638562,0.5330726353215343,-0.27438062259938295,0.4036613452438818,False,True,False,False,False,False,False,False,False,False,True,False,False,False,True,True,False,False,False,False,False,True,True,False
17,-0.6093489502763433,0.04678090733879593,-0.3797157977133944,-0.3050095363279733,-0.043551254736563176,0.4371555714480828,0.4588381223582493,-0.9764095780431952,0.5249296691071724,0.7585923691638562,0.5330726353215343,-0.27438062259938295,0.4036613452438818,False,True,False,False,False,False,False,False,False,False,True,False,False,False,True,True,False,False,False,False,False,True,True,False
17,-0.5478014976634622,-0.01757190957841307,-0.3797157977133944,-0.13657977405316998,0.0871575737505644,0.3395842277751683,0.21123313011922726,-0.6141405065342891,0.15545202693683305,0.45207572823399056,0.5330726353215343,-2.979722275331592,0.4036613452438818,False,True,False,False,False,False,False,False,False,False,True,False,False,False,True,True,False,False,False,False,False,True,True,False
17,-0.48625404505058123,0.03703048053315359,-0.3797157977133944,0.03184998822163333,0.1355682509680194,0.43165859433975245,0.26506030234510525,-0.6141405065342891,0.4325602585645876,0.45207572823399056,0.3966360437969755,-0.27438062259938295,-0.46279383122060536,False,True,False,False,False,False,False,False,False,False,True,False,False,False,True,True,False,False,False,False,False,True,True,False
17,-0.4247065924377002,0.05799389816527701,-0.3797157977133944,0.20027975049643665,0.15977358957675117,0.27636899102932566,0.5794109881442001,-0.6141405065342891,0.3401908480220027,0.45207572823399056,0.2601994522724216,-0.27438062259938295,0.4036613452438818,False,True,False,False,False,False,False,False,False,False,True,False,False,False,True,True,False,False,False,False,False,True,True,False
17,-0.3631591398248192,0.11357133095740514,-0.3797157977133944,0.3687095127712399,0.14282985255063804,0.45502074705016365,0.5600332061428926,-0.2518714350253829,0.24782143747941787,0.1455590873041358,0.12376286074786279,-0.27438062259938295,-0.46279383122060536,False,True,False,False,False,False,False,False,False,False,True,False,False,False,True,True,False,False,False,False,False,True,True,False
17,-0.30161168721193815,0.20766294963181153,-0.3797157977133944,0.5371392750460433,0.29774401964649744,0.5361011593980775,0.7107492883753311,-0.6141405065342891,0.5249296691071724,-0.16095755362572983,0.12376286074786279,-0.27438062259938295,-0.029566242988361767,False,True,False,False,False,False,False,False,False,False,True,False,False,False,True,True,False,False,False,False,False,True,True,False
17,-0.24006423459905715,0.44021062894625745,-0.3797157977133944,0.7055690373208465,1.4983288146394118,0.44127830427933296,0.8184036328270795,-0.6141405065342891,0.24782143747941787,-0.16095755362572983,-0.012673730776696004,-0.27438062259938295,1.2701165217083694,False,True,False,False,False,False,False,False,False,False,True,False,False,False,True,True,False,False,False,False,False,True,True,False
17,-0.17851678198617613,0.26324038242393966,-0.3797157977133944,0.8739987995956499,0.5276947364294193,0.661157388612663,0.5557270323648175,-0.2518714350253829,0.3401908480220027,-0.16095755362572983,-0.012673730776696004,-0.27438062259938295,0.4036613452438818,False,True,False,False,False,False,False,False,False,False,True,False,False,False,True,True,False,False,False,False,False,True,True,False
17,-0.11696932937329511,1.4727808276632584,-0.3797157977133944,1.0424285618704532,0.4817045930728315,0.505867785302246,2.340636063374782,-0.2518714350253829,0.24782143747941787,-0.16095755362572983,-0.012673730776696004,-0.27438062259938295,-0.029566242988361767,False,True,False,False,False,False,False,False,False,False,True,False,False,False,True,True,False,False,False,False,False,True,True,False
17,-0.05542187676041409,2.3297214635437054,0.6217846187556836,-1.4840178722515964,2.4374959526580366,0.38493428891891057,-0.29474228880398173,2.102877529782507,-2.1306908839921417,0.1455590873041358,-0.012673730776696004,-0.27438062259938295,0.4036613452438818,False,True,False,False,False,False,False,False,False,False,True,False,False,False,True,True,False,False,False,False,False,True,True,False
17,0.006125575852466929,-0.6737756335978091,0.6217846187556836,-1.3155881099767932,-0.9197845123725215,-0.40663041468109534,-0.6220114959372943,2.102877529782507,1.2638849534478511,-0.16095755362572983,-0.012673730776696004,-0.27438062259938295,1.2701165217083694,False,True,False,False,False,False,False,False,False,False,True,False,False,False,True,True,False,False,False,False,False,True,False,True
17,0.06767302846534795,-0.695714093910494,0.6217846187556836,-1.1471583477019898,-0.8447479626854589,-0.6897247357602583,-0.34211020036274703,2.102877529782507,0.8944073112775118,-0.4674741945555846,-0.2855469138258087,-0.27438062259938295,0.4036613452438818,False,True,False,False,False,False,False,False,False,False,True,False,False,False,True,True,False,False,False,False,False,True,False,True
17,0.12922048107822898,-0.5163062406867621,0.6217846187556836,-0.9787285854271865,-0.747926608250549,-0.4423607658852571,-0.023453340785577034,2.102877529782507,0.7096684901923421,-0.16095755362572983,-0.14911032230124993,-0.27438062259938295,0.4036613452438818,False,True,False,False,False,False,False,False,False,False,True,False,False,False,True,True,False,False,False,False,False,True,True,False
17,0.19076793369110998,-0.6791383683409076,0.6217846187556836,-0.8102988231523832,-1.5128153082863514,-0.31180755956234113,-0.26675215924652396,2.102877529782507,1.2638849534478511,-0.16095755362572983,-0.42198350535036266,-0.27438062259938295,0.4036613452438818,False,True,False,False,False,False,False,False,False,False,True,False,False,False,True,True,False,False,False,False,False,True,True,False
17,0.25231538630399103,-0.5796840149234096,0.6217846187556836,-0.6418690608775799,-1.2199307111207458,-0.2719544755269194,-0.1504854672386406,2.102877529782507,1.5409931850756058,-0.16095755362572983,-0.42198350535036266,-0.27438062259938295,0.4036613452438818,False,True,False,False,False,False,False,False,False,False,True,False,False,False,True,True,False,False,False,False,False,True,True,False
17,0.313862838916872,-0.5421448717217067,0.6217846187556836,-0.4734392986027766,-1.396629682964461,-0.2211074372748371,0.09281335122230633,1.9217429940280542,1.5409931850756058,-0.16095755362572983,-0.42198350535036266,-0.27438062259938295,0.4036613452438818,False,True,False,False,False,False,False,False,False,False,True,False,False,False,True,True,False,False,False,False,False,True,True,False
17,0.375410291529753,-0.5245941034715588,0.6217846187556836,-0.3050095363279733,-1.2005664402337655,-0.27882569691233966,0.08635409055520127,1.9217429940280542,1.6333625956181905,-0.4674741945555846,-0.42198350535036266,-0.27438062259938295,-0.029566242988361767,False,True,False,False,False,False,False,False,False,False,True,False,False,False,True,True,False,False,False,False,False,True,True,False
17,0.43695774414263405,-0.5085058992422565,0.6217846187556836,-0.13657977405316998,-0.888317572181171,-0.4189986131748361,0.09927261188941137,1.9217429940280542,1.8181014167033602,-0.16095755362572983,-0.42198350535036266,-0.27438062259938295,-0.46279383122060536,False,True,False,False,False,False,False,False,False,False,True,False,False,False,True,True,False,False,False,False,False,True,True,False
17,0.4985051967555151,-0.5592081186315704,0.6217846187556836,0.03184998822163333,-1.2804440576425709,-0.21973319299775695,-0.0880459474566276,2.102877529782507,1.9104708272459452,-0.4674741945555846,-0.42198350535036266,-0.27438062259938295,-0.029566242988361767,False,True,False,False,False,False,False,False,False,False,True,False,False,False,True,True,False,False,False,False,False,True,True,False
17,0.560052649368396,-0.5514077771870579,0.6217846187556836,0.20027975049643665,-1.006923731363937,-0.5165699568477604,0.16817139233852943,1.9217429940280542,1.6333625956181905,-0.4674741945555846,-0.5584200968749214,-0.27438062259938295,-0.46279383122060536,False,True,False,False,False,False,False,False,False,False,True,False,False,False,True,True,False,False,False,False,False,True,True,False
17,0.6216001019812771,-0.5470200851245209,0.6217846187556836,0.3687095127712399,-1.2489771174512205,-0.37502279630817403,0.18108991367273955,1.9217429940280542,1.8181014167033602,-0.7739908354854502,-0.5584200968749214,-0.27438062259938295,-1.762476595917336,False,True,False,False,False,False,False,False,False,False,True,False,False,False,True,True,False,False,False,False,False,True,True,False
17,0.6831475545941581,-0.38370043613009824,0.6217846187556836,0.5371392750460433,-0.7551882098331677,-0.2774514526352595,0.310275127014833,1.9217429940280542,1.9104708272459452,-0.7739908354854502,-0.5584200968749214,-0.27438062259938295,0.4036613452438818,False,True,False,False,False,False,False,False,False,False,True,False,False,False,True,True,False,False,False,False,False,True,True,False
17,0.7446950072070392,2.3297214635437054,0.6217846187556836,0.7055690373208465,-0.8157015563549929,-0.24172110143108802,2.340636063374782,-0.2518714350253829,1.9104708272459452,-0.7739908354854502,-0.5584200968749214,-0.27438062259938295,-0.46279383122060536,False,True,False,False,False,False,False,False,False,False,True,False,False,False,True,False,False,True,False,False,False,True,True,False
17,0.8062424598199202,2.3297214635437054,1.6232850352247616,-0.9787285854271865,2.4374959526580366,0.6597831443355829,-0.7964115339491232,2.102877529782507,-2.1306908839921417,-0.7739908354854502,-0.8312932799240341,-0.27438062259938295,-1.762476595917336,False,True,False,False,False,False,False,False,False,False,False,False,True,True,False,False,False,False,False,False,True,True,True,False
17,0.8677899124328012,-1.252463464512385,1.6232850352247616,-0.8102988231523832,-1.0238674683900502,-1.853709638449851,-0.8179424028394683,-0.2518714350253829,1.5409931850756058,-1.080507476415316,-0.8312932799240341,-0.27438062259938295,-1.762476595917336,False,True,False,False,False,False,False,False,False,False,False,False,True,True,False,True,False,False,False,False,False,True,False,True
17,0.9293373650456822,-1.0618426204621723,1.6232850352247616,-0.6418690608775799,-0.7382444728070632,-1.3795953628560995,-0.9729646588499896,-0.2518714350253829,0.15545202693683305,-1.080507476415316,-0.8312932799240341,-0.27438062259938295,1.2701165217083694,False,True,False,False,False,False,False,False,False,False,False,False,True,True,False,True,False,False,False,False,False,True,True,False
17,0.9908848176585633,-1.0706180045872462,1.6232850352247616,-0.4734392986027766,-1.1642584323206722,-1.2174345381602623,-0.8868411832885864,-0.2518714350253829,0.15545202693683305,-1.080507476415316,-0.9677298714485929,-0.27438062259938295,-0.8960214194528492,False,True,False,False,False,False,False,False,False,False,False,False,True,True,False,True,False,False,False,False,False,True,True,False
17,1.0524322702714441,-1.0652552698441478,1.6232850352247616,-0.3050095363279733,-1.186043237068528,-1.3424907673748478,-0.6478485386057069,0.11039763648352328,0.3401908480220027,-1.080507476415316,-1.104166462973147,-0.27438062259938295,0.4036613452438818,False,True,False,False,False,False,False,False,False,False,False,False,True,True,False,True,False,False,False,False,False,True,True,False
17,1.1139797228843253,-0.9497127121973475,1.6232850352247616,-0.13657977405316998,-0.9948210620595753,-1.1047465074394272,-0.6801448419412323,0.11039763648352328,0.3401908480220027,-1.080507476415316,-1.104166462973147,-0.27438062259938295,-1.762476595917336,False,True,False,False,False,False,False,False,False,False,False,False,True,True,False,True,False,False,False,False,False,True,True,False
17,1.1755271754972063,-0.9004730568288793,1.6232850352247616,0.03184998822163333,-0.8157015563549929,-1.0965010417769268,-0.6349300172715044,0.11039763648352328,0.15545202693683305,-1.080507476415316,-1.2406030544977056,-0.27438062259938295,-1.762476595917336,False,True,False,False,False,False,False,False,False,False,False,False,True,True,False,True,False,False,False,False,False,True,True,False
17,1.2370746281100873,-0.959463139002983,1.6232850352247616,0.20027975049643665,-1.1061656196597227,-1.251790645087344,-0.3937842856995875,0.11039763648352328,0.24782143747941787,-1.3870241173451707,-1.2406030544977056,-0.27438062259938295,-1.762476595917336,False,True,False,False,False,False,False,False,False,False,False,False,True,True,False,True,False,False,False,False,False,True,True,False
17,1.2986220807229683,-0.8180819503212382,1.6232850352247616,0.3687095127712399,-0.9343077155377588,-0.9137265529248484,-0.451917631703533,0.11039763648352328,0.24782143747941787,-1.080507476415316,-1.2406030544977056,-0.27438062259938295,0.4036613452438818,False,True,False,False,False,False,False,False,False,False,False,False,True,True,False,True,False,False,False,False,False,True,True,False
17,1.3601695333358494,-0.771279901654184,1.6232850352247616,0.5371392750460433,-0.8326452933810974,-0.9700705682852611,-0.24737437724520878,0.11039763648352328,0.4325602585645876,-1.3870241173451707,-1.2406030544977056,-0.27438062259938295,-1.762476595917336,False,True,False,False,False,False,False,False,False,False,False,False,True,True,False,True,False,False,False,False,False,True,True,False
17,1.4217169859487304,-0.7313031517510671,1.6232850352247616,0.7055690373208465,-0.8374863611028402,-0.8037870107581735,-0.32703859213950703,0.47266670799242944,0.24782143747941787,-1.3870241173451707,-1.3770396460222645,-0.27438062259938295,-1.762476595917336,False,True,False,False,False,False,False,False,False,False,False,False,True,True,False,True,False,False,False,False,False,True,True,False
17,1.4832644385616114,-0.7878556272237636,1.6232850352247616,0.8739987995956499,-1.0045031975030698,-0.9137265529248484,-0.2559867248013514,1.9217429940280542,0.24782143747941787,-1.3870241173451707,-1.3770396460222645,-0.27438062259938295,-1.762476595917336,False,True,False,False,False,False,False,False,False,False,False,False,True,True,False,True,False,False,False,False,False,True,True,False
17,1.5448118911744924,-0.7464163132998078,1.6232850352247616,1.0424285618704532,-1.3482190057470063,-0.8560082932873458,0.14233434967010922,1.9217429940280542,1.4486237745330208,-1.3870241173451707,-1.5134762375468185,-0.27438062259938295,-0.46279383122060536,False,True,False,False,False,False,False,False,False,False,False,False,True,True,False,True,False,False,False,False,False,True,True,False
17,1.6063593437873733,-0.724477852987123,1.6232850352247616,1.2108583241452564,-0.8931586399029225,-0.924720507141509,-0.05790273101013988,1.9217429940280542,1.5409931850756058,-1.6935407582750364,-1.5134762375468185,-0.27438062259938295,-0.8960214194528492,False,True,False,False,False,False,False,False,False,False,False,False,True,True,False,True,False,False,False,False,False,True,True,False
17,1.6679067964002545,-0.6147855514237055,1.6232850352247616,1.3792880864200598,-1.4910305035385039,-0.5151957125706704,0.31673438768193807,1.9217429940280542,1.8181014167033602,-1.6935407582750364,-1.5134762375468185,-0.27438062259938295,-0.029566242988361767,False,True,False,False,False,False,False,False,False,False,False,False,True,True,False,True,False,False,False,False,False,True,True,False
17,1.7294542490131355,-0.538244700999447,1.6232850352247616,1.547717848694863,-1.2078280418163843,-0.33379546799567217,0.11865039389072655,2.102877529782507,2.00284023778853,-1.3870241173451707,-1.6499128290713772,-0.27438062259938295,0.4036613452438818,False,True,False,False,False,False,False,False,False,False,False,False,True,True,False,True,False,False,False,False,False,True,True,False
17,1.7910017016260165,-0.46804162799886223,1.6232850352247616,1.7161476109696665,-1.147314695294559,-0.39701070474150507,0.47390973058148933,1.1972048510102418,1.7257320061607755,-1.3870241173451707,-1.6499128290713772,-0.27438062259938295,0.4036613452438818,False,True,False,False,False,False,False,False,False,False,False,False,True,True,False,True,False,False,False,False,False,True,True,False
0,-1.6556556446953206,2.3297214635437054,-1.3812162141824724,-1.4840178722515964,-0.18152168480631803,2.41022679227049,0.9841913232827735,1.5594739225191478,-2.1306908839921417,1.6781422919534423,1.7610019590425439,2.430961030132826,-0.029566242988361767,False,False,False,False,False,False,False,False,False,True,False,False,True,False,True,False,True,False,False,False,False,True,True,False
0,-1.5941081920824396,0.596704979176743,-1.3812162141824724,-1.3155881099767932,0.8351025367602622,1.1338974199293346,1.0143345397292611,1.1972048510102418,0.4325602585645876,1.6781422919534423,1.62456536751799,2.430961030132826,-1.762476595917336,False,False,False,False,False,False,False,False,False,True,False,False,True,False,True,False,False,False,True,False,False,True,False,True
0,-1.5325607394695586,0.45678635451584393,-1.3812162141824724,-1.1471583477019898,0.5809464813686172,0.9593683967397466,0.8959147608323402,2.102877529782507,0.6172990796497573,1.6781422919534423,1.7610019590425439,2.430961030132826,0.4036613452438818,False,False,False,False,False,False,False,False,False,True,False,False,True,False,True,True,False,False,False,False,False,True,False,True
0,-1.4710132868566774,0.27055320252816795,-1.3812162141824724,-0.9787285854271865,-0.4695652142501807,0.9950987479439182,0.9518950199472481,2.102877529782507,2.0952096483311147,1.6781422919534423,1.7610019590425439,2.430961030132826,-0.46279383122060536,False,False,False,False,False,False,False,False,False,True,False,False,True,False,True,True,False,False,False,False,False,True,False,True
0,-1.4094658342437965,0.6825087350663458,-1.3812162141824724,-0.8102988231523832,0.1452503864115138,1.5475449473314231,1.3588284419748513,0.8349357795013356,1.8181014167033602,1.3716256510235767,1.4881287759934312,2.430961030132826,1.7033441099406126,False,False,False,False,False,False,False,False,False,True,False,False,True,False,True,True,False,False,False,False,False,True,True,False
0,-1.3479183816309155,0.7497866800252461,-1.3812162141824724,-0.6418690608775799,0.8326820028993865,1.364770458479335,1.3308383124173937,0.47266670799242944,0.9867767218200967,1.065109010093722,1.4881287759934312,2.430961030132826,0.4036613452438818,False,False,False,False,False,False,False,False,False,True,False,False,True,False,True,True,False,False,False,False,False,True,True,False
0,-1.2863709290180345,0.7020095886776235,-1.3812162141824724,-0.4734392986027766,0.9996988392996075,1.3139234202272527,1.050937016842854,0.47266670799242944,0.802037900734927,1.065109010093722,1.3516921844688725,2.430961030132826,0.4036613452438818,False,False,False,False,False,False,False,False,False,True,False,False,True,False,True,True,False,False,False,False,False,True,True,False
0,-1.2248234764051535,0.8346153932342943,-1.3812162141824724,-0.3050095363279733,0.9924372377169888,1.6671041994376687,1.0896925808454843,0.47266670799242944,0.9867767218200967,1.065109010093722,1.3516921844688725,-0.27438062259938295,1.7033441099406126,False,False,False,False,False,False,False,False,False,True,False,False,True,False,True,True,False,False,False,False,False,True,True,False
0,-1.1632760237922724,0.8594789815886636,-1.3812162141824724,-0.13657977405316998,1.009380974743102,1.6684784437147586,1.182275317073985,0.47266670799242944,0.802037900734927,1.3716256510235767,1.2152555929443185,-0.27438062259938295,0.4036613452438818,False,False,False,False,False,False,False,False,False,True,False,False,True,False,True,True,False,False,False,False,False,True,True,False
0,-1.1017285711793914,0.9326071826309466,-1.3812162141824724,0.03184998822163333,1.052950584238814,1.852627176843927,1.1779691432959174,0.8349357795013356,1.0791461323626814,1.065109010093722,1.2152555929443185,-0.27438062259938295,1.2701165217083694,False,False,False,False,False,False,False,False,False,True,False,False,True,False,True,True,False,False,False,False,False,True,True,False
0,-1.0401811185665104,2.3118050542883477,-1.3812162141824724,0.20027975049643665,1.290162902604346,1.7550558331710027,2.340636063374782,-0.2518714350253829,0.8944073112775118,1.3716256510235767,0.9423824098952058,-0.27438062259938295,0.4036613452438818,False,False,False,False,False,False,False,False,False,True,False,False,True,False,True,True,False,False,False,False,False,True,True,False
0,-0.9786336659536293,2.3297214635437054,-0.3797157977133944,-1.4840178722515964,2.4374959526580366,-0.18812557462483562,-0.514357151485546,1.1972048510102418,-2.1306908839921417,1.065109010093722,0.9423824098952058,-0.27438062259938295,1.7033441099406126,False,False,False,False,False,False,False,False,False,True,False,False,True,False,True,True,False,False,False,False,False,True,True,False
0,-0.9170862133407484,-0.27157052786526664,-0.3797157977133944,-1.3155881099767932,0.2227074699594435,-0.18537708607067535,-0.20861881324258608,1.1972048510102418,0.9867767218200967,1.065109010093722,0.805945818370647,-0.27438062259938295,1.2701165217083694,False,False,False,False,False,False,False,False,False,True,False,False,True,False,True,True,False,False,False,False,False,True,False,True
0,-0.8555387607278674,-0.3578618050951605,-0.3797157977133944,-1.1471583477019898,-0.7648703452766621,0.0826005479605768,-0.1311076852373254,1.1972048510102418,1.1715155429052664,1.065109010093722,0.805945818370647,-0.27438062259938295,1.2701165217083694,False,False,False,False,False,False,False,False,False,True,False,False,True,False,True,True,False,False,False,False,False,True,False,True
0,-0.7939913081149863,-0.023422165661795707,-0.3797157977133944,-0.9787285854271865,-0.29044570854558954,0.4151676630147517,0.4028578632433414,1.1972048510102418,1.2638849534478511,1.065109010093722,0.805945818370647,-0.27438062259938295,0.4036613452438818,False,False,False,False,False,False,False,False,False,True,False,False,True,False,True,True,False,False,False,False,False,True,True,False
0,-0.7324438555021053,0.02289236166498119,-0.3797157977133944,-0.8102988231523832,-0.5203964253285115,0.9112698470418343,0.03468000521836082,1.5594739225191478,1.1715155429052664,0.7585923691638562,0.6695092268460883,-0.27438062259938295,1.2701165217083694,False,False,False,False,False,False,False,False,False,True,False,False,True,False,True,True,False,False,False,False,False,True,True,False
0,-0.6708964028892243,-0.054623531439838745,-0.3797157977133944,-0.6418690608775799,-0.31949211487606427,0.5470951136147478,0.08420100366617135,1.1972048510102418,0.4325602585645876,0.7585923691638562,0.5330726353215343,-0.27438062259938295,0.4036613452438818,False,False,False,False,False,False,False,False,False,True,False,False,True,False,True,True,False,False,False,False,False,True,True,False
0,-0.6093489502763433,-0.07656199175251671,-0.3797157977133944,-0.4734392986027766,-0.43567774019796307,0.4756344112064146,0.20262078256309227,1.1972048510102418,1.2638849534478511,0.7585923691638562,0.5330726353215343,-0.27438062259938295,0.4036613452438818,False,False,False,False,False,False,False,False,False,True,False,False,True,False,True,True,False,False,False,False,False,True,True,False
0,-0.5478014976634622,0.032155267130339345,-0.3797157977133944,-0.3050095363279733,-0.019345916127839986,0.5869481976501695,0.13802817589204172,1.1972048510102418,0.24782143747941787,0.45207572823399056,0.5330726353215343,-2.979722275331592,0.4036613452438818,False,False,False,False,False,False,False,False,False,True,False,False,True,False,True,True,False,False,False,False,False,True,True,False
0,-0.48625404505058123,0.045318343317950274,-0.3797157977133944,-0.13657977405316998,-0.11616727056274993,0.5690830220480789,0.310275127014833,1.1972048510102418,1.1715155429052664,0.45207572823399056,0.3966360437969755,-0.27438062259938295,0.4036613452438818,False,False,False,False,False,False,False,False,False,True,False,False,True,False,True,True,False,False,False,False,False,True,True,False
0,-0.4247065924377002,0.18767457468024956,-0.3797157977133944,0.03184998822163333,-0.01208431454522131,0.8219439690314202,0.4502257748021067,1.1972048510102418,0.8944073112775118,0.45207572823399056,0.2601994522724216,-0.27438062259938295,0.4036613452438818,False,False,False,False,False,False,False,False,False,True,False,False,True,False,True,True,False,False,False,False,False,True,True,False
0,-0.3631591398248192,0.1862120106594039,-0.3797157977133944,0.20027975049643665,-0.07017712720617073,0.9607426410168366,0.27797882367931537,1.1972048510102418,1.0791461323626814,0.1455590873041358,0.12376286074786279,-0.27438062259938295,-0.46279383122060536,False,False,False,False,False,False,False,False,False,True,False,False,True,False,True,True,False,False,False,False,False,True,True,False
0,-0.30161168721193815,0.2905415774797299,-0.3797157977133944,0.3687095127712399,0.20092266521158747,0.9648653738480867,0.4911344256937746,1.1972048510102418,0.9867767218200967,-0.16095755362572983,0.12376286074786279,-0.27438062259938295,-0.029566242988361767,False,False,False,False,False,False,False,False,False,True,False,False,True,False,True,True,False,False,False,False,False,True,True,False
0,-0.24006423459905715,0.3334434554245313,-0.3797157977133944,0.5371392750460433,0.4744429914902128,0.9854790380043377,0.40501095013237126,0.8349357795013356,0.8944073112775118,-0.16095755362572983,-0.012673730776696004,-0.27438062259938295,1.2701165217083694,False,False,False,False,False,False,False,False,False,True,False,False,True,False,True,True,False,False,False,False,False,True,True,False
0,-0.17851678198617613,0.30516721768817956,-0.3797157977133944,0.7055690373208465,0.3074261550899918,0.9950987479439182,0.4136232976885139,0.8349357795013356,0.9867767218200967,-0.16095755362572983,-0.012673730776696004,-0.27438062259938295,0.4036613452438818,False,False,False,False,False,False,False,False,False,True,False,False,True,False,True,True,False,False,False,False,False,True,True,False
0,-0.11696932937329511,1.6595015009912115,-0.3797157977133944,0.8739987995956499,0.4284528481336336,0.8920304271626636,2.340636063374782,-0.2518714350253829,1.0791461323626814,-0.16095755362572983,-0.012673730776696004,-0.27438062259938295,-0.029566242988361767,False,False,False,False,False,False,False,False,False,True,False,False,True,False,True,True,False,False,False,False,False,True,True,False
0,-0.05542187676041409,2.3297214635437054,0.6217846187556836,-1.4840178722515964,2.4374959526580366,-0.17438313185400495,-0.9212905735131492,1.5594739225191478,-2.1306908839921417,0.1455590873041358,-0.012673730776696004,-0.27438062259938295,0.4036613452438818,False,False,False,False,False,False,False,False,False,True,True,False,False,False,True,True,False,False,False,False,False,True,True,False
0,0.006125575852466929,-0.8302699838282876,0.6217846187556836,-1.3155881099767932,-1.0940629503553612,-0.7103383999165093,-0.6822979288302697,1.5594739225191478,0.9867767218200967,-0.16095755362572983,-0.012673730776696004,-0.27438062259938295,1.2701165217083694,False,False,False,False,False,False,False,False,False,True,True,False,False,False,True,True,False,False,False,False,False,True,False,True
0,0.06767302846534795,-0.5260566674924044,0.6217846187556836,-1.1471583477019898,-0.7745524807201479,-0.06856632251859007,-0.6284707566043994,1.5594739225191478,0.9867767218200967,-0.4674741945555846,-0.2855469138258087,-0.27438062259938295,0.4036613452438818,False,False,False,False,False,False,False,False,False,True,True,False,False,False,True,True,False,False,False,False,False,True,True,False
0,0.12922048107822898,-0.6216108501876495,0.6217846187556836,-0.9787285854271865,-0.7503471421114247,-0.31180755956234113,-0.6909102763864124,1.9217429940280542,0.8944073112775118,-0.16095755362572983,-0.14911032230124993,-0.27438062259938295,0.4036613452438818,False,False,False,False,False,False,False,False,False,True,True,False,False,False,True,True,False,False,False,False,False,True,True,False
0,0.19076793369110998,-0.5372696583188855,0.6217846187556836,-0.8102988231523832,-0.5058732221632741,-0.16613766619150458,-0.764115230613598,1.9217429940280542,1.1715155429052664,-0.16095755362572983,-0.42198350535036266,-0.27438062259938295,0.4036613452438818,False,False,False,False,False,False,False,False,False,True,True,False,False,False,True,True,False,False,False,False,False,True,True,False
0,0.25231538630399103,-0.6274611062710321,0.6217846187556836,-0.6418690608775799,-0.6946748633113511,-0.33104697944150213,-0.7361251010561402,1.5594739225191478,1.0791461323626814,-0.16095755362572983,-0.42198350535036266,-0.27438062259938295,0.4036613452438818,False,False,False,False,False,False,False,False,False,True,True,False,False,False,True,True,False,False,False,False,False,True,True,False
0,0.313862838916872,-0.5372696583188855,0.6217846187556836,-0.4734392986027766,-0.6172177797634214,-0.22385592582900715,-0.5746435843785214,1.5594739225191478,1.0791461323626814,-0.16095755362572983,-0.42198350535036266,-0.27438062259938295,0.4036613452438818,False,False,False,False,False,False,False,False,False,True,True,False,False,False,True,True,False,False,False,False,False,True,True,False
0,0.375410291529753,-0.6069852099791929,0.6217846187556836,-0.3050095363279733,-0.5567044332415962,-0.3461636664894227,-0.7447374486122827,1.5594739225191478,1.0791461323626814,-0.4674741945555846,-0.42198350535036266,-0.27438062259938295,-0.029566242988361767,False,False,False,False,False,False,False,False,False,True,True,False,False,False,True,True,False,False,False,False,False,True,True,False
0,0.43695774414263405,-0.5957722191527118,0.6217846187556836,-0.13657977405316998,-0.743085540528806,-0.22385592582900715,-0.7210534928329001,1.5594739225191478,1.0791461323626814,-0.16095755362572983,-0.42198350535036266,-0.27438062259938295,-0.46279383122060536,False,False,False,False,False,False,False,False,False,True,True,False,False,False,True,True,False,False,False,False,False,True,True,False
0,0.4985051967555151,-0.5021681218185897,0.6217846187556836,0.03184998822163333,-0.4526214772240676,-0.17575737613108508,-0.6413892779386096,1.5594739225191478,1.0791461323626814,-0.4674741945555846,-0.42198350535036266,-0.27438062259938295,-0.029566242988361767,False,False,False,False,False,False,False,False,False,True,True,False,False,False,True,True,False,False,False,False,False,True,True,False
0,0.560052649368396,-0.56944606677749,0.6217846187556836,0.20027975049643665,-0.3751643936761379,-0.38876523907900473,-0.6736855812741271,1.5594739225191478,0.9867767218200967,-0.4674741945555846,-0.5584200968749214,-0.27438062259938295,-0.46279383122060536,False,False,False,False,False,False,False,False,False,True,True,False,False,False,True,True,False,False,False,False,False,True,True,False
0,0.6216001019812771,-0.4270898354151838,0.6217846187556836,0.3687095127712399,-0.11616727056274993,-0.24309534570817792,-0.5035917170403734,1.5594739225191478,1.0791461323626814,-0.7739908354854502,-0.5584200968749214,-0.27438062259938295,0.4036613452438818,False,False,False,False,False,False,False,False,False,True,True,False,False,False,True,True,False,False,False,False,False,True,True,False
0,0.6831475545941581,-0.4192894939706713,0.6217846187556836,0.5371392750460433,-0.04597178859743893,-0.27470296408108946,-0.4820608481500207,1.1972048510102418,0.9867767218200967,-0.7739908354854502,-0.5584200968749214,-0.27438062259938295,0.4036613452438818,False,False,False,False,False,False,False,False,False,True,True,False,False,False,True,True,False,False,False,False,False,True,True,False
0,0.7446950072070392,2.3297214635437054,0.6217846187556836,0.7055690373208465,-0.16215741391932914,-0.11666487221650237,2.340636063374782,-0.2518714350253829,0.9867767218200967,-0.7739908354854502,-0.5584200968749214,-0.27438062259938295,-0.46279383122060536,False,False,False,False,False,False,False,False,False,True,True,False,False,False,True,False,False,True,False,False,False,True,True,False
0,0.8062424598199202,2.3297214635437054,1.6232850352247616,-1.4840178722515964,2.4374959526580366,2.41022679227049,-1.5478388582223166,1.5594739225191478,-2.1306908839921417,-0.7739908354854502,-0.8312932799240341,-0.27438062259938295,-1.762476595917336,False,False,False,False,False,False,False,False,False,True,False,False,True,True,False,False,False,False,False,False,True,True,True,False
0,0.8677899124328012,-0.9726262151905939,1.6232850352247616,-1.3155881099767932,-0.866532767433315,-0.8230264306373444,-1.3368363430968875,1.9217429940280542,0.7096684901923421,-1.080507476415316,-0.8312932799240341,-0.27438062259938295,-1.762476595917336,False,False,False,False,False,False,False,False,False,True,False,False,True,True,False,True,False,False,False,False,False,True,False,True
0,0.9293373650456822,-1.0052901449894758,1.6232850352247616,-1.1471583477019898,-1.5805902563907952,-0.6801050258206778,-1.0698535688565578,1.9217429940280542,1.0791461323626814,-1.080507476415316,-0.8312932799240341,-0.27438062259938295,1.2701165217083694,False,False,False,False,False,False,False,False,False,True,False,False,True,True,False,True,False,False,False,False,False,True,False,True
0,0.9908848176585633,-0.9160737397178974,1.6232850352247616,-0.9787285854271865,-1.1303709582684545,-0.7103383999165093,-1.0289449179648975,1.9217429940280542,0.9867767218200967,-1.080507476415316,-0.9677298714485929,-0.27438062259938295,-0.8960214194528492,False,False,False,False,False,False,False,False,False,True,False,False,True,True,False,True,False,False,False,False,False,True,True,False
0,1.0524322702714441,-0.8302699838282876,1.6232850352247616,-0.8102988231523832,-0.7237212696418258,-0.6320064761227557,-1.1344461755276083,1.9217429940280542,0.4325602585645876,-1.080507476415316,-1.104166462973147,-0.27438062259938295,0.4036613452438818,False,False,False,False,False,False,False,False,False,True,False,False,True,True,False,True,False,False,False,False,False,True,True,False
0,1.1139797228843253,-0.7941934046474304,1.6232850352247616,-0.6418690608775799,-0.9560925202856149,-0.43961227733108704,-1.0698535688565578,1.9217429940280542,0.8944073112775118,-1.080507476415316,-1.104166462973147,-0.27438062259938295,-1.762476595917336,False,False,False,False,False,False,False,False,False,True,False,False,True,True,False,True,False,False,False,False,False,True,True,False
0,1.1755271754972063,-0.8097940875364484,1.6232850352247616,-0.4734392986027766,-0.9004202414855412,-0.5619200179915124,-0.9966486146293723,1.9217429940280542,0.9867767218200967,-1.080507476415316,-1.2406030544977056,-0.27438062259938295,-1.762476595917336,False,False,False,False,False,False,False,False,False,True,False,False,True,True,False,True,False,False,False,False,False,True,True,False
0,1.2370746281100873,-0.7420286212372709,1.6232850352247616,-0.3050095363279733,-0.7455060743896819,-0.5096987354623401,-0.9169843997350741,1.9217429940280542,0.8944073112775118,-1.080507476415316,-1.2406030544977056,-0.27438062259938295,-0.8960214194528492,False,False,False,False,False,False,False,False,False,True,False,False,True,True,False,True,False,False,False,False,False,True,True,False
0,1.2986220807229683,-0.7785927217584123,1.6232850352247616,-0.13657977405316998,-0.8931586399029225,-0.4918335598602593,-0.9751177457390195,1.5594739225191478,0.9867767218200967,-1.080507476415316,-1.2406030544977056,-0.27438062259938295,0.4036613452438818,False,False,False,False,False,False,False,False,False,True,False,False,True,True,False,True,False,False,False,False,False,True,True,False
0,1.3601695333358494,-0.7366658864941724,1.6232850352247616,0.03184998822163333,-0.8060194209114984,-0.5234411782331708,-0.8179424028394683,1.9217429940280542,0.8944073112775118,-1.3870241173451707,-1.2406030544977056,-0.27438062259938295,-1.762476595917336,False,False,False,False,False,False,False,False,False,True,False,False,True,True,False,True,False,False,False,False,False,True,True,False
0,1.4217169859487304,-0.7210652036051475,1.6232850352247616,0.20027975049643665,-0.6365820506504016,-0.5797851935935933,-0.8114831421723633,1.9217429940280542,0.9867767218200967,-1.3870241173451707,-1.3770396460222645,-0.27438062259938295,-1.762476595917336,False,False,False,False,False,False,False,False,False,True,False,False,True,True,False,True,False,False,False,False,False,True,True,False
0,1.4832644385616114,-0.6557373440073769,1.6232850352247616,0.3687095127712399,-0.7503471421114247,-0.24309534570817792,-0.9492807030705993,1.9217429940280542,0.9867767218200967,-1.3870241173451707,-1.3770396460222645,-0.27438062259938295,-1.762476595917336,False,False,False,False,False,False,False,False,False,True,False,False,True,True,False,True,False,False,False,False,False,True,True,False
0,1.5448118911744924,-0.6962016152507713,1.6232850352247616,0.5371392750460433,-0.7527676759722919,-0.39151372763317477,-0.8933004439556914,1.9217429940280542,0.8944073112775118,-1.3870241173451707,-1.5134762375468185,-0.27438062259938295,-0.46279383122060536,False,False,False,False,False,False,False,False,False,True,False,False,True,True,False,True,False,False,False,False,False,True,True,False
0,1.6063593437873733,-0.6952265725702098,1.6232850352247616,0.7055690373208465,-0.8374863611028402,-0.3956364604644249,-0.8071769683942958,1.5594739225191478,0.9867767218200967,-1.6935407582750364,-1.5134762375468185,-0.27438062259938295,-0.8960214194528492,False,False,False,False,False,False,False,False,False,True,False,False,True,True,False,True,False,False,False,False,False,True,True,False
0,1.6679067964002545,-0.6840135817437287,1.6232850352247616,0.8739987995956499,-0.743085540528806,-0.42174710172900615,-0.8007177077271908,1.5594739225191478,0.9867767218200967,-1.6935407582750364,-1.5134762375468185,-0.27438062259938295,-0.029566242988361767,False,False,False,False,False,False,False,False,False,True,False,False,True,True,False,True,False,False,False,False,False,True,True,False
0,1.7294542490131355,-0.5104559846033795,1.6232850352247616,1.0424285618704532,-0.6365820506504016,-0.2458438342623382,-0.40454972014476004,2.102877529782507,0.9867767218200967,-1.3870241173451707,-1.6499128290713772,-0.27438062259938295,0.4036613452438818,False,False,False,False,False,False,False,False,False,True,False,False,True,True,False,True,False,False,False,False,False,True,True,False
0,1.7910017016260165,-0.5211814540895833,1.6232850352247616,1.2108583241452564,-0.7067775326157126,-0.21423621588942662,-0.4389991103693229,2.102877529782507,0.9867767218200967,-1.3870241173451707,-1.6499128290713772,-0.27438062259938295,0.4036613452438818,False,False,False,False,False,False,False,False,False,True,False,False,True,True,False,True,False,False,False,False,False,True,True,False
19,-1.6556556446953206,2.3297214635437054,-1.3812162141824724,-1.4840178722515964,-0.18152168480631803,2.41022679227049,0.9712728019485634,0.11039763648352328,-2.1306908839921417,1.6781422919534423,1.7610019590425439,2.430961030132826,-0.029566242988361767,True,False,False,False,False,False,False,False,False,False,False,False,True,False,True,False,True,False,False,False,False,True,True,False
19,-1.5941081920824396,0.9189565851030514,-1.3812162141824724,-1.3155881099767932,1.965491849787857,1.2933097560710016,1.182275317073985,-0.6141405065342891,0.5249296691071724,1.6781422919534423,1.62456536751799,2.430961030132826,-1.762476595917336,True,False,False,False,False,False,False,False,False,False,False,False,True,False,True,False,False,False,True,False,False,True,False,True
19,-1.5325607394695586,0.6776335216635315,-1.3812162141824724,-1.1471583477019898,0.7503838516297139,1.3043037102876722,1.1801222301849474,1.5594739225191478,0.24782143747941787,1.6781422919534423,1.7610019590425439,2.430961030132826,0.4036613452438818,True,False,False,False,False,False,False,False,False,False,False,False,True,False,True,True,False,False,False,False,False,True,False,True
19,-1.4710132868566774,0.8029265061159672,-1.3812162141824724,-0.9787285854271865,0.08957810761144015,2.0835002153939275,1.100458015290657,0.8349357795013356,2.00284023778853,1.3716256510235767,1.62456536751799,2.430961030132826,1.2701165217083694,True,False,False,False,False,False,False,False,False,False,False,False,True,False,True,True,False,False,False,False,False,True,True,False
19,-1.4094658342437965,0.7839131738449735,-1.3812162141824724,-0.8102988231523832,0.38730377249878867,1.7179512376897608,1.3243790517502885,0.8349357795013356,2.118302000966761,1.3716256510235767,1.4881287759934312,2.430961030132826,1.7033441099406126,True,False,False,False,False,False,False,False,False,False,False,False,True,False,True,True,False,False,False,False,False,True,True,False
19,-1.3479183816309155,0.9506454722213787,-1.3812162141824724,-0.6418690608775799,0.8762516123950985,1.851252932566837,1.4169617879787968,0.8349357795013356,0.6172990796497573,1.065109010093722,1.4881287759934312,2.430961030132826,0.4036613452438818,True,False,False,False,False,False,False,False,False,False,False,False,True,False,True,True,False,False,False,False,False,True,True,False
19,-1.2863709290180345,0.9706338471729338,-1.3812162141824724,-0.4734392986027766,0.4574992544641083,2.0202849786480948,1.6128926948809708,0.8349357795013356,2.00284023778853,1.065109010093722,1.3516921844688725,-0.27438062259938295,0.4036613452438818,True,False,False,False,False,False,False,False,False,False,False,False,True,False,True,True,False,False,False,False,False,True,True,False
19,-1.2248234764051535,0.9642960697492668,-1.3812162141824724,-0.3050095363279733,0.7310195807427337,1.7949089172064243,1.694709996664299,0.8349357795013356,1.1715155429052664,1.065109010093722,1.3516921844688725,-0.27438062259938295,1.7033441099406126,True,False,False,False,False,False,False,False,False,False,False,False,True,False,True,True,False,False,False,False,False,True,True,False
19,-1.1632760237922724,1.1310283681256652,-1.3812162141824724,-0.13657977405316998,0.7503838516297139,2.1961882461147626,1.7851396460037698,1.1972048510102418,0.5249296691071724,1.3716256510235767,1.2152555929443185,-0.27438062259938295,0.4036613452438818,True,False,False,False,False,False,False,False,False,False,False,False,True,False,True,True,False,False,False,False,False,True,True,False
19,-1.1017285711793914,1.2368204989668299,-1.3812162141824724,0.03184998822163333,0.9996988392996075,2.115107833766839,2.1576236778068103,0.8349357795013356,0.802037900734927,1.065109010093722,1.2152555929443185,-0.27438062259938295,1.2701165217083694,True,False,False,False,False,False,False,False,False,False,False,False,True,False,True,True,False,False,False,False,False,True,True,False
19,-1.0401811185665104,1.414765788169716,-1.3812162141824724,0.20027975049643665,1.8807731646573174,2.41022679227049,1.4621766126485247,-1.3386786495521015,0.9867767218200967,1.3716256510235767,0.9423824098952058,-0.27438062259938295,0.4036613452438818,True,False,False,False,False,False,False,False,False,False,False,False,True,False,True,True,False,False,False,False,False,True,True,False
19,-0.9786336659536293,2.2737783897463677,-1.3812162141824724,0.3687095127712399,1.4402360019784624,1.5035691304647514,2.340636063374782,-0.2518714350253829,0.15545202693683305,1.065109010093722,0.9423824098952058,-0.27438062259938295,1.7033441099406126,True,False,False,False,False,False,False,False,False,False,False,False,True,False,True,True,False,False,False,False,False,True,True,False
19,-0.9170862133407484,2.3297214635437054,-0.3797157977133944,-1.4840178722515964,2.4374959526580366,0.703758961202245,0.22199856456440745,2.102877529782507,-2.1306908839921417,1.065109010093722,0.805945818370647,-0.27438062259938295,1.2701165217083694,True,False,False,False,False,False,False,False,False,False,True,False,False,False,True,True,False,False,False,False,False,True,True,False
19,-0.8555387607278674,0.06043150486668414,-0.3797157977133944,-1.3155881099767932,-0.2057270234150412,0.6597831443355829,0.31458130079290814,1.1972048510102418,2.0952096483311147,1.065109010093722,0.805945818370647,-0.27438062259938295,1.2701165217083694,True,False,False,False,False,False,False,False,False,False,True,False,False,False,True,True,False,False,False,False,False,True,False,True
19,-0.7939913081149863,0.011191849498215917,-0.3797157977133944,-1.1471583477019898,-0.08470033037139947,0.3698176018709997,0.4437665141350016,1.1972048510102418,0.8944073112775118,1.065109010093722,0.805945818370647,-0.27438062259938295,0.4036613452438818,True,False,False,False,False,False,False,False,False,False,True,False,False,False,True,True,False,False,False,False,False,True,False,True
19,-0.7324438555021053,-0.10142558010689291,-0.3797157977133944,-0.9787285854271865,-0.6946748633113511,0.29973114373974663,0.5987887701455153,0.8349357795013356,1.9104708272459452,0.7585923691638562,0.6695092268460883,-0.27438062259938295,1.2701165217083694,True,False,False,False,False,False,False,False,False,False,True,False,False,False,True,True,False,False,False,False,False,True,False,True
19,-0.6708964028892243,-0.030734985766024004,-0.3797157977133944,-0.8102988231523832,-0.05081285631918185,0.22552195277724332,0.45453194858017415,1.5594739225191478,0.7096684901923421,0.7585923691638562,0.5330726353215343,-0.27438062259938295,0.4036613452438818,True,False,False,False,False,False,False,False,False,False,True,False,False,False,True,True,False,False,False,False,False,True,True,False
19,-0.6093489502763433,-0.1623657476421264,-0.3797157977133944,-0.6418690608775799,-0.7648703452766621,0.4014252202439113,0.23276399900957997,-1.3386786495521015,2.118302000966761,0.7585923691638562,0.5330726353215343,-0.27438062259938295,0.4036613452438818,True,False,False,False,False,False,False,False,False,False,True,False,False,False,True,True,False,False,False,False,False,True,False,True
19,-0.5478014976634622,-0.20087993352439773,-0.3797157977133944,-0.4734392986027766,0.17671732660285566,-0.10567091799984173,0.01960839699512079,-1.3386786495521015,-1.1377197206593548,0.45207572823399056,0.5330726353215343,-2.979722275331592,0.4036613452438818,True,False,False,False,False,False,False,False,False,False,True,False,False,False,True,True,False,False,False,False,False,True,False,True
19,-0.48625404505058123,-0.15115275681564533,-0.3797157977133944,-0.3050095363279733,0.30500562122911606,-0.03970719269983879,0.02176148388415836,-0.9764095780431952,-0.3063950257760912,0.45207572823399056,0.3966360437969755,-0.27438062259938295,-0.46279383122060536,True,False,False,False,False,False,False,False,False,False,True,False,False,False,True,True,False,False,False,False,False,True,True,False
19,-0.4247065924377002,-0.15505292753789812,-0.3797157977133944,-0.13657977405316998,0.09683970919405883,-0.027338994206088246,0.170324479227567,-0.6141405065342891,-0.3063950257760912,0.45207572823399056,0.2601994522724216,-0.27438062259938295,0.4036613452438818,True,False,False,False,False,False,False,False,False,False,True,False,False,False,True,True,False,False,False,False,False,True,True,False
19,-0.3631591398248192,-0.04438558329391913,-0.3797157977133944,0.03184998822163333,0.309846688950859,-0.041081436976918934,0.4911344256937746,1.1972048510102418,-0.1216562046909215,0.1455590873041358,0.12376286074786279,-0.27438062259938295,-0.46279383122060536,True,False,False,False,False,False,False,False,False,False,True,False,False,False,True,True,False,False,False,False,False,True,True,False
19,-0.30161168721193815,0.12478432178389313,-0.3797157977133944,0.20027975049643665,-0.024186983849582903,0.4124191744605817,0.8248628934941846,1.1972048510102418,1.0791461323626814,-0.16095755362572983,-0.012673730776696004,-0.27438062259938295,-0.46279383122060536,True,False,False,False,False,False,False,False,False,False,True,False,False,False,True,True,False,False,False,False,False,True,True,False
19,-0.24006423459905715,0.14477269673544818,-0.3797157977133944,0.3687095127712399,0.06779330286358413,0.6226785488543313,0.5018998601389472,1.9217429940280542,1.9104708272459452,-0.16095755362572983,-0.012673730776696004,-0.27438062259938295,1.2701165217083694,True,False,False,False,False,False,False,False,False,False,True,False,False,False,True,True,False,False,False,False,False,True,True,False
19,-0.17851678198617613,-0.06827412896772694,-0.3797157977133944,0.5371392750460433,-0.20088595569329828,0.4069221973522514,0.13802817589204172,-0.9764095780431952,2.118302000966761,-0.16095755362572983,-0.012673730776696004,-0.27438062259938295,0.4036613452438818,True,False,False,False,False,False,False,False,False,False,True,False,False,False,True,True,False,False,False,False,False,True,True,False
19,-0.11696932937329511,0.10772107487402943,-0.3797157977133944,0.7055690373208465,0.6148339554208349,0.36432062476265964,0.25644795478896265,-1.3386786495521015,-0.029286794148336657,-0.16095755362572983,-0.012673730776696004,-0.27438062259938295,0.4036613452438818,True,False,False,False,False,False,False,False,False,False,True,False,False,False,True,True,False,False,False,False,False,True,True,False
19,-0.05542187676041409,0.014116977539907236,-0.3797157977133944,0.8739987995956499,0.38730377249878867,0.32309329645016754,0.11003804633458393,-0.9764095780431952,0.06308261639424818,0.1455590873041358,-0.012673730776696004,-0.27438062259938295,0.4036613452438818,True,False,False,False,False,False,False,False,False,False,True,False,False,False,True,True,False,False,False,False,False,True,True,False
19,0.006125575852466929,0.10040825476980113,-0.3797157977133944,1.0424285618704532,0.7189169114383634,0.31209934223349717,0.21338621700826482,-0.9764095780431952,-0.7682420784890154,-0.16095755362572983,-0.012673730776696004,-0.27438062259938295,1.2701165217083694,True,False,False,False,False,False,False,False,False,False,True,False,False,False,True,True,False,False,False,False,False,True,True,False
19,0.06767302846534795,0.07554466641542493,-0.3797157977133944,1.2108583241452564,0.6027312861164732,0.36019789193140944,0.13156891522493666,-0.9764095780431952,-0.5835032574038457,-0.4674741945555846,-0.2855469138258087,-0.27438062259938295,0.4036613452438818,True,False,False,False,False,False,False,False,False,False,True,False,False,False,True,True,False,False,False,False,False,True,True,False
19,0.12922048107822898,0.08578261456134453,-0.3797157977133944,1.3792880864200598,0.7770097240993129,0.14581578470640968,0.35764303857360596,-1.3386786495521015,-0.3063950257760912,-0.16095755362572983,-0.14911032230124993,-0.27438062259938295,0.4036613452438818,True,False,False,False,False,False,False,False,False,False,True,False,False,False,True,True,False,False,False,False,False,True,True,False
19,0.19076793369110998,0.2261887605625209,-0.3797157977133944,1.547717848694863,0.9779140345517601,0.5718315106022489,0.13156891522493666,-1.3386786495521015,-0.5835032574038457,-0.16095755362572983,-0.42198350535036266,-0.27438062259938295,0.4036613452438818,True,False,False,False,False,False,False,False,False,False,True,False,False,False,True,True,False,False,False,False,False,True,True,False
19,0.25231538630399103,1.4089155320863334,-0.3797157977133944,1.7161476109696665,0.9682318991082656,0.14444154042932955,2.340636063374782,-0.2518714350253829,-0.6758726679464305,-0.16095755362572983,-0.42198350535036266,-0.27438062259938295,0.4036613452438818,True,False,False,False,False,False,False,False,False,False,True,False,False,False,True,True,False,False,False,False,False,True,True,False
19,0.313862838916872,2.3297214635437054,0.6217846187556836,-0.9787285854271865,2.4374959526580366,-0.38051977341650434,-1.01387330974165,-0.6141405065342891,-2.1306908839921417,-0.16095755362572983,-0.42198350535036266,-0.27438062259938295,0.4036613452438818,True,False,False,False,False,False,False,False,False,False,False,False,True,True,False,True,False,False,False,False,False,True,True,False
19,0.375410291529753,-1.0574549283996353,0.6217846187556836,-0.8102988231523832,-1.1666789661815478,-1.0896298203915162,-1.02679183107586,-0.6141405065342891,-0.3063950257760912,-0.4674741945555846,-0.42198350535036266,-0.27438062259938295,-0.029566242988361767,True,False,False,False,False,False,False,False,False,False,False,False,True,True,False,True,False,False,False,False,False,True,False,True
19,0.43695774414263405,-0.8073564808350413,0.6217846187556836,-0.6418690608775799,-0.72130073578095,-0.836768873408175,-0.7145942321657951,-0.6141405065342891,-0.21402561523350636,-0.16095755362572983,-0.42198350535036266,-0.27438062259938295,-0.46279383122060536,True,False,False,False,False,False,False,False,False,False,False,False,True,True,False,True,False,False,False,False,False,True,True,False
19,0.4985051967555151,-0.6089352953403228,0.6217846187556836,-0.4734392986027766,-0.7019364648939698,-0.3406666893810924,-0.632776930382467,-0.6141405065342891,-0.3063950257760912,-0.4674741945555846,-0.42198350535036266,-0.27438062259938295,-0.029566242988361767,True,False,False,False,False,False,False,False,False,False,False,False,True,True,False,True,False,False,False,False,False,True,True,False
19,0.560052649368396,-0.5865093136873537,0.6217846187556836,-0.3050095363279733,-0.39694919842399395,-0.32417575805609167,-0.8308609241736784,-0.9764095780431952,-0.39876443631867603,-0.4674741945555846,-0.5584200968749214,-0.27438062259938295,-0.46279383122060536,True,False,False,False,False,False,False,False,False,False,False,False,True,True,False,True,False,False,False,False,False,True,True,False
19,0.6216001019812771,-0.38223787210925253,0.6217846187556836,-0.13657977405316998,0.04358796425485234,-0.12078760504775256,-0.639236191049572,-0.6141405065342891,-0.39876443631867603,-0.7739908354854502,-0.5584200968749214,-0.27438062259938295,-1.762476595917336,True,False,False,False,False,False,False,False,False,False,False,False,True,True,False,True,False,False,False,False,False,True,True,False
19,0.6831475545941581,-0.40856402448447443,0.6217846187556836,0.03184998822163333,0.12346558166365779,-0.4038819261269253,-0.3830188512544149,-0.9764095780431952,-0.4911338468612609,-0.7739908354854502,-0.5584200968749214,-0.27438062259938295,0.4036613452438818,True,False,False,False,False,False,False,False,False,False,False,False,True,True,False,True,False,False,False,False,False,True,True,False
19,0.7446950072070392,2.3297214635437054,0.6217846187556836,0.20027975049643665,0.3703600354726842,2.41022679227049,2.340636063374782,-2.244351328324367,-0.5835032574038457,-0.7739908354854502,-0.5584200968749214,-0.27438062259938295,-0.46279383122060536,True,False,False,False,False,False,False,False,False,False,False,False,True,True,False,False,False,True,False,False,False,True,True,False
19,0.8062424598199202,2.3297214635437054,0.6217846187556836,0.3687095127712399,2.4374959526580366,1.810025604254345,-0.6779917550522023,0.8349357795013356,-2.1306908839921417,-0.7739908354854502,-0.8312932799240341,-0.27438062259938295,-1.762476595917336,True,False,False,False,False,False,False,False,False,False,False,False,True,True,False,False,False,False,False,False,True,True,True,False
19,0.8677899124328012,0.3402687541884754,0.6217846187556836,0.5371392750460433,1.3240503766565634,0.9016501371022538,-0.18924103124127092,2.102877529782507,0.8944073112775118,-1.080507476415316,-0.8312932799240341,-0.27438062259938295,-1.762476595917336,True,False,False,False,False,False,False,False,False,False,False,False,True,True,False,True,False,False,False,False,False,True,True,False
19,0.9293373650456822,-0.436352740880535,0.6217846187556836,0.7055690373208465,-0.6317409829286588,0.09359450217724721,-0.6133991483811517,-0.9764095780431952,1.5409931850756058,-1.080507476415316,-0.8312932799240341,-0.27438062259938295,1.2701165217083694,True,False,False,False,False,False,False,False,False,False,False,False,True,True,False,True,False,False,False,False,False,True,True,False
19,0.9908848176585633,-0.6006474325555261,0.6217846187556836,0.8739987995956499,-0.1355315414497302,-0.5990246134727543,-0.6952164501644799,-0.9764095780431952,-0.1216562046909215,-1.080507476415316,-0.9677298714485929,-0.27438062259938295,-0.8960214194528492,True,False,False,False,False,False,False,False,False,False,False,False,True,True,False,True,False,False,False,False,False,True,True,False
19,1.0524322702714441,-0.6123479447222914,0.6217846187556836,1.0424285618704532,-0.20814755727591697,-0.5577972851602622,-0.7468905355013203,-0.9764095780431952,-0.029286794148336657,-1.080507476415316,-1.104166462973147,-0.27438062259938295,0.4036613452438818,True,False,False,False,False,False,False,False,False,False,False,False,True,True,False,True,False,False,False,False,False,True,True,False
19,1.1139797228843253,-0.4241647073734925,0.6217846187556836,1.2108583241452564,0.0460084981157281,-0.15651795625192408,-0.770574491280703,-0.9764095780431952,-0.3063950257760912,-1.080507476415316,-1.104166462973147,-0.27438062259938295,-1.762476595917336,True,False,False,False,False,False,False,False,False,False,False,False,True,True,False,True,False,False,False,False,False,True,True,False
19,1.1755271754972063,0.1691487637495402,0.6217846187556836,1.3792880864200598,1.4571797390045669,0.310725097956417,-0.13756694590443047,-0.6141405065342891,-0.3063950257760912,-1.080507476415316,-1.2406030544977056,-0.27438062259938295,-1.762476595917336,True,False,False,False,False,False,False,False,False,False,False,False,True,True,False,True,False,False,False,False,False,True,True,False
19,1.2370746281100873,-0.2974091589002043,0.6217846187556836,1.547717848694863,0.0750549044462028,-0.2362241243227577,-0.11172990323601024,-0.6141405065342891,-0.029286794148336657,-1.3870241173451707,-1.2406030544977056,-0.27438062259938295,-1.762476595917336,True,False,False,False,False,False,False,False,False,False,False,False,True,True,False,True,False,False,False,False,False,True,True,False
19,1.2986220807229683,-0.28180847601118625,0.6217846187556836,1.7161476109696665,0.13314771710715223,-0.19499679601025585,-0.15909781479478322,-0.9764095780431952,-0.029286794148336657,-1.080507476415316,-1.2406030544977056,-0.27438062259938295,0.4036613452438818,True,False,False,False,False,False,False,False,False,False,False,False,True,True,False,True,False,False,False,False,False,True,True,False
19,1.3601695333358494,0.33490601944537696,0.6217846187556836,1.8845773732444697,0.3413136291422095,-0.23072714721442736,2.340636063374782,1.5594739225191478,-0.029286794148336657,-1.3870241173451707,-1.2406030544977056,-0.27438062259938295,-1.762476595917336,True,False,False,False,False,False,False,False,False,False,False,False,True,True,False,True,False,False,False,False,False,True,True,False
19,1.4217169859487304,-0.2374440340455392,0.6217846187556836,2.053007135519273,0.5882080829512358,-0.22385592582900715,-0.32273241836143185,-0.2518714350253829,-1.2300891312019397,-1.3870241173451707,-1.3770396460222645,-0.27438062259938295,-0.8960214194528492,True,False,False,False,False,False,False,False,False,False,False,False,True,True,False,True,False,False,False,False,False,True,True,False
19,1.4832644385616114,-0.24036916208723055,0.6217846187556836,2.221436897794076,0.2469128085681667,-0.20324226167275622,-0.06436199167724493,-0.6141405065342891,0.06308261639424818,-1.3870241173451707,-1.3770396460222645,-0.27438062259938295,-1.762476595917336,True,False,False,False,False,False,False,False,False,False,False,False,True,True,False,True,False,False,False,False,False,True,True,False
19,1.5448118911744924,-0.27888334796949493,0.6217846187556836,2.3898666600688796,0.07747543830707856,-0.10154818516859154,-0.24306820346714128,-0.9764095780431952,-0.39876443631867603,-1.3870241173451707,-1.5134762375468185,-0.27438062259938295,-0.46279383122060536,True,False,False,False,False,False,False,False,False,False,False,False,True,True,False,True,False,False,False,False,False,True,True,False
19,1.6063593437873733,1.34602527918997,0.6217846187556836,2.558296422343683,0.29774401964649744,0.3780630675335001,2.340636063374782,-0.2518714350253829,-0.5835032574038457,-1.3870241173451707,-1.5134762375468185,-0.27438062259938295,-1.762476595917336,True,False,False,False,False,False,False,False,False,False,False,False,True,True,False,True,False,False,False,False,False,True,True,False
19,1.6679067964002545,2.3297214635437054,1.6232850352247616,-0.9787285854271865,2.4374959526580366,1.4362311608876683,1.6817914753300889,-0.2518714350253829,-2.1306908839921417,-1.6935407582750364,-1.5134762375468185,-0.27438062259938295,-0.029566242988361767,True,False,False,False,False,False,False,False,False,False,False,False,True,True,False,True,False,False,False,False,False,True,True,False
19,1.7294542490131355,-2.5367165551498863,1.6232850352247616,-0.8102988231523832,-2.6359430197313274,-2.556292025108715,-2.163621708486304,0.11039763648352328,-0.8606114890316002,-1.3870241173451707,-1.6499128290713772,-0.27438062259938295,0.4036613452438818,True,False,False,False,False,False,False,False,False,False,False,False,True,True,False,True,False,False,False,False,False,True,False,True
6,-1.6556556446953206,2.3297214635437054,-1.3812162141824724,-0.9787285854271865,-0.18152168480631803,2.41022679227049,0.9820382363937359,0.11039763648352328,-2.1306908839921417,1.6781422919534423,1.7610019590425439,2.430961030132826,-0.029566242988361767,False,False,False,False,False,True,False,False,False,False,False,False,True,True,False,False,True,False,False,False,False,True,True,False
6,-1.5941081920824396,0.7380861678584808,-1.3812162141824724,-0.8102988231523832,0.8714105446733557,1.521434306066842,0.9992629315060134,-0.2518714350253829,-0.21402561523350636,1.6781422919534423,1.62456536751799,2.430961030132826,-1.762476595917336,False,False,False,False,False,True,False,False,False,False,False,False,True,True,False,False,False,False,True,False,False,True,False,True
6,-1.5325607394695586,0.623031131551958,-1.3812162141824724,-0.6418690608775799,0.6075723538382162,0.9854790380043377,1.5655247833222055,1.5594739225191478,-0.1216562046909215,1.6781422919534423,1.7610019590425439,2.430961030132826,0.4036613452438818,False,False,False,False,False,True,False,False,False,False,False,False,True,True,False,True,False,False,False,False,False,True,False,True
6,-1.4710132868566774,0.8765422284985342,-1.3812162141824724,-0.4734392986027766,1.9485481127617525,1.0074669464376687,1.457870438870457,1.1972048510102418,2.118302000966761,1.6781422919534423,1.7610019590425439,2.430961030132826,-0.46279383122060536,False,False,False,False,False,True,False,False,False,False,False,False,True,True,False,True,False,False,False,False,False,True,True,False
6,-1.4094658342437965,0.8755671858179659,-1.3812162141824724,-0.3050095363279733,0.3388930952813337,1.8814863066626784,1.5160037848744026,1.5594739225191478,1.5409931850756058,1.3716256510235767,1.4881287759934312,2.430961030132826,1.7033441099406126,False,False,False,False,False,True,False,False,False,False,False,False,True,True,False,True,False,False,False,False,False,True,True,False
6,-1.3479183816309155,0.8755671858179659,-1.3812162141824724,-0.13657977405316998,0.3534162984465711,1.7234482147980912,1.750690255779207,1.5594739225191478,2.00284023778853,1.065109010093722,1.4881287759934312,2.430961030132826,0.4036613452438818,False,False,False,False,False,True,False,False,False,False,False,False,True,True,False,True,False,False,False,False,False,True,True,False
6,-1.2863709290180345,0.946745301499119,-1.3812162141824724,0.03184998822163333,0.3752011031944271,1.7124542605814208,2.0628878546892717,1.1972048510102418,1.2638849534478511,1.065109010093722,1.3516921844688725,-0.27438062259938295,0.4036613452438818,False,False,False,False,False,True,False,False,False,False,False,False,True,True,False,True,False,False,False,False,False,True,True,False
6,-1.2248234764051535,0.9959849568675873,-1.3812162141824724,0.20027975049643665,0.9658113652473899,1.562661634379334,1.9896829004620864,-0.2518714350253829,1.9104708272459452,1.065109010093722,1.3516921844688725,-0.27438062259938295,1.7033441099406126,False,False,False,False,False,True,False,False,False,False,False,False,True,True,False,True,False,False,False,False,False,True,True,False
6,-1.1632760237922724,1.1744177674107508,-1.3812162141824724,0.3687095127712399,1.6871304557874802,1.8347620012418364,1.7097816048875467,-0.2518714350253829,0.3401908480220027,1.3716256510235767,1.2152555929443185,-0.27438062259938295,0.4036613452438818,False,False,False,False,False,True,False,False,False,False,False,False,True,True,False,True,False,False,False,False,False,True,True,False
6,-1.1017285711793914,1.4849688611703007,-1.3812162141824724,0.5371392750460433,1.6338787108482822,2.183820047621012,2.340636063374782,-1.3386786495521015,0.3401908480220027,1.065109010093722,1.2152555929443185,-0.27438062259938295,1.2701165217083694,False,False,False,False,False,True,False,False,False,False,False,False,True,True,False,True,False,False,False,False,False,True,True,False
6,-1.0401811185665104,2.3297214635437054,-1.3812162141824724,0.7055690373208465,2.4374959526580366,2.41022679227049,2.340636063374782,-0.2518714350253829,-0.7682420784890154,1.3716256510235767,0.9423824098952058,-0.27438062259938295,0.4036613452438818,False,False,False,False,False,True,False,False,False,False,False,False,True,True,False,True,False,False,False,False,False,True,True,False
6,-0.9786336659536293,2.3297214635437054,-0.3797157977133944,-1.4840178722515964,2.4374959526580366,0.7078816940334952,0.420082558355619,2.102877529782507,-2.1306908839921417,1.065109010093722,0.9423824098952058,-0.27438062259938295,1.7033441099406126,False,False,False,False,False,True,False,False,False,False,True,False,False,False,True,True,False,False,False,False,False,True,True,False
6,-0.9170862133407484,0.09748312672810981,-0.3797157977133944,-1.3155881099767932,0.20334319907246323,-0.03970719269983879,1.2102654466314426,1.1972048510102418,-0.5835032574038457,1.065109010093722,0.805945818370647,-0.27438062259938295,1.2701165217083694,False,False,False,False,False,True,False,False,False,False,True,False,False,False,True,True,False,False,False,False,False,True,False,True
6,-0.8555387607278674,-0.17504130248946007,-0.3797157977133944,-1.1471583477019898,-0.3122305132934456,0.08672328079182698,0.2672133892341352,0.47266670799242944,2.118302000966761,1.065109010093722,0.805945818370647,-0.27438062259938295,1.2701165217083694,False,False,False,False,False,True,False,False,False,False,True,False,False,False,True,True,False,False,False,False,False,True,False,True
6,-0.7939913081149863,-0.11410113495422658,-0.3797157977133944,-0.9787285854271865,-0.029028051571325823,-0.003976841495667285,0.42654181902272403,0.47266670799242944,0.24782143747941787,1.065109010093722,0.805945818370647,-0.27438062259938295,0.4036613452438818,False,False,False,False,False,True,False,False,False,False,True,False,False,False,True,True,False,False,False,False,False,True,True,False
6,-0.7324438555021053,-0.03414763514799952,-0.3797157977133944,-0.8102988231523832,0.04116743039398518,0.23789015127099386,0.3382652565722908,0.11039763648352328,0.15545202693683305,0.7585923691638562,0.6695092268460883,-0.27438062259938295,1.2701165217083694,False,False,False,False,False,True,False,False,False,False,True,False,False,False,True,True,False,False,False,False,False,True,True,False
6,-0.6708964028892243,0.09260791332528864,-0.3797157977133944,-0.6418690608775799,0.09199864147230732,0.39592824313558095,0.6052480308126204,-0.2518714350253829,0.24782143747941787,0.7585923691638562,0.5330726353215343,-0.27438062259938295,0.4036613452438818,False,False,False,False,False,True,False,False,False,False,True,False,False,False,True,True,False,False,False,False,False,True,True,False
6,-0.6093489502763433,0.5445401957665765,-0.3797157977133944,-0.4734392986027766,1.6919715235092316,0.5979421518668302,0.8614653706077774,0.8349357795013356,0.6172990796497573,0.7585923691638562,0.5330726353215343,-0.27438062259938295,0.4036613452438818,False,False,False,False,False,True,False,False,False,False,True,False,False,False,True,True,False,False,False,False,False,True,True,False
6,-0.5478014976634622,0.2081504709720888,-0.3797157977133944,-0.3050095363279733,0.8496257399254996,0.310725097956417,0.5751048143661327,0.11039763648352328,1.9104708272459452,0.45207572823399056,0.5330726353215343,-2.979722275331592,0.4036613452438818,False,False,False,False,False,True,False,False,False,False,True,False,False,False,True,True,False,False,False,False,False,True,True,False
6,-0.48625404505058123,0.1408725260131954,-0.3797157977133944,-0.13657977405316998,0.4163501788292634,0.2598780597043347,0.7430455917108565,-0.6141405065342891,0.3401908480220027,0.45207572823399056,0.3966360437969755,-0.27438062259938295,-0.46279383122060536,False,False,False,False,False,True,False,False,False,False,True,False,False,False,True,True,False,False,False,False,False,True,True,False
6,-0.4247065924377002,0.24227696479182315,-0.3797157977133944,0.03184998822163333,0.6027312861164732,0.4247873729543322,0.7667295474902391,-0.2518714350253829,0.15545202693683305,0.45207572823399056,0.2601994522724216,-0.27438062259938295,0.4036613452438818,False,False,False,False,False,True,False,False,False,False,True,False,False,False,True,True,False,False,False,False,False,True,True,False
6,-0.3631591398248192,0.354894394396932,-0.3797157977133944,0.20027975049643665,1.009380974743102,0.4934995868084955,0.7947196770476969,-0.2518714350253829,-0.029286794148336657,0.1455590873041358,0.12376286074786279,-0.27438062259938295,-0.46279383122060536,False,False,False,False,False,True,False,False,False,False,True,False,False,False,True,True,False,False,False,False,False,True,True,False
6,-0.30161168721193815,0.32174294325776603,-0.3797157977133944,0.3687095127712399,0.7576454532123326,0.5361011593980775,0.8054851114928695,-0.6141405065342891,0.06308261639424818,-0.16095755362572983,-0.012673730776696004,-0.27438062259938295,-0.46279383122060536,False,False,False,False,False,True,False,False,False,False,True,False,False,False,True,True,False,False,False,False,False,True,True,False
6,-0.24006423459905715,0.3163802085146676,-0.3797157977133944,0.5371392750460433,0.9416060266386667,0.45914347988141385,0.738739417932789,-0.2518714350253829,0.06308261639424818,-0.16095755362572983,-0.012673730776696004,-0.27438062259938295,1.2701165217083694,False,False,False,False,False,True,False,False,False,False,True,False,False,False,True,True,False,False,False,False,False,True,True,False
6,-0.17851678198617613,0.5308895982386883,-0.3797157977133944,0.7055690373208465,1.0868380582910315,1.078927648846002,0.5858702488113052,-0.2518714350253829,0.15545202693683305,-0.16095755362572983,-0.012673730776696004,-0.27438062259938295,0.4036613452438818,False,False,False,False,False,True,False,False,False,False,True,False,False,False,True,True,False,False,False,False,False,True,True,False
6,-0.11696932937329511,1.81599585122169,-0.3797157977133944,0.8739987995956499,0.7842713256819315,0.7573544880084975,2.340636063374782,-0.2518714350253829,0.15545202693683305,-0.16095755362572983,-0.012673730776696004,-0.27438062259938295,0.4036613452438818,False,False,False,False,False,True,False,False,False,False,True,False,False,False,True,True,False,False,False,False,False,True,True,False
6,-0.05542187676041409,2.3297214635437054,0.6217846187556836,-1.4840178722515964,2.4374959526580366,-0.9233462628644289,-0.45622380548160046,-0.2518714350253829,-2.1306908839921417,0.1455590873041358,-0.012673730776696004,-0.27438062259938295,0.4036613452438818,False,False,False,False,False,True,False,False,False,False,True,False,False,False,True,True,False,False,False,False,False,True,True,False
6,0.006125575852466929,-1.0847561234554255,0.6217846187556836,-1.3155881099767932,-1.3191725994165315,-1.4235711797227617,-0.48852010881712576,-0.6141405065342891,-0.21402561523350636,-0.16095755362572983,-0.012673730776696004,-0.27438062259938295,0.4036613452438818,False,False,False,False,False,True,False,False,False,False,True,False,False,False,True,True,False,False,False,False,False,True,False,True
6,0.06767302846534795,-0.8814597245578858,0.6217846187556836,-1.1471583477019898,-1.1279504244075786,-1.037408537862344,-0.36579415614213734,-0.2518714350253829,-0.3063950257760912,-0.4674741945555846,-0.2855469138258087,-0.27438062259938295,0.4036613452438818,False,False,False,False,False,True,False,False,False,False,True,False,False,False,True,True,False,False,False,False,False,True,True,False
6,0.12922048107822898,-0.7746925510361526,0.6217846187556836,-0.9787285854271865,-0.585750839572071,-0.8477628276248454,-0.6736855812741271,-0.2518714350253829,-0.3063950257760912,-0.16095755362572983,-0.2855469138258087,-0.27438062259938295,0.4036613452438818,False,False,False,False,False,True,False,False,False,False,True,False,False,False,True,True,False,False,False,False,False,True,True,False
6,0.19076793369110998,-0.6411117037989204,0.6217846187556836,-0.8102988231523832,-0.5930124411546897,-0.6141413005206748,-0.44330528414739034,-0.2518714350253829,-0.21402561523350636,-0.16095755362572983,-0.42198350535036266,-0.27438062259938295,0.4036613452438818,False,False,False,False,False,True,False,False,False,False,True,False,False,False,True,True,False,False,False,False,False,True,True,False
6,0.25231538630399103,-0.6825510177228831,0.6217846187556836,-0.6418690608775799,-0.7503471421114247,-0.7694309038310919,-0.24306820346714128,-0.2518714350253829,-0.21402561523350636,-0.16095755362572983,-0.42198350535036266,-0.27438062259938295,0.4036613452438818,False,False,False,False,False,True,False,False,False,False,True,False,False,False,True,True,False,False,False,False,False,True,True,False
6,0.313862838916872,-0.7044894780355679,0.6217846187556836,-0.4734392986027766,-0.5639660348242149,-0.9027325987081779,-0.2968953756930193,-0.6141405065342891,-0.1216562046909215,-0.16095755362572983,-0.42198350535036266,-0.27438062259938295,-0.029566242988361767,False,False,False,False,False,True,False,False,False,False,True,False,False,False,True,True,False,False,False,False,False,True,True,False
6,0.375410291529753,-0.6391616184377975,0.6217846187556836,-0.3050095363279733,-0.5518633655198533,-0.6759822929894276,-0.37440650369827233,-0.2518714350253829,0.24782143747941787,-0.4674741945555846,-0.42198350535036266,-0.27438062259938295,-0.029566242988361767,False,False,False,False,False,True,False,False,False,False,True,False,False,False,True,True,False,False,False,False,False,True,True,False
6,0.43695774414263405,-0.542632393061984,0.6217846187556836,-0.13657977405316998,-0.13795207531060596,-0.6457489188935962,-0.3636410692530998,-0.2518714350253829,-0.21402561523350636,-0.16095755362572983,-0.42198350535036266,-0.27438062259938295,-0.46279383122060536,False,False,False,False,False,True,False,False,False,False,True,False,False,False,True,True,False,False,False,False,False,True,True,False
6,0.4985051967555151,-0.46852914933913953,0.6217846187556836,0.03184998822163333,0.0750549044462028,-0.5179442011248405,-0.42608058903511276,-0.6141405065342891,-0.3063950257760912,-0.4674741945555846,-0.42198350535036266,-0.27438062259938295,-0.46279383122060536,False,False,False,False,False,True,False,False,False,False,True,False,False,False,True,True,False,False,False,False,False,True,True,False
6,0.560052649368396,-0.5353195729577557,0.6217846187556836,0.20027975049643665,0.07747543830707856,-0.7227065984102597,-0.4023966332557301,-0.6141405065342891,-0.4911338468612609,-0.4674741945555846,-0.5584200968749214,-0.27438062259938295,-0.46279383122060536,False,False,False,False,False,True,False,False,False,False,True,False,False,False,True,True,False,False,False,False,False,True,True,False
6,0.6216001019812771,-0.4948553017143614,0.6217846187556836,0.3687095127712399,-0.10406460125838835,-0.6539943845560966,-0.16986324923995574,-0.6141405065342891,-0.4911338468612609,-0.7739908354854502,-0.5584200968749214,-0.27438062259938295,-1.762476595917336,False,False,False,False,False,True,False,False,False,False,True,False,False,False,True,True,False,False,False,False,False,True,True,False
6,0.6831475545941581,-0.4982679510963369,0.6217846187556836,0.5371392750460433,-0.15731634619758625,-0.6347549646769258,-0.16771016235091818,-0.6141405065342891,-0.6758726679464305,-0.7739908354854502,-0.5584200968749214,-0.27438062259938295,-0.46279383122060536,False,False,False,False,False,True,False,False,False,False,True,False,False,False,True,True,False,False,False,False,False,True,True,False
6,0.7446950072070392,2.3297214635437054,0.6217846187556836,0.7055690373208465,0.10410131077667752,2.41022679227049,2.340636063374782,-0.2518714350253829,-0.3063950257760912,-0.7739908354854502,-0.5584200968749214,-0.27438062259938295,-0.46279383122060536,False,False,False,False,False,True,False,False,False,False,True,False,False,False,True,False,False,True,False,False,False,True,True,False
6,0.8062424598199202,2.3297214635437054,1.6232850352247616,-0.9787285854271865,2.4374959526580366,1.847130199735587,-0.5961744532688742,0.11039763648352328,-2.1306908839921417,-0.7739908354854502,-0.8312932799240341,-0.27438062259938295,-1.762476595917336,False,False,False,False,False,True,False,False,False,False,False,False,True,True,False,False,False,False,False,False,True,True,True,False
6,0.8677899124328012,-1.2627014126583047,1.6232850352247616,-0.8102988231523832,-1.5297590453124645,-1.474418217974844,-1.007414049074545,0.47266670799242944,0.06308261639424818,-1.080507476415316,-0.8312932799240341,-0.27438062259938295,-1.762476595917336,False,False,False,False,False,True,False,False,False,False,False,False,True,True,False,True,False,False,False,False,False,True,False,True
6,0.9293373650456822,-1.1764101354284109,1.6232850352247616,-0.6418690608775799,-1.2223512449816214,-1.6888003251998536,-0.5638781499333488,0.47266670799242944,-0.21402561523350636,-1.080507476415316,-0.9677298714485929,-0.27438062259938295,-1.762476595917336,False,False,False,False,False,True,False,False,False,False,False,False,True,True,False,True,False,False,False,False,False,True,True,False
6,0.9908848176585633,-1.0384415961286486,1.6232850352247616,-0.4734392986027766,-1.1594173645989292,-1.2160602938831822,-0.7511967092793879,0.47266670799242944,-0.39876443631867603,-1.080507476415316,-0.9677298714485929,-0.27438062259938295,-0.8960214194528492,False,False,False,False,False,True,False,False,False,False,False,False,True,True,False,True,False,False,False,False,False,True,True,False
6,1.0524322702714441,-0.9224115171415642,1.6232850352247616,-0.3050095363279733,-0.8374863611028402,-1.2229315152685927,-0.514357151485546,0.47266670799242944,-0.39876443631867603,-1.080507476415316,-1.104166462973147,-0.27438062259938295,0.4036613452438818,False,False,False,False,False,True,False,False,False,False,False,False,True,True,False,True,False,False,False,False,False,True,True,False
6,1.1139797228843253,0.37342020532764136,1.6232850352247616,-0.13657977405316998,-1.1085861535205985,2.41022679227049,-0.460529979259668,-0.2518714350253829,-0.1216562046909215,-1.080507476415316,-1.2406030544977056,-0.27438062259938295,-0.8960214194528492,False,False,False,False,False,True,False,False,False,False,False,False,True,True,False,True,False,False,False,False,False,True,True,False
6,1.1755271754972063,-1.170072358004751,1.6232850352247616,0.03184998822163333,-1.2707619221990765,-1.4414363553248524,-0.8803819226214813,-0.2518714350253829,-0.1216562046909215,-1.080507476415316,-1.2406030544977056,-0.27438062259938295,-1.762476595917336,False,False,False,False,False,True,False,False,False,False,False,False,True,True,False,True,False,False,False,False,False,True,True,False
6,1.2370746281100873,-1.0335663827258275,1.6232850352247616,0.20027975049643665,-0.9827183927552138,-1.3163801261102666,-0.7296658403890351,-0.2518714350253829,-0.3063950257760912,-1.3870241173451707,-1.2406030544977056,-0.27438062259938295,-1.762476595917336,False,False,False,False,False,True,False,False,False,False,False,False,True,True,False,True,False,False,False,False,False,True,True,False
6,1.2986220807229683,-1.0379540747883644,1.6232850352247616,0.3687095127712399,-0.8495890304072105,-1.38921507279568,-0.7533497961684255,-0.2518714350253829,-0.3063950257760912,-1.3870241173451707,-1.2406030544977056,-0.27438062259938295,-1.762476595917336,False,False,False,False,False,True,False,False,False,False,False,False,True,True,False,True,False,False,False,False,False,True,True,False
6,1.3601695333358494,-0.9575130536418531,1.6232850352247616,0.5371392750460433,-0.8205426240767357,-1.4015832712894305,-0.40454972014476004,-0.2518714350253829,-0.3063950257760912,-1.3870241173451707,-1.2406030544977056,-0.27438062259938295,-1.762476595917336,False,False,False,False,False,True,False,False,False,False,False,False,True,True,False,True,False,False,False,False,False,True,True,False
6,1.4217169859487304,-0.926311687863817,1.6232850352247616,0.7055690373208465,-0.7358239389461874,-1.2256800038227627,-0.6177053221592193,-0.2518714350253829,-0.21402561523350636,-1.3870241173451707,-1.3770396460222645,-0.27438062259938295,-0.8960214194528492,False,False,False,False,False,True,False,False,False,False,False,False,True,True,False,True,False,False,False,False,False,True,True,False
6,1.4832644385616114,-0.6284361489515936,1.6232850352247616,0.8739987995956499,-0.6632079231200007,-0.7817991023248425,-0.06220890478820737,-0.2518714350253829,-0.029286794148336657,-1.3870241173451707,-1.3770396460222645,-0.27438062259938295,-1.762476595917336,False,False,False,False,False,True,False,False,False,False,False,False,True,True,False,True,False,False,False,False,False,True,True,False
6,1.5448118911744924,-0.5553079479093176,1.6232850352247616,1.0424285618704532,-0.370323325954395,-0.638877697508176,-0.22369042146582613,0.11039763648352328,0.06308261639424818,-1.3870241173451707,-1.5134762375468185,-0.27438062259938295,-0.46279383122060536,False,False,False,False,False,True,False,False,False,False,False,False,True,True,False,True,False,False,False,False,False,True,True,False
6,1.6063593437873733,-0.36468710385910463,1.6232850352247616,1.2108583241452564,-0.2831841069629709,-0.5096987354623401,0.3382652565722908,0.11039763648352328,-0.029286794148336657,-1.3870241173451707,-1.5134762375468185,-0.27438062259938295,-1.762476595917336,False,False,False,False,False,True,False,False,False,False,False,False,True,True,False,True,False,False,False,False,False,True,True,False
6,1.6679067964002545,-0.3130098417892293,1.6232850352247616,1.3792880864200598,1.8354759148883723e-05,-0.2856969182977599,-0.03637186211978714,0.47266670799242944,0.15545202693683305,-1.6935407582750364,-1.5134762375468185,-0.27438062259938295,-0.029566242988361767,False,False,False,False,False,True,False,False,False,False,False,False,True,True,False,True,False,False,False,False,False,True,True,False
6,1.7294542490131355,-2.1141328265160544e-05,1.6232850352247616,1.547717848694863,0.5809464813686172,-0.15239522342067388,0.6203196390358681,0.11039763648352328,0.15545202693683305,-1.3870241173451707,-1.6499128290713772,-0.27438062259938295,0.4036613452438818,False,False,False,False,False,True,False,False,False,False,False,False,True,True,False,True,False,False,False,False,False,True,True,False
10,-1.6556556446953206,2.3297214635437054,-1.3812162141824724,-0.9787285854271865,-0.18152168480631803,2.41022679227049,0.8894555001652352,-0.6141405065342891,-2.1306908839921417,1.6781422919534423,1.7610019590425439,2.430961030132826,-0.029566242988361767,False,False,True,False,False,False,False,False,False,False,False,False,True,True,False,False,True,False,False,False,False,True,True,False
10,-1.5941081920824396,0.5859795096905392,-1.3812162141824724,-0.8102988231523832,0.8786721462559743,1.1160322443272537,0.9562011937253156,-0.6141405065342891,-0.7682420784890154,1.6781422919534423,1.62456536751799,2.430961030132826,-1.762476595917336,False,False,True,False,False,False,False,False,False,False,False,False,True,True,False,False,False,False,True,False,False,True,False,True
10,-1.5325607394695586,0.3617196931608761,-1.3812162141824724,-0.6418690608775799,0.3074261550899918,0.794459083489749,0.9777320626156684,0.8349357795013356,-0.9529808995741851,1.6781422919534423,1.7610019590425439,2.430961030132826,0.4036613452438818,False,False,True,False,False,False,False,False,False,False,False,False,True,True,False,True,False,False,False,False,False,True,False,True
10,-1.4710132868566774,0.16427355034672594,-1.3812162141824724,-0.4734392986027766,-0.17183954936282358,0.5965679075897501,0.8420875886064623,-0.9764095780431952,2.118302000966761,1.6781422919534423,1.7610019590425439,2.430961030132826,-0.46279383122060536,False,False,True,False,False,False,False,False,False,False,False,False,True,True,False,True,False,False,False,False,False,True,False,True
10,-1.4094658342437965,0.5240642994747442,-1.3812162141824724,-0.3050095363279733,0.6995526405513832,0.8837849615001632,1.2059592728533677,-0.9764095780431952,-0.39876443631867603,1.3716256510235767,1.4881287759934312,2.430961030132826,1.7033441099406126,False,False,True,False,False,False,False,False,False,False,False,False,True,True,False,True,False,False,False,False,False,True,True,False
10,-1.3479183816309155,0.5484403664888363,-1.3812162141824724,-0.13657977405316998,0.8399436044820052,0.879662228668913,1.195193838408195,-0.9764095780431952,-0.39876443631867603,1.065109010093722,1.4881287759934312,2.430961030132826,0.4036613452438818,False,False,True,False,False,False,False,False,False,False,False,False,True,True,False,True,False,False,False,False,False,True,True,False
10,-1.2863709290180345,0.6249812169130878,-1.3812162141824724,0.03184998822163333,0.9658113652473899,0.9470001982460059,1.3157667041941536,-0.9764095780431952,-0.39876443631867603,1.065109010093722,1.3516921844688725,2.430961030132826,0.4036613452438818,False,False,True,False,False,False,False,False,False,False,False,False,True,True,False,True,False,False,False,False,False,True,True,False
10,-1.2248234764051535,0.6610577960939451,-1.3812162141824724,0.20027975049643665,1.096520193734526,1.03357758770225,1.2231839679656529,-0.9764095780431952,-0.8606114890316002,1.065109010093722,1.3516921844688725,-0.27438062259938295,1.7033441099406126,False,False,True,False,False,False,False,False,False,False,False,False,True,True,False,True,False,False,False,False,False,True,True,False
10,-1.1632760237922724,0.809264283539634,-1.3812162141824724,0.3687095127712399,1.2998450380478404,1.3056779545647523,1.2705518795244182,-0.9764095780431952,-1.2300891312019397,1.3716256510235767,1.2152555929443185,-0.27438062259938295,0.4036613452438818,False,False,True,False,False,False,False,False,False,False,False,False,True,True,False,True,False,False,False,False,False,True,True,False
10,-1.1017285711793914,0.8053641128173812,-1.3812162141824724,0.5371392750460433,1.2054442174737976,1.1998611452293375,1.5030852635401926,-0.9764095780431952,-1.599566773372279,1.065109010093722,1.2152555929443185,-0.27438062259938295,1.2701165217083694,False,False,True,False,False,False,False,False,False,False,False,False,True,True,False,True,False,False,False,False,False,True,True,False
10,-1.0401811185665104,0.8916553900472681,-1.3812162141824724,0.7055690373208465,1.4184511972306064,1.3359113286605837,1.4815543946498397,-1.3386786495521015,-1.599566773372279,1.3716256510235767,0.9423824098952058,-0.27438062259938295,0.4036613452438818,False,False,True,False,False,False,False,False,False,False,False,False,True,True,False,True,False,False,False,False,False,True,True,False
10,-0.9786336659536293,2.2333141185029732,-1.3812162141824724,0.8739987995956499,1.4862261453350416,1.3977523211293363,2.340636063374782,-0.2518714350253829,-1.1377197206593548,1.065109010093722,0.9423824098952058,-0.27438062259938295,1.7033441099406126,False,False,True,False,False,False,False,False,False,False,False,False,True,True,False,True,False,False,False,False,False,True,True,False
10,-0.9170862133407484,2.3297214635437054,-0.3797157977133944,-1.4840178722515964,2.4374959526580366,-0.5632942622685926,-0.06220890478820737,1.9217429940280542,-2.1306908839921417,1.065109010093722,0.805945818370647,-0.27438062259938295,1.2701165217083694,False,False,True,False,False,False,False,False,False,False,True,False,False,False,True,True,False,False,False,False,False,True,True,False
10,-0.8555387607278674,-0.27157052786526664,-0.3797157977133944,-1.3155881099767932,-0.6220588474851643,0.10458845639390786,0.08850717744423883,1.5594739225191478,2.118302000966761,1.065109010093722,0.805945818370647,-0.27438062259938295,1.2701165217083694,False,False,True,False,False,False,False,False,False,False,True,False,False,False,True,True,False,False,False,False,False,True,False,True
10,-0.7939913081149863,1.2953230598006562,-0.3797157977133944,-1.1471583477019898,-0.13795207531060596,0.24750986121058413,2.340636063374782,-0.2518714350253829,1.5409931850756058,1.065109010093722,0.805945818370647,-0.27438062259938295,0.4036613452438818,False,False,True,False,False,False,False,False,False,False,True,False,False,False,True,True,False,False,False,False,False,True,True,False
10,-0.7324438555021053,2.3297214635437054,0.6217846187556836,-0.9787285854271865,2.4374959526580366,-0.30356209389984073,-0.27751759369170415,-1.3386786495521015,-2.1306908839921417,0.7585923691638562,0.6695092268460883,-0.27438062259938295,1.2701165217083694,False,False,True,False,False,False,False,False,False,False,True,False,False,True,False,True,False,False,False,False,False,True,True,False
10,-0.6708964028892243,-0.20770523228834184,0.6217846187556836,-0.8102988231523832,0.28564135034213584,-0.11254213938525219,-0.09665829501277022,-1.3386786495521015,-0.8606114890316002,0.7585923691638562,0.5330726353215343,-0.27438062259938295,0.4036613452438818,False,False,True,False,False,False,False,False,False,False,True,False,False,True,False,True,False,False,False,False,False,True,True,False
10,-0.6093489502763433,-0.1560279702184665,0.6217846187556836,-0.6418690608775799,0.3800421709161786,-0.03970719269983879,-0.06651507856627485,-1.3386786495521015,-1.04535031011677,0.45207572823399056,0.5330726353215343,-0.27438062259938295,-0.46279383122060536,False,False,True,False,False,False,False,False,False,False,True,False,False,True,False,True,False,False,False,False,False,True,True,False
10,-0.5478014976634622,-0.18966694269791667,0.6217846187556836,-0.4734392986027766,0.5591616766207612,-0.20324226167275622,-0.1181891639031153,-1.3386786495521015,-1.1377197206593548,0.45207572823399056,0.5330726353215343,-2.979722275331592,0.4036613452438818,False,False,True,False,False,False,False,False,False,False,True,False,False,True,False,True,False,False,False,False,False,True,True,False
10,-0.48625404505058123,-0.19356711342016944,0.6217846187556836,-0.3050095363279733,0.4478171190206139,-0.08230876528942077,-0.2258435083548637,-1.3386786495521015,-1.1377197206593548,0.45207572823399056,0.3966360437969755,-0.27438062259938295,-0.46279383122060536,False,False,True,False,False,False,False,False,False,False,True,False,False,True,False,True,False,False,False,False,False,True,True,False
10,-0.4247065924377002,-0.11215104959309673,0.6217846187556836,-0.13657977405316998,0.5180126009859248,-0.027338994206088246,-0.014840993229442058,-1.3386786495521015,-1.2300891312019397,0.1455590873041358,0.2601994522724216,-0.27438062259938295,-0.029566242988361767,False,False,True,False,False,False,False,False,False,False,True,False,False,True,False,True,False,False,False,False,False,True,True,False
10,-0.3631591398248192,-0.08679993989843632,0.6217846187556836,0.03184998822163333,0.3582573661683226,0.14993851753765988,-0.038524949008824715,-0.9764095780431952,-0.5835032574038457,0.1455590873041358,0.12376286074786279,-0.27438062259938295,-0.46279383122060536,False,False,True,False,False,False,False,False,False,False,True,False,False,True,False,True,False,False,False,False,False,True,True,False
10,-0.30161168721193815,0.4124219125501969,0.6217846187556836,0.20027975049643665,1.6919715235092316,0.4934995868084955,0.44161342724596403,-0.6141405065342891,0.24782143747941787,-0.16095755362572983,-0.012673730776696004,-0.27438062259938295,-0.46279383122060536,False,False,True,False,False,False,False,False,False,False,True,False,False,True,False,True,False,False,False,False,False,True,True,False
10,-0.24006423459905715,0.08578261456134453,0.6217846187556836,0.3687095127712399,0.583367015229493,0.27774323530641554,0.32319364834904313,-0.6141405065342891,-0.3063950257760912,-0.16095755362572983,-0.012673730776696004,-0.27438062259938295,0.4036613452438818,False,False,True,False,False,False,False,False,False,False,True,False,False,True,False,True,False,False,False,False,False,True,True,False
10,-0.17851678198617613,0.11162124559628221,0.6217846187556836,0.5371392750460433,0.5978902183947303,0.44127830427933296,0.16817139233852943,-0.2518714350253829,-0.39876443631867603,-0.16095755362572983,-0.012673730776696004,-0.27438062259938295,0.4036613452438818,False,False,True,False,False,False,False,False,False,False,True,False,False,True,False,True,False,False,False,False,False,True,True,False
10,-0.11696932937329511,0.15354808086052213,0.6217846187556836,0.7055690373208465,0.6027312861164732,0.4852541211459951,0.2801319105683453,-0.6141405065342891,-0.5835032574038457,-0.16095755362572983,-0.012673730776696004,-0.27438062259938295,0.4036613452438818,False,False,True,False,False,False,False,False,False,False,True,False,False,True,False,True,False,False,False,False,False,True,True,False
10,-0.05542187676041409,0.18913713870109522,0.6217846187556836,0.8739987995956499,0.7043937082731261,0.4934995868084955,0.3339590827942233,-0.9764095780431952,-0.3063950257760912,0.1455590873041358,-0.012673730776696004,-0.27438062259938295,-0.029566242988361767,False,False,True,False,False,False,False,False,False,False,True,False,False,True,False,True,False,False,False,False,False,True,True,False
10,0.006125575852466929,0.3997463577028632,0.6217846187556836,1.0424285618704532,0.9827551022735029,0.9112698470418343,0.36194921235167343,-0.2518714350253829,-0.39876443631867603,-0.16095755362572983,-0.012673730776696004,-0.27438062259938295,1.2701165217083694,False,False,True,False,False,False,False,False,False,False,True,False,False,True,False,True,False,False,False,False,False,True,True,False
10,0.06767302846534795,0.9628335057284212,0.6217846187556836,1.2108583241452564,0.6414598278904338,2.41022679227049,0.6526159423713933,-0.2518714350253829,-0.7682420784890154,-0.4674741945555846,-0.2855469138258087,-0.27438062259938295,0.4036613452438818,False,False,True,False,False,False,False,False,False,False,True,False,False,True,False,True,False,False,False,False,False,True,True,False
10,0.12922048107822898,0.268603117167045,0.6217846187556836,1.3792880864200598,0.6680857003600413,0.6199300603001613,0.5191245552512247,-0.6141405065342891,-0.4911338468612609,-0.16095755362572983,-0.2855469138258087,-0.27438062259938295,0.4036613452438818,False,False,True,False,False,False,False,False,False,False,True,False,False,True,False,True,False,False,False,False,False,True,True,False
10,0.19076793369110998,0.264215425104508,0.6217846187556836,1.547717848694863,0.793953461125426,0.6721513428293335,0.30596895323676554,-0.6141405065342891,-0.4911338468612609,-0.16095755362572983,-0.42198350535036266,-0.27438062259938295,0.4036613452438818,False,False,True,False,False,False,False,False,False,False,True,False,False,True,False,True,False,False,False,False,False,True,True,False
10,0.25231538630399103,2.3297214635437054,0.6217846187556836,1.7161476109696665,0.7431222500470952,1.1861187024585067,2.340636063374782,-0.2518714350253829,-0.8606114890316002,-0.16095755362572983,-0.42198350535036266,-0.27438062259938295,0.4036613452438818,False,False,True,False,False,False,False,False,False,False,True,False,False,True,False,True,False,False,False,False,False,True,True,False
10,0.313862838916872,2.3297214635437054,1.6232850352247616,-1.4840178722515964,2.4374959526580366,-1.0717646447894258,-1.3842042546556603,-0.2518714350253829,-2.1306908839921417,-0.16095755362572983,-0.42198350535036266,-0.27438062259938295,-0.029566242988361767,False,False,True,False,False,False,False,False,False,False,True,False,False,False,True,True,False,False,False,False,False,True,True,False
10,0.375410291529753,-1.174460050067288,1.6232850352247616,-1.3155881099767932,-1.2102485756772514,-1.3424907673748478,-1.1086091328591883,-0.2518714350253829,-0.4911338468612609,-0.4674741945555846,-0.42198350535036266,-0.27438062259938295,-0.46279383122060536,False,False,True,False,False,False,False,False,False,False,True,False,False,False,True,True,False,False,False,False,False,True,False,True
10,0.43695774414263405,-1.0930439862402153,1.6232850352247616,-1.1471583477019898,-0.9173639785116456,-1.2160602938831822,-1.2076511297547938,-0.2518714350253829,-0.39876443631867603,-0.4674741945555846,-0.42198350535036266,-0.27438062259938295,-0.029566242988361767,False,False,True,False,False,False,False,False,False,False,True,False,False,False,True,True,False,False,False,False,False,True,True,False
10,0.4985051967555151,-0.8980354501274653,1.6232850352247616,-0.9787285854271865,-0.9294666478160073,-0.8189036978060942,-0.957893050626742,-0.2518714350253829,-0.21402561523350636,-0.4674741945555846,-0.42198350535036266,-0.27438062259938295,-0.46279383122060536,False,False,True,False,False,False,False,False,False,False,True,False,False,False,True,True,False,False,False,False,False,True,True,False
10,0.560052649368396,-0.910711004974799,1.6232850352247616,-0.8102988231523832,-0.7793935484418995,-0.9659478354540109,-0.9169843997350741,-0.2518714350253829,-0.9529808995741851,-0.7739908354854502,-0.5584200968749214,-0.27438062259938295,0.4036613452438818,False,False,True,False,False,False,False,False,False,False,True,False,False,False,True,True,False,False,False,False,False,True,True,False
10,0.6216001019812771,-0.9701886084891868,1.6232850352247616,-0.6418690608775799,-0.9076818430681513,-0.9645735911769306,-1.0677004819675202,-0.2518714350253829,-0.39876443631867603,-0.7739908354854502,-0.5584200968749214,-0.27438062259938295,0.4036613452438818,False,False,True,False,False,False,False,False,False,False,True,False,False,False,True,True,False,False,False,False,False,True,True,False
10,0.6831475545941581,-0.8205195570226522,1.6232850352247616,-0.4734392986027766,-0.42841613861534444,-0.9549538812373404,-0.8480856192859637,-0.6141405065342891,-0.6758726679464305,-0.7739908354854502,-0.5584200968749214,-0.27438062259938295,-0.46279383122060536,False,False,True,False,False,False,False,False,False,False,True,False,False,False,True,False,True,False,False,False,False,True,True,False
10,0.7446950072070392,2.3297214635437054,1.6232850352247616,-0.3050095363279733,2.4374959526580366,2.41022679227049,2.340636063374782,-2.244351328324367,-1.04535031011677,-0.7739908354854502,-0.6948566883994802,-0.27438062259938295,-1.762476595917336,False,False,True,False,False,False,False,False,False,False,True,False,False,False,True,False,False,False,False,True,False,True,True,False
10,0.8062424598199202,1.6955780801720688,1.6232850352247616,-0.13657977405316998,-0.45020094336319183,-1.2462936679790135,2.340636063374782,-0.2518714350253829,-0.7682420784890154,-0.7739908354854502,-0.6948566883994802,-0.27438062259938295,-1.762476595917336,False,False,True,False,False,False,False,False,False,False,True,False,False,False,True,True,False,False,False,False,False,True,True,False
9,-1.6556556446953206,2.3297214635437054,-1.3812162141824724,-1.4840178722515964,-0.18152168480631803,2.3432323837626794,0.5944825963674478,-0.9764095780431952,-2.1306908839921417,1.6781422919534423,1.7610019590425439,2.430961030132826,-0.029566242988361767,False,False,False,False,False,False,True,False,False,False,False,False,True,False,True,False,True,False,False,False,False,True,True,False
9,-1.5941081920824396,0.5981675431975887,-1.3812162141824724,-1.3155881099767932,1.0819969905692886,1.0253321220397495,0.9712728019485634,-1.3386786495521015,-0.9529808995741851,1.6781422919534423,1.62456536751799,2.430961030132826,-1.762476595917336,False,False,False,False,False,False,True,False,False,False,False,False,True,False,True,False,False,False,True,False,False,True,False,True
9,-1.5325607394695586,0.2783535439726804,-1.3812162141824724,-1.1471583477019898,0.5010688639598118,0.5003708081939157,0.8980678477213778,-1.3386786495521015,-0.1216562046909215,1.6781422919534423,1.7610019590425439,2.430961030132826,0.4036613452438818,False,False,False,False,False,False,True,False,False,False,False,False,True,False,True,True,False,False,False,False,False,True,False,True
9,-1.4710132868566774,1.492281681274529,-1.3812162141824724,-0.9787285854271865,2.4374959526580366,1.7907861843751742,1.3954309190884442,0.47266670799242944,-1.4148279522871094,1.6781422919534423,1.7610019590425439,2.430961030132826,-0.46279383122060536,False,False,False,False,False,False,True,False,False,False,False,False,True,False,True,True,False,False,False,False,False,True,True,False
9,-1.4094658342437965,0.7107849728026975,-1.3812162141824724,-0.8102988231523832,1.4571797390045669,1.0871731145085024,1.0380184955086438,-1.3386786495521015,1.2638849534478511,1.3716256510235767,1.4881287759934312,2.430961030132826,1.7033441099406126,False,False,False,False,False,False,True,False,False,False,False,False,True,False,True,True,False,False,False,False,False,True,True,False
9,-1.3479183816309155,0.7839131738449735,-1.3812162141824724,-0.6418690608775799,1.355517316847914,1.2726960919147507,1.16074444818364,-0.9764095780431952,-0.39876443631867603,1.065109010093722,1.4881287759934312,2.430961030132826,0.4036613452438818,False,False,False,False,False,False,True,False,False,False,False,False,True,False,True,True,False,False,False,False,False,True,True,False
9,-1.2863709290180345,0.7410112959001721,-1.3812162141824724,-0.4734392986027766,1.2175468867781591,1.1077867786647533,1.3523691813077463,-0.9764095780431952,-0.029286794148336657,1.065109010093722,1.3516921844688725,-0.27438062259938295,0.4036613452438818,False,False,False,False,False,False,True,False,False,False,False,False,True,False,True,True,False,False,False,False,False,True,True,False
9,-1.2248234764051535,0.804876591477097,-1.3812162141824724,-0.3050095363279733,1.4620208067263183,1.078927648846002,1.4621766126485247,-0.9764095780431952,-0.3063950257760912,1.065109010093722,1.3516921844688725,-0.27438062259938295,1.7033441099406126,False,False,False,False,False,False,True,False,False,False,False,False,True,False,True,True,False,False,False,False,False,True,True,False
9,-1.1632760237922724,0.7688000122962397,-1.3812162141824724,-0.13657977405316998,1.0239041779083393,1.231468763602249,1.4535642650923897,0.47266670799242944,-0.39876443631867603,1.3716256510235767,1.2152555929443185,-0.27438062259938295,0.4036613452438818,False,False,False,False,False,False,True,False,False,False,False,False,True,False,True,True,False,False,False,False,False,True,True,False
9,-1.1017285711793914,2.103633441987994,-1.3812162141824724,0.03184998822163333,0.8278409351776436,1.3922553440210061,2.340636063374782,-0.2518714350253829,0.7096684901923421,1.065109010093722,1.2152555929443185,-0.27438062259938295,1.2701165217083694,False,False,False,False,False,False,True,False,False,False,False,False,True,False,True,True,False,False,False,False,False,True,True,False
9,-1.0401811185665104,2.3297214635437054,-0.3797157977133944,-1.4840178722515964,2.4374959526580366,1.1751247482418363,0.3705615599078161,-1.3386786495521015,-2.1306908839921417,1.3716256510235767,0.9423824098952058,-0.27438062259938295,0.4036613452438818,False,False,False,False,False,False,True,False,False,False,True,False,False,False,True,True,False,False,False,False,False,True,True,False
9,-0.9786336659536293,0.052631163422171647,-0.3797157977133944,-1.3155881099767932,0.9803345684126272,0.06885810518974611,0.15094669722625184,-0.9764095780431952,-0.9529808995741851,1.065109010093722,0.9423824098952058,-0.27438062259938295,1.7033441099406126,False,False,False,False,False,False,True,False,False,False,True,False,False,False,True,True,False,False,False,False,False,True,False,True
9,-0.9170862133407484,0.14818534611742368,-0.3797157977133944,-1.1471583477019898,0.7745891902384371,0.22277346422308303,0.5148183814731573,-1.3386786495521015,-0.6758726679464305,1.065109010093722,0.805945818370647,-0.27438062259938295,1.2701165217083694,False,False,False,False,False,False,True,False,False,False,True,False,False,False,True,True,False,False,False,False,False,True,True,False
9,-0.8555387607278674,0.018017148262160016,-0.3797157977133944,-0.9787285854271865,0.745542783907971,0.09084601362307716,0.17247756611659693,-1.3386786495521015,-1.1377197206593548,1.065109010093722,0.805945818370647,-0.27438062259938295,1.2701165217083694,False,False,False,False,False,False,True,False,False,False,True,False,False,False,True,True,False,False,False,False,False,True,False,True
9,-0.7939913081149863,-0.16382831166297207,-0.3797157977133944,-0.8102988231523832,0.34373416300308524,-0.20324226167275622,0.18754917433984458,-1.3386786495521015,-0.39876443631867603,1.065109010093722,0.805945818370647,-0.27438062259938295,0.4036613452438818,False,False,False,False,False,False,True,False,False,False,True,False,False,False,True,True,False,False,False,False,False,True,False,True
9,-0.7324438555021053,-0.16870352506579323,-0.3797157977133944,-0.6418690608775799,0.2832208164812601,-0.21423621588942662,0.23707017278764747,-1.3386786495521015,-0.39876443631867603,0.7585923691638562,0.6695092268460883,-0.27438062259938295,1.2701165217083694,False,False,False,False,False,False,True,False,False,False,True,False,False,False,True,True,False,False,False,False,False,True,False,True
9,-0.6708964028892243,1.1188403346186226,-0.3797157977133944,-0.4734392986027766,0.3703600354726842,-0.38189401769359427,2.340636063374782,-0.2518714350253829,-0.3063950257760912,0.7585923691638562,0.5330726353215343,-0.27438062259938295,0.4036613452438818,False,False,False,False,False,False,True,False,False,False,True,False,False,False,True,True,False,False,False,False,False,True,True,False
9,-0.6093489502763433,2.3297214635437054,0.6217846187556836,-0.9787285854271865,2.4374959526580366,0.5127390066876663,-0.27536450680266655,-1.3386786495521015,-2.1306908839921417,0.7585923691638562,0.5330726353215343,-0.27438062259938295,0.4036613452438818,False,False,False,False,False,False,True,False,False,False,False,False,True,True,False,True,False,False,False,False,False,True,True,False
9,-0.5478014976634622,-0.6045476032777858,0.6217846187556836,-0.8102988231523832,-0.5179758914676357,-0.5220669339560907,-0.49282628259519323,-0.9764095780431952,-0.6758726679464305,0.45207572823399056,0.3966360437969755,-0.27438062259938295,0.4036613452438818,False,False,False,False,False,False,True,False,False,False,False,False,True,True,False,True,False,False,False,False,False,True,False,True
9,-0.48625404505058123,-0.4197770153109555,0.6217846187556836,-0.6418690608775799,-0.2468760990498775,-0.4423607658852571,-0.0428311227868922,-0.6141405065342891,-0.5835032574038457,0.45207572823399056,0.3966360437969755,-0.27438062259938295,-0.46279383122060536,False,False,False,False,False,False,True,False,False,False,False,False,True,True,False,True,False,False,False,False,False,True,True,False
9,-0.4247065924377002,-0.44317803964448604,0.6217846187556836,-0.4734392986027766,-0.24445556518901035,-0.5646685065456727,0.04329235277450345,1.9217429940280542,-0.4911338468612609,0.1455590873041358,0.2601994522724216,-0.27438062259938295,-0.029566242988361767,False,False,False,False,False,False,True,False,False,False,False,False,True,True,False,True,False,False,False,False,False,True,True,False
9,-0.3631591398248192,-0.1453025007322627,0.6217846187556836,-0.3050095363279733,-0.27592250538035223,0.3038538765709968,0.026067657662225848,1.9217429940280542,1.8181014167033602,0.1455590873041358,0.12376286074786279,-0.27438062259938295,-0.46279383122060536,False,False,False,False,False,False,True,False,False,False,False,False,True,True,False,True,False,False,False,False,False,True,True,False
9,-0.30161168721193815,-0.44610316768617736,0.6217846187556836,-0.13657977405316998,-0.33159478418042587,-0.4918335598602593,-0.006228645673299433,-1.3386786495521015,2.118302000966761,-0.16095755362572983,-0.012673730776696004,-0.27438062259938295,-0.46279383122060536,False,False,False,False,False,False,True,False,False,False,False,False,True,True,False,True,False,False,False,False,False,True,True,False
9,-0.24006423459905715,-0.2486570248720203,0.6217846187556836,0.03184998822163333,0.1162039800810391,-0.15239522342067388,-0.06436199167724493,-1.3386786495521015,-0.5835032574038457,-0.16095755362572983,-0.012673730776696004,-0.27438062259938295,0.4036613452438818,False,False,False,False,False,False,True,False,False,False,False,False,True,True,False,True,False,False,False,False,False,True,True,False
9,-0.17851678198617613,-0.3700498386022031,0.6217846187556836,0.20027975049643665,0.04358796425485234,-0.48358809419775894,-0.016994080118471977,-1.3386786495521015,-0.4911338468612609,-0.16095755362572983,-0.012673730776696004,-0.27438062259938295,0.4036613452438818,False,False,False,False,False,False,True,False,False,False,False,False,True,True,False,True,False,False,False,False,False,True,True,False
9,-0.11696932937329511,-0.3734624879841786,0.6217846187556836,0.3687095127712399,0.050849565837471015,-0.5096987354623401,0.002383701882843191,-0.9764095780431952,-0.1216562046909215,-0.16095755362572983,-0.012673730776696004,-0.27438062259938295,0.4036613452438818,False,False,False,False,False,False,True,False,False,False,False,False,True,True,False,True,False,False,False,False,False,True,True,False
9,-0.05542187676041409,0.8614290669497935,0.6217846187556836,0.5371392750460433,0.2275485376811864,-0.4959562926915095,2.340636063374782,-0.2518714350253829,-0.3063950257760912,0.1455590873041358,-0.012673730776696004,-0.27438062259938295,-0.029566242988361767,False,False,False,False,False,False,True,False,False,False,False,False,True,True,False,True,False,False,False,False,False,True,True,False
9,0.006125575852466929,2.3297214635437054,1.6232850352247616,-1.4840178722515964,2.4374959526580366,-0.8051612550352635,-0.6263176697153618,-0.9764095780431952,-2.1306908839921417,-0.16095755362572983,-0.012673730776696004,-0.27438062259938295,1.2701165217083694,False,False,False,False,False,False,True,False,False,False,False,True,False,False,True,True,False,False,False,False,False,True,True,False
9,0.06767302846534795,-0.9487376695167792,1.6232850352247616,-1.3155881099767932,-0.6680489908417522,-1.1789556984019305,-0.8502387061749936,-0.6141405065342891,-0.1216562046909215,-0.4674741945555846,-0.2855469138258087,-0.27438062259938295,0.4036613452438818,False,False,False,False,False,False,True,False,False,False,False,True,False,False,True,True,False,False,False,False,False,True,False,True
9,0.12922048107822898,-0.7805428071195353,1.6232850352247616,-1.1471583477019898,-0.44778040950232467,-1.0030524309352624,-0.5789497581565966,-0.2518714350253829,-0.39876443631867603,-0.16095755362572983,-0.2855469138258087,-0.27438062259938295,0.4036613452438818,False,False,False,False,False,False,True,False,False,False,False,True,False,False,True,True,False,False,False,False,False,True,True,False
9,0.19076793369110998,-0.7010768286535924,1.6232850352247616,-0.9787285854271865,-0.5954329750155654,-0.8587567818415061,-0.32273241836143185,-0.6141405065342891,-0.39876443631867603,-0.16095755362572983,-0.42198350535036266,-0.27438062259938295,0.4036613452438818,False,False,False,False,False,False,True,False,False,False,False,True,False,False,True,True,False,False,False,False,False,True,True,False
9,0.25231538630399103,-0.53385700893691,1.6232850352247616,-0.8102988231523832,-0.743085540528806,-0.42449559028317624,-0.13326077212636298,1.5594739225191478,0.15545202693683305,-0.16095755362572983,-0.42198350535036266,-0.27438062259938295,0.4036613452438818,False,False,False,False,False,False,True,False,False,False,False,True,False,False,True,True,False,False,False,False,False,True,True,False
9,0.313862838916872,-0.8219821210434979,1.6232850352247616,-0.6418690608775799,-1.0190264006683072,-0.8353946291310949,-0.5165102383745759,-0.9764095780431952,0.9867767218200967,-0.16095755362572983,-0.42198350535036266,-0.27438062259938295,-0.029566242988361767,False,False,False,False,False,False,True,False,False,False,False,True,False,False,True,True,False,False,False,False,False,True,True,False
9,0.375410291529753,-0.5943096551318662,1.6232850352247616,-0.4734392986027766,-0.21056809113679273,-0.6567428731102568,-0.5100509777074785,-0.9764095780431952,-0.6758726679464305,-0.4674741945555846,-0.42198350535036266,-0.27438062259938295,-0.46279383122060536,False,False,False,False,False,False,True,False,False,False,False,True,False,False,True,True,False,False,False,False,False,True,True,False
9,0.43695774414263405,-0.65134965194484,1.6232850352247616,-0.3050095363279733,-0.20330648955417405,-0.7543142167831811,-0.6155522352701893,-0.6141405065342891,-0.1216562046909215,-0.16095755362572983,-0.42198350535036266,-0.27438062259938295,-0.46279383122060536,False,False,False,False,False,False,True,False,False,False,False,True,False,False,True,True,False,False,False,False,False,True,True,False
9,0.4985051967555151,0.3314933700634014,1.6232850352247616,-0.13657977405316998,1.9267633080138964,0.4660147012668341,-0.08158668678952254,-0.2518714350253829,-0.1216562046909215,-0.4674741945555846,-0.42198350535036266,-0.27438062259938295,-0.46279383122060536,False,False,False,False,False,False,True,False,False,False,False,True,False,False,True,True,False,False,False,False,False,True,True,False
9,0.560052649368396,0.4831125068910658,1.6232850352247616,0.03184998822163333,-0.1064851351192555,-0.8560082932873458,2.340636063374782,-0.2518714350253829,-0.029286794148336657,-0.7739908354854502,-0.5584200968749214,-0.27438062259938295,0.4036613452438818,False,False,False,False,False,False,True,False,False,False,False,True,False,False,True,True,False,False,False,False,False,True,True,False
9,0.6216001019812771,2.3297214635437054,2.1240352434593004,-1.4840178722515964,2.4374959526580366,-0.8793704459977569,-1.1279869148605033,0.11039763648352328,-2.1306908839921417,-0.7739908354854502,-0.5584200968749214,-0.27438062259938295,-1.762476595917336,False,False,False,False,False,False,True,False,False,False,True,False,False,False,True,True,False,False,False,False,False,True,True,False
9,0.6831475545941581,-0.41880197263039404,2.1240352434593004,-1.3155881099767932,-1.1594173645989292,-0.08093452101234062,0.20692695634115976,-0.6141405065342891,-0.21402561523350636,-0.7739908354854502,-0.5584200968749214,-0.27438062259938295,-0.46279383122060536,False,False,False,False,False,False,True,False,False,False,True,False,False,False,True,False,True,False,False,False,False,True,True,False
9,0.7446950072070392,2.3297214635437054,2.1240352434593004,-1.1471583477019898,2.4374959526580366,2.41022679227049,2.340636063374782,-0.9764095780431952,-2.1306908839921417,-0.7739908354854502,-0.6948566883994802,-0.27438062259938295,-1.762476595917336,False,False,False,False,False,False,True,False,False,False,True,False,False,False,True,False,False,False,False,True,False,True,True,False
9,0.8062424598199202,-1.2193120133732192,2.1240352434593004,-0.9787285854271865,-0.7721319468592808,-1.9430355164602653,-0.7555028830574553,-0.6141405065342891,-0.029286794148336657,-0.7739908354854502,-0.6948566883994802,-0.27438062259938295,-1.762476595917336,False,False,False,False,False,False,True,False,False,False,True,False,False,False,True,True,False,False,False,False,False,True,False,True
9,0.8677899124328012,-1.2373503029636443,2.1240352434593004,-0.8102988231523832,-1.142473627572816,-1.6764321267061029,-0.9234436604021792,-0.2518714350253829,0.06308261639424818,-1.080507476415316,-0.8312932799240341,-0.27438062259938295,1.2701165217083694,False,False,False,False,False,False,True,False,False,False,True,False,False,False,True,True,False,False,False,False,False,True,False,True
9,0.9293373650456822,-1.228087397498293,2.1240352434593004,-0.6418690608775799,-1.263500320616458,-1.5390076989977668,-0.9901893539622673,-0.2518714350253829,0.24782143747941787,-1.080507476415316,-0.9677298714485929,-0.27438062259938295,-1.762476595917336,False,False,False,False,False,False,True,False,False,False,True,False,False,False,True,True,False,False,False,False,False,True,True,False
9,0.9908848176585633,-0.9687260444683411,2.1240352434593004,-0.4734392986027766,-1.1715200339032907,-0.9384629499123397,-0.8674634012872712,-0.2518714350253829,0.3401908480220027,-1.080507476415316,-1.104166462973147,-0.27438062259938295,-0.029566242988361767,False,False,False,False,False,False,True,False,False,False,True,False,False,False,True,True,False,False,False,False,False,True,True,False
9,1.0524322702714441,-0.8678091270299906,2.1240352434593004,-0.3050095363279733,-0.7455060743896819,-1.2435451794248435,-0.32273241836143185,-0.2518714350253829,0.5249296691071724,-1.080507476415316,-1.104166462973147,-0.27438062259938295,-1.762476595917336,False,False,False,False,False,False,True,False,False,False,True,False,False,False,True,True,False,False,False,False,False,True,True,False
9,1.1139797228843253,-0.7556792187651591,2.1240352434593004,-0.13657977405316998,-0.7600292775549106,-1.0071751637665127,-0.18493485746319577,2.102877529782507,0.4325602585645876,-1.080507476415316,-1.2406030544977056,-0.27438062259938295,-0.8960214194528492,False,False,False,False,False,False,True,False,False,False,True,False,False,False,True,True,False,False,False,False,False,True,True,False
9,1.1755271754972063,0.5981675431975887,2.1240352434593004,0.03184998822163333,-1.1352120259901974,-0.5138214682935903,2.340636063374782,-0.2518714350253829,2.00284023778853,-1.080507476415316,-1.2406030544977056,-0.27438062259938295,-0.8960214194528492,False,False,False,False,False,False,True,False,False,False,True,False,False,False,True,True,False,False,False,False,False,True,True,False
9,1.2370746281100873,2.3297214635437054,2.1240352434593004,-0.8102988231523832,2.4374959526580366,0.18841735729599166,0.2995096925696605,-0.2518714350253829,-2.1306908839921417,-1.3870241173451707,-1.2406030544977056,-0.27438062259938295,-1.762476595917336,False,False,False,False,False,False,True,False,False,False,False,False,True,True,False,True,False,False,False,False,False,True,True,False
9,1.2986220807229683,-0.06144883020378285,2.1240352434593004,-0.6418690608775799,1.0819969905692886,-0.1331558035415031,-0.12680151145925792,-0.2518714350253829,-1.3224585417445245,-1.3870241173451707,-1.2406030544977056,-0.27438062259938295,-1.762476595917336,False,False,False,False,False,False,True,False,False,False,False,False,True,True,False,True,False,False,False,False,False,True,True,False
9,1.3601695333358494,-1.9252429141013607,2.1240352434593004,-0.4734392986027766,-2.146995179835026,-2.556292025108715,-1.4875524253293335,-0.2518714350253829,-0.029286794148336657,-1.3870241173451707,-1.3770396460222645,-0.27438062259938295,-1.762476595917336,False,False,False,False,False,False,True,False,False,False,False,False,True,True,False,True,False,False,False,False,False,True,True,False
9,1.4217169859487304,-1.6497933568421064,2.1240352434593004,-0.3050095363279733,-1.6241598658865073,-2.360805776693604,-1.2442536068683867,-0.2518714350253829,-0.029286794148336657,-1.3870241173451707,-1.3770396460222645,-0.27438062259938295,-1.762476595917336,False,False,False,False,False,False,True,False,False,False,False,False,True,True,False,True,False,False,False,False,False,True,False,True
9,1.4832644385616114,-1.4889113145490909,2.1240352434593004,-0.13657977405316998,-1.6290009336082503,-1.9691461577248464,-1.1430585230837433,0.11039763648352328,-0.21402561523350636,-1.3870241173451707,-1.5134762375468185,-0.27438062259938295,-1.762476595917336,False,False,False,False,False,False,True,False,False,False,False,False,True,True,False,True,False,False,False,False,False,True,True,False
9,1.5448118911744924,-1.3192538881310012,2.1240352434593004,0.03184998822163333,-1.2368744481468588,-2.029612905916519,-0.6478485386057069,-0.2518714350253829,-0.3063950257760912,-1.6935407582750364,-1.5134762375468185,-0.27438062259938295,-0.8960214194528492,False,False,False,False,False,False,True,False,False,False,False,False,True,True,False,True,False,False,False,False,False,True,True,False
9,1.6063593437873733,0.28420380005606305,2.1240352434593004,0.20027975049643665,-1.1666789661815478,-1.2669073321352644,2.340636063374782,-0.2518714350253829,-0.029286794148336657,-1.6935407582750364,-1.5134762375468185,-0.27438062259938295,-0.029566242988361767,False,False,False,False,False,False,True,False,False,False,False,False,True,True,False,True,False,False,False,False,False,True,True,False
9,1.6679067964002545,2.3297214635437054,2.1240352434593004,-0.4734392986027766,2.4374959526580366,-1.8605808598352713,-1.5629104664455566,-0.6141405065342891,-2.1306908839921417,-1.3870241173451707,-1.6499128290713772,-0.27438062259938295,-0.46279383122060536,False,False,False,False,False,False,True,False,False,False,False,False,True,True,False,True,False,False,False,False,False,True,True,False
5,-1.6556556446953206,1.5025196294204488,-1.3812162141824724,-0.9787285854271865,-0.18152168480631803,0.5635860449397486,0.11434422011265906,0.47266670799242944,-2.1306908839921417,1.6781422919534423,1.7610019590425439,2.430961030132826,-0.029566242988361767,False,False,False,False,False,False,False,True,False,False,False,False,True,True,False,False,True,False,False,False,False,True,True,False
5,-1.5941081920824396,-0.019521994939542927,-1.3812162141824724,-0.8102988231523832,-0.029028051571325823,0.36844335759390984,0.2607541285670301,0.11039763648352328,0.8944073112775118,1.6781422919534423,1.62456536751799,2.430961030132826,-1.762476595917336,False,False,False,False,False,False,False,True,False,False,False,False,True,True,False,False,False,False,True,False,False,True,False,True
5,-1.5325607394695586,0.00680415743567894,-1.3812162141824724,-0.6418690608775799,-0.29528677626734107,0.5704572663251688,0.2973566056806229,0.47266670799242944,0.15545202693683305,1.6781422919534423,1.7610019590425439,2.430961030132826,0.4036613452438818,False,False,False,False,False,False,False,True,False,False,False,False,True,True,False,True,False,False,False,False,False,True,True,False
5,-1.4710132868566774,-0.0039213120505248705,-1.3812162141824724,-0.4734392986027766,-0.2541377006324962,0.4976223196397456,0.32749982212711826,0.11039763648352328,0.8944073112775118,1.6781422919534423,1.7610019590425439,2.430961030132826,-0.46279383122060536,False,False,False,False,False,False,False,True,False,False,False,False,True,True,False,True,False,False,False,False,False,True,True,False
5,-1.4094658342437965,0.06286911156809126,-1.3812162141824724,-0.3050095363279733,-0.16941901550194782,0.5828254648189194,0.4136232976885139,-0.2518714350253829,0.6172990796497573,1.3716256510235767,1.4881287759934312,2.430961030132826,1.7033441099406126,False,False,False,False,False,False,False,True,False,False,False,False,True,True,False,True,False,False,False,False,False,True,True,False
5,-1.3479183816309155,0.2681155958267608,-1.3812162141824724,-0.13657977405316998,0.03390582881136651,0.9167668241501646,0.6160134652578005,0.11039763648352328,0.7096684901923421,1.065109010093722,1.4881287759934312,2.430961030132826,0.4036613452438818,False,False,False,False,False,False,False,True,False,False,False,False,True,True,False,True,False,False,False,False,False,True,True,False
5,-1.2863709290180345,0.268603117167045,-1.3812162141824724,0.03184998822163333,0.1452503864115138,0.7972075720439191,0.7064431145972637,-0.2518714350253829,0.802037900734927,1.065109010093722,1.3516921844688725,2.430961030132826,0.4036613452438818,False,False,False,False,False,False,False,True,False,False,False,False,True,True,False,True,False,False,False,False,False,True,True,False
5,-1.2248234764051535,0.5172390007107932,-1.3812162141824724,0.20027975049643665,0.7213374452992392,1.011589679268919,0.9562011937253156,-0.6141405065342891,0.4325602585645876,1.065109010093722,1.3516921844688725,-0.27438062259938295,1.7033441099406126,False,False,False,False,False,False,False,True,False,False,False,False,True,True,False,True,False,False,False,False,False,True,True,False
5,-1.1632760237922724,0.5445401957665765,-1.3812162141824724,0.3687095127712399,1.144930870951981,0.951122931077256,0.7947196770476969,-0.2518714350253829,0.7096684901923421,1.3716256510235767,1.2152555929443185,-0.27438062259938295,0.4036613452438818,False,False,False,False,False,False,False,True,False,False,False,False,True,True,False,True,False,False,False,False,False,True,True,False
5,-1.1017285711793914,0.527964470196997,-1.3812162141824724,0.5371392750460433,0.5543206088990182,1.2383399849876693,0.7968727639367345,-0.6141405065342891,0.6172990796497573,1.065109010093722,1.2152555929443185,-0.27438062259938295,1.2701165217083694,False,False,False,False,False,False,False,True,False,False,False,False,True,True,False,True,False,False,False,False,False,True,True,False
5,-1.0401811185665104,0.7536868507474989,-1.3812162141824724,0.7055690373208465,0.9754935006908843,1.540673725946003,0.9454357592801431,-0.6141405065342891,0.4325602585645876,1.3716256510235767,0.9423824098952058,-0.27438062259938295,0.4036613452438818,False,False,False,False,False,False,False,True,False,False,False,False,True,True,False,True,False,False,False,False,False,True,True,False
5,-0.9786336659536293,2.0134419940358472,-1.3812162141824724,0.8739987995956499,0.9706524329691414,1.6148829169085062,2.340636063374782,-0.2518714350253829,0.6172990796497573,1.065109010093722,0.9423824098952058,-0.27438062259938295,1.7033441099406126,False,False,False,False,False,False,False,True,False,False,False,False,True,True,False,True,False,False,False,False,False,True,True,False
5,-0.9170862133407484,2.3297214635437054,-0.3797157977133944,-1.4840178722515964,2.4374959526580366,-0.7213323541331796,-1.0418634392991077,0.11039763648352328,-2.1306908839921417,1.065109010093722,0.805945818370647,-0.27438062259938295,1.7033441099406126,False,False,False,False,False,False,False,True,False,False,True,False,False,False,True,True,False,False,False,False,False,True,True,False
5,-0.8555387607278674,-0.43781530490138065,-0.3797157977133944,-1.3155881099767932,-1.541861714616826,0.3670691133168297,-0.23876202968907378,0.47266670799242944,0.06308261639424818,1.065109010093722,0.805945818370647,-0.27438062259938295,1.2701165217083694,False,False,False,False,False,False,False,True,False,False,True,False,False,False,True,True,False,False,False,False,False,True,False,True
5,-0.7939913081149863,-0.3310481313796545,-0.3797157977133944,-1.1471583477019898,-0.4598830788066863,0.2406386398251639,-0.5315818465978236,0.47266670799242944,0.7096684901923421,1.065109010093722,0.805945818370647,-0.27438062259938295,0.4036613452438818,False,False,False,False,False,False,False,True,False,False,True,False,False,False,True,True,False,False,False,False,False,True,True,False
5,-0.7324438555021053,-0.2871712107542847,-0.3797157977133944,-0.9787285854271865,-0.6244793813460401,0.45364650277308355,-0.5251225859307185,0.11039763648352328,0.24782143747941787,0.7585923691638562,0.6695092268460883,-0.27438062259938295,1.2701165217083694,False,False,False,False,False,False,False,True,False,False,True,False,False,False,True,True,False,False,False,False,False,True,True,False
5,-0.6708964028892243,-0.24475685414976753,-0.3797157977133944,-0.8102988231523832,-0.629320449067783,0.39592824313558095,-0.24306820346714128,0.11039763648352328,0.4325602585645876,0.7585923691638562,0.5330726353215343,-2.979722275331592,0.4036613452438818,False,False,False,False,False,False,False,True,False,False,True,False,False,False,True,True,False,False,False,False,False,True,True,False
5,-0.6093489502763433,-0.2515821529137116,-0.3797157977133944,-0.6418690608775799,-0.38000546139788083,0.2447613726564141,-0.25813981169038897,0.11039763648352328,0.3401908480220027,0.7585923691638562,0.5330726353215343,-0.27438062259938295,0.4036613452438818,False,False,False,False,False,False,False,True,False,False,True,False,False,False,True,True,False,False,False,False,False,True,True,False
5,-0.5478014976634622,-0.2545072809554029,-0.3797157977133944,-0.4734392986027766,-0.3049689117108269,0.2928599223543264,-0.41316206770090264,0.11039763648352328,0.6172990796497573,0.45207572823399056,0.5330726353215343,-2.979722275331592,0.4036613452438818,False,False,False,False,False,False,False,True,False,False,True,False,False,False,True,True,False,False,False,False,False,True,True,False
5,-0.48625404505058123,-0.3549366770534692,-0.3797157977133944,-0.3050095363279733,-0.6220588474851643,0.19666282295849202,-0.4239275021460752,0.11039763648352328,0.6172990796497573,0.45207572823399056,0.3966360437969755,-0.27438062259938295,0.4036613452438818,False,False,False,False,False,False,False,True,False,False,True,False,False,False,True,True,False,False,False,False,False,True,True,False
5,-0.4247065924377002,-0.3047219790044326,-0.3797157977133944,-0.13657977405316998,-0.651105253815639,0.3656948690397495,-0.44115219725836047,0.11039763648352328,0.6172990796497573,0.45207572823399056,0.2601994522724216,-0.27438062259938295,0.4036613452438818,False,False,False,False,False,False,False,True,False,False,True,False,False,False,True,True,False,False,False,False,False,True,True,False
5,-0.3631591398248192,-0.36371206117854316,-0.3797157977133944,0.03184998822163333,-0.20330648955417405,0.0345019982626645,-0.5811028450456265,0.47266670799242944,0.5249296691071724,0.1455590873041358,0.12376286074786279,-0.27438062259938295,-0.46279383122060536,False,False,False,False,False,False,False,True,False,False,True,False,False,False,True,True,False,False,False,False,False,True,True,False
5,-0.30161168721193815,-0.4007636830399619,-0.3797157977133944,0.20027975049643665,-0.6196383136242886,0.17330067024808082,-0.591868279490799,0.47266670799242944,0.5249296691071724,-0.16095755362572983,0.12376286074786279,-0.27438062259938295,-0.029566242988361767,False,False,False,False,False,False,False,True,False,False,True,False,False,False,True,True,False,False,False,False,False,True,True,False
5,-0.24006423459905715,-0.40905154582475167,-0.3797157977133944,0.3687095127712399,-0.5276580269111215,-0.006725330049837329,-0.42823367592415035,0.11039763648352328,0.6172990796497573,-0.16095755362572983,-0.012673730776696004,-0.27438062259938295,1.2701165217083694,False,False,False,False,False,False,False,True,False,False,True,False,False,False,True,True,False,False,False,False,False,True,True,False
5,-0.17851678198617613,-0.44659068902645466,-0.3797157977133944,0.5371392750460433,-0.510714289885017,-0.15651795625192408,-0.37440650369827233,0.47266670799242944,0.5249296691071724,-0.16095755362572983,-0.012673730776696004,-0.27438062259938295,0.4036613452438818,False,False,False,False,False,False,False,True,False,False,True,False,False,False,True,True,False,False,False,False,False,True,False,True
5,-0.11696932937329511,-0.42270214335264683,-0.3797157977133944,0.7055690373208465,-0.18152168480631803,-0.2664574984185891,-0.38947811192152,0.47266670799242944,0.5249296691071724,-0.16095755362572983,-0.012673730776696004,-0.27438062259938295,-0.029566242988361767,False,False,False,False,False,False,False,True,False,False,True,False,False,False,True,True,False,False,False,False,False,True,True,False
5,-0.05542187676041409,-0.40807650314419025,-0.3797157977133944,0.8739987995956499,-0.09922353353663682,-0.30218784962276063,-0.34211020036274703,0.47266670799242944,0.5249296691071724,0.1455590873041358,-0.012673730776696004,-0.27438062259938295,0.4036613452438818,False,False,False,False,False,False,False,True,False,False,True,False,False,False,True,True,False,False,False,False,False,True,True,False
5,0.006125575852466929,-0.4587787225335041,-0.3797157977133944,1.0424285618704532,-0.45504201108494335,-0.32829849088734187,-0.20861881324258608,0.47266670799242944,0.4325602585645876,0.1455590873041358,-0.012673730776696004,-0.27438062259938295,-0.029566242988361767,False,False,False,False,False,False,False,True,False,False,True,False,False,False,True,True,False,False,False,False,False,True,False,True
5,0.06767302846534795,-0.4027137684010918,-0.3797157977133944,1.2108583241452564,-0.24445556518901035,-0.23347563576858765,-0.2968953756930193,0.8349357795013356,0.7096684901923421,-0.16095755362572983,-0.012673730776696004,-0.27438062259938295,0.4036613452438818,False,False,False,False,False,False,False,True,False,False,True,False,False,False,True,True,False,False,False,False,False,True,True,False
5,0.12922048107822898,0.9599083776867299,-0.3797157977133944,1.3792880864200598,-0.10890566898013126,-0.16476342191442445,2.340636063374782,-0.2518714350253829,0.7096684901923421,-0.16095755362572983,-0.14911032230124993,-0.27438062259938295,0.4036613452438818,False,False,False,False,False,False,False,True,False,False,True,False,False,False,True,True,False,False,False,False,False,True,True,False
5,0.19076793369110998,2.3297214635437054,0.6217846187556836,-1.4840178722515964,2.4374959526580366,0.5402238922293277,-1.338989429985925,0.47266670799242944,-2.1306908839921417,-0.16095755362572983,-0.2855469138258087,-0.27438062259938295,0.4036613452438818,False,False,False,False,False,False,False,True,False,False,True,False,False,False,True,True,False,False,False,False,False,True,True,False
5,0.25231538630399103,-0.8010187034113745,0.6217846187556836,-1.3155881099767932,-1.5128153082863514,-0.14002702492692334,-1.0741597426346254,1.1972048510102418,0.24782143747941787,-0.16095755362572983,-0.42198350535036266,-0.27438062259938295,0.4036613452438818,False,False,False,False,False,False,False,True,False,False,True,False,False,False,True,True,False,False,False,False,False,True,False,True
5,0.313862838916872,-0.8078440021753186,0.6217846187556836,-1.1471583477019898,-1.3022288623904184,-0.11666487221650237,-1.3282239955407524,0.8349357795013356,0.4325602585645876,-0.16095755362572983,-0.42198350535036266,-0.27438062259938295,0.4036613452438818,False,False,False,False,False,False,False,True,False,False,True,False,False,False,True,True,False,False,False,False,False,True,False,True
5,0.375410291529753,-0.5221564967701448,0.6217846187556836,-0.9787285854271865,-1.4765073003732665,0.6694028542751634,-1.1430585230837433,0.8349357795013356,0.3401908480220027,-0.4674741945555846,-0.42198350535036266,-0.27438062259938295,-0.029566242988361767,False,False,False,False,False,False,False,True,False,False,True,False,False,False,True,True,False,False,False,False,False,True,True,False
5,0.43695774414263405,-1.1578843244977015,0.6217846187556836,-0.8102988231523832,-1.5055537067037412,-0.9357144613581794,-1.4100412973240806,0.47266670799242944,0.6172990796497573,-0.4674741945555846,-0.42198350535036266,-0.27438062259938295,-0.46279383122060536,False,False,False,False,False,False,False,True,False,False,True,False,False,False,True,True,False,False,False,False,False,True,False,True
5,0.4985051967555151,-1.2968279064780321,0.6217846187556836,-0.6418690608775799,-1.333695802581769,-1.4716697294206837,-1.3368363430968875,1.1972048510102418,0.6172990796497573,-0.4674741945555846,-0.42198350535036266,-0.27438062259938295,-0.029566242988361767,False,False,False,False,False,False,False,True,False,False,True,False,False,False,True,True,False,False,False,False,False,True,False,True
5,0.560052649368396,-0.8863349379607,0.6217846187556836,-0.4734392986027766,-0.016925382266964228,-1.1555935456915094,-1.1904264346425164,0.8349357795013356,0.802037900734927,-0.4674741945555846,-0.42198350535036266,-0.27438062259938295,-0.46279383122060536,False,False,False,False,False,False,False,True,False,False,True,False,False,False,True,True,False,False,False,False,False,True,True,False
5,0.6216001019812771,-0.43976539026251055,0.6217846187556836,-0.3050095363279733,-0.8955791737637897,0.2516325940418343,-0.6413892779386096,2.102877529782507,0.7096684901923421,-0.7739908354854502,-0.5584200968749214,-0.27438062259938295,0.4036613452438818,False,False,False,False,False,False,False,True,False,False,True,False,False,False,True,True,False,False,False,False,False,True,True,False
5,0.6831475545941581,-0.8424580173353372,0.6217846187556836,-0.13657977405316998,-1.4111528861296985,-0.5014532697998398,-0.7813399257258755,2.102877529782507,2.118302000966761,-0.7739908354854502,-0.5584200968749214,-0.27438062259938295,0.4036613452438818,False,False,False,False,False,False,False,True,False,False,True,False,False,False,True,True,False,False,False,False,False,True,True,False
5,0.7446950072070392,-0.8346576758908246,0.6217846187556836,0.03184998822163333,-1.5781697225299194,-0.38189401769359427,-0.785646099503943,2.102877529782507,2.118302000966761,-0.7739908354854502,-0.5584200968749214,-0.27438062259938295,-0.46279383122060536,False,False,False,False,False,False,False,True,False,False,True,False,False,False,True,False,True,False,False,False,False,True,True,False
5,0.8062424598199202,2.3297214635437054,0.6217846187556836,0.20027975049643665,2.4374959526580366,2.41022679227049,2.340636063374782,1.1972048510102418,2.0952096483311147,-0.7739908354854502,-0.6948566883994802,-0.27438062259938295,-1.762476595917336,False,False,False,False,False,False,False,True,False,False,True,False,False,False,True,False,False,False,False,True,False,True,True,False
5,0.8677899124328012,-1.04575441623287,0.6217846187556836,0.3687095127712399,-1.2005664402337655,-1.0030524309352624,-1.0806190033017304,0.8349357795013356,0.8944073112775118,-0.7739908354854502,-0.6948566883994802,-0.27438062259938295,-1.762476595917336,False,False,False,False,False,False,False,True,False,False,True,False,False,False,True,True,False,False,False,False,False,True,True,False
5,0.9293373650456822,-1.021378349218778,0.6217846187556836,0.5371392750460433,-1.282864591503438,-1.16658749990818,-0.6435423648276395,0.8349357795013356,0.802037900734927,-1.080507476415316,-0.8312932799240341,-0.27438062259938295,1.2701165217083694,False,False,False,False,False,False,False,True,False,False,True,False,False,False,True,True,False,False,False,False,False,True,True,False
5,0.9908848176585633,-1.0520921936565368,0.6217846187556836,0.7055690373208465,-1.4837689019558853,-1.0044266752123425,-0.854544879953061,1.1972048510102418,0.7096684901923421,-1.080507476415316,-0.9677298714485929,-0.27438062259938295,-1.762476595917336,False,False,False,False,False,False,False,True,False,False,True,False,False,False,True,True,False,False,False,False,False,True,True,False
5,1.0524322702714441,-0.753241612063752,0.6217846187556836,0.8739987995956499,-1.2538181851729633,-0.574288216485263,-0.41316206770090264,2.102877529782507,0.7096684901923421,-1.080507476415316,-1.104166462973147,-0.27438062259938295,-0.029566242988361767,False,False,False,False,False,False,False,True,False,False,True,False,False,False,True,True,False,False,False,False,False,True,True,False
5,1.1139797228843253,-0.695714093910494,0.6217846187556836,1.0424285618704532,-1.263500320616458,-0.4093789032352556,-0.40885589392283517,2.102877529782507,2.118302000966761,-1.080507476415316,-1.104166462973147,-0.27438062259938295,-1.762476595917336,False,False,False,False,False,False,False,True,False,False,True,False,False,False,True,True,False,False,False,False,False,True,True,False
5,1.1755271754972063,-0.33592334478247565,0.6217846187556836,1.2108583241452564,-0.2420350313281346,0.10046572356265768,-0.5272756728197561,2.102877529782507,2.118302000966761,-1.080507476415316,-1.2406030544977056,-0.27438062259938295,-0.8960214194528492,False,False,False,False,False,False,False,True,False,False,True,False,False,False,True,True,False,False,False,False,False,True,True,False
5,1.2370746281100873,-0.6640252067921737,0.6217846187556836,1.3792880864200598,-1.3022288623904184,-0.4286183231144264,-0.20431263946451095,2.102877529782507,1.8181014167033602,-1.080507476415316,-1.2406030544977056,-0.27438062259938295,-0.8960214194528492,False,False,False,False,False,False,False,True,False,False,True,False,False,False,True,True,False,False,False,False,False,True,True,False
5,1.2986220807229683,-0.6103978593611684,0.6217846187556836,1.547717848694863,-1.1448941614336918,-0.19087406317900568,-0.4799077612609831,2.102877529782507,2.118302000966761,-1.3870241173451707,-1.2406030544977056,-0.27438062259938295,-1.762476595917336,False,False,False,False,False,False,False,True,False,False,True,False,False,False,True,True,False,False,False,False,False,True,True,False
5,1.3601695333358494,-0.700101785973031,0.6217846187556836,1.7161476109696665,-1.4426198263210404,-0.5124472240165102,-0.10742372945794276,1.1972048510102418,1.8181014167033602,-1.3870241173451707,-1.2406030544977056,-0.27438062259938295,-1.762476595917336,False,False,False,False,False,False,False,True,False,False,True,False,False,False,True,True,False,False,False,False,False,True,True,False
5,1.4217169859487304,-0.5811465789442553,0.6217846187556836,1.8845773732444697,-0.6438436522330203,-0.4464834987165073,-0.39593737258862505,1.1972048510102418,0.802037900734927,-1.3870241173451707,-1.3770396460222645,-0.27438062259938295,-1.762476595917336,False,False,False,False,False,False,False,True,False,False,True,False,False,False,True,True,False,False,False,False,False,True,True,False
5,1.4832644385616114,-0.6840135817437287,0.6217846187556836,2.053007135519273,-0.7576087436940434,-0.5413063538352615,-0.6004806270469416,0.8349357795013356,0.8944073112775118,-1.3870241173451707,-1.3770396460222645,-0.27438062259938295,-0.8960214194528492,False,False,False,False,False,False,False,True,False,False,True,False,False,False,True,True,False,False,False,False,False,True,True,False
5,1.5448118911744924,-0.593822133791582,0.6217846187556836,2.221436897794076,-0.7745524807201479,-0.31730453667067143,-0.5380411072649286,0.8349357795013356,0.7096684901923421,-1.3870241173451707,-1.5134762375468185,-0.27438062259938295,-1.762476595917336,False,False,False,False,False,False,False,True,False,False,True,False,False,False,True,True,False,False,False,False,False,True,True,False
5,1.6063593437873733,-0.5509202558467806,0.6217846187556836,2.3898666600688796,-0.677731126285238,-0.33791820082692237,-0.4023966332557301,1.1972048510102418,0.7096684901923421,-1.6935407582750364,-1.5134762375468185,-0.27438062259938295,-0.8960214194528492,False,False,False,False,False,False,False,True,False,False,True,False,False,False,True,True,False,False,False,False,False,True,True,False
5,1.6679067964002545,-0.6099103380208842,0.6217846187556836,2.558296422343683,-0.699515931033094,-0.42449559028317624,-0.507897890818441,0.8349357795013356,0.6172990796497573,-1.3870241173451707,-1.5134762375468185,-0.27438062259938295,-1.762476595917336,False,False,False,False,False,False,False,True,False,False,True,False,False,False,True,True,False,False,False,False,False,True,True,False
5,1.7294542490131355,-0.53385700893691,0.6217846187556836,2.7267261846184865,-0.46714468038930496,-0.35715762070609314,-0.4842139350390583,1.1972048510102418,0.7096684901923421,-1.3870241173451707,-1.6499128290713772,-0.27438062259938295,-0.46279383122060536,False,False,False,False,False,False,False,True,False,False,True,False,False,False,True,True,False,False,False,False,False,True,True,False
5,1.7910017016260165,-0.46365393593632526,0.6217846187556836,2.8951559468932895,-0.6147972459025457,-0.2664574984185891,-0.18493485746319577,0.8349357795013356,0.7096684901923421,-1.3870241173451707,-1.6499128290713772,-0.27438062259938295,0.4036613452438818,False,False,False,False,False,False,False,True,False,False,True,False,False,False,True,True,False,False,False,False,False,True,True,False
14,-1.6556556446953206,1.1958687063831583,-1.3812162141824724,-0.9787285854271865,-0.18152168480631803,0.4467752813876633,-0.20431263946451095,0.11039763648352328,-2.1306908839921417,1.6781422919534423,1.7610019590425439,2.430961030132826,-0.029566242988361767,False,False,False,False,True,False,False,False,False,False,False,False,True,True,False,False,True,False,False,False,False,True,True,False
14,-1.5941081920824396,-0.13311446722521322,-1.3812162141824724,-0.8102988231523832,0.0750549044462028,0.11008543350224795,0.07128248233196124,0.11039763648352328,-0.21402561523350636,1.6781422919534423,1.62456536751799,2.430961030132826,-1.762476595917336,False,False,False,False,True,False,False,False,False,False,False,False,True,True,False,False,False,False,True,False,False,True,False,True
14,-1.5325607394695586,-0.07997464113449222,-1.3812162141824724,-0.6418690608775799,-0.11132620284100701,0.23789015127099386,0.2715195630122103,1.5594739225191478,-0.21402561523350636,1.6781422919534423,1.7610019590425439,2.430961030132826,0.4036613452438818,False,False,False,False,True,False,False,False,False,False,False,False,True,True,False,True,False,False,False,False,False,True,True,False
14,-1.4710132868566774,-0.10776335753055975,-1.3812162141824724,-0.4734392986027766,-0.5518633655198533,0.30522812084807693,0.43515416657885897,1.5594739225191478,1.4486237745330208,1.6781422919534423,1.7610019590425439,2.430961030132826,-0.46279383122060536,False,False,False,False,True,False,False,False,False,False,False,False,True,True,False,True,False,False,False,False,False,True,True,False
14,-1.4094658342437965,-0.0380478058702523,-1.3812162141824724,-0.3050095363279733,-0.9004202414855412,0.7408635566834967,0.3705615599078161,-0.2518714350253829,1.2638849534478511,1.3716256510235767,1.4881287759934312,2.430961030132826,1.7033441099406126,False,False,False,False,True,False,False,False,False,False,False,False,True,True,False,True,False,False,False,False,False,True,True,False
14,-1.3479183816309155,0.13063457786727578,-1.3812162141824724,-0.13657977405316998,0.11862451394191487,0.5690830220480789,0.47821590435956446,-0.6141405065342891,0.4325602585645876,1.065109010093722,1.4881287759934312,2.430961030132826,0.4036613452438818,False,False,False,False,True,False,False,False,False,False,False,False,True,True,False,True,False,False,False,False,False,True,True,False
14,-1.2863709290180345,0.14428517539516397,-1.3812162141824724,0.03184998822163333,0.30500562122911606,0.5292299380126669,0.43515416657885897,-0.6141405065342891,0.3401908480220027,1.065109010093722,1.3516921844688725,2.430961030132826,0.4036613452438818,False,False,False,False,True,False,False,False,False,False,False,False,True,True,False,True,False,False,False,False,False,True,True,False
14,-1.2248234764051535,0.2793285866532419,-1.3812162141824724,0.20027975049643665,0.6148339554208349,0.7065074497564151,0.47821590435956446,-0.6141405065342891,0.06308261639424818,1.065109010093722,1.3516921844688725,-0.27438062259938295,1.7033441099406126,False,False,False,False,True,False,False,False,False,False,False,False,True,True,False,True,False,False,False,False,False,True,True,False
14,-1.1632760237922724,0.2622653397433782,-1.3812162141824724,0.3687095127712399,0.4405555174379952,0.7202498925272458,0.5363492503635023,-0.6141405065342891,0.4325602585645876,1.3716256510235767,1.2152555929443185,-0.27438062259938295,0.4036613452438818,False,False,False,False,True,False,False,False,False,False,False,False,True,True,False,True,False,False,False,False,False,True,True,False
14,-1.1017285711793914,0.4367979795642889,-1.3812162141824724,0.5371392750460433,0.8326820028993865,0.8136985033689198,0.8119443721599745,-0.9764095780431952,0.15545202693683305,1.065109010093722,1.2152555929443185,-0.27438062259938295,1.2701165217083694,False,False,False,False,True,False,False,False,False,False,False,False,True,True,False,True,False,False,False,False,False,True,True,False
14,-1.0401811185665104,0.634244122378446,-1.3812162141824724,0.7055690373208465,1.0069604408822261,1.2534566720355897,0.8399345017174323,-0.9764095780431952,0.3401908480220027,1.3716256510235767,0.9423824098952058,-0.27438062259938295,0.4036613452438818,False,False,False,False,True,False,False,False,False,False,False,False,True,True,False,True,False,False,False,False,False,True,True,False
14,-0.9786336659536293,0.6405818998021059,-1.3812162141824724,0.8739987995956499,0.8617284092298612,1.2671991148064206,0.9755789757266308,-0.9764095780431952,0.24782143747941787,1.065109010093722,0.9423824098952058,-0.27438062259938295,1.7033441099406126,False,False,False,False,True,False,False,False,False,False,False,False,True,True,False,True,False,False,False,False,False,True,True,False
14,-0.9170862133407484,2.0007664391885203,-1.3812162141824724,1.0424285618704532,1.2344906238042723,1.015712412100169,2.340636063374782,-0.2518714350253829,0.15545202693683305,1.065109010093722,0.805945818370647,-0.27438062259938295,1.7033441099406126,False,False,False,False,True,False,False,False,False,False,False,False,True,True,False,True,False,False,False,False,False,True,True,False
14,-0.8555387607278674,2.3297214635437054,-0.3797157977133944,-1.4840178722515964,2.4374959526580366,-0.40663041468109534,-0.20000646568644345,-0.6141405065342891,-2.1306908839921417,1.065109010093722,0.805945818370647,-0.27438062259938295,1.2701165217083694,False,False,False,False,True,False,False,False,False,False,True,False,False,False,True,True,False,False,False,False,False,True,True,False
14,-0.7939913081149863,-0.5952846978124277,-0.3797157977133944,-1.3155881099767932,-0.7576087436940434,-0.30768482673109093,-0.5746435843785214,-0.6141405065342891,-0.6758726679464305,1.065109010093722,0.805945818370647,-0.27438062259938295,0.4036613452438818,False,False,False,False,True,False,False,False,False,False,True,False,False,False,True,True,False,False,False,False,False,True,False,True
14,-0.7324438555021053,-0.3768751373661472,-0.3797157977133944,-1.1471583477019898,-0.45504201108494335,-0.10017394089150164,-0.20431263946451095,-0.6141405065342891,-0.3063950257760912,0.7585923691638562,0.6695092268460883,-0.27438062259938295,1.2701165217083694,False,False,False,False,True,False,False,False,False,False,True,False,False,False,True,True,False,False,False,False,False,True,True,False
14,-0.6708964028892243,-0.509480941922818,-0.3797157977133944,-0.9787285854271865,-0.45020094336319183,-0.23759836859983782,-0.5789497581565966,-0.6141405065342891,-0.5835032574038457,0.7585923691638562,0.5330726353215343,-2.979722275331592,0.4036613452438818,False,False,False,False,True,False,False,False,False,False,True,False,False,False,True,True,False,False,False,False,False,True,True,False
14,-0.6093489502763433,-0.4480532530473003,-0.3797157977133944,-0.8102988231523832,-0.33159478418042587,-0.18400284179358545,-0.49713245637326836,-0.6141405065342891,-0.029286794148336657,0.7585923691638562,0.5330726353215343,-0.27438062259938295,0.4036613452438818,False,False,False,False,True,False,False,False,False,False,True,False,False,False,True,True,False,False,False,False,False,True,True,False
14,-0.5478014976634622,-0.4855923962490102,-0.3797157977133944,-0.6418690608775799,-0.5131348237458928,-0.19911952884150605,-0.47775467437195324,-0.6141405065342891,-0.029286794148336657,0.45207572823399056,0.5330726353215343,-2.979722275331592,0.4036613452438818,False,False,False,False,True,False,False,False,False,False,True,False,False,False,True,True,False,False,False,False,False,True,True,False
14,-0.48625404505058123,-0.5411698290411383,-0.3797157977133944,-0.4734392986027766,-0.35822065665003344,-0.3544091321519231,-0.6177053221592193,-0.6141405065342891,0.15545202693683305,0.45207572823399056,0.3966360437969755,-0.27438062259938295,0.4036613452438818,False,False,False,False,True,False,False,False,False,False,True,False,False,False,True,True,False,False,False,False,False,True,True,False
14,-0.4247065924377002,-0.47096675604055355,-0.3797157977133944,-0.3050095363279733,-0.278343039241228,-0.17438313185400495,-0.660767059939917,-0.2518714350253829,-0.029286794148336657,0.45207572823399056,0.2601994522724216,-0.27438062259938295,0.4036613452438818,False,False,False,False,True,False,False,False,False,False,True,False,False,False,True,True,False,False,False,False,False,True,True,False
14,-0.3631591398248192,-0.36712471056051177,-0.3797157977133944,-0.13657977405316998,-0.31949211487606427,0.0729808380209963,-0.5531127154881763,-0.2518714350253829,0.24782143747941787,0.1455590873041358,0.2601994522724216,-0.27438062259938295,-0.029566242988361767,False,False,False,False,True,False,False,False,False,False,True,False,False,False,True,True,False,False,False,False,False,True,True,False
14,-0.30161168721193815,-0.29692163755992707,-0.3797157977133944,0.03184998822163333,0.1525119879941325,0.08672328079182698,-0.6844510157193073,-0.2518714350253829,0.24782143747941787,-0.16095755362572983,0.12376286074786279,-0.27438062259938295,-0.029566242988361767,False,False,False,False,True,False,False,False,False,False,True,False,False,False,True,True,False,False,False,False,False,True,True,False
14,-0.24006423459905715,-0.4348901768596963,-0.3797157977133944,0.20027975049643665,0.05327009969834678,-0.28294842974358986,-0.6263176697153618,-0.6141405065342891,0.24782143747941787,-0.16095755362572983,-0.012673730776696004,-0.27438062259938295,1.2701165217083694,False,False,False,False,True,False,False,False,False,False,True,False,False,False,True,True,False,False,False,False,False,True,True,False
14,-0.17851678198617613,-0.3095971924072538,-0.3797157977133944,0.3687095127712399,-0.33401531804130163,0.12107938771890858,-0.3614879823640622,-0.2518714350253829,0.24782143747941787,-0.16095755362572983,-0.012673730776696004,-0.27438062259938295,0.4036613452438818,False,False,False,False,True,False,False,False,False,False,True,False,False,False,True,True,False,False,False,False,False,True,True,False
14,-0.11696932937329511,-0.4266023140748996,-0.3797157977133944,0.5371392750460433,-0.25171716677162903,-0.1482724905894237,-0.529428759708786,-0.2518714350253829,0.24782143747941787,-0.16095755362572983,-0.012673730776696004,-0.27438062259938295,-0.029566242988361767,False,False,False,False,True,False,False,False,False,False,True,False,False,False,True,True,False,False,False,False,False,True,True,False
14,-0.05542187676041409,-0.38175035076896835,-0.3797157977133944,0.7055690373208465,0.06779330286358413,-0.1235360936019226,-0.654307799272812,-0.6141405065342891,0.24782143747941787,0.1455590873041358,-0.012673730776696004,-0.27438062259938295,0.4036613452438818,False,False,False,False,True,False,False,False,False,False,True,False,False,False,True,True,False,False,False,False,False,True,True,False
14,0.006125575852466929,-0.35688676241459216,-0.3797157977133944,0.8739987995956499,0.004859422480891802,-0.17575737613108508,-0.4067028070337976,-0.2518714350253829,0.15545202693683305,0.1455590873041358,-0.012673730776696004,-0.27438062259938295,-0.029566242988361767,False,False,False,False,True,False,False,False,False,False,True,False,False,False,True,True,False,False,False,False,False,True,True,False
14,0.06767302846534795,-0.3198351405531734,-0.3797157977133944,1.0424285618704532,0.03874689653310943,-0.13865278064984318,-0.3313447659175745,-0.2518714350253829,0.24782143747941787,-0.16095755362572983,-0.012673730776696004,-0.27438062259938295,0.4036613452438818,False,False,False,False,True,False,False,False,False,False,True,False,False,False,True,True,False,False,False,False,False,True,True,False
14,0.12922048107822898,-0.2949715521987972,-0.3797157977133944,1.2108583241452564,0.06053170128096545,-0.06994056679567022,-0.3485694610298521,-0.2518714350253829,0.24782143747941787,-0.16095755362572983,-0.14911032230124993,-0.27438062259938295,0.4036613452438818,False,False,False,False,True,False,False,False,False,False,True,False,False,False,True,True,False,False,False,False,False,True,True,False
14,0.19076793369110998,1.0081729903746366,-0.3797157977133944,1.3792880864200598,0.04358796425485234,-0.07131481107276012,2.340636063374782,-0.2518714350253829,0.24782143747941787,-0.16095755362572983,-0.2855469138258087,-0.27438062259938295,0.4036613452438818,False,False,False,False,True,False,False,False,False,False,True,False,False,False,True,True,False,False,False,False,False,True,True,False
14,0.25231538630399103,2.3297214635437054,0.6217846187556836,-1.4840178722515964,2.4374959526580366,-0.18537708607067535,-0.7576559699464929,-0.2518714350253829,-2.1306908839921417,-0.16095755362572983,-0.42198350535036266,-0.27438062259938295,0.4036613452438818,False,False,False,False,True,False,False,False,False,False,True,False,False,False,True,True,False,False,False,False,False,True,True,False
14,0.313862838916872,-0.8083315235156028,0.6217846187556836,-1.3155881099767932,-0.3630617243717763,-0.596276124918594,-1.414347471102148,0.11039763648352328,-0.7682420784890154,-0.16095755362572983,-0.42198350535036266,-0.27438062259938295,0.4036613452438818,False,False,False,False,True,False,False,False,False,False,True,False,False,False,True,True,False,False,False,False,False,True,False,True
14,0.375410291529753,-0.8439205813561829,0.6217846187556836,-1.1471583477019898,-0.655946321537382,-0.6443746746165063,-1.2356412593122517,0.8349357795013356,-0.6758726679464305,-0.4674741945555846,-0.42198350535036266,-0.27438062259938295,-0.029566242988361767,False,False,False,False,True,False,False,False,False,False,True,False,False,False,True,True,False,False,False,False,False,True,False,True
14,0.43695774414263405,-0.8604963069257623,0.6217846187556836,-0.9787285854271865,-0.6268999152069072,-0.6636140944956771,-1.3045400397613698,0.47266670799242944,-0.029286794148336657,-0.4674741945555846,-0.42198350535036266,-0.27438062259938295,-0.46279383122060536,False,False,False,False,True,False,False,False,False,False,True,False,False,False,True,True,False,False,False,False,False,True,False,True
14,0.4985051967555151,-0.7313031517510671,0.6217846187556836,-0.8102988231523832,-0.5397606962154917,-0.48908507130608925,-1.0849251770798056,0.11039763648352328,0.24782143747941787,-0.4674741945555846,-0.42198350535036266,-0.27438062259938295,-0.029566242988361767,False,False,False,False,True,False,False,False,False,False,True,False,False,False,True,True,False,False,False,False,False,True,True,False
14,0.560052649368396,-1.0121154437534268,0.6217846187556836,-0.6418690608775799,-0.9730362573117194,-0.8807446902748469,-1.3260709086517148,0.11039763648352328,0.24782143747941787,-0.4674741945555846,-0.42198350535036266,-0.27438062259938295,-0.46279383122060536,False,False,False,False,True,False,False,False,False,False,True,False,False,False,True,True,False,False,False,False,False,True,False,True
14,0.6216001019812771,-0.8590337429049166,0.6217846187556836,-0.4734392986027766,-0.7842346161636423,-0.6539943845560966,-1.1732017395302388,0.11039763648352328,0.3401908480220027,-0.7739908354854502,-0.5584200968749214,-0.27438062259938295,0.4036613452438818,False,False,False,False,True,False,False,False,False,False,True,False,False,False,True,True,False,False,False,False,False,True,True,False
14,0.6831475545941581,-0.8790221178564717,0.6217846187556836,-0.3050095363279733,-0.9101023769290271,-0.6746080487123377,-1.1172214804153309,0.11039763648352328,0.3401908480220027,-0.7739908354854502,-0.5584200968749214,-0.27438062259938295,0.4036613452438818,False,False,False,False,True,False,False,False,False,False,True,False,False,False,True,True,False,False,False,False,False,True,True,False
14,0.7446950072070392,-0.7893181912446092,0.6217846187556836,-0.13657977405316998,-0.51555535760676,-0.5921533920873439,-1.2011918690876888,0.11039763648352328,0.24782143747941787,-0.7739908354854502,-0.5584200968749214,-0.27438062259938295,-0.46279383122060536,False,False,False,False,True,False,False,False,False,False,True,False,False,False,True,False,True,False,False,False,False,True,True,False
14,0.8062424598199202,2.3297214635437054,0.6217846187556836,0.03184998822163333,2.4374959526580366,2.41022679227049,2.340636063374782,0.47266670799242944,0.15545202693683305,-0.7739908354854502,-0.6948566883994802,-0.27438062259938295,-1.762476595917336,False,False,False,False,True,False,False,False,False,False,True,False,False,False,True,False,False,False,False,True,False,True,True,False
14,0.8677899124328012,-0.8926727153843669,0.6217846187556836,0.20027975049643665,-0.7576087436940434,-0.8724992246123465,-1.0031078752964773,0.11039763648352328,0.15545202693683305,-0.7739908354854502,-0.6948566883994802,-0.27438062259938295,-1.762476595917336,False,False,False,False,True,False,False,False,False,False,True,False,False,False,True,True,False,False,False,False,False,True,True,False
14,0.9293373650456822,-0.9321619439471996,0.6217846187556836,0.3687095127712399,-0.6753105924243709,-0.8972356215998476,-1.2119573035328615,0.11039763648352328,0.15545202693683305,-1.080507476415316,-0.8312932799240341,-0.27438062259938295,1.2701165217083694,False,False,False,False,True,False,False,False,False,False,True,False,False,False,True,True,False,False,False,False,False,True,True,False
14,0.9908848176585633,-0.8858474166204228,0.6217846187556836,0.5371392750460433,-0.532499094632873,-0.8271491634685945,-1.2442536068683867,0.11039763648352328,0.3401908480220027,-1.080507476415316,-0.9677298714485929,-0.27438062259938295,-1.762476595917336,False,False,False,False,True,False,False,False,False,False,True,False,False,False,True,True,False,False,False,False,False,True,True,False
14,1.0524322702714441,0.1730489344717999,0.6217846187556836,0.7055690373208465,0.36793950161180844,0.8040787934293295,0.07558865611002873,2.102877529782507,0.24782143747941787,-1.080507476415316,-1.104166462973147,-0.27438062259938295,-0.029566242988361767,False,False,False,False,True,False,False,False,False,False,True,False,False,False,True,True,False,False,False,False,False,True,True,False
14,1.1139797228843253,-0.6640252067921737,0.6217846187556836,0.8739987995956499,-1.077119213329248,-0.5261896667873409,-0.2516805510232839,0.8349357795013356,2.0952096483311147,-1.080507476415316,-1.104166462973147,-0.27438062259938295,-1.762476595917336,False,False,False,False,True,False,False,False,False,False,True,False,False,False,True,True,False,False,False,False,False,True,True,False
14,1.1755271754972063,-0.47974214016562755,0.6217846187556836,1.0424285618704532,0.309846688950859,-0.5289381553415109,-0.6672263206070221,0.47266670799242944,0.6172990796497573,-1.080507476415316,-1.2406030544977056,-0.27438062259938295,-0.8960214194528492,False,False,False,False,True,False,False,False,False,False,True,False,False,False,True,True,False,False,False,False,False,True,True,False
14,1.2370746281100873,-0.638186575757229,0.6217846187556836,1.2108583241452564,-0.03144858543220158,-0.6965959571456786,-0.8007177077271908,0.47266670799242944,-0.3063950257760912,-1.080507476415316,-1.2406030544977056,-0.27438062259938295,-0.8960214194528492,False,False,False,False,True,False,False,False,False,False,True,False,False,False,True,True,False,False,False,False,False,True,True,False
14,1.2986220807229683,-0.7025393926744381,0.6217846187556836,1.3792880864200598,-0.03144858543220158,-0.8161552092519241,-0.8976066177337666,0.47266670799242944,-0.21402561523350636,-1.3870241173451707,-1.2406030544977056,-0.27438062259938295,-1.762476595917336,False,False,False,False,True,False,False,False,False,False,True,False,False,False,True,True,False,False,False,False,False,True,True,False
14,1.3601695333358494,-0.7810303284598195,0.6217846187556836,1.547717848694863,-0.38484652911963235,-0.8903644002144274,-0.8136362290614009,0.47266670799242944,-0.3063950257760912,-1.3870241173451707,-1.2406030544977056,-0.27438062259938295,-1.762476595917336,False,False,False,False,True,False,False,False,False,False,True,False,False,False,True,True,False,False,False,False,False,True,True,False
14,1.4217169859487304,-0.7478788773206535,0.6217846187556836,1.7161476109696665,-0.36548225823265207,-0.814780964974844,-0.8028707946162282,0.11039763648352328,-0.3063950257760912,-1.3870241173451707,-1.3770396460222645,-0.27438062259938295,-1.762476595917336,False,False,False,False,True,False,False,False,False,False,True,False,False,False,True,True,False,False,False,False,False,True,True,False
14,1.4832644385616114,-0.8366077612519546,0.6217846187556836,1.8845773732444697,-0.5712276364068336,-0.9659478354540109,-0.7748806650587705,0.11039763648352328,-0.029286794148336657,-1.3870241173451707,-1.3770396460222645,-0.27438062259938295,-0.8960214194528492,False,False,False,False,True,False,False,False,False,False,True,False,False,False,True,True,False,False,False,False,False,True,True,False
14,1.5448118911744924,-0.7537291334040361,0.6217846187556836,2.053007135519273,-0.41631346931097424,-0.7598111938915114,-0.8696164881763088,0.47266670799242944,0.06308261639424818,-1.3870241173451707,-1.5134762375468185,-0.27438062259938295,-1.762476595917336,False,False,False,False,True,False,False,False,False,False,True,False,False,False,True,True,False,False,False,False,False,True,True,False
14,1.6063593437873733,-0.7371534078344497,0.6217846187556836,2.221436897794076,-0.45020094336319183,-0.7433202625665107,-0.792105360171048,0.47266670799242944,0.06308261639424818,-1.6935407582750364,-1.5134762375468185,-0.27438062259938295,-0.8960214194528492,False,False,False,False,True,False,False,False,False,False,True,False,False,False,True,True,False,False,False,False,False,True,True,False
14,1.6679067964002545,-0.6752381976186548,0.6217846187556836,2.3898666600688796,-0.2662403699368664,-0.6127670562435947,-0.8868411832885864,0.11039763648352328,-0.029286794148336657,-1.3870241173451707,-1.5134762375468185,-0.27438062259938295,-1.762476595917336,False,False,False,False,True,False,False,False,False,False,True,False,False,False,True,True,False,False,False,False,False,True,True,False
14,1.7294542490131355,-0.5265441888326817,0.6217846187556836,2.558296422343683,-0.04113072087569602,-0.4780911170894286,-0.6413892779386096,0.47266670799242944,0.06308261639424818,-1.3870241173451707,-1.6499128290713772,-0.27438062259938295,-0.46279383122060536,False,False,False,False,True,False,False,False,False,False,True,False,False,False,True,True,False,False,False,False,False,True,True,False
14,1.7910017016260165,-0.5777339295622798,0.6217846187556836,2.7267261846184865,-0.4259956047544687,-0.460225941487338,-0.5531127154881763,0.47266670799242944,0.24782143747941787,-1.3870241173451707,-1.6499128290713772,-0.27438062259938295,0.4036613452438818,False,False,False,False,True,False,False,False,False,False,True,False,False,False,True,True,False,False,False,False,False,True,True,False
13,-1.6556556446953206,1.6848526106858719,-1.3812162141824724,-0.9787285854271865,-0.18152168480631803,0.4027994645210012,-0.2516805510232839,1.5594739225191478,-2.1306908839921417,1.6781422919534423,1.7610019590425439,2.430961030132826,-0.029566242988361767,False,False,False,False,False,False,False,True,False,False,False,False,True,True,False,False,True,False,False,False,False,True,True,False
13,-1.5941081920824396,0.1871870533399723,-1.3812162141824724,-0.8102988231523832,0.6995526405513832,0.5278556937355868,0.27582573679027783,0.47266670799242944,0.4325602585645876,1.6781422919534423,1.62456536751799,2.430961030132826,-1.762476595917336,False,False,False,False,False,False,False,True,False,False,False,False,True,True,False,False,False,False,True,False,False,True,False,True
13,-1.5325607394695586,-0.055111052780116014,-1.3812162141824724,-0.6418690608775799,-0.488929485137161,0.4563949913272438,0.37486773368588355,1.9217429940280542,0.802037900734927,1.6781422919534423,1.7610019590425439,2.430961030132826,0.4036613452438818,False,False,False,False,False,False,False,True,False,False,False,False,True,True,False,True,False,False,False,False,False,True,False,True
13,-1.4710132868566774,0.02679253238723397,-1.3812162141824724,-0.4734392986027766,-0.370323325954395,0.5677087777709987,0.45668503546921174,1.9217429940280542,1.8181014167033602,1.6781422919534423,1.7610019590425439,2.430961030132826,-0.46279383122060536,False,False,False,False,False,False,False,True,False,False,False,False,True,True,False,True,False,False,False,False,False,True,True,False
13,-1.4094658342437965,0.16719867838841726,-1.3812162141824724,-0.3050095363279733,-0.12826993986711152,0.9332577554751654,0.2887442581244879,1.5594739225191478,1.1715155429052664,1.3716256510235767,1.4881287759934312,2.430961030132826,1.7033441099406126,False,False,False,False,False,False,False,True,False,False,False,False,True,True,False,True,False,False,False,False,False,True,True,False
13,-1.3479183816309155,0.139897483332627,-1.3812162141824724,-0.13657977405316998,-0.5421812300763589,0.7353665795751664,0.8463937623845373,2.102877529782507,2.00284023778853,1.065109010093722,1.4881287759934312,2.430961030132826,0.4036613452438818,False,False,False,False,False,False,False,True,False,False,False,False,True,True,False,True,False,False,False,False,False,True,True,False
13,-1.2863709290180345,0.4143719979113198,-1.3812162141824724,0.03184998822163333,0.4090885772466447,1.0212093892084995,0.7645764606012092,1.5594739225191478,1.6333625956181905,1.065109010093722,1.3516921844688725,2.430961030132826,0.4036613452438818,False,False,False,False,False,False,False,True,False,False,False,False,True,True,False,True,False,False,False,False,False,True,True,False
13,-1.2248234764051535,0.5382024183429166,-1.3812162141824724,0.20027975049643665,0.2469128085681667,1.4224887181168375,0.8270159803832222,0.11039763648352328,0.9867767218200967,1.065109010093722,1.3516921844688725,-0.27438062259938295,1.7033441099406126,False,False,False,False,False,False,False,True,False,False,False,False,True,True,False,True,False,False,False,False,False,True,True,False
13,-1.1632760237922724,0.5918297657739219,-1.3812162141824724,0.3687095127712399,0.5615822104816369,1.2891870232397515,0.9928036708389084,0.11039763648352328,0.4325602585645876,1.3716256510235767,1.2152555929443185,-0.27438062259938295,0.4036613452438818,False,False,False,False,False,False,False,True,False,False,False,False,True,True,False,True,False,False,False,False,False,True,True,False
13,-1.1017285711793914,0.6464321558854885,-1.3812162141824724,0.5371392750460433,0.67534730194266,1.360647725648085,1.0207938003963661,0.8349357795013356,0.4325602585645876,1.065109010093722,1.2152555929443185,-0.27438062259938295,1.2701165217083694,False,False,False,False,False,False,False,True,False,False,False,False,True,True,False,True,False,False,False,False,False,True,True,False
13,-1.0401811185665104,0.9160314570613601,-1.3812162141824724,0.7055690373208465,0.8520462737863668,1.9735606732272624,1.0939987546235517,-0.6141405065342891,0.8944073112775118,1.3716256510235767,0.9423824098952058,-0.27438062259938295,0.4036613452438818,False,False,False,False,False,False,False,True,False,False,False,False,True,True,False,True,False,False,False,False,False,True,True,False
13,-0.9786336659536293,0.929194533248971,-1.3812162141824724,0.8739987995956499,1.4596002728654511,1.4266114509480878,1.4686358733156297,-0.2518714350253829,0.6172990796497573,1.065109010093722,0.9423824098952058,-0.27438062259938295,1.7033441099406126,False,False,False,False,False,False,False,True,False,False,False,False,True,True,False,True,False,False,False,False,False,True,True,False
13,-0.9170862133407484,2.3297214635437054,-1.3812162141824724,1.0424285618704532,2.07199533966627,2.41022679227049,2.340636063374782,-0.2518714350253829,0.15545202693683305,1.065109010093722,0.805945818370647,-0.27438062259938295,1.7033441099406126,False,False,False,False,False,False,False,True,False,False,False,False,True,True,False,True,False,False,False,False,False,True,True,False
13,-0.8555387607278674,2.3297214635437054,-0.3797157977133944,-1.4840178722515964,2.4374959526580366,-0.7282035755185902,-0.9299029210692842,2.102877529782507,-2.1306908839921417,1.065109010093722,0.805945818370647,-0.27438062259938295,1.2701165217083694,False,False,False,False,False,False,False,True,False,False,True,False,False,False,True,True,False,False,False,False,False,True,True,False
13,-0.7939913081149863,-0.8512334014604112,-0.3797157977133944,-1.3155881099767932,-1.471666232651515,-0.6430004303394261,-0.5445003679320337,2.102877529782507,1.8181014167033602,1.065109010093722,0.805945818370647,-0.27438062259938295,0.4036613452438818,False,False,False,False,False,False,False,True,False,False,True,False,False,False,True,True,False,False,False,False,False,True,False,True
13,-0.7324438555021053,-0.6693879415352721,-0.3797157977133944,-1.1471583477019898,-1.3070699301121698,-0.2760772083581696,-0.4626830661487055,2.102877529782507,2.118302000966761,0.7585923691638562,0.6695092268460883,-0.27438062259938295,1.2701165217083694,False,False,False,False,False,False,False,True,False,False,True,False,False,False,True,True,False,False,False,False,False,True,True,False
13,-0.6708964028892243,-0.2935089881779515,-0.3797157977133944,-0.9787285854271865,-1.2513976513120961,0.5196102280730864,-0.09881138190180014,2.102877529782507,1.0791461323626814,0.7585923691638562,0.5330726353215343,-2.979722275331592,0.4036613452438818,False,False,False,False,False,False,False,True,False,False,True,False,False,False,True,True,False,False,False,False,False,True,True,False
13,-0.6093489502763433,-0.3798002654078385,-0.3797157977133944,-0.8102988231523832,-1.028708536111793,0.29560841090849643,-0.32703859213950703,0.11039763648352328,0.6172990796497573,0.7585923691638562,0.5330726353215343,-0.27438062259938295,0.4036613452438818,False,False,False,False,False,False,False,True,False,False,True,False,False,False,True,True,False,False,False,False,False,True,True,False
13,-0.5478014976634622,-0.3383609514838828,-0.3797157977133944,-0.6418690608775799,-0.348538521206539,0.14306729615224942,-0.5100509777074785,0.11039763648352328,-0.21402561523350636,0.45207572823399056,0.5330726353215343,-2.979722275331592,0.4036613452438818,False,False,False,False,False,False,False,True,False,False,True,False,False,False,True,True,False,False,False,False,False,True,True,False
13,-0.48625404505058123,-0.30618454302527826,-0.3797157977133944,-0.4734392986027766,-0.33401531804130163,0.1815461359105812,-0.44115219725836047,0.47266670799242944,-0.21402561523350636,0.45207572823399056,0.3966360437969755,-0.27438062259938295,0.4036613452438818,False,False,False,False,False,False,False,True,False,False,True,False,False,False,True,True,False,False,False,False,False,True,True,False
13,-0.4247065924377002,-0.31739753385175934,-0.3797157977133944,-0.3050095363279733,-0.32191264873694003,0.00014589133558289794,-0.21723116079872107,0.47266670799242944,0.06308261639424818,0.45207572823399056,0.2601994522724216,-0.27438062259938295,0.4036613452438818,False,False,False,False,False,False,False,True,False,False,True,False,False,False,True,True,False,False,False,False,False,True,True,False
13,-0.3631591398248192,-0.37443753066474006,-0.3797157977133944,-0.13657977405316998,-0.2589787683542477,-0.11666487221650237,-0.34211020036274703,0.47266670799242944,0.3401908480220027,0.1455590873041358,0.12376286074786279,-0.27438062259938295,-0.46279383122060536,False,False,False,False,False,False,False,True,False,False,True,False,False,False,True,True,False,False,False,False,False,True,True,False
13,-0.30161168721193815,-0.21111788167031736,-0.3797157977133944,0.03184998822163333,-0.3436974534847961,0.44127830427933296,-0.4196213283680077,0.11039763648352328,0.6172990796497573,-0.16095755362572983,0.12376286074786279,-0.27438062259938295,-0.029566242988361767,False,False,False,False,False,False,False,True,False,False,True,False,False,False,True,True,False,False,False,False,False,True,True,False
13,-0.24006423459905715,-0.27449565590695796,-0.3797157977133944,0.20027975049643665,-0.29528677626734107,0.3629463804855795,-0.6198584090482568,0.11039763648352328,0.4325602585645876,-0.16095755362572983,-0.012673730776696004,-0.27438062259938295,1.2701165217083694,False,False,False,False,False,False,False,True,False,False,True,False,False,False,True,True,False,False,False,False,False,True,True,False
13,-0.17851678198617613,-0.35054898499093223,-0.3797157977133944,0.3687095127712399,-0.26381983607599063,-0.03833294842275865,-0.35502872169695715,0.11039763648352328,0.4325602585645876,-0.16095755362572983,-0.012673730776696004,-0.27438062259938295,0.4036613452438818,False,False,False,False,False,False,False,True,False,False,True,False,False,False,True,True,False,False,False,False,False,True,True,False
13,-0.11696932937329511,-0.3627370184979748,-0.3797157977133944,0.5371392750460433,-0.20814755727591697,-0.06994056679567022,-0.40885589392283517,0.11039763648352328,0.4325602585645876,-0.16095755362572983,-0.012673730776696004,-0.27438062259938295,-0.029566242988361767,False,False,False,False,False,False,False,True,False,False,True,False,False,False,True,True,False,False,False,False,False,True,True,False
13,-0.05542187676041409,-0.2832710400320319,-0.3797157977133944,0.7055690373208465,-0.0653360594844192,0.09359450217724721,-0.44115219725836047,0.47266670799242944,0.4325602585645876,0.1455590873041358,-0.012673730776696004,-0.27438062259938295,0.4036613452438818,False,False,False,False,False,False,False,True,False,False,True,False,False,False,True,True,False,False,False,False,False,True,True,False
13,0.006125575852466929,-0.36956231726192584,-0.3797157977133944,0.8739987995956499,-0.4526214772240676,0.026256532600164136,-0.3722534168092424,0.11039763648352328,0.5249296691071724,0.1455590873041358,-0.012673730776696004,-0.27438062259938295,-0.029566242988361767,False,False,False,False,False,False,False,True,False,False,True,False,False,False,True,True,False,False,False,False,False,True,True,False
13,0.06767302846534795,-0.2018549762049592,-0.3797157977133944,1.0424285618704532,0.1355682509680194,0.24750986121058413,-0.5014386301513358,0.11039763648352328,0.5249296691071724,-0.16095755362572983,-0.012673730776696004,-0.27438062259938295,0.4036613452438818,False,False,False,False,False,False,False,True,False,False,True,False,False,False,True,True,False,False,False,False,False,True,True,False
13,0.12922048107822898,-0.3242228326157104,-0.3797157977133944,1.2108583241452564,-0.2880251746847224,0.132073341935579,-0.4842139350390583,0.11039763648352328,0.5249296691071724,-0.16095755362572983,-0.14911032230124993,-0.27438062259938295,0.4036613452438818,False,False,False,False,False,False,False,True,False,False,True,False,False,False,True,True,False,False,False,False,False,True,True,False
13,0.19076793369110998,0.8916553900472681,-0.3797157977133944,1.3792880864200598,-0.16215741391932914,-0.09467696378317132,2.340636063374782,-0.2518714350253829,0.24782143747941787,-0.16095755362572983,-0.2855469138258087,-0.27438062259938295,0.4036613452438818,False,False,False,False,False,False,False,True,False,False,True,False,False,False,True,True,False,False,False,False,False,True,True,False
13,0.25231538630399103,2.3297214635437054,0.6217846187556836,-1.4840178722515964,2.4374959526580366,-0.4272440788373365,-1.476786990884161,1.5594739225191478,-2.1306908839921417,-0.16095755362572983,-0.42198350535036266,-0.27438062259938295,0.4036613452438818,False,False,False,False,False,False,False,True,False,False,True,False,False,False,True,True,False,False,False,False,False,True,True,False
13,0.313862838916872,-0.9677510017877727,0.6217846187556836,-1.3155881099767932,-1.2223512449816214,-0.4506062315477575,-1.5822882484468719,1.1972048510102418,-0.7682420784890154,-0.16095755362572983,-0.42198350535036266,-0.27438062259938295,0.4036613452438818,False,False,False,False,False,False,False,True,False,False,True,False,False,False,True,True,False,False,False,False,False,True,False,True
13,0.375410291529753,-0.923874081162403,0.6217846187556836,-1.1471583477019898,-1.077119213329248,-0.5481775752206719,-1.364826472654345,1.1972048510102418,-0.1216562046909215,-0.4674741945555846,-0.42198350535036266,-0.27438062259938295,-0.029566242988361767,False,False,False,False,False,False,False,True,False,False,True,False,False,False,True,True,False,False,False,False,False,True,True,False
13,0.43695774414263405,-0.7868805845432021,0.6217846187556836,-0.9787285854271865,-1.1400530937119402,-0.17026039902275475,-1.2959276922052272,1.1972048510102418,0.6172990796497573,-0.4674741945555846,-0.42198350535036266,-0.27438062259938295,-0.46279383122060536,False,False,False,False,False,False,False,True,False,False,True,False,False,False,True,True,False,False,False,False,False,True,True,False
13,0.4985051967555151,-0.7795677644389738,0.6217846187556836,-0.8102988231523832,-1.067437077885762,-0.34753791076650287,-1.0504757868552426,1.1972048510102418,0.802037900734927,-0.4674741945555846,-0.42198350535036266,-0.27438062259938295,-0.029566242988361767,False,False,False,False,False,False,False,True,False,False,True,False,False,False,True,True,False,False,False,False,False,True,True,False
13,0.560052649368396,-0.6747506762783706,0.6217846187556836,-0.6418690608775799,-0.8979997076246654,-0.11254213938525219,-1.1064560459701507,0.8349357795013356,-0.029286794148336657,-0.4674741945555846,-0.5584200968749214,-0.27438062259938295,-0.46279383122060536,False,False,False,False,False,False,False,True,False,False,True,False,False,False,True,True,False,False,False,False,False,True,True,False
13,0.6216001019812771,-0.7537291334040361,0.6217846187556836,-0.4734392986027766,-1.0311290699726687,-0.3159302923935913,-1.0181794835197173,0.8349357795013356,0.4325602585645876,-0.7739908354854502,-0.5584200968749214,-0.27438062259938295,0.4036613452438818,False,False,False,False,False,False,False,True,False,False,True,False,False,False,True,True,False,False,False,False,False,True,True,False
13,0.6831475545941581,-0.8341701545505404,0.6217846187556836,-0.3050095363279733,-1.0868013487727424,-0.5110729797394203,-1.0181794835197173,0.8349357795013356,0.3401908480220027,-0.7739908354854502,-0.5584200968749214,-0.27438062259938295,0.4036613452438818,False,False,False,False,False,False,False,True,False,False,True,False,False,False,True,True,False,False,False,False,False,True,True,False
13,0.7446950072070392,-0.5465325637842436,0.6217846187556836,-0.13657977405316998,-1.002082663642194,-0.5949018806415041,0.3081220401258031,-2.244351328324367,0.802037900734927,-0.7739908354854502,-0.5584200968749214,-0.27438062259938295,-0.46279383122060536,False,False,False,False,False,False,False,True,False,False,True,False,False,False,True,False,False,True,False,False,False,True,True,False
13,0.8062424598199202,2.3297214635437054,0.6217846187556836,0.03184998822163333,2.4374959526580366,2.41022679227049,-0.2215373345767962,1.1972048510102418,-2.1306908839921417,-0.7739908354854502,-0.6948566883994802,-0.27438062259938295,-1.762476595917336,False,False,False,False,False,False,False,True,False,False,True,False,False,False,True,False,False,False,False,False,True,True,True,False
13,0.8677899124328012,-1.0584299710802036,0.6217846187556836,0.20027975049643665,-1.544282248477702,-0.9522053926831802,-0.9105251390679766,1.1972048510102418,0.802037900734927,-0.7739908354854502,-0.6948566883994802,-0.27438062259938295,-1.762476595917336,False,False,False,False,False,False,False,True,False,False,True,False,False,False,True,True,False,False,False,False,False,True,True,False
13,0.9293373650456822,-0.8414829746547687,0.6217846187556836,0.3687095127712399,-1.1279504244075786,-0.5564230408831723,-0.9428214424034943,0.8349357795013356,0.8944073112775118,-1.080507476415316,-0.8312932799240341,-0.27438062259938295,1.2701165217083694,False,False,False,False,False,False,False,True,False,False,True,False,False,False,True,True,False,False,False,False,False,True,True,False
13,0.9908848176585633,-0.784442977841795,0.6217846187556836,0.5371392750460433,-0.7503471421114247,-0.6498716517248464,-0.8803819226214813,0.8349357795013356,0.06308261639424818,-1.080507476415316,-0.9677298714485929,-0.27438062259938295,-1.762476595917336,False,False,False,False,False,False,False,True,False,False,True,False,False,False,True,True,False,False,False,False,False,True,True,False
13,1.0524322702714441,-0.9214364744609959,0.6217846187556836,0.7055690373208465,-1.2780235237816953,-0.6787307815435879,-0.9708115719609521,0.8349357795013356,0.6172990796497573,-1.080507476415316,-1.104166462973147,-0.27438062259938295,-0.029566242988361767,False,False,False,False,False,False,False,True,False,False,True,False,False,False,True,True,False,False,False,False,False,True,True,False
13,1.1139797228843253,-0.7971185326891217,0.6217846187556836,0.8739987995956499,-1.0190264006683072,-0.48083960564358885,-0.9621992244048094,0.8349357795013356,0.802037900734927,-1.080507476415316,-1.104166462973147,-0.27438062259938295,-1.762476595917336,False,False,False,False,False,False,False,True,False,False,True,False,False,False,True,True,False,False,False,False,False,True,True,False
13,1.1755271754972063,-0.8648839989882993,0.6217846187556836,1.0424285618704532,-0.8979997076246654,-0.8903644002144274,-0.7275127535000052,1.1972048510102418,0.7096684901923421,-1.080507476415316,-1.2406030544977056,-0.27438062259938295,-0.8960214194528492,False,False,False,False,False,False,False,True,False,False,True,False,False,False,True,True,False,False,False,False,False,True,True,False
13,1.2370746281100873,-0.8219821210434979,0.6217846187556836,1.2108583241452564,-0.7721319468592808,-0.7900445679873429,-0.8071769683942958,0.8349357795013356,0.6172990796497573,-1.080507476415316,-1.2406030544977056,-0.27438062259938295,-0.8960214194528492,False,False,False,False,False,False,False,True,False,False,True,False,False,False,True,True,False,False,False,False,False,True,True,False
13,1.2986220807229683,-0.7254528956676844,0.6217846187556836,1.3792880864200598,-0.7818140823027666,-0.6333807203998456,-0.6177053221592193,0.8349357795013356,0.5249296691071724,-1.080507476415316,-1.2406030544977056,-0.27438062259938295,0.4036613452438818,False,False,False,False,False,False,False,True,False,False,True,False,False,False,True,True,False,False,False,False,False,True,True,False
13,1.3601695333358494,-0.8887725446621141,0.6217846187556836,1.547717848694863,-0.9827183927552138,-0.9219720185873487,-0.70813497149869,0.8349357795013356,0.6172990796497573,-1.3870241173451707,-1.2406030544977056,-0.27438062259938295,-1.762476595917336,False,False,False,False,False,False,False,True,False,False,True,False,False,False,True,True,False,False,False,False,False,True,True,False
13,1.4217169859487304,-0.6732881122575249,0.6217846187556836,1.7161476109696665,-0.5639660348242149,-0.5206926896790106,-0.7576559699464929,0.8349357795013356,0.15545202693683305,-1.3870241173451707,-1.3770396460222645,-0.27438062259938295,-1.762476595917336,False,False,False,False,False,False,False,True,False,False,True,False,False,False,True,True,False,False,False,False,False,True,True,False
13,1.4832644385616114,-0.7883431485640477,0.6217846187556836,1.8845773732444697,-0.7576087436940434,-0.7790506137706724,-0.6887571894973749,0.8349357795013356,0.3401908480220027,-1.3870241173451707,-1.3770396460222645,-0.27438062259938295,-0.8960214194528492,False,False,False,False,False,False,False,True,False,False,True,False,False,False,True,True,False,False,False,False,False,True,True,False
13,1.5448118911744924,-0.6654877708130194,0.6217846187556836,2.053007135519273,-0.8592711658506963,-0.5179442011248405,-0.4648361530377431,1.1972048510102418,0.3401908480220027,-1.3870241173451707,-1.5134762375468185,-0.27438062259938295,-1.762476595917336,False,False,False,False,False,False,False,True,False,False,True,False,False,False,True,True,False,False,False,False,False,True,True,False
13,1.6063593437873733,-0.6255110209099023,0.6217846187556836,2.221436897794076,-0.5518633655198533,-0.5852821707019236,-0.45622380548160046,1.1972048510102418,0.3401908480220027,-1.6935407582750364,-1.5134762375468185,-0.27438062259938295,-0.8960214194528492,False,False,False,False,False,False,False,True,False,False,True,False,False,False,True,True,False,False,False,False,False,True,True,False
13,1.6679067964002545,-0.6562248653476612,0.6217846187556836,2.3898666600688796,-0.7309828712244445,-0.6361292089540059,-0.3528756348079272,0.8349357795013356,-0.3063950257760912,-1.3870241173451707,-1.5134762375468185,-0.27438062259938295,-1.762476595917336,False,False,False,False,False,False,False,True,False,False,True,False,False,False,True,True,False,False,False,False,False,True,True,False
13,1.7294542490131355,-0.7654296455708014,0.6217846187556836,2.558296422343683,-1.1110066873814741,-0.6746080487123377,-0.43684602348028534,1.5594739225191478,0.5249296691071724,-1.3870241173451707,-1.6499128290713772,-0.27438062259938295,-0.46279383122060536,False,False,False,False,False,False,False,True,False,False,True,False,False,False,True,True,False,False,False,False,False,True,True,False
13,1.7910017016260165,-0.7015643499938766,0.6217846187556836,2.7267261846184865,-0.8302247595202216,-0.7474429953977609,-0.29043611502591427,1.1972048510102418,0.8944073112775118,-1.3870241173451707,-1.6499128290713772,-0.27438062259938295,0.4036613452438818,False,False,False,False,False,False,False,True,False,False,True,False,False,False,True,True,False,False,False,False,False,True,True,False
2,-1.6556556446953206,2.3297214635437054,-1.3812162141824724,-1.4840178722515964,-0.18152168480631803,0.925012289812665,0.6203196390358681,-1.3386786495521015,-2.1306908839921417,1.6781422919534423,1.7610019590425439,2.430961030132826,-0.029566242988361767,True,False,False,False,False,False,False,False,False,False,False,False,True,False,True,False,True,False,False,False,False,True,True,False
2,-1.5941081920824396,0.3656198638831358,-1.3812162141824724,-1.3155881099767932,0.7310195807427337,0.5649602892168287,0.9777320626156684,-1.7009477210610076,-1.04535031011677,1.6781422919534423,1.62456536751799,2.430961030132826,-1.762476595917336,True,False,False,False,False,False,False,False,False,False,False,False,True,False,True,False,False,False,True,False,False,True,False,True
2,-1.5325607394695586,0.09309543466557284,-1.3812162141824724,-1.1471583477019898,0.019382625646129154,0.40417370879808134,0.6590752030384984,0.11039763648352328,0.06308261639424818,1.6781422919534423,1.7610019590425439,2.430961030132826,0.4036613452438818,True,False,False,False,False,False,False,False,False,False,False,False,True,False,True,True,False,False,False,False,False,True,False,True
2,-1.4710132868566774,0.3007795256256426,-1.3812162141824724,-0.9787285854271865,0.3582573661683226,0.6309240145168317,0.9195987166117229,-1.7009477210610076,0.5249296691071724,1.6781422919534423,1.7610019590425439,2.430961030132826,-0.46279383122060536,True,False,False,False,False,False,False,False,False,False,False,False,True,False,True,True,False,False,False,False,False,True,True,False
2,-1.4094658342437965,0.8906803473667066,-1.3812162141824724,-0.8102988231523832,1.8977169016834217,1.4403538937189184,0.8873024132761976,-2.063216792569914,-0.39876443631867603,1.3716256510235767,1.4881287759934312,2.430961030132826,1.7033441099406126,True,False,False,False,False,False,False,False,False,False,False,False,True,False,True,True,False,False,False,False,False,True,True,False
2,-1.3479183816309155,0.5162639580302317,-1.3812162141824724,-0.6418690608775799,0.6463008956121853,0.9689881066793369,1.0853864070674168,-2.063216792569914,-0.8606114890316002,1.065109010093722,1.4881287759934312,2.430961030132826,0.4036613452438818,True,False,False,False,False,False,False,False,False,False,False,False,True,False,True,True,False,False,False,False,False,True,True,False
2,-1.2863709290180345,0.6620328387745066,-1.3812162141824724,-0.4734392986027766,1.3627789184305328,1.149014106977255,0.8097912852709446,-2.063216792569914,-0.7682420784890154,1.065109010093722,1.3516921844688725,2.430961030132826,0.4036613452438818,True,False,False,False,False,False,False,False,False,False,False,False,True,False,True,True,False,False,False,False,False,True,True,False
2,-1.2248234764051535,0.5757415615446196,-1.3812162141824724,-0.3050095363279733,1.07473538898667,0.9717365952334972,0.9626604543924208,-2.063216792569914,-0.7682420784890154,1.065109010093722,1.3516921844688725,-0.27438062259938295,1.7033441099406126,True,False,False,False,False,False,False,False,False,False,False,False,True,False,True,True,False,False,False,False,False,True,True,False
2,-1.1632760237922724,0.5211391714330529,-1.3812162141824724,-0.13657977405316998,1.2490138269695097,0.7930848392126689,0.8463937623845373,-2.063216792569914,-0.7682420784890154,1.3716256510235767,1.2152555929443185,-0.27438062259938295,0.4036613452438818,True,False,False,False,False,False,False,False,False,False,False,False,True,False,True,True,False,False,False,False,False,True,True,False
2,-1.1017285711793914,0.7166352288860801,-1.3812162141824724,0.03184998822163333,1.2320700899433965,1.2328430078793389,1.0358654086196062,-2.063216792569914,-0.8606114890316002,1.065109010093722,1.2152555929443185,-0.27438062259938295,1.2701165217083694,True,False,False,False,False,False,False,False,False,False,False,False,True,False,True,True,False,False,False,False,False,True,True,False
2,-1.0401811185665104,1.9807780642369655,-1.3812162141824724,0.20027975049643665,1.224808488360778,0.9717365952334972,2.340636063374782,-0.2518714350253829,-0.7682420784890154,1.3716256510235767,0.9423824098952058,-0.27438062259938295,0.4036613452438818,True,False,False,False,False,False,False,False,False,False,False,False,True,False,True,True,False,False,False,False,False,True,True,False
2,-0.9786336659536293,2.3297214635437054,-0.3797157977133944,-1.4840178722515964,2.4374959526580366,-0.8161552092519241,-0.529428759708786,-1.3386786495521015,-2.1306908839921417,1.065109010093722,0.9423824098952058,-0.27438062259938295,1.7033441099406126,True,False,False,False,False,False,False,False,False,False,True,False,False,False,True,True,False,False,False,False,False,True,True,False
2,-0.9170862133407484,-0.5733462374997428,-0.3797157977133944,-1.3155881099767932,-0.3558001227891577,-0.7708051481081721,-0.10957681634697268,1.5594739225191478,-1.5071973628296942,1.065109010093722,0.805945818370647,-0.27438062259938295,1.2701165217083694,True,False,False,False,False,False,False,False,False,False,True,False,False,False,True,True,False,False,False,False,False,True,False,True
2,-0.8555387607278674,-0.5401947863605768,-0.3797157977133944,-1.1471583477019898,-0.72130073578095,-0.39151372763317477,-0.23230276902196875,-1.7009477210610076,1.7257320061607755,1.065109010093722,0.805945818370647,-0.27438062259938295,1.2701165217083694,True,False,False,False,False,False,False,False,False,False,True,False,False,False,True,True,False,False,False,False,False,True,True,False
2,-0.7939913081149863,-0.17309121712833023,-0.3797157977133944,-0.9787285854271865,0.11862451394191487,-0.010848062881087512,0.04544543966354101,-1.7009477210610076,-1.04535031011677,1.065109010093722,0.805945818370647,-0.27438062259938295,0.4036613452438818,True,False,False,False,False,False,False,False,False,False,True,False,False,False,True,True,False,False,False,False,False,True,True,False
2,-0.7324438555021053,-0.34713633560895674,-0.3797157977133944,-0.8102988231523832,-0.2928662424064653,-0.09055423095192114,-0.23230276902196875,-2.063216792569914,-0.9529808995741851,0.7585923691638562,0.6695092268460883,-0.27438062259938295,1.2701165217083694,True,False,False,False,False,False,False,False,False,False,True,False,False,False,True,True,False,False,False,False,False,True,True,False
2,-0.6708964028892243,0.37390772666792554,-0.3797157977133944,-0.6418690608775799,1.4862261453350416,0.5209844723501666,0.4114702107994763,0.47266670799242944,-0.4911338468612609,0.7585923691638562,0.5330726353215343,-2.979722275331592,0.4036613452438818,True,False,False,False,False,False,False,False,False,False,True,False,False,False,True,True,False,False,False,False,False,True,True,False
2,-0.6093489502763433,0.5040759245231823,-0.3797157977133944,-0.4734392986027766,0.6341982263078151,1.1847444581814168,0.7042900277082261,-1.7009477210610076,0.802037900734927,0.7585923691638562,0.5330726353215343,-0.27438062259938295,0.4036613452438818,True,False,False,False,False,False,False,False,False,False,True,False,False,False,True,True,False,False,False,False,False,True,True,False
2,-0.5478014976634622,0.14184756869375686,-0.3797157977133944,-0.3050095363279733,0.5567411427598854,0.3973024874126611,0.40716403702140885,-1.7009477210610076,-0.6758726679464305,0.45207572823399056,0.5330726353215343,-2.979722275331592,0.4036613452438818,True,False,False,False,False,False,False,False,False,False,True,False,False,False,True,True,False,False,False,False,False,True,True,False
2,-0.48625404505058123,0.6025552352601187,-0.3797157977133944,-0.13657977405316998,1.1860799465868173,1.230094519325169,0.5772579012551702,-1.3386786495521015,-0.4911338468612609,0.45207572823399056,0.3966360437969755,-0.27438062259938295,0.4036613452438818,True,False,False,False,False,False,False,False,False,False,True,False,False,False,True,True,False,False,False,False,False,True,True,False
2,-0.4247065924377002,0.07261953837373361,-0.3797157977133944,0.03184998822163333,0.3800421709161786,0.3876827774730806,0.27367264990124024,-1.7009477210610076,-0.5835032574038457,0.45207572823399056,0.2601994522724216,-0.27438062259938295,0.4036613452438818,True,False,False,False,False,False,False,False,False,False,True,False,False,False,True,True,False,False,False,False,False,True,True,False
2,-0.3631591398248192,0.07310705971401087,-0.3797157977133944,0.20027975049643665,0.41392964496839624,0.34095847205224844,0.31888747457097566,-1.7009477210610076,-0.8606114890316002,0.1455590873041358,0.12376286074786279,-0.27438062259938295,-0.46279383122060536,True,False,False,False,False,False,False,False,False,False,True,False,False,False,True,True,False,False,False,False,False,True,True,False
2,-0.30161168721193815,0.05116859940133291,-0.3797157977133944,0.3687095127712399,0.7043937082731261,0.15543549464599996,0.25429486789992506,-1.7009477210610076,-0.7682420784890154,-0.16095755362572983,0.12376286074786279,-0.27438062259938295,-0.029566242988361767,True,False,False,False,False,False,False,False,False,False,True,False,False,False,True,True,False,False,False,False,False,True,True,False
2,-0.24006423459905715,0.10772107487402943,-0.3797157977133944,0.5371392750460433,0.7528043854905897,0.265375036812665,0.2887442581244879,-1.7009477210610076,-0.6758726679464305,-0.16095755362572983,-0.012673730776696004,-0.27438062259938295,1.2701165217083694,True,False,False,False,False,False,False,False,False,False,True,False,False,False,True,True,False,False,False,False,False,True,True,False
2,-0.17851678198617613,0.13843491931178134,-0.3797157977133944,0.7055690373208465,0.8835132139777172,0.23239317416266353,0.35979612546264356,-1.7009477210610076,-0.9529808995741851,-0.16095755362572983,-0.012673730776696004,-0.27438062259938295,0.4036613452438818,True,False,False,False,False,False,False,False,False,False,True,False,False,False,True,True,False,False,False,False,False,True,True,False
2,-0.11696932937329511,0.14331013271460252,-0.3797157977133944,0.8739987995956499,0.9512881620821525,0.23651590699391373,0.31458130079290814,-1.7009477210610076,-0.9529808995741851,-0.16095755362572983,-0.012673730776696004,-0.27438062259938295,-0.029566242988361767,True,False,False,False,False,False,False,False,False,False,True,False,False,False,True,True,False,False,False,False,False,True,True,False
2,-0.05542187676041409,0.039468087234567635,-0.3797157977133944,1.0424285618704532,0.7068142421340019,0.12795060910432882,0.24352943345475253,-1.7009477210610076,-1.04535031011677,0.1455590873041358,-0.012673730776696004,-0.27438062259938295,0.4036613452438818,True,False,False,False,False,False,False,False,False,False,True,False,False,False,True,True,False,False,False,False,False,True,True,False
2,0.006125575852466929,-0.09265019598181896,-0.3797157977133944,1.2108583241452564,0.8060561304297875,-0.16613766619150458,0.032526918329330905,-1.7009477210610076,-0.8606114890316002,-0.16095755362572983,-0.012673730776696004,-0.27438062259938295,1.2701165217083694,True,False,False,False,False,False,False,False,False,False,True,False,False,False,True,True,False,False,False,False,False,True,True,False
2,0.06767302846534795,1.4693681782812826,-0.3797157977133944,1.3792880864200598,1.7766902086397887,-0.0987996966144215,2.340636063374782,-0.2518714350253829,-1.599566773372279,-0.16095755362572983,-0.012673730776696004,-0.27438062259938295,0.4036613452438818,True,False,False,False,False,False,False,False,False,False,True,False,False,False,True,True,False,False,False,False,False,True,True,False
2,0.12922048107822898,2.3297214635437054,0.6217846187556836,-1.4840178722515964,2.4374959526580366,-1.301263439062346,-1.151670870639886,-1.3386786495521015,-2.1306908839921417,-0.16095755362572983,-0.14911032230124993,-0.27438062259938295,0.4036613452438818,True,False,False,False,False,False,False,False,False,False,True,False,False,False,True,True,False,False,False,False,False,True,True,False
2,0.19076793369110998,-0.890722630023237,0.6217846187556836,-1.3155881099767932,-0.8253836917984787,-1.0264145836456737,-0.6930633632754424,-0.9764095780431952,-0.6758726679464305,-0.16095755362572983,-0.42198350535036266,-0.27438062259938295,0.4036613452438818,True,False,False,False,False,False,False,False,False,False,True,False,False,False,True,True,False,False,False,False,False,True,False,True
2,0.25231538630399103,-0.7464163132998078,0.6217846187556836,-1.1471583477019898,-0.8737943690159337,-0.6787307815435879,-0.5574188892662438,-1.3386786495521015,-0.8606114890316002,-0.16095755362572983,-0.42198350535036266,-0.27438062259938295,0.4036613452438818,True,False,False,False,False,False,False,False,False,False,True,False,False,False,True,True,False,False,False,False,False,True,True,False
2,0.313862838916872,-0.697664179271617,0.6217846187556836,-0.9787285854271865,-0.42841613861534444,-0.7446945068435908,-0.6349300172715044,-1.3386786495521015,-1.1377197206593548,-0.16095755362572983,-0.42198350535036266,-0.27438062259938295,0.4036613452438818,True,False,False,False,False,False,False,False,False,False,True,False,False,False,True,True,False,False,False,False,False,True,True,False
2,0.375410291529753,-0.6981517006119011,0.6217846187556836,-0.8102988231523832,-0.24929663291075327,-0.7680566595540118,-0.7598090568355305,-1.3386786495521015,-1.2300891312019397,-0.4674741945555846,-0.42198350535036266,-0.27438062259938295,-0.029566242988361767,True,False,False,False,False,False,False,False,False,False,True,False,False,False,True,True,False,False,False,False,False,True,True,False
2,0.43695774414263405,-0.6771882829797846,0.6217846187556836,-0.6418690608775799,-0.34611798734566324,-0.641626186062346,-0.7791868388368456,-1.7009477210610076,-1.1377197206593548,-0.16095755362572983,-0.42198350535036266,-0.27438062259938295,-0.46279383122060536,True,False,False,False,False,False,False,False,False,False,True,False,False,False,True,True,False,False,False,False,False,True,True,False
2,0.4985051967555151,-0.6723130695769635,0.6217846187556836,-0.4734392986027766,-0.1887832863889367,-0.7639339267227616,-0.7059818846096524,-1.7009477210610076,-1.04535031011677,-0.4674741945555846,-0.42198350535036266,-0.27438062259938295,-0.029566242988361767,True,False,False,False,False,False,False,False,False,False,True,False,False,False,True,True,False,False,False,False,False,True,True,False
2,0.560052649368396,-0.6981517006119011,0.6217846187556836,-0.3050095363279733,-0.440518807919706,-0.6869762472060883,-0.716747319054825,-1.7009477210610076,-1.3224585417445245,-0.4674741945555846,-0.5584200968749214,-0.27438062259938295,-0.46279383122060536,True,False,False,False,False,False,False,False,False,False,True,False,False,False,True,True,False,False,False,False,False,True,True,False
2,0.6216001019812771,-0.7547041760845976,0.6217846187556836,-0.13657977405316998,-0.26381983607599063,-0.9315917285269292,-0.7404312748342153,-1.7009477210610076,-1.2300891312019397,-0.7739908354854502,-0.5584200968749214,-0.27438062259938295,0.4036613452438818,True,False,False,False,False,False,False,False,False,False,True,False,False,False,True,True,False,False,False,False,False,True,True,False
2,0.6831475545941581,-0.69327648720908,0.6217846187556836,0.03184998822163333,-0.1064851351192555,-0.8477628276248454,-0.7404312748342153,-1.7009477210610076,-1.2300891312019397,-0.7739908354854502,-0.5584200968749214,-0.27438062259938295,0.4036613452438818,True,False,False,False,False,False,False,False,False,False,True,False,False,False,True,True,False,False,False,False,False,True,True,False
2,0.7446950072070392,2.3297214635437054,0.6217846187556836,0.20027975049643665,-0.2057270234150412,-0.7817991023248425,2.340636063374782,-2.244351328324367,-1.04535031011677,-0.7739908354854502,-0.5584200968749214,-0.27438062259938295,-0.46279383122060536,True,False,False,False,False,False,False,False,False,False,True,False,False,False,True,False,False,True,False,False,False,True,True,False
2,0.8062424598199202,2.3297214635437054,0.6217846187556836,0.3687095127712399,2.4374959526580366,2.41022679227049,-0.6564608861618496,-1.7009477210610076,-2.1306908839921417,-0.7739908354854502,-0.6948566883994802,-0.27438062259938295,-1.762476595917336,True,False,False,False,False,False,False,False,False,False,True,False,False,False,True,False,False,False,False,False,True,True,True,False
2,0.8677899124328012,-0.7166775115426105,0.6217846187556836,0.5371392750460433,-0.4840884174154181,-0.6526201402790067,-0.8136362290614009,-1.3386786495521015,-0.7682420784890154,-0.7739908354854502,-0.6948566883994802,-0.27438062259938295,-1.762476595917336,True,False,False,False,False,False,False,False,False,False,True,False,False,False,True,True,False,False,False,False,False,True,True,False
2,0.9293373650456822,-0.6791383683409076,0.6217846187556836,0.7055690373208465,-0.40421080000661264,-0.7680566595540118,-0.5380411072649286,-1.3386786495521015,-1.2300891312019397,-1.080507476415316,-0.8312932799240341,-0.27438062259938295,1.2701165217083694,True,False,False,False,False,False,False,False,False,False,True,False,False,False,True,True,False,False,False,False,False,True,True,False
2,0.9908848176585633,-0.6523246946254084,0.6217846187556836,0.8739987995956499,-0.06775659334529496,-0.6636140944956771,-0.8825350095105189,-1.7009477210610076,-1.1377197206593548,-1.080507476415316,-0.9677298714485929,-0.27438062259938295,-0.8960214194528492,True,False,False,False,False,False,False,False,False,False,True,False,False,False,True,True,False,False,False,False,False,True,True,False
2,1.0524322702714441,-0.740078535876141,0.6217846187556836,1.0424285618704532,-0.4017902661457369,-0.748817239674841,-0.839473271729821,-1.7009477210610076,-0.9529808995741851,-1.080507476415316,-1.104166462973147,-0.27438062259938295,-0.029566242988361767,True,False,False,False,False,False,False,False,False,False,True,False,False,False,True,True,False,False,False,False,False,True,True,False
2,1.1139797228843253,-0.6708505055561178,0.6217846187556836,1.2108583241452564,-0.08712086423227523,-0.839517361962345,-0.6715324943850972,-1.3386786495521015,-1.2300891312019397,-1.080507476415316,-1.104166462973147,-0.27438062259938295,-1.762476595917336,True,False,False,False,False,False,False,False,False,False,True,False,False,False,True,True,False,False,False,False,False,True,True,False
2,1.1755271754972063,-0.6781633256603461,0.6217846187556836,1.3792880864200598,-0.229932362023773,-0.791418812264423,-0.6521547123837821,-1.3386786495521015,-1.1377197206593548,-1.080507476415316,-1.2406030544977056,-0.27438062259938295,-1.762476595917336,True,False,False,False,False,False,False,False,False,False,True,False,False,False,True,True,False,False,False,False,False,True,True,False
2,1.2370746281100873,-0.8317325478491333,0.6217846187556836,1.547717848694863,-0.25171716677162903,-1.125360171595678,-0.7877991863929806,-1.3386786495521015,-0.8606114890316002,-1.080507476415316,-1.2406030544977056,-0.27438062259938295,-0.8960214194528492,True,False,False,False,False,False,False,False,False,False,True,False,False,False,True,True,False,False,False,False,False,True,True,False
2,1.2986220807229683,-0.6611000787504824,0.6217846187556836,1.7161476109696665,0.03390582881136651,-0.8244006749144245,-0.7598090568355305,-1.3386786495521015,-1.1377197206593548,-1.080507476415316,-1.2406030544977056,-0.27438062259938295,0.4036613452438818,True,False,False,False,False,False,False,False,False,False,True,False,False,False,True,True,False,False,False,False,False,True,True,False
2,1.3601695333358494,-0.7293530663899441,0.6217846187556836,1.8845773732444697,0.17187625888111277,-1.1583420342456796,-0.660767059939917,-1.3386786495521015,-0.9529808995741851,-1.3870241173451707,-1.2406030544977056,-0.27438062259938295,-1.762476595917336,True,False,False,False,False,False,False,False,False,False,True,False,False,False,True,True,False,False,False,False,False,True,True,False
2,1.4217169859487304,-0.6776758043200619,0.6217846187556836,2.053007135519273,-0.089541398093151,-0.8532598047331758,-0.6779917550522023,-1.3386786495521015,-1.04535031011677,-1.3870241173451707,-1.3770396460222645,-0.27438062259938295,-1.762476595917336,True,False,False,False,False,False,False,False,False,False,True,False,False,False,True,True,False,False,False,False,False,True,True,False
2,1.4832644385616114,-0.613810508743137,0.6217846187556836,2.221436897794076,0.2227074699594435,-0.8848674231060971,-0.6241645828263243,-1.3386786495521015,-1.691936183914864,-1.3870241173451707,-1.3770396460222645,-0.27438062259938295,-1.762476595917336,True,False,False,False,False,False,False,False,False,False,True,False,False,False,True,True,False,False,False,False,False,True,True,False
2,1.5448118911744924,-0.6581749507087911,0.6217846187556836,2.3898666600688796,0.09199864147230732,-0.9219720185873487,-0.645695451716677,-1.3386786495521015,-1.4148279522871094,-1.3870241173451707,-1.5134762375468185,-0.27438062259938295,-1.762476595917336,True,False,False,False,False,False,False,False,False,False,True,False,False,False,True,True,False,False,False,False,False,True,True,False
2,1.6063593437873733,-0.715702468862049,0.6217846187556836,2.558296422343683,0.09926024305492599,-1.0772616218977658,-0.6629201468289546,-1.3386786495521015,-1.691936183914864,-1.6935407582750364,-1.5134762375468185,-0.27438062259938295,-0.8960214194528492,True,False,False,False,False,False,False,False,False,False,True,False,False,False,True,True,False,False,False,False,False,True,True,False
2,1.6679067964002545,-0.6820634963825989,0.6217846187556836,2.7267261846184865,0.2565949440116611,-1.1363541258123484,-0.5617250630443112,-1.3386786495521015,-1.4148279522871094,-1.6935407582750364,-1.5134762375468185,-0.27438062259938295,-0.029566242988361767,True,False,False,False,False,False,False,False,False,False,True,False,False,False,True,True,False,False,False,False,False,True,True,False
2,1.7294542490131355,-0.5099684632631022,0.6217846187556836,2.8951559468932895,0.6463008956121853,-0.9618251026227607,-0.4217744152570453,-1.3386786495521015,-1.2300891312019397,-1.3870241173451707,-1.6499128290713772,-0.27438062259938295,-0.46279383122060536,True,False,False,False,False,False,False,False,False,False,True,False,False,False,True,True,False,False,False,False,False,True,True,False
2,1.7910017016260165,-0.3895506922134809,0.6217846187556836,2.9793708280306914,0.29774401964649744,-0.6333807203998456,-0.09450520812373264,-0.6141405065342891,-1.5071973628296942,-1.3870241173451707,-1.6499128290713772,-0.27438062259938295,0.4036613452438818,True,False,False,False,False,False,False,False,False,False,True,False,False,False,True,True,False,False,False,False,False,True,True,False
12,-1.6556556446953206,2.3297214635437054,-1.3812162141824724,-1.4840178722515964,-0.18152168480631803,2.41022679227049,1.436339569980112,-0.6141405065342891,-2.1306908839921417,1.6781422919534423,1.7610019590425439,2.430961030132826,-0.029566242988361767,False,False,False,False,False,False,True,False,False,False,False,False,True,False,True,False,True,False,False,False,False,True,True,False
12,-1.5941081920824396,0.7917135152894861,-1.3812162141824724,-1.3155881099767932,1.8517267583268426,1.2273460307709987,0.8248628934941846,-0.2518714350253829,0.24782143747941787,1.6781422919534423,1.62456536751799,2.430961030132826,-1.762476595917336,False,False,False,False,False,False,True,False,False,False,False,False,True,False,True,False,False,False,True,False,False,True,False,True
12,-1.5325607394695586,0.7239480489903084,-1.3812162141824724,-1.1471583477019898,1.1062023291780119,1.2397142292647494,1.1693567957397748,1.1972048510102418,0.06308261639424818,1.6781422919534423,1.7610019590425439,2.430961030132826,0.4036613452438818,False,False,False,False,False,False,True,False,False,False,False,False,True,False,True,True,False,False,False,False,False,True,False,True
12,-1.4710132868566774,0.7371111251779193,-1.3812162141824724,-0.9787285854271865,0.9948577715778646,1.367518947033505,1.126295057959077,-0.2518714350253829,2.118302000966761,1.3716256510235767,1.62456536751799,2.430961030132826,1.2701165217083694,False,False,False,False,False,False,True,False,False,False,False,False,True,False,True,True,False,False,False,False,False,True,True,False
12,-1.4094658342437965,0.8073141981785041,-1.3812162141824724,-0.8102988231523832,1.031165779490958,1.3414083057689237,1.444951917536247,0.8349357795013356,0.7096684901923421,1.3716256510235767,1.4881287759934312,2.430961030132826,1.7033441099406126,False,False,False,False,False,False,True,False,False,False,False,False,True,False,True,True,False,False,False,False,False,True,True,False
12,-1.3479183816309155,0.9287070119086938,-1.3812162141824724,-0.6418690608775799,0.6632446326382898,1.8430074669043368,1.5224630455415078,0.8349357795013356,1.4486237745330208,1.065109010093722,1.4881287759934312,2.430961030132826,0.4036613452438818,False,False,False,False,False,False,True,False,False,False,False,False,True,False,True,True,False,False,False,False,False,True,True,False
12,-1.2863709290180345,0.9560082069644771,-1.3812162141824724,-0.4734392986027766,0.7164963775774963,1.9062227036501695,1.4966260028730876,0.8349357795013356,1.7257320061607755,1.065109010093722,1.3516921844688725,-0.27438062259938295,0.4036613452438818,False,False,False,False,False,False,True,False,False,False,False,False,True,False,True,True,False,False,False,False,False,True,True,False
12,-1.2248234764051535,1.0184109385205562,-1.3812162141824724,-0.3050095363279733,0.5930491506729788,2.0697577726230967,1.625811216215181,0.47266670799242944,1.5409931850756058,1.065109010093722,1.3516921844688725,-0.27438062259938295,1.7033441099406126,False,False,False,False,False,False,True,False,False,False,False,False,True,False,True,True,False,False,False,False,False,True,True,False
12,-1.1632760237922724,1.1349285388479249,-1.3812162141824724,-0.13657977405316998,1.37730212159577,2.012039512985594,1.5332284799866802,0.47266670799242944,1.2638849534478511,1.3716256510235767,1.2152555929443185,-0.27438062259938295,0.4036613452438818,False,False,False,False,False,False,True,False,False,False,False,False,True,False,True,True,False,False,False,False,False,True,True,False
12,-1.1017285711793914,1.159304605862017,-1.3812162141824724,0.03184998822163333,0.8689900108124798,2.1068623681043386,1.944468075792351,2.102877529782507,0.7096684901923421,1.065109010093722,1.2152555929443185,-0.27438062259938295,1.2701165217083694,False,False,False,False,False,False,True,False,False,False,False,False,True,False,True,True,False,False,False,False,False,True,True,False
12,-1.0401811185665104,1.0461996549166237,-1.3812162141824724,0.20027975049643665,1.1473514048128481,2.024407711479345,1.326532138639326,-1.7009477210610076,1.2638849534478511,1.3716256510235767,0.9423824098952058,-0.27438062259938295,0.4036613452438818,False,False,False,False,False,False,True,False,False,False,False,False,True,False,True,True,False,False,False,False,False,True,True,False
12,-0.9786336659536293,0.9506454722213787,-1.3812162141824724,0.3687095127712399,1.6459813801526524,1.5819010542585048,1.1542851875165347,-2.063216792569914,-0.1216562046909215,1.065109010093722,0.9423824098952058,-0.27438062259938295,1.7033441099406126,False,False,False,False,False,False,True,False,False,False,False,False,True,False,True,True,False,False,False,False,False,True,True,False
12,-0.9170862133407484,2.3297214635437054,-1.3812162141824724,0.5371392750460433,2.4374959526580366,2.41022679227049,2.340636063374782,-0.2518714350253829,-0.21402561523350636,1.065109010093722,0.805945818370647,-0.27438062259938295,1.2701165217083694,False,False,False,False,False,False,True,False,False,False,False,False,True,False,True,True,False,False,False,False,False,True,True,False
