Driver,Team,LapNumber,LapTime,Stint,Compound,TyreLife,FreshTyre,Sector1Time,Sector2Time,Sector3Time,SpeedFL,SpeedST,TrackStatus,AirTemp,TrackTemp,Humidity,Rainfall,WindSpeed,IsPersonalBest
VER,Red Bull Racing,1.0,99.019,1.0,SOFT,4.0,False,,42.414,23.842,278.0,252.0,12,27.3,31.2,22.0,False,0.5,False
VER,Red Bull Racing,2.0,97.974,1.0,SOFT,5.0,False,31.342,42.504,24.128,278.0,288.0,12,27.3,31.1,22.0,False,0.0,True
VER,Red Bull Racing,3.0,98.006,1.0,SOFT,6.0,False,31.388,42.469,24.149,278.0,287.0,1,27.3,31.2,22.0,False,0.6,False
VER,Red Bull Racing,4.0,97.976,1.0,SOFT,7.0,False,31.271,42.642,24.063,278.0,289.0,1,27.3,31.2,22.0,False,0.4,False
VER,Red Bull Racing,5.0,98.035,1.0,SOFT,8.0,False,31.244,42.724,24.067,278.0,290.0,1,27.2,31.0,22.0,False,1.0,False
VER,Red Bull Racing,6.0,97.986,1.0,SOFT,9.0,False,31.341,42.632,24.013,279.0,291.0,1,27.1,31.0,22.0,False,0.6,False
VER,Red Bull Racing,7.0,98.021,1.0,SOFT,10.0,False,31.29,42.763,23.968,279.0,293.0,1,27.1,30.9,22.0,False,0.6,False
VER,Red Bull Racing,8.0,98.154,1.0,SOFT,11.0,False,31.291,42.833,24.03,279.0,293.0,1,27.1,30.9,21.0,False,1.0,False
VER,Red Bull Racing,9.0,98.278,1.0,SOFT,12.0,False,31.336,42.823,24.119,279.0,293.0,1,27.1,30.9,21.0,False,0.6,False
VER,Red Bull Racing,10.0,98.369,1.0,SOFT,13.0,False,31.361,42.884,24.124,279.0,293.0,1,27.1,30.8,21.0,False,0.8,False
VER,Red Bull Racing,11.0,98.483,1.0,SOFT,14.0,False,31.342,42.978,24.163,278.0,292.0,1,27.2,30.6,21.0,False,0.6,False
VER,Red Bull Racing,12.0,98.591,1.0,SOFT,15.0,False,31.408,42.951,24.232,278.0,294.0,1,27.1,30.6,21.0,False,0.8,False
VER,Red Bull Racing,13.0,98.482,1.0,SOFT,16.0,False,31.389,42.907,24.186,278.0,292.0,1,27.1,30.5,21.0,False,1.0,False
VER,Red Bull Racing,14.0,101.295,1.0,SOFT,17.0,False,31.427,42.876,26.992,,292.0,1,27.1,30.5,21.0,False,0.8,False
VER,Red Bull Racing,15.0,118.378,2.0,SOFT,1.0,False,51.854,42.629,23.895,279.0,218.0,1,27.1,30.5,21.0,False,0.8,False
VER,Red Bull Racing,16.0,97.801,2.0,SOFT,2.0,False,31.209,42.711,23.881,280.0,287.0,1,27.0,30.5,21.0,False,0.6,True
VER,Red Bull Racing,17.0,97.648,2.0,SOFT,3.0,False,31.17,42.623,23.855,280.0,293.0,1,27.0,30.3,20.0,False,0.6,True
VER,Red Bull Racing,18.0,97.614,2.0,SOFT,4.0,False,31.211,42.569,23.834,280.0,286.0,1,27.0,30.3,21.0,False,0.6,True
VER,Red Bull Racing,19.0,97.712,2.0,SOFT,5.0,False,31.243,42.608,23.861,280.0,289.0,1,26.9,30.3,21.0,False,0.4,False
VER,Red Bull Racing,20.0,97.788,2.0,SOFT,6.0,False,31.186,42.766,23.836,280.0,291.0,1,26.9,30.2,21.0,False,0.6,False
VER,Red Bull Racing,21.0,97.582,2.0,SOFT,7.0,False,31.168,42.572,23.842,280.0,293.0,1,26.9,30.2,21.0,False,0.4,True
VER,Red Bull Racing,22.0,97.651,2.0,SOFT,8.0,False,31.224,42.548,23.879,281.0,292.0,1,26.8,30.1,21.0,False,0.5,False
VER,Red Bull Racing,23.0,97.552,2.0,SOFT,9.0,False,31.153,42.514,23.885,281.0,294.0,1,26.7,30.0,21.0,False,0.5,True
VER,Red Bull Racing,24.0,97.387,2.0,SOFT,10.0,False,31.145,42.398,23.844,280.0,289.0,1,26.7,29.9,21.0,False,0.4,True
VER,Red Bull Racing,25.0,97.372,2.0,SOFT,11.0,False,31.145,42.344,23.883,281.0,292.0,1,26.7,29.9,21.0,False,0.6,True
VER,Red Bull Racing,26.0,97.682,2.0,SOFT,12.0,False,31.213,42.533,23.936,281.0,283.0,1,26.7,29.9,21.0,False,0.5,False
VER,Red Bull Racing,27.0,97.379,2.0,SOFT,13.0,False,31.079,42.349,23.951,281.0,295.0,1,26.7,29.9,21.0,False,0.6,False
VER,Red Bull Racing,28.0,97.651,2.0,SOFT,14.0,False,31.112,42.554,23.985,281.0,295.0,1,26.8,29.9,21.0,False,0.5,False
VER,Red Bull Racing,29.0,97.571,2.0,SOFT,15.0,False,31.045,42.533,23.993,283.0,296.0,1,26.7,29.9,21.0,False,0.8,False
VER,Red Bull Racing,30.0,97.549,2.0,SOFT,16.0,False,31.185,42.443,23.921,283.0,299.0,1,26.6,29.7,21.0,False,0.6,False
VER,Red Bull Racing,31.0,97.431,2.0,SOFT,17.0,False,31.04,42.464,23.927,282.0,298.0,1,26.7,29.7,21.0,False,0.6,False
VER,Red Bull Racing,32.0,97.691,2.0,SOFT,18.0,False,31.139,42.523,24.029,283.0,300.0,1,26.7,29.6,21.0,False,0.6,False
VER,Red Bull Racing,33.0,97.686,2.0,SOFT,19.0,False,31.112,42.505,24.069,282.0,301.0,1,26.7,29.6,21.0,False,0.6,False
VER,Red Bull Racing,34.0,97.839,2.0,SOFT,20.0,False,31.129,42.615,24.095,283.0,299.0,1,26.7,29.6,21.0,False,0.5,False
VER,Red Bull Racing,35.0,97.85,2.0,SOFT,21.0,False,31.211,42.5,24.139,282.0,303.0,1,26.6,29.6,21.0,False,0.5,False
VER,Red Bull Racing,36.0,100.964,2.0,SOFT,22.0,False,31.35,42.582,27.032,,299.0,1,26.7,29.6,21.0,False,0.4,False
VER,Red Bull Racing,37.0,118.49,3.0,HARD,1.0,True,52.755,42.071,23.664,281.0,215.0,1,26.6,29.6,21.0,False,0.4,False
VER,Red Bull Racing,38.0,96.297,3.0,HARD,2.0,True,31.034,41.772,23.491,281.0,288.0,1,26.6,29.5,21.0,False,0.4,True
VER,Red Bull Racing,39.0,96.446,3.0,HARD,3.0,True,30.818,42.125,23.503,282.0,288.0,1,26.5,29.5,21.0,False,0.0,False
VER,Red Bull Racing,40.0,96.942,3.0,HARD,4.0,True,31.175,42.247,23.52,282.0,286.0,1,26.5,29.5,21.0,False,0.4,False
VER,Red Bull Racing,41.0,120.495,3.0,HARD,5.0,True,31.381,55.533,33.581,225.0,286.0,126,26.5,29.5,21.0,False,0.4,False
VER,Red Bull Racing,42.0,104.824,3.0,HARD,6.0,True,38.946,42.174,23.704,282.0,236.0,671,26.5,29.3,21.0,False,0.0,False
VER,Red Bull Racing,43.0,96.89,3.0,HARD,7.0,True,31.13,42.295,23.465,282.0,290.0,1,26.4,29.3,21.0,False,0.0,False
VER,Red Bull Racing,44.0,96.236,3.0,HARD,8.0,True,30.783,42.005,23.448,283.0,296.0,1,26.4,29.2,21.0,False,0.0,True
VER,Red Bull Racing,45.0,97.015,3.0,HARD,9.0,True,31.079,42.221,23.715,281.0,294.0,1,26.4,29.2,21.0,False,0.3,False
VER,Red Bull Racing,46.0,96.701,3.0,HARD,10.0,True,31.03,42.003,23.668,282.0,290.0,1,26.4,29.1,21.0,False,0.6,False
VER,Red Bull Racing,47.0,97.009,3.0,HARD,11.0,True,31.094,42.205,23.71,282.0,293.0,1,26.4,29.0,21.0,False,0.3,False
VER,Red Bull Racing,48.0,96.918,3.0,HARD,12.0,True,31.01,42.199,23.709,284.0,294.0,1,26.4,29.0,21.0,False,0.0,False
VER,Red Bull Racing,49.0,96.962,3.0,HARD,13.0,True,31.124,42.026,23.812,279.0,299.0,1,26.3,29.0,21.0,False,0.0,False
VER,Red Bull Racing,50.0,97.25,3.0,HARD,14.0,True,31.07,42.375,23.805,281.0,296.0,1,26.4,29.0,21.0,False,0.6,False
VER,Red Bull Racing,51.0,97.427,3.0,HARD,15.0,True,31.154,42.202,24.071,279.0,295.0,1,26.3,29.0,21.0,False,0.0,False
VER,Red Bull Racing,52.0,96.919,3.0,HARD,16.0,True,31.033,42.133,23.753,280.0,297.0,1,26.3,28.9,21.0,False,0.3,False
VER,Red Bull Racing,53.0,96.89,3.0,HARD,17.0,True,30.906,42.217,23.767,280.0,293.0,1,26.3,28.9,21.0,False,0.0,False
VER,Red Bull Racing,54.0,96.678,3.0,HARD,18.0,True,30.988,41.938,23.752,280.0,297.0,1,26.3,28.8,21.0,False,0.4,False
VER,Red Bull Racing,55.0,96.322,3.0,HARD,19.0,True,30.964,41.747,23.611,282.0,295.0,1,26.2,28.8,21.0,False,0.3,False
VER,Red Bull Racing,56.0,97.205,3.0,HARD,20.0,True,31.091,42.27,23.844,282.0,294.0,1,26.2,28.8,21.0,False,0.5,False
VER,Red Bull Racing,57.0,96.373,3.0,HARD,21.0,True,30.96,41.763,23.65,253.0,295.0,1,26.3,28.7,21.0,False,0.6,False
GAS,Alpine,1.0,109.649,1.0,SOFT,1.0,True,,46.78,25.135,281.0,271.0,12,27.3,31.2,22.0,False,0.5,False
GAS,Alpine,2.0,100.438,1.0,SOFT,2.0,True,31.738,43.938,24.762,280.0,298.0,21,27.3,31.1,22.0,False,0.0,True
GAS,Alpine,3.0,100.643,1.0,SOFT,3.0,True,31.8,44.083,24.76,286.0,285.0,1,27.3,31.2,22.0,False,0.6,False
GAS,Alpine,4.0,100.894,1.0,SOFT,4.0,True,31.514,44.492,24.888,284.0,311.0,1,27.2,31.1,22.0,False,0.8,False
GAS,Alpine,5.0,100.818,1.0,SOFT,5.0,True,31.705,44.192,24.921,285.0,299.0,1,27.2,31.0,22.0,False,1.0,False
GAS,Alpine,6.0,101.11,1.0,SOFT,6.0,True,31.573,44.534,25.003,284.0,313.0,1,27.1,31.0,22.0,False,0.6,False
GAS,Alpine,7.0,101.134,1.0,SOFT,7.0,True,31.604,44.49,25.04,285.0,308.0,1,27.1,30.9,21.0,False,0.6,False
GAS,Alpine,8.0,101.173,1.0,SOFT,8.0,True,31.773,44.275,25.125,285.0,305.0,1,27.1,30.9,21.0,False,1.0,False
GAS,Alpine,9.0,104.201,1.0,SOFT,9.0,True,31.843,44.538,27.82,,303.0,1,27.2,30.8,21.0,False,0.6,False
GAS,Alpine,10.0,121.262,2.0,HARD,1.0,True,54.574,42.66,24.028,278.0,215.0,1,27.1,30.8,21.0,False,0.8,False
GAS,Alpine,11.0,98.762,2.0,HARD,2.0,True,31.455,43.098,24.209,280.0,294.0,1,27.1,30.6,21.0,False,0.8,True
GAS,Alpine,12.0,98.928,2.0,HARD,3.0,True,31.57,43.066,24.292,279.0,288.0,1,27.1,30.6,21.0,False,1.2,False
GAS,Alpine,13.0,99.349,2.0,HARD,4.0,True,31.744,43.26,24.345,280.0,296.0,1,27.1,30.5,21.0,False,0.8,False
GAS,Alpine,14.0,98.859,2.0,HARD,5.0,True,31.518,43.043,24.298,280.0,303.0,1,27.1,30.5,21.0,False,0.8,False
GAS,Alpine,15.0,98.985,2.0,HARD,6.0,True,31.398,43.252,24.335,280.0,302.0,1,27.1,30.5,21.0,False,0.6,False
GAS,Alpine,16.0,98.945,2.0,HARD,7.0,True,31.514,43.137,24.294,280.0,302.0,1,27.0,30.4,21.0,False,0.8,False
GAS,Alpine,17.0,99.011,2.0,HARD,8.0,True,31.527,43.151,24.333,280.0,301.0,1,27.0,30.3,21.0,False,0.6,False
GAS,Alpine,18.0,99.029,2.0,HARD,9.0,True,31.515,43.068,24.446,279.0,300.0,1,27.0,30.3,21.0,False,0.6,False
GAS,Alpine,19.0,99.066,2.0,HARD,10.0,True,31.571,43.098,24.397,280.0,299.0,1,26.9,30.3,20.0,False,0.6,False
GAS,Alpine,20.0,99.017,2.0,HARD,11.0,True,31.481,43.179,24.357,279.0,301.0,1,26.9,30.2,21.0,False,0.4,False
GAS,Alpine,21.0,99.327,2.0,HARD,12.0,True,31.671,43.328,24.328,280.0,300.0,1,26.9,30.1,21.0,False,0.6,False
GAS,Alpine,22.0,99.485,2.0,HARD,13.0,True,31.609,43.483,24.393,280.0,302.0,1,26.8,30.0,21.0,False,0.4,False
GAS,Alpine,23.0,99.263,2.0,HARD,14.0,True,31.538,43.32,24.405,281.0,302.0,1,26.7,29.9,21.0,False,0.4,False
GAS,Alpine,24.0,99.761,2.0,HARD,15.0,True,31.721,43.505,24.535,281.0,302.0,1,26.7,29.9,21.0,False,0.8,False
GAS,Alpine,25.0,102.288,2.0,HARD,16.0,True,31.613,43.531,27.144,,303.0,1,26.7,29.9,21.0,False,0.6,False
GAS,Alpine,26.0,119.404,3.0,HARD,1.0,True,53.105,42.4,23.899,280.0,215.0,1,26.7,29.9,21.0,False,0.6,False
GAS,Alpine,27.0,98.729,3.0,HARD,2.0,True,31.836,42.851,24.042,286.0,297.0,1,26.8,29.9,21.0,False,0.5,True
GAS,Alpine,28.0,97.761,3.0,HARD,3.0,True,31.006,42.656,24.099,281.0,317.0,1,26.7,29.9,21.0,False,0.8,True
GAS,Alpine,29.0,98.012,3.0,HARD,4.0,True,31.178,42.696,24.138,286.0,302.0,1,26.6,29.7,21.0,False,0.6,False
GAS,Alpine,30.0,97.76,3.0,HARD,5.0,True,30.885,42.716,24.159,287.0,319.0,1,26.7,29.8,21.0,False,0.6,True
GAS,Alpine,31.0,97.968,3.0,HARD,6.0,True,30.971,42.877,24.12,287.0,320.0,1,26.7,29.6,21.0,False,0.6,False
GAS,Alpine,32.0,98.012,3.0,HARD,7.0,True,30.969,42.824,24.219,286.0,320.0,1,26.7,29.6,21.0,False,0.6,False
GAS,Alpine,33.0,97.974,3.0,HARD,8.0,True,30.942,42.828,24.204,287.0,320.0,1,26.7,29.6,21.0,False,0.6,False
GAS,Alpine,34.0,98.022,3.0,HARD,9.0,True,30.947,42.874,24.201,286.0,321.0,1,26.6,29.6,21.0,False,0.5,False
GAS,Alpine,35.0,98.088,3.0,HARD,10.0,True,31.01,42.851,24.227,286.0,320.0,1,26.7,29.6,21.0,False,0.4,False
GAS,Alpine,36.0,98.184,3.0,HARD,11.0,True,31.045,42.821,24.318,286.0,318.0,1,26.6,29.6,21.0,False,0.5,False
GAS,Alpine,37.0,98.133,3.0,HARD,12.0,True,31.117,42.864,24.152,286.0,318.0,1,26.6,29.5,21.0,False,0.4,False
GAS,Alpine,38.0,98.108,3.0,HARD,13.0,True,31.025,42.822,24.261,286.0,317.0,1,26.5,29.5,21.0,False,0.0,False
GAS,Alpine,39.0,98.537,3.0,HARD,14.0,True,31.183,43.08,24.274,285.0,319.0,1,26.5,29.5,21.0,False,0.6,False
GAS,Alpine,40.0,109.707,3.0,HARD,15.0,True,31.156,42.984,35.567,,318.0,126,26.5,29.5,21.0,False,0.4,False
GAS,Alpine,41.0,128.544,4.0,SOFT,1.0,True,60.744,44.327,23.473,289.0,208.0,671,26.5,29.3,21.0,False,0.0,False
GAS,Alpine,42.0,95.068,4.0,SOFT,2.0,True,30.069,41.393,23.606,281.0,327.0,1,26.4,29.3,21.0,False,0.0,True
GAS,Alpine,43.0,95.942,4.0,SOFT,3.0,True,30.776,41.677,23.489,281.0,295.0,1,26.4,29.3,21.0,False,0.8,False
GAS,Alpine,44.0,95.792,4.0,SOFT,4.0,True,30.785,41.542,23.465,280.0,296.0,1,26.4,29.2,21.0,False,0.3,False
GAS,Alpine,45.0,96.186,4.0,SOFT,5.0,True,30.874,41.775,23.537,281.0,294.0,1,26.4,29.1,21.0,False,0.6,False
GAS,Alpine,46.0,96.041,4.0,SOFT,6.0,True,30.831,41.707,23.503,281.0,297.0,1,26.4,29.1,21.0,False,0.0,False
GAS,Alpine,47.0,96.12,4.0,SOFT,7.0,True,30.806,41.735,23.579,281.0,298.0,1,26.4,29.0,21.0,False,0.0,False
GAS,Alpine,48.0,96.368,4.0,SOFT,8.0,True,30.909,41.693,23.766,281.0,296.0,1,26.4,29.0,21.0,False,0.3,False
GAS,Alpine,49.0,96.803,4.0,SOFT,9.0,True,31.008,42.102,23.693,281.0,297.0,1,26.4,29.0,21.0,False,0.6,False
GAS,Alpine,50.0,96.551,4.0,SOFT,10.0,True,30.972,41.874,23.705,281.0,297.0,1,26.3,29.0,21.0,False,0.0,False
GAS,Alpine,51.0,96.635,4.0,SOFT,11.0,True,30.941,41.896,23.798,281.0,296.0,1,26.3,28.9,21.0,False,0.0,False
GAS,Alpine,52.0,96.891,4.0,SOFT,12.0,True,30.878,42.136,23.877,281.0,298.0,1,26.3,28.9,21.0,False,0.0,False
GAS,Alpine,53.0,96.979,4.0,SOFT,13.0,True,30.964,42.046,23.969,282.0,301.0,1,26.3,28.8,21.0,False,0.0,False
GAS,Alpine,54.0,97.222,4.0,SOFT,14.0,True,31.101,42.251,23.87,282.0,302.0,1,26.2,28.8,21.0,False,0.3,False
GAS,Alpine,55.0,97.559,4.0,SOFT,15.0,True,31.1,42.422,24.037,282.0,303.0,1,26.2,28.8,21.0,False,0.5,False
GAS,Alpine,56.0,97.845,4.0,SOFT,16.0,True,31.196,42.539,24.11,282.0,305.0,1,26.3,28.7,21.0,False,0.4,False
GAS,Alpine,57.0,98.147,4.0,SOFT,17.0,True,31.26,42.631,24.256,286.0,306.0,1,26.3,28.7,21.0,False,0.6,False
PER,Red Bull Racing,1.0,101.063,1.0,SOFT,4.0,False,,43.216,24.069,280.0,252.0,12,27.3,31.2,22.0,False,0.5,False
PER,Red Bull Racing,2.0,98.862,1.0,SOFT,5.0,False,31.532,43.116,24.214,281.0,283.0,21,27.3,31.1,22.0,False,0.0,True
PER,Red Bull Racing,3.0,98.83,1.0,SOFT,6.0,False,31.397,43.146,24.287,280.0,293.0,1,27.3,31.2,22.0,False,0.6,True
PER,Red Bull Racing,4.0,98.758,1.0,SOFT,7.0,False,31.404,43.108,24.246,281.0,297.0,1,27.3,31.2,22.0,False,0.4,True
PER,Red Bull Racing,5.0,98.404,1.0,SOFT,8.0,False,31.231,42.944,24.229,286.0,299.0,1,27.2,31.0,22.0,False,1.0,True
PER,Red Bull Racing,6.0,98.718,1.0,SOFT,9.0,False,31.276,43.043,24.399,286.0,309.0,1,27.1,31.0,22.0,False,0.6,False
PER,Red Bull Racing,7.0,98.804,1.0,SOFT,10.0,False,31.214,43.174,24.416,282.0,298.0,1,27.1,30.9,22.0,False,0.6,False
PER,Red Bull Racing,8.0,99.172,1.0,SOFT,11.0,False,31.58,43.193,24.399,281.0,296.0,1,27.1,30.9,21.0,False,1.0,False
PER,Red Bull Racing,9.0,98.914,1.0,SOFT,12.0,False,31.464,43.077,24.373,281.0,294.0,1,27.2,30.8,21.0,False,0.6,False
PER,Red Bull Racing,10.0,99.085,1.0,SOFT,13.0,False,31.434,43.27,24.381,280.0,297.0,1,27.1,30.8,21.0,False,0.8,False
PER,Red Bull Racing,11.0,99.249,1.0,SOFT,14.0,False,31.632,43.188,24.429,280.0,297.0,1,27.2,30.6,21.0,False,0.6,False
PER,Red Bull Racing,12.0,99.197,1.0,SOFT,15.0,False,31.527,43.252,24.418,280.0,297.0,1,27.1,30.6,21.0,False,1.2,False
PER,Red Bull Racing,13.0,99.336,1.0,SOFT,16.0,False,31.57,43.298,24.468,279.0,297.0,1,27.1,30.5,21.0,False,1.0,False
PER,Red Bull Racing,14.0,98.739,1.0,SOFT,17.0,False,31.411,42.993,24.335,279.0,297.0,1,27.1,30.5,21.0,False,0.8,False
PER,Red Bull Racing,15.0,98.608,1.0,SOFT,18.0,False,31.441,42.89,24.277,278.0,297.0,1,27.1,30.5,21.0,False,0.8,False
PER,Red Bull Racing,16.0,98.77,1.0,SOFT,19.0,False,31.469,43.019,24.282,279.0,296.0,1,27.0,30.5,21.0,False,0.6,False
PER,Red Bull Racing,17.0,101.36,1.0,SOFT,20.0,False,31.516,43.018,26.826,,295.0,1,27.0,30.3,20.0,False,0.6,False
PER,Red Bull Racing,18.0,118.797,2.0,SOFT,3.0,False,51.905,42.936,23.956,280.0,218.0,1,27.0,30.3,21.0,False,0.6,False
PER,Red Bull Racing,19.0,97.659,2.0,SOFT,4.0,False,31.164,42.653,23.842,280.0,291.0,1,26.9,30.3,21.0,False,0.4,True
PER,Red Bull Racing,20.0,97.448,2.0,SOFT,5.0,False,30.978,42.696,23.774,281.0,292.0,1,26.9,30.2,21.0,False,0.6,True
PER,Red Bull Racing,21.0,97.24,2.0,SOFT,6.0,False,30.982,42.507,23.751,282.0,293.0,1,26.9,30.1,21.0,False,0.6,True
PER,Red Bull Racing,22.0,97.169,2.0,SOFT,7.0,False,30.956,42.354,23.859,281.0,298.0,1,26.8,30.1,21.0,False,0.5,True
PER,Red Bull Racing,23.0,97.304,2.0,SOFT,8.0,False,31.057,42.415,23.832,282.0,295.0,1,26.7,30.0,21.0,False,0.5,False
PER,Red Bull Racing,24.0,97.352,2.0,SOFT,9.0,False,31.142,42.243,23.967,288.0,294.0,1,26.7,29.9,21.0,False,0.8,False
PER,Red Bull Racing,25.0,98.418,2.0,SOFT,10.0,False,31.176,42.937,24.305,288.0,325.0,1,26.7,29.9,21.0,False,0.6,False
PER,Red Bull Racing,26.0,97.454,2.0,SOFT,11.0,False,30.903,42.667,23.884,280.0,330.0,1,26.7,29.9,21.0,False,0.5,False
PER,Red Bull Racing,27.0,97.387,2.0,SOFT,12.0,False,30.97,42.639,23.778,280.0,296.0,1,26.7,29.9,21.0,False,0.6,False
PER,Red Bull Racing,28.0,97.211,2.0,SOFT,13.0,False,31.052,42.274,23.885,282.0,294.0,1,26.8,29.9,21.0,False,0.5,False
PER,Red Bull Racing,29.0,97.733,2.0,SOFT,14.0,False,31.166,42.675,23.892,282.0,295.0,1,26.7,29.9,21.0,False,0.6,False
PER,Red Bull Racing,30.0,97.4,2.0,SOFT,15.0,False,31.031,42.483,23.886,282.0,298.0,1,26.6,29.7,21.0,False,0.6,False
PER,Red Bull Racing,31.0,97.919,2.0,SOFT,16.0,False,31.246,42.722,23.951,281.0,301.0,1,26.7,29.7,21.0,False,0.6,False
PER,Red Bull Racing,32.0,97.722,2.0,SOFT,17.0,False,31.106,42.637,23.979,281.0,295.0,1,26.7,29.6,21.0,False,0.6,False
PER,Red Bull Racing,33.0,97.869,2.0,SOFT,18.0,False,31.229,42.546,24.094,281.0,302.0,1,26.7,29.6,21.0,False,0.6,False
PER,Red Bull Racing,34.0,100.686,2.0,SOFT,19.0,False,31.289,42.624,26.773,,298.0,1,26.7,29.6,21.0,False,0.5,False
PER,Red Bull Racing,35.0,118.785,3.0,HARD,1.0,True,52.704,42.423,23.658,281.0,218.0,1,26.6,29.6,21.0,False,0.5,False
PER,Red Bull Racing,36.0,96.82,3.0,HARD,2.0,True,30.908,42.254,23.658,281.0,291.0,1,26.7,29.6,21.0,False,0.4,True
PER,Red Bull Racing,37.0,96.344,3.0,HARD,3.0,True,30.919,41.914,23.511,281.0,293.0,1,26.6,29.6,21.0,False,0.4,True
PER,Red Bull Racing,38.0,96.431,3.0,HARD,4.0,True,30.847,42.011,23.573,282.0,294.0,1,26.5,29.5,21.0,False,0.6,False
PER,Red Bull Racing,39.0,96.429,3.0,HARD,5.0,True,30.833,42.027,23.569,282.0,297.0,1,26.5,29.5,21.0,False,0.0,False
PER,Red Bull Racing,40.0,97.114,3.0,HARD,6.0,True,30.926,42.564,23.624,281.0,294.0,1,26.5,29.5,21.0,False,0.4,False
PER,Red Bull Racing,41.0,123.522,3.0,HARD,7.0,True,30.922,59.493,33.107,188.0,295.0,126,26.5,29.4,21.0,False,0.0,False
PER,Red Bull Racing,42.0,99.657,3.0,HARD,8.0,True,34.119,42.002,23.536,282.0,265.0,671,26.5,29.4,21.0,False,0.0,False
PER,Red Bull Racing,43.0,96.554,3.0,HARD,9.0,True,30.774,42.092,23.688,281.0,302.0,1,26.4,29.3,21.0,False,0.0,False
PER,Red Bull Racing,44.0,96.978,3.0,HARD,10.0,True,31.055,42.36,23.563,282.0,297.0,1,26.4,29.2,21.0,False,0.0,False
PER,Red Bull Racing,45.0,96.928,3.0,HARD,11.0,True,30.944,42.434,23.55,282.0,293.0,1,26.4,29.2,21.0,False,0.3,False
PER,Red Bull Racing,46.0,97.257,3.0,HARD,12.0,True,30.914,42.496,23.847,282.0,291.0,1,26.4,29.1,21.0,False,0.6,False
PER,Red Bull Racing,47.0,96.661,3.0,HARD,13.0,True,30.929,42.049,23.683,282.0,294.0,1,26.4,29.0,21.0,False,0.3,False
PER,Red Bull Racing,48.0,96.859,3.0,HARD,14.0,True,31.01,42.316,23.533,283.0,293.0,1,26.4,29.0,21.0,False,0.0,False
PER,Red Bull Racing,49.0,97.049,3.0,HARD,15.0,True,30.944,42.495,23.61,279.0,294.0,1,26.3,29.0,21.0,False,0.0,False
PER,Red Bull Racing,50.0,97.731,3.0,HARD,16.0,True,31.251,42.646,23.834,279.0,294.0,1,26.3,29.0,21.0,False,0.0,False
PER,Red Bull Racing,51.0,97.049,3.0,HARD,17.0,True,31.153,42.153,23.743,281.0,292.0,1,26.3,29.0,21.0,False,0.0,False
PER,Red Bull Racing,52.0,97.062,3.0,HARD,18.0,True,31.147,42.086,23.829,282.0,293.0,1,26.3,28.9,21.0,False,0.3,False
PER,Red Bull Racing,53.0,97.345,3.0,HARD,19.0,True,31.094,42.383,23.868,282.0,300.0,1,26.3,28.9,21.0,False,0.0,False
PER,Red Bull Racing,54.0,97.296,3.0,HARD,20.0,True,31.25,42.257,23.789,282.0,292.0,1,26.3,28.8,21.0,False,0.4,False
PER,Red Bull Racing,55.0,97.092,3.0,HARD,21.0,True,31.084,42.076,23.932,279.0,301.0,1,26.3,28.8,21.0,False,0.0,False
PER,Red Bull Racing,56.0,96.565,3.0,HARD,22.0,True,31.165,41.786,23.614,281.0,293.0,1,26.2,28.8,21.0,False,0.5,False
PER,Red Bull Racing,57.0,96.558,3.0,HARD,23.0,True,30.969,41.799,23.79,256.0,300.0,1,26.3,28.7,21.0,False,0.6,False
ALO,Aston Martin,1.0,103.608,1.0,SOFT,4.0,False,,43.884,24.561,277.0,255.0,12,27.3,31.2,22.0,False,0.5,False
ALO,Aston Martin,2.0,99.792,1.0,SOFT,5.0,False,31.743,43.626,24.423,279.0,300.0,21,27.3,31.1,22.0,False,0.0,True
ALO,Aston Martin,3.0,99.1,1.0,SOFT,6.0,False,31.541,43.276,24.283,279.0,293.0,1,27.3,31.2,22.0,False,0.6,True
ALO,Aston Martin,4.0,99.548,1.0,SOFT,7.0,False,31.723,43.457,24.368,279.0,300.0,1,27.3,31.2,22.0,False,0.4,False
ALO,Aston Martin,5.0,99.662,1.0,SOFT,8.0,False,31.705,43.553,24.404,279.0,301.0,1,27.2,31.0,22.0,False,1.0,False
ALO,Aston Martin,6.0,99.674,1.0,SOFT,9.0,False,31.695,43.482,24.497,280.0,306.0,1,27.1,31.0,22.0,False,0.6,False
ALO,Aston Martin,7.0,99.729,1.0,SOFT,10.0,False,31.675,43.494,24.56,280.0,305.0,1,27.1,30.9,22.0,False,0.6,False
ALO,Aston Martin,8.0,99.959,1.0,SOFT,11.0,False,31.674,43.675,24.61,280.0,305.0,1,27.1,30.9,21.0,False,1.0,False
ALO,Aston Martin,9.0,100.275,1.0,SOFT,12.0,False,31.774,43.819,24.682,284.0,307.0,1,27.2,30.8,21.0,False,0.6,False
ALO,Aston Martin,10.0,100.203,1.0,SOFT,13.0,False,31.505,43.905,24.793,286.0,321.0,1,27.1,30.8,21.0,False,0.8,False
ALO,Aston Martin,11.0,101.147,1.0,SOFT,14.0,False,31.657,44.321,25.169,285.0,325.0,1,27.2,30.6,21.0,False,0.6,False
ALO,Aston Martin,12.0,100.934,1.0,SOFT,15.0,False,31.789,44.062,25.083,286.0,324.0,1,27.1,30.6,21.0,False,1.2,False
ALO,Aston Martin,13.0,100.341,1.0,SOFT,16.0,False,31.823,43.946,24.572,277.0,325.0,1,27.1,30.5,21.0,False,1.0,False
ALO,Aston Martin,14.0,102.212,1.0,SOFT,17.0,False,31.869,43.309,27.034,,302.0,1,27.1,30.5,21.0,False,0.8,False
ALO,Aston Martin,15.0,119.692,2.0,HARD,1.0,True,53.186,42.622,23.884,280.0,220.0,1,27.1,30.5,21.0,False,0.6,False
ALO,Aston Martin,16.0,97.542,2.0,HARD,2.0,True,31.154,42.459,23.929,287.0,305.0,1,27.0,30.4,21.0,False,0.8,True
ALO,Aston Martin,17.0,98.139,2.0,HARD,3.0,True,30.946,43.197,23.996,279.0,326.0,1,27.0,30.3,20.0,False,0.6,False
ALO,Aston Martin,18.0,98.124,2.0,HARD,4.0,True,31.3,42.737,24.087,279.0,300.0,1,27.0,30.3,21.0,False,0.6,False
ALO,Aston Martin,19.0,98.361,2.0,HARD,5.0,True,31.313,42.965,24.083,280.0,304.0,1,26.9,30.3,20.0,False,0.6,False
ALO,Aston Martin,20.0,98.318,2.0,HARD,6.0,True,31.337,42.915,24.066,279.0,304.0,1,26.9,30.2,21.0,False,0.6,False
ALO,Aston Martin,21.0,98.407,2.0,HARD,7.0,True,31.383,42.994,24.03,280.0,303.0,1,26.9,30.1,21.0,False,0.6,False
ALO,Aston Martin,22.0,98.2,2.0,HARD,8.0,True,31.364,42.853,23.983,281.0,304.0,1,26.8,30.0,21.0,False,0.4,False
ALO,Aston Martin,23.0,97.853,2.0,HARD,9.0,True,31.14,42.63,24.083,280.0,305.0,1,26.7,30.0,21.0,False,0.5,False
ALO,Aston Martin,24.0,97.878,2.0,HARD,10.0,True,31.237,42.611,24.03,281.0,305.0,1,26.7,29.9,21.0,False,0.8,False
ALO,Aston Martin,25.0,98.139,2.0,HARD,11.0,True,31.315,42.669,24.155,282.0,304.0,1,26.7,29.9,21.0,False,0.6,False
ALO,Aston Martin,26.0,98.127,2.0,HARD,12.0,True,31.267,42.694,24.166,281.0,306.0,1,26.7,29.9,21.0,False,0.5,False
ALO,Aston Martin,27.0,98.612,2.0,HARD,13.0,True,31.395,43.114,24.103,281.0,306.0,1,26.8,29.9,21.0,False,0.6,False
ALO,Aston Martin,28.0,98.199,2.0,HARD,14.0,True,31.345,42.758,24.096,281.0,302.0,1,26.8,29.9,21.0,False,0.5,False
ALO,Aston Martin,29.0,98.585,2.0,HARD,15.0,True,31.49,42.916,24.179,281.0,307.0,1,26.7,29.9,21.0,False,0.6,False
ALO,Aston Martin,30.0,98.282,2.0,HARD,16.0,True,31.37,42.711,24.201,280.0,306.0,1,26.7,29.8,21.0,False,0.6,False
ALO,Aston Martin,31.0,98.009,2.0,HARD,17.0,True,31.257,42.663,24.089,280.0,304.0,1,26.7,29.7,21.0,False,0.6,False
ALO,Aston Martin,32.0,97.871,2.0,HARD,18.0,True,31.335,42.558,23.978,280.0,303.0,1,26.7,29.6,21.0,False,0.6,False
ALO,Aston Martin,33.0,97.769,2.0,HARD,19.0,True,31.266,42.549,23.954,280.0,303.0,1,26.7,29.6,21.0,False,0.6,False
ALO,Aston Martin,34.0,100.353,2.0,HARD,20.0,True,31.259,42.545,26.549,,303.0,1,26.7,29.6,21.0,False,0.5,False
ALO,Aston Martin,35.0,117.389,3.0,HARD,1.0,True,52.333,41.52,23.536,283.0,217.0,1,26.6,29.6,21.0,False,0.4,False
ALO,Aston Martin,36.0,96.156,3.0,HARD,2.0,True,30.895,41.462,23.799,290.0,296.0,1,26.6,29.6,21.0,False,0.5,True
ALO,Aston Martin,37.0,97.431,3.0,HARD,3.0,True,31.186,42.184,24.061,290.0,328.0,1,26.6,29.6,21.0,False,0.4,False
ALO,Aston Martin,38.0,97.002,3.0,HARD,4.0,True,30.763,42.308,23.931,280.0,328.0,1,26.5,29.5,21.0,False,0.6,False
ALO,Aston Martin,39.0,97.243,3.0,HARD,5.0,True,31.244,42.303,23.696,281.0,304.0,1,26.5,29.5,21.0,False,0.6,False
ALO,Aston Martin,40.0,97.208,3.0,HARD,6.0,True,31.221,42.306,23.681,281.0,304.0,12,26.5,29.5,21.0,False,0.4,False
ALO,Aston Martin,41.0,126.713,3.0,HARD,7.0,True,39.952,58.704,28.057,280.0,304.0,2671,26.5,29.4,21.0,False,0.0,False
ALO,Aston Martin,42.0,96.334,3.0,HARD,8.0,True,30.908,41.746,23.68,282.0,304.0,1,26.5,29.4,21.0,False,0.0,False
ALO,Aston Martin,43.0,96.911,3.0,HARD,9.0,True,30.956,42.096,23.859,287.0,305.0,1,26.4,29.3,21.0,False,0.8,False
ALO,Aston Martin,44.0,97.022,3.0,HARD,10.0,True,30.817,42.208,23.997,288.0,312.0,1,26.4,29.2,21.0,False,0.0,False
ALO,Aston Martin,45.0,97.931,3.0,HARD,11.0,True,31.048,43.229,23.654,280.0,324.0,1,26.4,29.1,21.0,False,0.5,False
ALO,Aston Martin,46.0,97.087,3.0,HARD,12.0,True,31.144,42.162,23.781,280.0,302.0,1,26.4,29.1,21.0,False,0.0,False
ALO,Aston Martin,47.0,97.326,3.0,HARD,13.0,True,31.293,42.342,23.691,280.0,302.0,1,26.4,29.0,21.0,False,0.3,False
ALO,Aston Martin,48.0,96.783,3.0,HARD,14.0,True,31.076,41.97,23.737,280.0,292.0,1,26.4,29.0,21.0,False,0.3,False
ALO,Aston Martin,49.0,96.726,3.0,HARD,15.0,True,31.058,41.981,23.687,281.0,302.0,1,26.3,29.0,21.0,False,0.0,False
ALO,Aston Martin,50.0,96.331,3.0,HARD,16.0,True,30.933,41.764,23.634,280.0,303.0,1,26.3,29.0,21.0,False,0.0,False
ALO,Aston Martin,51.0,96.96,3.0,HARD,17.0,True,31.158,42.005,23.797,280.0,303.0,1,26.3,28.9,21.0,False,0.0,False
ALO,Aston Martin,52.0,97.01,3.0,HARD,18.0,True,31.043,42.243,23.724,281.0,302.0,1,26.3,28.9,21.0,False,0.3,False
ALO,Aston Martin,53.0,97.01,3.0,HARD,19.0,True,31.159,42.135,23.716,281.0,303.0,1,26.3,28.8,21.0,False,0.0,False
ALO,Aston Martin,54.0,97.599,3.0,HARD,20.0,True,31.305,42.469,23.825,281.0,303.0,1,26.3,28.8,21.0,False,0.4,False
ALO,Aston Martin,55.0,97.662,3.0,HARD,21.0,True,31.237,42.575,23.85,281.0,296.0,1,26.3,28.8,21.0,False,0.0,False
ALO,Aston Martin,56.0,97.473,3.0,HARD,22.0,True,31.425,42.157,23.891,281.0,303.0,1,26.3,28.7,21.0,False,0.4,False
ALO,Aston Martin,57.0,97.422,3.0,HARD,23.0,True,31.421,42.088,23.913,277.0,299.0,1,26.3,28.7,21.0,False,0.6,False
LEC,Ferrari,1.0,100.23,1.0,SOFT,1.0,True,,42.549,24.122,281.0,255.0,12,27.3,31.2,22.0,False,0.5,False
LEC,Ferrari,2.0,98.75,1.0,SOFT,2.0,True,31.407,43.127,24.216,281.0,294.0,21,27.3,31.1,22.0,False,0.0,True
LEC,Ferrari,3.0,98.658,1.0,SOFT,3.0,True,31.238,43.103,24.317,280.0,303.0,1,27.3,31.2,22.0,False,0.6,True
LEC,Ferrari,4.0,98.825,1.0,SOFT,4.0,True,31.402,43.15,24.273,280.0,305.0,1,27.3,31.2,22.0,False,0.4,False
LEC,Ferrari,5.0,98.664,1.0,SOFT,5.0,True,31.543,42.943,24.178,281.0,307.0,1,27.2,31.0,22.0,False,1.0,False
LEC,Ferrari,6.0,98.572,1.0,SOFT,6.0,True,31.444,43.037,24.091,280.0,302.0,1,27.1,31.0,22.0,False,0.6,True
LEC,Ferrari,7.0,98.691,1.0,SOFT,7.0,True,31.441,43.08,24.17,281.0,304.0,1,27.1,30.9,22.0,False,0.6,False
LEC,Ferrari,8.0,98.614,1.0,SOFT,8.0,True,31.438,42.977,24.199,281.0,302.0,1,27.1,30.9,21.0,False,1.0,False
LEC,Ferrari,9.0,98.828,1.0,SOFT,9.0,True,31.503,43.09,24.235,281.0,304.0,1,27.2,30.8,21.0,False,0.6,False
LEC,Ferrari,10.0,99.073,1.0,SOFT,10.0,True,31.51,43.274,24.289,281.0,305.0,1,27.1,30.8,21.0,False,0.8,False
LEC,Ferrari,11.0,99.212,1.0,SOFT,11.0,True,31.556,43.28,24.376,280.0,305.0,1,27.2,30.6,21.0,False,0.6,False
LEC,Ferrari,12.0,99.489,1.0,SOFT,12.0,True,31.597,43.406,24.486,280.0,305.0,1,27.1,30.6,21.0,False,0.8,False
LEC,Ferrari,13.0,102.068,1.0,SOFT,13.0,True,31.703,43.481,26.884,,303.0,1,27.1,30.5,21.0,False,1.0,False
LEC,Ferrari,14.0,118.77,2.0,HARD,1.0,True,52.07,42.739,23.961,282.0,219.0,1,27.1,30.5,21.0,False,0.8,False
LEC,Ferrari,15.0,98.477,2.0,HARD,2.0,True,31.261,43.184,24.032,285.0,301.0,1,27.1,30.5,21.0,False,0.6,True
LEC,Ferrari,16.0,97.953,2.0,HARD,3.0,True,30.859,42.965,24.129,280.0,324.0,1,27.0,30.5,21.0,False,0.6,True
LEC,Ferrari,17.0,98.031,2.0,HARD,4.0,True,31.312,42.722,23.997,281.0,303.0,1,27.0,30.3,20.0,False,0.6,False
LEC,Ferrari,18.0,97.798,2.0,HARD,5.0,True,31.207,42.696,23.895,281.0,300.0,1,27.0,30.3,21.0,False,0.6,True
LEC,Ferrari,19.0,97.858,2.0,HARD,6.0,True,31.149,42.743,23.966,281.0,303.0,1,26.9,30.3,21.0,False,0.4,False
LEC,Ferrari,20.0,97.631,2.0,HARD,7.0,True,31.166,42.561,23.904,281.0,303.0,1,26.9,30.2,21.0,False,0.6,True
LEC,Ferrari,21.0,97.753,2.0,HARD,8.0,True,31.114,42.726,23.913,281.0,305.0,1,26.9,30.1,21.0,False,0.6,False
LEC,Ferrari,22.0,98.162,2.0,HARD,9.0,True,31.499,42.618,24.045,281.0,305.0,1,26.8,30.1,21.0,False,0.5,False
LEC,Ferrari,23.0,98.054,2.0,HARD,10.0,True,31.209,42.95,23.895,283.0,306.0,1,26.7,30.0,21.0,False,0.5,False
LEC,Ferrari,24.0,97.972,2.0,HARD,11.0,True,31.197,42.742,24.033,281.0,304.0,1,26.7,29.9,21.0,False,0.8,False
LEC,Ferrari,25.0,98.541,2.0,HARD,12.0,True,31.344,43.046,24.151,282.0,306.0,1,26.7,29.9,21.0,False,0.6,False
LEC,Ferrari,26.0,99.668,2.0,HARD,13.0,True,32.247,43.143,24.278,283.0,301.0,1,26.7,29.9,21.0,False,0.5,False
LEC,Ferrari,27.0,98.814,2.0,HARD,14.0,True,31.412,43.168,24.234,282.0,303.0,1,26.7,29.9,21.0,False,0.6,False
LEC,Ferrari,28.0,98.618,2.0,HARD,15.0,True,31.382,43.081,24.155,282.0,305.0,1,26.8,29.9,21.0,False,0.5,False
LEC,Ferrari,29.0,98.447,2.0,HARD,16.0,True,31.394,42.964,24.089,282.0,308.0,1,26.7,29.9,21.0,False,0.6,False
LEC,Ferrari,30.0,98.39,2.0,HARD,17.0,True,31.339,42.887,24.164,282.0,305.0,1,26.6,29.7,21.0,False,0.6,False
LEC,Ferrari,31.0,98.746,2.0,HARD,18.0,True,31.444,43.121,24.181,282.0,305.0,1,26.7,29.7,21.0,False,0.6,False
LEC,Ferrari,32.0,98.948,2.0,HARD,19.0,True,31.506,43.272,24.17,281.0,305.0,1,26.7,29.6,21.0,False,0.6,False
LEC,Ferrari,33.0,101.323,2.0,HARD,20.0,True,31.464,43.248,26.611,,306.0,1,26.7,29.6,21.0,False,0.6,False
LEC,Ferrari,34.0,119.477,3.0,HARD,1.0,True,52.321,43.143,24.013,281.0,222.0,1,26.7,29.6,21.0,False,0.5,False
LEC,Ferrari,35.0,98.073,3.0,HARD,2.0,True,31.528,42.729,23.816,281.0,298.0,1,26.6,29.6,21.0,False,0.4,False
LEC,Ferrari,36.0,97.313,3.0,HARD,3.0,True,31.07,42.615,23.628,282.0,303.0,1,26.6,29.6,21.0,False,0.5,True
LEC,Ferrari,37.0,97.17,3.0,HARD,4.0,True,31.07,42.385,23.715,282.0,305.0,1,26.6,29.6,21.0,False,0.4,True
LEC,Ferrari,38.0,97.17,3.0,HARD,5.0,True,31.091,42.444,23.635,282.0,300.0,1,26.5,29.5,21.0,False,0.6,False
LEC,Ferrari,39.0,97.287,3.0,HARD,6.0,True,31.103,42.564,23.62,282.0,304.0,1,26.5,29.5,21.0,False,0.0,False
STR,Aston Martin,1.0,104.67,1.0,SOFT,4.0,False,,44.143,24.609,281.0,261.0,12,27.3,31.2,22.0,False,0.5,False
STR,Aston Martin,2.0,99.892,1.0,SOFT,5.0,False,31.685,43.58,24.627,282.0,305.0,21,27.3,31.1,22.0,False,0.0,True
STR,Aston Martin,3.0,99.625,1.0,SOFT,6.0,False,31.501,43.471,24.653,284.0,306.0,1,27.3,31.2,22.0,False,0.6,True
STR,Aston Martin,4.0,99.745,1.0,SOFT,7.0,False,31.274,43.798,24.673,284.0,320.0,1,27.3,31.2,22.0,False,0.4,False
STR,Aston Martin,5.0,99.144,1.0,SOFT,8.0,False,31.135,43.479,24.53,279.0,323.0,1,27.2,31.0,22.0,False,1.0,True
STR,Aston Martin,6.0,99.714,1.0,SOFT,9.0,False,31.536,43.59,24.588,279.0,298.0,1,27.1,31.0,22.0,False,0.6,False
STR,Aston Martin,7.0,99.945,1.0,SOFT,10.0,False,31.558,43.832,24.555,279.0,295.0,1,27.1,30.9,22.0,False,0.6,False
STR,Aston Martin,8.0,99.801,1.0,SOFT,11.0,False,31.619,43.524,24.658,278.0,304.0,1,27.1,30.9,21.0,False,1.0,False
STR,Aston Martin,9.0,100.106,1.0,SOFT,12.0,False,31.709,43.736,24.661,279.0,294.0,1,27.2,30.8,21.0,False,0.6,False
STR,Aston Martin,10.0,100.192,1.0,SOFT,13.0,False,31.714,43.754,24.724,279.0,306.0,1,27.1,30.8,21.0,False,0.8,False
STR,Aston Martin,11.0,100.923,1.0,SOFT,14.0,False,31.837,44.225,24.861,279.0,306.0,1,27.2,30.6,21.0,False,0.6,False
STR,Aston Martin,12.0,101.039,1.0,SOFT,15.0,False,31.929,44.125,24.985,280.0,305.0,1,27.1,30.6,21.0,False,1.2,False
STR,Aston Martin,13.0,101.12,1.0,SOFT,16.0,False,31.882,44.192,25.046,284.0,304.0,1,27.1,30.5,21.0,False,1.0,False
STR,Aston Martin,14.0,100.002,1.0,SOFT,17.0,False,31.565,43.743,24.694,277.0,317.0,1,27.1,30.5,21.0,False,0.8,False
STR,Aston Martin,15.0,102.841,1.0,SOFT,18.0,False,31.857,43.737,27.247,,295.0,1,27.1,30.5,21.0,False,0.6,False
STR,Aston Martin,16.0,119.876,2.0,HARD,1.0,True,53.276,42.527,24.073,279.0,216.0,1,27.0,30.5,21.0,False,0.6,False
STR,Aston Martin,17.0,97.507,2.0,HARD,2.0,True,31.247,42.341,23.919,280.0,301.0,1,27.0,30.3,20.0,False,0.6,True
STR,Aston Martin,18.0,98.127,2.0,HARD,3.0,True,31.4,42.53,24.197,279.0,303.0,1,27.0,30.3,21.0,False,0.6,False
STR,Aston Martin,19.0,98.587,2.0,HARD,4.0,True,31.275,42.792,24.52,288.0,304.0,1,26.9,30.3,20.0,False,0.6,False
STR,Aston Martin,20.0,98.038,2.0,HARD,5.0,True,31.031,42.815,24.192,279.0,324.0,1,26.9,30.2,21.0,False,0.6,False
STR,Aston Martin,21.0,98.273,2.0,HARD,6.0,True,31.172,42.998,24.103,280.0,304.0,1,26.9,30.1,21.0,False,0.6,False
STR,Aston Martin,22.0,98.73,2.0,HARD,7.0,True,31.338,43.254,24.138,280.0,304.0,1,26.8,30.0,21.0,False,0.4,False
STR,Aston Martin,23.0,98.295,2.0,HARD,8.0,True,31.348,42.818,24.129,280.0,302.0,1,26.7,30.0,21.0,False,0.5,False
STR,Aston Martin,24.0,98.478,2.0,HARD,9.0,True,31.28,42.995,24.203,281.0,305.0,1,26.7,29.9,21.0,False,0.8,False
STR,Aston Martin,25.0,98.25,2.0,HARD,10.0,True,31.174,42.928,24.148,281.0,302.0,1,26.7,29.9,21.0,False,0.6,False
STR,Aston Martin,26.0,98.482,2.0,HARD,11.0,True,31.203,43.13,24.149,281.0,302.0,1,26.7,29.9,21.0,False,0.5,False
STR,Aston Martin,27.0,99.021,2.0,HARD,12.0,True,31.177,43.506,24.338,280.0,303.0,1,26.8,29.9,21.0,False,0.6,False
STR,Aston Martin,28.0,98.723,2.0,HARD,13.0,True,31.475,43.02,24.228,280.0,302.0,1,26.7,29.9,21.0,False,0.8,False
STR,Aston Martin,29.0,98.71,2.0,HARD,14.0,True,31.461,42.966,24.283,281.0,303.0,1,26.7,29.9,21.0,False,0.6,False
STR,Aston Martin,30.0,101.467,2.0,HARD,15.0,True,31.512,43.025,26.93,,301.0,1,26.7,29.8,21.0,False,0.6,False
STR,Aston Martin,31.0,117.063,3.0,HARD,1.0,True,51.935,41.573,23.555,283.0,218.0,1,26.7,29.6,21.0,False,0.6,False
STR,Aston Martin,32.0,96.546,3.0,HARD,2.0,True,30.853,41.993,23.7,280.0,303.0,1,26.7,29.6,21.0,False,0.6,True
STR,Aston Martin,33.0,97.21,3.0,HARD,3.0,True,31.057,42.487,23.666,281.0,301.0,1,26.7,29.6,21.0,False,0.6,False
STR,Aston Martin,34.0,97.168,3.0,HARD,4.0,True,30.988,42.474,23.706,280.0,300.0,1,26.6,29.6,21.0,False,0.5,False
STR,Aston Martin,35.0,97.521,3.0,HARD,5.0,True,31.167,42.568,23.786,280.0,297.0,1,26.6,29.6,21.0,False,0.4,False
STR,Aston Martin,36.0,97.72,3.0,HARD,6.0,True,31.025,42.848,23.847,280.0,301.0,1,26.6,29.6,21.0,False,0.5,False
STR,Aston Martin,37.0,97.68,3.0,HARD,7.0,True,31.117,42.684,23.879,280.0,291.0,1,26.6,29.5,21.0,False,0.4,False
STR,Aston Martin,38.0,97.274,3.0,HARD,8.0,True,31.062,42.463,23.749,280.0,299.0,1,26.5,29.5,21.0,False,0.6,False
STR,Aston Martin,39.0,97.456,3.0,HARD,9.0,True,31.045,42.644,23.767,280.0,301.0,1,26.5,29.5,21.0,False,0.6,False
STR,Aston Martin,40.0,97.916,3.0,HARD,10.0,True,31.01,42.646,24.26,280.0,301.0,126,26.5,29.5,21.0,False,0.4,False
STR,Aston Martin,41.0,126.809,3.0,HARD,11.0,True,43.661,58.17,24.978,280.0,222.0,671,26.5,29.4,21.0,False,0.0,False
STR,Aston Martin,42.0,97.298,3.0,HARD,12.0,True,31.035,42.477,23.786,281.0,303.0,1,26.5,29.4,21.0,False,0.0,False
STR,Aston Martin,43.0,97.304,3.0,HARD,13.0,True,31.123,42.318,23.863,280.0,303.0,1,26.4,29.3,21.0,False,0.8,False
STR,Aston Martin,44.0,97.299,3.0,HARD,14.0,True,31.066,42.331,23.902,280.0,299.0,1,26.4,29.2,21.0,False,0.0,False
STR,Aston Martin,45.0,97.222,3.0,HARD,15.0,True,31.017,42.39,23.815,281.0,302.0,1,26.4,29.1,21.0,False,0.5,False
STR,Aston Martin,46.0,97.562,3.0,HARD,16.0,True,31.04,42.675,23.847,281.0,301.0,1,26.4,29.1,21.0,False,0.0,False
STR,Aston Martin,47.0,97.257,3.0,HARD,17.0,True,31.043,42.368,23.846,281.0,302.0,1,26.4,29.0,21.0,False,0.3,False
STR,Aston Martin,48.0,97.448,3.0,HARD,18.0,True,31.146,42.393,23.909,280.0,301.0,1,26.4,29.0,21.0,False,0.3,False
STR,Aston Martin,49.0,97.551,3.0,HARD,19.0,True,31.106,42.536,23.909,281.0,302.0,1,26.4,29.0,21.0,False,0.6,False
STR,Aston Martin,50.0,97.388,3.0,HARD,20.0,True,31.03,42.331,24.027,280.0,301.0,1,26.3,29.0,21.0,False,0.0,False
STR,Aston Martin,51.0,97.866,3.0,HARD,21.0,True,31.108,42.709,24.049,280.0,300.0,1,26.3,28.9,21.0,False,0.0,False
STR,Aston Martin,52.0,97.579,3.0,HARD,22.0,True,31.121,42.501,23.957,281.0,299.0,1,26.3,28.9,21.0,False,0.3,False
STR,Aston Martin,53.0,98.379,3.0,HARD,23.0,True,31.162,43.275,23.942,281.0,300.0,1,26.3,28.8,21.0,False,0.0,False
STR,Aston Martin,54.0,97.597,3.0,HARD,24.0,True,31.11,42.373,24.114,281.0,300.0,1,26.2,28.8,21.0,False,0.3,False
STR,Aston Martin,55.0,97.701,3.0,HARD,25.0,True,31.149,42.517,24.035,281.0,301.0,1,26.3,28.8,21.0,False,0.0,False
STR,Aston Martin,56.0,98.11,3.0,HARD,26.0,True,31.287,42.737,24.086,280.0,301.0,1,26.3,28.7,21.0,False,0.4,False
STR,Aston Martin,57.0,97.991,3.0,HARD,27.0,True,31.194,42.65,24.147,281.0,300.0,1,26.3,28.7,21.0,False,0.6,False
SAR,Williams,1.0,106.855,1.0,SOFT,1.0,True,,45.33,24.706,283.0,269.0,12,27.3,31.2,22.0,False,0.5,False
SAR,Williams,2.0,100.467,1.0,SOFT,2.0,True,31.795,43.956,24.716,283.0,309.0,21,27.3,31.1,22.0,False,0.0,True
SAR,Williams,3.0,100.349,1.0,SOFT,3.0,True,31.746,43.8,24.803,288.0,300.0,1,27.3,31.2,22.0,False,0.6,True
SAR,Williams,4.0,100.644,1.0,SOFT,4.0,True,31.421,44.124,25.099,288.0,327.0,1,27.3,31.2,22.0,False,0.4,False
SAR,Williams,5.0,100.902,1.0,SOFT,5.0,True,31.603,44.497,24.802,282.0,310.0,1,27.2,31.0,22.0,False,1.0,False
SAR,Williams,6.0,100.791,1.0,SOFT,6.0,True,31.776,44.129,24.886,287.0,303.0,1,27.1,31.0,22.0,False,0.6,False
SAR,Williams,7.0,100.892,1.0,SOFT,7.0,True,31.801,44.19,24.901,287.0,308.0,1,27.1,30.9,21.0,False,0.6,False
SAR,Williams,8.0,100.868,1.0,SOFT,8.0,True,31.647,44.392,24.829,286.0,312.0,1,27.1,30.9,21.0,False,1.0,False
SAR,Williams,9.0,100.908,1.0,SOFT,9.0,True,31.948,44.066,24.894,287.0,308.0,1,27.2,30.8,21.0,False,0.6,False
SAR,Williams,10.0,101.133,1.0,SOFT,10.0,True,31.594,44.481,25.058,281.0,323.0,1,27.1,30.8,21.0,False,0.8,False
SAR,Williams,11.0,101.532,1.0,SOFT,11.0,True,32.122,44.37,25.04,280.0,305.0,1,27.2,30.6,21.0,False,0.6,False
SAR,Williams,12.0,103.88,1.0,SOFT,12.0,True,32.031,44.118,27.731,,305.0,1,27.1,30.6,21.0,False,1.2,False
SAR,Williams,13.0,120.255,2.0,SOFT,1.0,True,53.407,42.646,24.202,284.0,219.0,1,27.1,30.5,21.0,False,0.8,False
SAR,Williams,14.0,98.413,2.0,SOFT,2.0,True,31.156,42.959,24.298,287.0,305.0,1,27.1,30.5,21.0,False,0.8,True
SAR,Williams,15.0,99.033,2.0,SOFT,3.0,True,31.192,43.462,24.379,289.0,314.0,1,27.1,30.5,21.0,False,0.6,False
SAR,Williams,16.0,98.988,2.0,SOFT,4.0,True,31.239,43.299,24.45,288.0,326.0,1,27.0,30.4,21.0,False,0.8,False
SAR,Williams,17.0,99.439,2.0,SOFT,5.0,True,31.439,43.542,24.458,283.0,320.0,1,27.0,30.3,21.0,False,0.6,False
SAR,Williams,18.0,99.399,2.0,SOFT,6.0,True,31.497,43.423,24.479,282.0,298.0,1,27.0,30.3,21.0,False,0.6,False
SAR,Williams,19.0,99.22,2.0,SOFT,7.0,True,31.3,43.546,24.374,283.0,308.0,1,26.9,30.3,20.0,False,0.6,False
SAR,Williams,20.0,99.186,2.0,SOFT,8.0,True,31.337,43.39,24.459,283.0,308.0,1,26.9,30.2,21.0,False,0.4,False
SAR,Williams,21.0,99.612,2.0,SOFT,9.0,True,31.466,43.62,24.526,282.0,307.0,1,26.9,30.1,21.0,False,0.6,False
SAR,Williams,22.0,99.362,2.0,SOFT,10.0,True,31.385,43.461,24.516,283.0,306.0,1,26.8,30.0,21.0,False,0.4,False
SAR,Williams,23.0,99.692,2.0,SOFT,11.0,True,31.63,43.546,24.516,283.0,307.0,1,26.7,29.9,21.0,False,0.4,False
SAR,Williams,24.0,99.872,2.0,SOFT,12.0,True,31.583,43.663,24.626,282.0,307.0,1,26.7,29.9,21.0,False,0.8,False
SAR,Williams,25.0,99.834,2.0,SOFT,13.0,True,31.581,43.719,24.534,283.0,307.0,1,26.7,29.9,21.0,False,0.6,False
SAR,Williams,26.0,100.006,2.0,SOFT,14.0,True,31.621,43.912,24.473,282.0,306.0,1,26.7,29.9,21.0,False,0.6,False
SAR,Williams,27.0,99.602,2.0,SOFT,15.0,True,31.547,43.585,24.47,282.0,307.0,1,26.8,29.9,21.0,False,0.6,False
SAR,Williams,28.0,99.62,2.0,SOFT,16.0,True,31.548,43.544,24.528,281.0,307.0,1,26.7,29.9,21.0,False,0.8,False
SAR,Williams,29.0,99.673,2.0,SOFT,17.0,True,31.672,43.498,24.503,282.0,305.0,1,26.6,29.7,21.0,False,0.6,False
SAR,Williams,30.0,102.409,2.0,SOFT,18.0,True,31.687,43.426,27.296,,307.0,1,26.7,29.8,21.0,False,0.6,False
SAR,Williams,31.0,119.303,3.0,HARD,1.0,True,53.34,42.124,23.839,283.0,221.0,1,26.7,29.6,21.0,False,0.6,False
SAR,Williams,32.0,97.613,3.0,HARD,2.0,True,30.975,42.694,23.944,283.0,305.0,1,26.7,29.6,21.0,False,0.6,True
SAR,Williams,33.0,97.862,3.0,HARD,3.0,True,31.078,42.708,24.076,283.0,296.0,1,26.7,29.6,21.0,False,0.5,False
SAR,Williams,34.0,97.902,3.0,HARD,4.0,True,31.157,42.798,23.947,283.0,307.0,1,26.6,29.6,21.0,False,0.5,False
SAR,Williams,35.0,98.029,3.0,HARD,5.0,True,31.176,42.79,24.063,283.0,308.0,1,26.7,29.6,21.0,False,0.4,False
SAR,Williams,36.0,97.717,3.0,HARD,6.0,True,31.091,42.688,23.938,283.0,307.0,1,26.6,29.6,21.0,False,0.5,False
SAR,Williams,37.0,97.831,3.0,HARD,7.0,True,31.087,42.803,23.941,283.0,307.0,1,26.6,29.5,21.0,False,0.4,False
SAR,Williams,38.0,98.015,3.0,HARD,8.0,True,31.136,42.813,24.066,283.0,308.0,1,26.5,29.5,21.0,False,0.0,False
SAR,Williams,39.0,97.971,3.0,HARD,9.0,True,31.148,42.76,24.063,282.0,308.0,1,26.5,29.5,21.0,False,0.6,False
SAR,Williams,40.0,113.753,3.0,HARD,10.0,True,31.202,48.556,33.995,,308.0,126,26.5,29.5,21.0,False,0.4,False
SAR,Williams,41.0,125.614,4.0,SOFT,1.0,True,59.069,42.812,23.733,284.0,220.0,671,26.5,29.3,21.0,False,0.0,False
SAR,Williams,42.0,96.037,4.0,SOFT,2.0,True,30.492,41.875,23.67,285.0,309.0,1,26.4,29.3,21.0,False,0.0,True
SAR,Williams,43.0,96.801,4.0,SOFT,3.0,True,30.693,42.146,23.962,290.0,309.0,1,26.4,29.2,21.0,False,0.0,False
SAR,Williams,44.0,97.407,4.0,SOFT,4.0,True,30.808,42.689,23.91,290.0,323.0,1,26.4,29.2,21.0,False,0.3,False
SAR,Williams,45.0,97.462,4.0,SOFT,5.0,True,30.743,42.757,23.962,293.0,318.0,1,26.4,29.1,21.0,False,0.6,False
SAR,Williams,46.0,98.441,4.0,SOFT,6.0,True,31.144,43.267,24.03,292.0,327.0,1,26.4,29.1,21.0,False,0.0,False
SAR,Williams,47.0,97.227,4.0,SOFT,7.0,True,31.054,42.356,23.817,284.0,328.0,1,26.4,29.0,21.0,False,0.0,False
SAR,Williams,48.0,97.068,4.0,SOFT,8.0,True,30.916,42.28,23.872,284.0,308.0,1,26.3,29.0,21.0,False,0.0,False
SAR,Williams,49.0,97.225,4.0,SOFT,9.0,True,30.906,42.422,23.897,284.0,308.0,1,26.4,29.0,21.0,False,0.6,False
SAR,Williams,50.0,97.29,4.0,SOFT,10.0,True,30.955,42.418,23.917,284.0,308.0,1,26.3,29.0,21.0,False,0.0,False
SAR,Williams,51.0,97.472,4.0,SOFT,11.0,True,31.024,42.523,23.925,284.0,308.0,1,26.3,28.9,21.0,False,0.3,False
SAR,Williams,52.0,97.456,4.0,SOFT,12.0,True,31.031,42.485,23.94,284.0,309.0,1,26.3,28.9,21.0,False,0.0,False
SAR,Williams,53.0,97.662,4.0,SOFT,13.0,True,31.044,42.593,24.025,284.0,308.0,1,26.3,28.8,21.0,False,0.4,False
SAR,Williams,54.0,97.936,4.0,SOFT,14.0,True,31.046,42.824,24.066,284.0,309.0,1,26.2,28.8,21.0,False,0.3,False
SAR,Williams,55.0,98.316,4.0,SOFT,15.0,True,31.122,43.107,24.087,284.0,309.0,1,26.2,28.8,21.0,False,0.5,False
SAR,Williams,56.0,99.626,4.0,SOFT,16.0,True,31.157,44.242,24.227,285.0,309.0,1,26.3,28.7,21.0,False,0.6,False
MAG,Haas F1 Team,1.0,109.33,1.0,HARD,1.0,True,,46.858,25.043,280.0,243.0,12,27.3,31.2,22.0,False,0.5,False
MAG,Haas F1 Team,2.0,101.521,1.0,HARD,2.0,True,32.42,44.355,24.746,280.0,306.0,21,27.3,31.1,22.0,False,0.0,True
MAG,Haas F1 Team,3.0,101.978,1.0,HARD,3.0,True,31.821,45.009,25.148,286.0,294.0,1,27.3,31.2,22.0,False,0.6,False
MAG,Haas F1 Team,4.0,100.773,1.0,HARD,4.0,True,31.755,44.045,24.973,284.0,303.0,1,27.2,31.1,22.0,False,0.8,True
MAG,Haas F1 Team,5.0,101.34,1.0,HARD,5.0,True,31.769,44.572,24.999,280.0,314.0,1,27.2,31.0,22.0,False,1.0,False
MAG,Haas F1 Team,6.0,101.125,1.0,HARD,6.0,True,32.023,44.289,24.813,279.0,299.0,1,27.1,31.0,22.0,False,0.6,False
MAG,Haas F1 Team,7.0,101.526,1.0,HARD,7.0,True,32.135,44.46,24.931,280.0,299.0,1,27.1,30.9,21.0,False,0.6,False
MAG,Haas F1 Team,8.0,101.283,1.0,HARD,8.0,True,32.062,44.289,24.932,280.0,303.0,1,27.1,30.9,21.0,False,1.0,False
MAG,Haas F1 Team,9.0,101.278,1.0,HARD,9.0,True,32.161,44.196,24.921,280.0,299.0,1,27.2,30.8,21.0,False,0.6,False
MAG,Haas F1 Team,10.0,101.719,1.0,HARD,10.0,True,32.289,44.441,24.989,280.0,302.0,1,27.1,30.8,21.0,False,0.8,False
MAG,Haas F1 Team,11.0,102.049,1.0,HARD,11.0,True,32.334,44.458,25.257,279.0,304.0,1,27.2,30.6,21.0,False,0.6,False
MAG,Haas F1 Team,12.0,101.345,1.0,HARD,12.0,True,32.185,44.197,24.963,279.0,300.0,1,27.1,30.6,21.0,False,1.2,False
MAG,Haas F1 Team,13.0,101.654,1.0,HARD,13.0,True,32.197,44.455,25.002,279.0,297.0,1,27.1,30.5,21.0,False,0.8,False
MAG,Haas F1 Team,14.0,101.739,1.0,HARD,14.0,True,32.409,44.478,24.852,279.0,296.0,1,27.1,30.5,21.0,False,0.8,False
MAG,Haas F1 Team,15.0,104.899,1.0,HARD,15.0,True,32.424,44.674,27.801,,300.0,1,27.1,30.5,21.0,False,0.6,False
MAG,Haas F1 Team,16.0,120.587,2.0,HARD,1.0,True,53.295,43.201,24.091,279.0,218.0,1,27.0,30.4,21.0,False,0.8,False
MAG,Haas F1 Team,17.0,98.319,2.0,HARD,2.0,True,31.498,42.739,24.082,280.0,295.0,1,27.0,30.3,21.0,False,0.6,True
MAG,Haas F1 Team,18.0,98.274,2.0,HARD,3.0,True,31.32,42.799,24.155,279.0,298.0,1,26.9,30.3,21.0,False,0.4,True
MAG,Haas F1 Team,19.0,98.803,2.0,HARD,4.0,True,31.449,43.108,24.246,279.0,299.0,1,26.9,30.3,20.0,False,0.6,False
MAG,Haas F1 Team,20.0,99.083,2.0,HARD,5.0,True,31.665,43.198,24.22,279.0,297.0,1,26.9,30.2,21.0,False,0.4,False
MAG,Haas F1 Team,21.0,99.086,2.0,HARD,6.0,True,31.648,43.082,24.356,280.0,299.0,1,26.9,30.1,21.0,False,0.6,False
MAG,Haas F1 Team,22.0,98.913,2.0,HARD,7.0,True,31.554,43.081,24.278,280.0,299.0,1,26.8,30.0,21.0,False,0.4,False
MAG,Haas F1 Team,23.0,99.027,2.0,HARD,8.0,True,31.612,43.032,24.383,280.0,298.0,1,26.7,29.9,21.0,False,0.4,False
MAG,Haas F1 Team,24.0,98.947,2.0,HARD,9.0,True,31.57,43.03,24.347,280.0,302.0,1,26.7,29.9,21.0,False,0.8,False
MAG,Haas F1 Team,25.0,99.476,2.0,HARD,10.0,True,31.67,43.433,24.373,282.0,301.0,1,26.7,29.9,21.0,False,0.6,False
MAG,Haas F1 Team,26.0,99.601,2.0,HARD,11.0,True,31.703,43.414,24.484,281.0,301.0,1,26.7,29.9,21.0,False,0.6,False
MAG,Haas F1 Team,27.0,99.298,2.0,HARD,12.0,True,31.694,43.25,24.354,280.0,300.0,1,26.8,29.9,21.0,False,0.6,False
MAG,Haas F1 Team,28.0,99.316,2.0,HARD,13.0,True,31.703,43.255,24.358,279.0,298.0,1,26.7,29.9,21.0,False,0.8,False
MAG,Haas F1 Team,29.0,101.979,2.0,HARD,14.0,True,31.697,43.421,26.861,,300.0,1,26.6,29.7,21.0,False,0.6,False
MAG,Haas F1 Team,30.0,120.933,3.0,SOFT,1.0,True,52.88,43.703,24.35,281.0,221.0,1,26.7,29.8,21.0,False,0.6,False
MAG,Haas F1 Team,31.0,98.593,3.0,SOFT,2.0,True,31.332,43.288,23.973,282.0,297.0,1,26.7,29.6,21.0,False,0.6,False
MAG,Haas F1 Team,32.0,97.644,3.0,SOFT,3.0,True,30.962,42.718,23.964,281.0,300.0,1,26.7,29.6,21.0,False,0.6,True
MAG,Haas F1 Team,33.0,97.097,3.0,SOFT,4.0,True,31.049,42.112,23.936,280.0,297.0,1,26.7,29.6,21.0,False,0.5,True
MAG,Haas F1 Team,34.0,97.528,3.0,SOFT,5.0,True,31.133,42.454,23.941,281.0,298.0,1,26.6,29.6,21.0,False,0.5,False
MAG,Haas F1 Team,35.0,97.46,3.0,SOFT,6.0,True,31.158,42.391,23.911,281.0,301.0,1,26.7,29.6,21.0,False,0.4,False
MAG,Haas F1 Team,36.0,97.754,3.0,SOFT,7.0,True,31.223,42.466,24.065,279.0,299.0,1,26.6,29.6,21.0,False,0.4,False
MAG,Haas F1 Team,37.0,97.998,3.0,SOFT,8.0,True,31.244,42.71,24.044,280.0,299.0,1,26.6,29.5,21.0,False,0.4,False
MAG,Haas F1 Team,38.0,98.303,3.0,SOFT,9.0,True,31.297,42.864,24.142,280.0,298.0,1,26.5,29.5,21.0,False,0.0,False
MAG,Haas F1 Team,39.0,98.587,3.0,SOFT,10.0,True,31.279,42.922,24.386,280.0,299.0,1,26.5,29.5,21.0,False,0.6,False
MAG,Haas F1 Team,40.0,117.797,3.0,SOFT,11.0,True,31.406,51.042,35.349,,299.0,126,26.5,29.5,21.0,False,0.4,False
MAG,Haas F1 Team,41.0,122.547,4.0,SOFT,1.0,True,56.351,42.391,23.805,282.0,222.0,671,26.5,29.3,21.0,False,0.0,False
MAG,Haas F1 Team,42.0,96.471,4.0,SOFT,2.0,True,30.737,42.113,23.621,282.0,300.0,1,26.4,29.3,21.0,False,0.0,True
MAG,Haas F1 Team,43.0,96.942,4.0,SOFT,3.0,True,30.753,42.381,23.808,282.0,301.0,1,26.4,29.2,21.0,False,0.0,False
MAG,Haas F1 Team,44.0,96.588,4.0,SOFT,4.0,True,30.76,42.049,23.779,282.0,301.0,1,26.4,29.2,21.0,False,0.3,False
MAG,Haas F1 Team,45.0,97.126,4.0,SOFT,5.0,True,30.983,42.268,23.875,282.0,299.0,1,26.4,29.1,21.0,False,0.6,False
MAG,Haas F1 Team,46.0,97.589,4.0,SOFT,6.0,True,31.046,42.533,24.01,281.0,302.0,1,26.4,29.0,21.0,False,0.3,False
MAG,Haas F1 Team,47.0,97.629,4.0,SOFT,7.0,True,31.029,42.64,23.96,281.0,302.0,1,26.4,29.0,21.0,False,0.0,False
MAG,Haas F1 Team,48.0,97.607,4.0,SOFT,8.0,True,31.059,42.581,23.967,281.0,299.0,1,26.3,29.0,21.0,False,0.0,False
MAG,Haas F1 Team,49.0,97.739,4.0,SOFT,9.0,True,31.077,42.715,23.947,282.0,300.0,1,26.4,29.0,21.0,False,0.6,False
MAG,Haas F1 Team,50.0,98.315,4.0,SOFT,10.0,True,31.323,42.652,24.34,290.0,302.0,1,26.3,29.0,21.0,False,0.0,False
MAG,Haas F1 Team,51.0,98.157,4.0,SOFT,11.0,True,31.364,42.723,24.07,281.0,313.0,1,26.3,28.9,21.0,False,0.3,False
MAG,Haas F1 Team,52.0,97.963,4.0,SOFT,12.0,True,31.275,42.598,24.09,281.0,296.0,1,26.3,28.9,21.0,False,0.0,False
MAG,Haas F1 Team,53.0,97.982,4.0,SOFT,13.0,True,31.324,42.612,24.046,282.0,301.0,1,26.3,28.8,21.0,False,0.4,False
MAG,Haas F1 Team,54.0,99.651,4.0,SOFT,14.0,True,31.272,42.695,25.684,288.0,301.0,1,26.3,28.8,21.0,False,0.0,False
MAG,Haas F1 Team,55.0,98.446,4.0,SOFT,15.0,True,31.366,42.971,24.109,281.0,315.0,1,26.2,28.8,21.0,False,0.5,False
MAG,Haas F1 Team,56.0,98.779,4.0,SOFT,16.0,True,31.633,42.882,24.264,282.0,302.0,1,26.3,28.7,21.0,False,0.6,False
DEV,AlphaTauri,1.0,109.959,1.0,SOFT,1.0,True,,46.835,25.179,282.0,253.0,12,27.3,31.2,22.0,False,0.5,False
DEV,AlphaTauri,2.0,101.289,1.0,SOFT,2.0,True,32.136,44.304,24.849,281.0,277.0,21,27.3,31.1,22.0,False,0.0,True
DEV,AlphaTauri,3.0,100.914,1.0,SOFT,3.0,True,31.761,44.368,24.785,280.0,291.0,1,27.3,31.2,22.0,False,0.6,True
DEV,AlphaTauri,4.0,100.373,1.0,SOFT,4.0,True,31.611,43.9,24.862,283.0,302.0,1,27.2,31.1,22.0,False,0.8,True
DEV,AlphaTauri,5.0,100.63,1.0,SOFT,5.0,True,31.428,44.155,25.047,284.0,318.0,1,27.2,31.0,22.0,False,1.0,False
DEV,AlphaTauri,6.0,101.125,1.0,SOFT,6.0,True,31.563,44.451,25.111,284.0,320.0,1,27.1,31.0,22.0,False,0.6,False
DEV,AlphaTauri,7.0,101.166,1.0,SOFT,7.0,True,31.511,44.638,25.017,283.0,318.0,1,27.1,30.9,21.0,False,0.6,False
DEV,AlphaTauri,8.0,101.23,1.0,SOFT,8.0,True,31.601,44.514,25.115,283.0,319.0,1,27.1,30.9,21.0,False,1.0,False
DEV,AlphaTauri,9.0,101.573,1.0,SOFT,9.0,True,31.817,44.54,25.216,283.0,317.0,1,27.2,30.8,21.0,False,0.6,False
DEV,AlphaTauri,10.0,101.666,1.0,SOFT,10.0,True,31.78,44.807,25.079,279.0,319.0,1,27.1,30.8,21.0,False,0.8,False
DEV,AlphaTauri,11.0,105.46,1.0,SOFT,11.0,True,32.072,44.715,28.673,,299.0,1,27.2,30.6,21.0,False,0.6,False
DEV,AlphaTauri,12.0,121.184,2.0,HARD,1.0,True,53.538,43.459,24.187,280.0,214.0,1,27.1,30.6,21.0,False,1.2,False
DEV,AlphaTauri,13.0,98.924,2.0,HARD,2.0,True,31.468,43.189,24.267,280.0,302.0,1,27.1,30.5,21.0,False,0.8,True
DEV,AlphaTauri,14.0,98.829,2.0,HARD,3.0,True,31.383,43.082,24.364,280.0,293.0,1,27.1,30.5,21.0,False,0.8,True
DEV,AlphaTauri,15.0,98.868,2.0,HARD,4.0,True,31.425,43.124,24.319,281.0,297.0,1,27.1,30.5,21.0,False,0.6,False
DEV,AlphaTauri,16.0,99.127,2.0,HARD,5.0,True,31.487,43.229,24.411,280.0,297.0,1,27.0,30.4,21.0,False,0.8,False
DEV,AlphaTauri,17.0,98.996,2.0,HARD,6.0,True,31.498,43.126,24.372,279.0,297.0,1,27.0,30.3,21.0,False,0.6,False
DEV,AlphaTauri,18.0,99.054,2.0,HARD,7.0,True,31.426,43.327,24.301,278.0,295.0,1,27.0,30.3,21.0,False,0.6,False
DEV,AlphaTauri,19.0,99.078,2.0,HARD,8.0,True,31.442,43.253,24.383,278.0,296.0,1,26.9,30.3,20.0,False,0.6,False
DEV,AlphaTauri,20.0,99.182,2.0,HARD,9.0,True,31.442,43.332,24.408,278.0,297.0,1,26.9,30.2,21.0,False,0.4,False
DEV,AlphaTauri,21.0,99.182,2.0,HARD,10.0,True,31.508,43.309,24.365,278.0,295.0,1,26.9,30.1,21.0,False,0.6,False
DEV,AlphaTauri,22.0,99.296,2.0,HARD,11.0,True,31.572,43.328,24.396,278.0,297.0,1,26.8,30.0,21.0,False,0.4,False
DEV,AlphaTauri,23.0,99.542,2.0,HARD,12.0,True,31.637,43.479,24.426,278.0,297.0,1,26.7,29.9,21.0,False,0.4,False
DEV,AlphaTauri,24.0,99.807,2.0,HARD,13.0,True,31.847,43.493,24.467,279.0,295.0,1,26.7,29.9,21.0,False,0.8,False
DEV,AlphaTauri,25.0,100.96,2.0,HARD,14.0,True,32.101,44.14,24.719,281.0,296.0,1,26.7,29.9,21.0,False,0.6,False
DEV,AlphaTauri,26.0,99.97,2.0,HARD,15.0,True,31.698,43.692,24.58,281.0,298.0,1,26.7,29.9,21.0,False,0.6,False
DEV,AlphaTauri,27.0,102.309,2.0,HARD,16.0,True,31.644,43.489,27.176,,296.0,1,26.8,29.9,21.0,False,0.6,False
DEV,AlphaTauri,28.0,120.083,3.0,HARD,1.0,True,53.173,42.985,23.925,278.0,214.0,1,26.7,29.9,21.0,False,0.8,False
DEV,AlphaTauri,29.0,98.121,3.0,HARD,2.0,True,31.275,42.759,24.087,280.0,292.0,1,26.6,29.7,21.0,False,0.6,True
DEV,AlphaTauri,30.0,97.709,3.0,HARD,3.0,True,31.186,42.605,23.918,280.0,300.0,1,26.7,29.7,21.0,False,0.6,True
DEV,AlphaTauri,31.0,97.909,3.0,HARD,4.0,True,31.126,42.804,23.979,282.0,299.0,1,26.7,29.6,21.0,False,0.6,False
DEV,AlphaTauri,32.0,97.902,3.0,HARD,5.0,True,31.118,42.773,24.011,282.0,298.0,1,26.7,29.6,21.0,False,0.6,False
DEV,AlphaTauri,33.0,97.933,3.0,HARD,6.0,True,31.115,42.729,24.089,281.0,300.0,1,26.7,29.6,21.0,False,0.5,False
DEV,AlphaTauri,34.0,98.266,3.0,HARD,7.0,True,31.226,42.896,24.144,281.0,295.0,1,26.6,29.6,21.0,False,0.5,False
DEV,AlphaTauri,35.0,98.123,3.0,HARD,8.0,True,31.249,42.716,24.158,281.0,296.0,1,26.7,29.6,21.0,False,0.4,False
DEV,AlphaTauri,36.0,98.206,3.0,HARD,9.0,True,31.265,42.791,24.15,280.0,296.0,1,26.6,29.6,21.0,False,0.5,False
DEV,AlphaTauri,37.0,98.423,3.0,HARD,10.0,True,31.401,42.905,24.117,280.0,299.0,1,26.6,29.5,21.0,False,0.4,False
DEV,AlphaTauri,38.0,98.379,3.0,HARD,11.0,True,31.355,42.877,24.147,280.0,299.0,1,26.5,29.5,21.0,False,0.0,False
DEV,AlphaTauri,39.0,98.535,3.0,HARD,12.0,True,31.31,42.977,24.248,279.0,297.0,1,26.5,29.5,21.0,False,0.6,False
DEV,AlphaTauri,40.0,113.544,3.0,HARD,13.0,True,31.346,53.363,28.835,210.0,297.0,126,26.5,29.5,21.0,False,0.4,False
DEV,AlphaTauri,41.0,114.359,3.0,HARD,14.0,True,44.502,45.772,24.085,280.0,187.0,671,26.5,29.3,21.0,False,0.0,False
DEV,AlphaTauri,42.0,99.873,3.0,HARD,15.0,True,32.199,43.466,24.208,280.0,304.0,1,26.4,29.3,21.0,False,0.0,False
DEV,AlphaTauri,43.0,100.177,3.0,HARD,16.0,True,32.026,43.701,24.45,281.0,301.0,1,26.4,29.3,21.0,False,0.8,False
DEV,AlphaTauri,44.0,99.588,3.0,HARD,17.0,True,31.78,43.483,24.325,281.0,298.0,1,26.4,29.2,21.0,False,0.3,False
DEV,AlphaTauri,45.0,98.889,3.0,HARD,18.0,True,31.481,43.144,24.264,280.0,293.0,1,26.4,29.1,21.0,False,0.6,False
DEV,AlphaTauri,46.0,98.871,3.0,HARD,19.0,True,31.557,43.061,24.253,280.0,295.0,1,26.4,29.1,21.0,False,0.0,False
DEV,AlphaTauri,47.0,98.921,3.0,HARD,20.0,True,31.53,43.186,24.205,280.0,298.0,1,26.4,29.0,21.0,False,0.0,False
DEV,AlphaTauri,48.0,100.441,3.0,HARD,21.0,True,32.523,43.596,24.322,280.0,302.0,1,26.3,29.0,21.0,False,0.0,False
DEV,AlphaTauri,49.0,98.985,3.0,HARD,22.0,True,31.508,43.167,24.31,280.0,303.0,1,26.4,29.0,21.0,False,0.6,False
DEV,AlphaTauri,50.0,99.089,3.0,HARD,23.0,True,31.532,43.24,24.317,280.0,297.0,1,26.3,29.0,21.0,False,0.0,False
DEV,AlphaTauri,51.0,100.475,3.0,HARD,24.0,True,32.491,43.49,24.494,281.0,304.0,1,26.3,28.9,21.0,False,0.3,False
DEV,AlphaTauri,52.0,100.33,3.0,HARD,25.0,True,31.497,44.208,24.625,281.0,300.0,1,26.3,28.9,21.0,False,0.0,False
DEV,AlphaTauri,53.0,99.15,3.0,HARD,26.0,True,31.459,43.284,24.407,281.0,302.0,1,26.3,28.8,21.0,False,0.4,False
DEV,AlphaTauri,54.0,98.885,3.0,HARD,27.0,True,31.467,43.108,24.31,281.0,299.0,1,26.3,28.8,21.0,False,0.0,False
DEV,AlphaTauri,55.0,99.239,3.0,HARD,28.0,True,31.445,43.538,24.256,280.0,298.0,1,26.2,28.8,21.0,False,0.5,False
DEV,AlphaTauri,56.0,99.161,3.0,HARD,29.0,True,31.644,43.211,24.306,280.0,295.0,1,26.3,28.7,21.0,False,0.6,False
TSU,AlphaTauri,1.0,107.791,1.0,SOFT,1.0,True,,45.884,24.925,282.0,259.0,12,27.3,31.2,22.0,False,0.5,False
TSU,AlphaTauri,2.0,100.837,1.0,SOFT,2.0,True,31.976,43.987,24.874,280.0,294.0,21,27.3,31.1,22.0,False,0.0,True
TSU,AlphaTauri,3.0,100.243,1.0,SOFT,3.0,True,31.699,43.736,24.808,288.0,301.0,1,27.3,31.2,22.0,False,0.6,True
TSU,AlphaTauri,4.0,99.95,1.0,SOFT,4.0,True,31.259,43.59,25.101,286.0,317.0,1,27.3,31.2,22.0,False,0.4,True
TSU,AlphaTauri,5.0,101.131,1.0,SOFT,5.0,True,31.566,44.562,25.003,284.0,302.0,1,27.2,31.0,22.0,False,1.0,False
TSU,AlphaTauri,6.0,100.886,1.0,SOFT,6.0,True,31.671,44.172,25.043,285.0,311.0,1,27.1,31.0,22.0,False,0.6,False
TSU,AlphaTauri,7.0,100.952,1.0,SOFT,7.0,True,31.564,44.259,25.129,284.0,312.0,1,27.1,30.9,21.0,False,0.6,False
TSU,AlphaTauri,8.0,100.846,1.0,SOFT,8.0,True,31.566,44.156,25.124,284.0,319.0,1,27.1,30.9,21.0,False,1.0,False
TSU,AlphaTauri,9.0,101.01,1.0,SOFT,9.0,True,31.627,44.241,25.142,284.0,318.0,1,27.2,30.8,21.0,False,0.6,False
TSU,AlphaTauri,10.0,103.749,1.0,SOFT,10.0,True,31.649,44.285,27.815,,322.0,1,27.1,30.8,21.0,False,0.8,False
TSU,AlphaTauri,11.0,119.843,2.0,HARD,1.0,True,53.357,42.423,24.063,279.0,217.0,1,27.2,30.6,21.0,False,0.6,False
TSU,AlphaTauri,12.0,99.143,2.0,HARD,2.0,True,31.623,43.14,24.38,280.0,303.0,1,27.1,30.6,21.0,False,1.2,True
TSU,AlphaTauri,13.0,99.471,2.0,HARD,3.0,True,31.607,43.29,24.574,284.0,302.0,1,27.1,30.5,21.0,False,0.8,False
TSU,AlphaTauri,14.0,98.742,2.0,HARD,4.0,True,31.227,43.111,24.404,281.0,317.0,1,27.1,30.5,21.0,False,0.8,True
TSU,AlphaTauri,15.0,98.975,2.0,HARD,5.0,True,31.398,43.143,24.434,281.0,308.0,1,27.1,30.5,21.0,False,0.6,False
TSU,AlphaTauri,16.0,99.061,2.0,HARD,6.0,True,31.429,43.184,24.448,280.0,308.0,1,27.0,30.4,21.0,False,0.8,False
TSU,AlphaTauri,17.0,99.021,2.0,HARD,7.0,True,31.417,43.132,24.472,280.0,304.0,1,27.0,30.3,21.0,False,0.6,False
TSU,AlphaTauri,18.0,99.302,2.0,HARD,8.0,True,31.402,43.402,24.498,279.0,307.0,1,27.0,30.3,21.0,False,0.6,False
TSU,AlphaTauri,19.0,99.17,2.0,HARD,9.0,True,31.456,43.331,24.383,280.0,303.0,1,26.9,30.3,20.0,False,0.6,False
TSU,AlphaTauri,20.0,99.282,2.0,HARD,10.0,True,31.476,43.398,24.408,280.0,306.0,1,26.9,30.2,21.0,False,0.4,False
TSU,AlphaTauri,21.0,99.325,2.0,HARD,11.0,True,31.486,43.285,24.554,280.0,305.0,1,26.9,30.1,21.0,False,0.6,False
TSU,AlphaTauri,22.0,99.439,2.0,HARD,12.0,True,31.479,43.415,24.545,281.0,304.0,1,26.8,30.0,21.0,False,0.4,False
TSU,AlphaTauri,23.0,99.632,2.0,HARD,13.0,True,31.543,43.474,24.615,280.0,307.0,1,26.7,30.0,21.0,False,0.5,False
TSU,AlphaTauri,24.0,100.109,2.0,HARD,14.0,True,32.039,43.405,24.665,280.0,304.0,1,26.7,29.9,21.0,False,0.8,False
TSU,AlphaTauri,25.0,99.746,2.0,HARD,15.0,True,31.638,43.565,24.543,281.0,305.0,1,26.7,29.9,21.0,False,0.6,False
TSU,AlphaTauri,26.0,102.227,2.0,HARD,16.0,True,31.619,43.452,27.156,,304.0,1,26.7,29.9,21.0,False,0.5,False
TSU,AlphaTauri,27.0,120.3,3.0,HARD,1.0,True,52.788,43.364,24.148,289.0,219.0,1,26.8,29.9,21.0,False,0.6,False
TSU,AlphaTauri,28.0,97.824,3.0,HARD,2.0,True,31.04,42.788,23.996,288.0,315.0,1,26.7,29.9,21.0,False,0.8,True
TSU,AlphaTauri,29.0,97.779,3.0,HARD,3.0,True,31.071,42.582,24.126,289.0,311.0,1,26.6,29.7,21.0,False,0.6,True
TSU,AlphaTauri,30.0,98.147,3.0,HARD,4.0,True,31.111,42.762,24.274,288.0,309.0,1,26.7,29.8,21.0,False,0.6,False
TSU,AlphaTauri,31.0,97.813,3.0,HARD,5.0,True,30.795,42.857,24.161,288.0,315.0,1,26.7,29.6,21.0,False,0.6,False
TSU,AlphaTauri,32.0,98.017,3.0,HARD,6.0,True,30.916,42.886,24.215,288.0,318.0,1,26.7,29.6,21.0,False,0.6,False
TSU,AlphaTauri,33.0,98.094,3.0,HARD,7.0,True,30.843,42.923,24.328,287.0,318.0,1,26.7,29.6,21.0,False,0.6,False
TSU,AlphaTauri,34.0,98.13,3.0,HARD,8.0,True,30.924,42.881,24.325,287.0,319.0,1,26.6,29.6,21.0,False,0.5,False
TSU,AlphaTauri,35.0,98.163,3.0,HARD,9.0,True,31.053,42.779,24.331,287.0,321.0,1,26.7,29.6,21.0,False,0.4,False
TSU,AlphaTauri,36.0,98.059,3.0,HARD,10.0,True,30.891,42.924,24.244,288.0,322.0,1,26.6,29.6,21.0,False,0.5,False
TSU,AlphaTauri,37.0,98.075,3.0,HARD,11.0,True,31.004,42.708,24.363,287.0,319.0,1,26.6,29.5,21.0,False,0.4,False
TSU,AlphaTauri,38.0,98.084,3.0,HARD,12.0,True,30.904,42.811,24.369,287.0,321.0,1,26.5,29.5,21.0,False,0.0,False
TSU,AlphaTauri,39.0,98.419,3.0,HARD,13.0,True,31.108,42.882,24.429,287.0,322.0,1,26.5,29.5,21.0,False,0.6,False
TSU,AlphaTauri,40.0,110.35,3.0,HARD,14.0,True,31.083,42.908,36.359,,322.0,126,26.5,29.5,21.0,False,0.4,False
TSU,AlphaTauri,41.0,130.782,4.0,SOFT,4.0,False,63.303,43.564,23.915,290.0,223.0,671,26.5,29.3,21.0,False,0.0,False
TSU,AlphaTauri,42.0,96.637,4.0,SOFT,5.0,False,30.997,41.735,23.905,281.0,318.0,1,26.4,29.3,21.0,False,0.0,True
TSU,AlphaTauri,43.0,97.028,4.0,SOFT,6.0,False,31.115,42.08,23.833,281.0,303.0,1,26.4,29.3,21.0,False,0.8,False
TSU,AlphaTauri,44.0,97.01,4.0,SOFT,7.0,False,30.939,42.198,23.873,281.0,303.0,1,26.4,29.2,21.0,False,0.3,False
TSU,AlphaTauri,45.0,97.021,4.0,SOFT,8.0,False,30.93,42.107,23.984,282.0,305.0,1,26.4,29.1,21.0,False,0.6,False
TSU,AlphaTauri,46.0,97.258,4.0,SOFT,9.0,False,31.009,42.28,23.969,282.0,305.0,1,26.4,29.1,21.0,False,0.0,False
TSU,AlphaTauri,47.0,97.359,4.0,SOFT,10.0,False,31.083,42.286,23.99,282.0,303.0,1,26.4,29.0,21.0,False,0.0,False
TSU,AlphaTauri,48.0,97.238,4.0,SOFT,11.0,False,30.963,42.173,24.102,282.0,304.0,1,26.3,29.0,21.0,False,0.0,False
TSU,AlphaTauri,49.0,97.528,4.0,SOFT,12.0,False,31.034,42.419,24.075,282.0,304.0,1,26.4,29.0,21.0,False,0.6,False
TSU,AlphaTauri,50.0,97.624,4.0,SOFT,13.0,False,31.076,42.378,24.17,282.0,306.0,1,26.3,29.0,21.0,False,0.0,False
TSU,AlphaTauri,51.0,97.706,4.0,SOFT,14.0,False,31.074,42.499,24.133,283.0,304.0,1,26.3,28.9,21.0,False,0.0,False
TSU,AlphaTauri,52.0,97.59,4.0,SOFT,15.0,False,31.005,42.419,24.166,287.0,304.0,1,26.3,28.9,21.0,False,0.0,False
TSU,AlphaTauri,53.0,97.675,4.0,SOFT,16.0,False,30.863,42.461,24.351,287.0,317.0,1,26.3,28.8,21.0,False,0.4,False
TSU,AlphaTauri,54.0,97.72,4.0,SOFT,17.0,False,31.051,42.411,24.258,287.0,318.0,1,26.2,28.8,21.0,False,0.3,False
TSU,AlphaTauri,55.0,97.945,4.0,SOFT,18.0,False,30.804,42.709,24.432,287.0,321.0,1,26.2,28.8,21.0,False,0.5,False
TSU,AlphaTauri,56.0,98.102,4.0,SOFT,19.0,False,30.921,42.841,24.34,288.0,323.0,1,26.3,28.7,21.0,False,0.6,False
TSU,AlphaTauri,57.0,98.246,4.0,SOFT,20.0,False,30.946,42.795,24.505,285.0,320.0,1,26.3,28.7,21.0,False,0.6,False
ALB,Williams,1.0,106.453,1.0,SOFT,1.0,True,,45.491,24.742,286.0,245.0,12,27.3,31.2,22.0,False,0.5,False
ALB,Williams,2.0,100.43,1.0,SOFT,2.0,True,31.765,43.909,24.756,285.0,306.0,21,27.3,31.1,22.0,False,0.0,True
ALB,Williams,3.0,100.143,1.0,SOFT,3.0,True,31.66,43.782,24.701,290.0,308.0,1,27.3,31.2,22.0,False,0.6,True
ALB,Williams,4.0,99.761,1.0,SOFT,4.0,True,31.226,43.808,24.727,288.0,324.0,1,27.3,31.2,22.0,False,0.4,True
ALB,Williams,5.0,100.606,1.0,SOFT,5.0,True,31.48,44.21,24.916,284.0,321.0,1,27.2,31.0,22.0,False,1.0,False
ALB,Williams,6.0,100.744,1.0,SOFT,6.0,True,31.764,44.077,24.903,283.0,312.0,1,27.1,31.0,22.0,False,0.6,False
ALB,Williams,7.0,100.646,1.0,SOFT,7.0,True,31.833,44.04,24.773,283.0,310.0,1,27.1,30.9,22.0,False,0.6,False
ALB,Williams,8.0,100.918,1.0,SOFT,8.0,True,31.83,44.297,24.791,283.0,312.0,1,27.1,30.9,21.0,False,1.0,False
ALB,Williams,9.0,100.969,1.0,SOFT,9.0,True,31.837,44.298,24.834,283.0,310.0,1,27.2,30.8,21.0,False,0.6,False
ALB,Williams,10.0,101.119,1.0,SOFT,10.0,True,31.855,44.432,24.832,284.0,313.0,1,27.1,30.8,21.0,False,0.8,False
ALB,Williams,11.0,103.948,1.0,SOFT,11.0,True,31.953,44.361,27.634,,311.0,1,27.2,30.6,21.0,False,0.6,False
ALB,Williams,12.0,119.445,2.0,SOFT,1.0,True,52.452,42.947,24.046,285.0,220.0,1,27.1,30.6,21.0,False,1.2,False
ALB,Williams,13.0,98.649,2.0,SOFT,2.0,True,31.512,42.949,24.188,285.0,312.0,1,27.1,30.5,21.0,False,0.8,True
ALB,Williams,14.0,98.472,2.0,SOFT,3.0,True,31.104,43.144,24.224,285.0,314.0,1,27.1,30.5,21.0,False,0.8,True
ALB,Williams,15.0,99.158,2.0,SOFT,4.0,True,31.3,43.386,24.472,285.0,315.0,1,27.1,30.5,21.0,False,0.6,False
ALB,Williams,16.0,99.253,2.0,SOFT,5.0,True,31.205,43.747,24.301,286.0,314.0,1,27.0,30.4,21.0,False,0.8,False
ALB,Williams,17.0,99.094,2.0,SOFT,6.0,True,31.288,43.482,24.324,285.0,306.0,1,27.0,30.3,21.0,False,0.6,False
ALB,Williams,18.0,99.049,2.0,SOFT,7.0,True,31.24,43.43,24.379,285.0,315.0,1,27.0,30.3,21.0,False,0.6,False
ALB,Williams,19.0,99.272,2.0,SOFT,8.0,True,31.412,43.511,24.349,285.0,304.0,1,26.9,30.3,20.0,False,0.6,False
ALB,Williams,20.0,99.299,2.0,SOFT,9.0,True,31.372,43.498,24.429,285.0,314.0,1,26.9,30.2,21.0,False,0.6,False
ALB,Williams,21.0,99.591,2.0,SOFT,10.0,True,31.415,43.682,24.494,285.0,311.0,1,26.9,30.1,21.0,False,0.6,False
ALB,Williams,22.0,99.588,2.0,SOFT,11.0,True,31.391,43.783,24.414,285.0,313.0,1,26.8,30.0,21.0,False,0.4,False
ALB,Williams,23.0,99.802,2.0,SOFT,12.0,True,31.503,43.786,24.513,285.0,312.0,1,26.7,30.0,21.0,False,0.5,False
ALB,Williams,24.0,99.89,2.0,SOFT,13.0,True,31.616,43.801,24.473,284.0,311.0,1,26.7,29.9,21.0,False,0.8,False
ALB,Williams,25.0,99.832,2.0,SOFT,14.0,True,31.547,43.808,24.477,284.0,312.0,1,26.7,29.9,21.0,False,0.6,False
ALB,Williams,26.0,102.61,2.0,SOFT,15.0,True,31.597,43.733,27.28,,313.0,1,26.7,29.9,21.0,False,0.5,False
ALB,Williams,27.0,119.87,3.0,HARD,1.0,True,53.056,42.957,23.857,286.0,219.0,1,26.8,29.9,21.0,False,0.6,False
ALB,Williams,28.0,97.503,3.0,HARD,2.0,True,30.968,42.567,23.968,286.0,312.0,1,26.7,29.9,21.0,False,0.8,True
ALB,Williams,29.0,98.127,3.0,HARD,3.0,True,31.1,43.034,23.993,286.0,312.0,1,26.6,29.7,21.0,False,0.6,False
ALB,Williams,30.0,97.931,3.0,HARD,4.0,True,31.11,42.857,23.964,287.0,311.0,1,26.7,29.8,21.0,False,0.6,False
ALB,Williams,31.0,98.104,3.0,HARD,5.0,True,31.211,42.963,23.93,287.0,314.0,1,26.7,29.6,21.0,False,0.6,False
ALB,Williams,32.0,97.919,3.0,HARD,6.0,True,31.133,42.843,23.943,286.0,313.0,1,26.7,29.6,21.0,False,0.6,False
ALB,Williams,33.0,98.104,3.0,HARD,7.0,True,31.165,42.921,24.018,286.0,313.0,1,26.7,29.6,21.0,False,0.6,False
ALB,Williams,34.0,97.961,3.0,HARD,8.0,True,31.19,42.832,23.939,286.0,313.0,1,26.6,29.6,21.0,False,0.5,False
ALB,Williams,35.0,97.984,3.0,HARD,9.0,True,31.113,42.921,23.95,286.0,313.0,1,26.7,29.6,21.0,False,0.4,False
ALB,Williams,36.0,98.176,3.0,HARD,10.0,True,31.233,42.956,23.987,286.0,313.0,1,26.6,29.6,21.0,False,0.5,False
ALB,Williams,37.0,98.038,3.0,HARD,11.0,True,31.265,42.801,23.972,286.0,312.0,1,26.6,29.5,21.0,False,0.4,False
ALB,Williams,38.0,98.33,3.0,HARD,12.0,True,31.372,42.907,24.051,286.0,313.0,1,26.5,29.5,21.0,False,0.6,False
ALB,Williams,39.0,98.346,3.0,HARD,13.0,True,31.401,42.884,24.061,285.0,312.0,1,26.5,29.5,21.0,False,0.6,False
ALB,Williams,40.0,110.177,3.0,HARD,14.0,True,31.353,42.999,35.825,,312.0,126,26.5,29.5,21.0,False,0.4,False
ALB,Williams,41.0,128.659,4.0,SOFT,1.0,False,59.22,45.873,23.566,286.0,217.0,671,26.5,29.3,21.0,False,0.0,False
ALB,Williams,42.0,97.211,4.0,SOFT,2.0,False,31.062,42.485,23.664,287.0,309.0,1,26.4,29.3,21.0,False,0.0,True
ALB,Williams,43.0,97.144,4.0,SOFT,3.0,False,30.767,42.589,23.788,287.0,313.0,1,26.4,29.3,21.0,False,0.8,True
ALB,Williams,44.0,97.327,4.0,SOFT,4.0,False,30.953,42.567,23.807,287.0,312.0,1,26.4,29.2,21.0,False,0.3,False
ALB,Williams,45.0,97.503,4.0,SOFT,5.0,False,31.121,42.624,23.758,287.0,306.0,1,26.4,29.1,21.0,False,0.6,False
ALB,Williams,46.0,97.577,4.0,SOFT,6.0,False,31.025,42.764,23.788,287.0,311.0,1,26.4,29.1,21.0,False,0.0,False
ALB,Williams,47.0,97.545,4.0,SOFT,7.0,False,31.048,42.675,23.822,287.0,312.0,1,26.4,29.0,21.0,False,0.0,False
ALB,Williams,48.0,97.684,4.0,SOFT,8.0,False,31.112,42.713,23.859,287.0,311.0,1,26.4,29.0,21.0,False,0.3,False
ALB,Williams,49.0,97.609,4.0,SOFT,9.0,False,31.051,42.726,23.832,286.0,312.0,1,26.4,29.0,21.0,False,0.6,False
ALB,Williams,50.0,97.695,4.0,SOFT,10.0,False,31.087,42.703,23.905,287.0,311.0,1,26.3,29.0,21.0,False,0.0,False
ALB,Williams,51.0,97.727,4.0,SOFT,11.0,False,31.157,42.662,23.908,287.0,312.0,1,26.3,28.9,21.0,False,0.0,False
ALB,Williams,52.0,97.861,4.0,SOFT,12.0,False,31.11,42.907,23.844,287.0,312.0,1,26.3,28.9,21.0,False,0.0,False
ALB,Williams,53.0,97.778,4.0,SOFT,13.0,False,31.109,42.799,23.87,287.0,311.0,1,26.3,28.8,21.0,False,0.4,False
ALB,Williams,54.0,97.78,4.0,SOFT,14.0,False,31.074,42.796,23.91,286.0,312.0,1,26.2,28.8,21.0,False,0.3,False
ALB,Williams,55.0,97.803,4.0,SOFT,15.0,False,31.113,42.777,23.913,286.0,312.0,1,26.2,28.8,21.0,False,0.5,False
ALB,Williams,56.0,98.159,4.0,SOFT,16.0,False,31.157,42.905,24.097,288.0,312.0,1,26.3,28.7,21.0,False,0.6,False
ALB,Williams,57.0,98.137,4.0,SOFT,17.0,False,31.128,42.928,24.081,288.0,312.0,1,26.3,28.7,21.0,False,0.6,False
ZHO,Alfa Romeo,1.0,108.467,1.0,SOFT,1.0,True,,45.972,24.736,282.0,246.0,12,27.3,31.2,22.0,False,0.5,False
ZHO,Alfa Romeo,2.0,101.091,1.0,SOFT,2.0,True,32.232,44.025,24.834,280.0,307.0,21,27.3,31.1,22.0,False,0.0,True
ZHO,Alfa Romeo,3.0,100.596,1.0,SOFT,3.0,True,31.73,44.033,24.833,286.0,304.0,1,27.3,31.2,22.0,False,0.6,True
ZHO,Alfa Romeo,4.0,100.853,1.0,SOFT,4.0,True,31.457,44.6,24.796,284.0,323.0,1,27.2,31.1,22.0,False,0.8,False
ZHO,Alfa Romeo,5.0,100.814,1.0,SOFT,5.0,True,31.58,44.334,24.9,284.0,325.0,1,27.2,31.0,22.0,False,1.0,False
ZHO,Alfa Romeo,6.0,101.156,1.0,SOFT,6.0,True,31.782,44.431,24.943,284.0,308.0,1,27.1,31.0,22.0,False,0.6,False
ZHO,Alfa Romeo,7.0,101.197,1.0,SOFT,7.0,True,31.609,44.554,25.034,284.0,323.0,1,27.1,30.9,21.0,False,0.6,False
ZHO,Alfa Romeo,8.0,101.184,1.0,SOFT,8.0,True,31.722,44.39,25.072,284.0,314.0,1,27.1,30.9,21.0,False,1.0,False
ZHO,Alfa Romeo,9.0,101.526,1.0,SOFT,9.0,True,31.73,44.682,25.114,285.0,307.0,1,27.2,30.8,21.0,False,0.6,False
ZHO,Alfa Romeo,10.0,101.743,1.0,SOFT,10.0,True,31.833,44.623,25.287,284.0,310.0,1,27.1,30.8,21.0,False,0.8,False
ZHO,Alfa Romeo,11.0,102.108,1.0,SOFT,11.0,True,32.197,44.947,24.964,278.0,312.0,1,27.2,30.6,21.0,False,0.6,False
ZHO,Alfa Romeo,12.0,103.87,1.0,SOFT,12.0,True,32.015,44.178,27.677,,303.0,1,27.1,30.6,21.0,False,1.2,False
ZHO,Alfa Romeo,13.0,122.101,2.0,HARD,1.0,True,54.117,43.596,24.388,293.0,215.0,1,27.1,30.5,21.0,False,0.8,False
ZHO,Alfa Romeo,14.0,99.33,2.0,HARD,2.0,True,31.335,43.564,24.431,285.0,324.0,1,27.1,30.5,21.0,False,0.8,True
ZHO,Alfa Romeo,15.0,99.229,2.0,HARD,3.0,True,31.385,43.353,24.491,285.0,311.0,1,27.1,30.5,21.0,False,0.6,True
ZHO,Alfa Romeo,16.0,98.998,2.0,HARD,4.0,True,31.133,43.302,24.563,284.0,322.0,1,27.0,30.4,21.0,False,0.8,True
ZHO,Alfa Romeo,17.0,99.143,2.0,HARD,5.0,True,31.399,43.248,24.496,286.0,309.0,1,27.0,30.3,21.0,False,0.6,False
ZHO,Alfa Romeo,18.0,98.873,2.0,HARD,6.0,True,31.104,43.376,24.393,278.0,327.0,1,27.0,30.3,21.0,False,0.6,True
ZHO,Alfa Romeo,19.0,98.794,2.0,HARD,7.0,True,31.493,43.007,24.294,278.0,289.0,1,26.9,30.3,20.0,False,0.6,True
ZHO,Alfa Romeo,20.0,98.896,2.0,HARD,8.0,True,31.546,43.055,24.295,279.0,298.0,1,26.9,30.2,21.0,False,0.4,False
ZHO,Alfa Romeo,21.0,98.888,2.0,HARD,9.0,True,31.46,43.064,24.364,280.0,298.0,1,26.9,30.1,21.0,False,0.6,False
ZHO,Alfa Romeo,22.0,99.115,2.0,HARD,10.0,True,31.548,43.054,24.513,285.0,300.0,1,26.8,30.0,21.0,False,0.4,False
ZHO,Alfa Romeo,23.0,99.462,2.0,HARD,11.0,True,31.41,43.384,24.668,285.0,313.0,1,26.7,29.9,21.0,False,0.4,False
ZHO,Alfa Romeo,24.0,99.503,2.0,HARD,12.0,True,31.448,43.537,24.518,287.0,322.0,1,26.7,29.9,21.0,False,0.8,False
ZHO,Alfa Romeo,25.0,99.066,2.0,HARD,13.0,True,31.337,43.38,24.349,279.0,326.0,1,26.7,29.9,21.0,False,0.6,False
ZHO,Alfa Romeo,26.0,99.427,2.0,HARD,14.0,True,31.674,43.349,24.404,278.0,301.0,1,26.7,29.9,21.0,False,0.6,False
ZHO,Alfa Romeo,27.0,99.235,2.0,HARD,15.0,True,31.58,43.319,24.336,279.0,302.0,1,26.8,29.9,21.0,False,0.6,False
ZHO,Alfa Romeo,28.0,99.412,2.0,HARD,16.0,True,31.717,43.311,24.384,279.0,293.0,1,26.7,29.9,21.0,False,0.8,False
ZHO,Alfa Romeo,29.0,99.361,2.0,HARD,17.0,True,31.669,43.346,24.346,279.0,295.0,1,26.6,29.7,21.0,False,0.6,False
ZHO,Alfa Romeo,30.0,99.382,2.0,HARD,18.0,True,31.741,43.19,24.451,278.0,298.0,1,26.7,29.8,21.0,False,0.6,False
ZHO,Alfa Romeo,31.0,99.67,2.0,HARD,19.0,True,31.824,43.5,24.346,278.0,295.0,1,26.7,29.6,21.0,False,0.6,False
ZHO,Alfa Romeo,32.0,102.096,2.0,HARD,20.0,True,31.82,43.189,27.087,,294.0,1,26.7,29.6,21.0,False,0.6,False
ZHO,Alfa Romeo,33.0,119.659,3.0,SOFT,4.0,False,53.038,42.807,23.814,280.0,216.0,1,26.7,29.6,21.0,False,0.6,False
ZHO,Alfa Romeo,34.0,97.037,3.0,SOFT,5.0,False,30.938,42.291,23.808,280.0,298.0,1,26.6,29.6,21.0,False,0.5,True
ZHO,Alfa Romeo,35.0,97.55,3.0,SOFT,6.0,False,31.122,42.475,23.953,280.0,299.0,1,26.7,29.6,21.0,False,0.4,False
ZHO,Alfa Romeo,36.0,97.957,3.0,SOFT,7.0,False,31.13,42.836,23.991,280.0,298.0,1,26.6,29.6,21.0,False,0.5,False
ZHO,Alfa Romeo,37.0,98.003,3.0,SOFT,8.0,False,31.256,42.848,23.899,279.0,297.0,1,26.6,29.5,21.0,False,0.4,False
ZHO,Alfa Romeo,38.0,98.422,3.0,SOFT,9.0,False,31.438,42.996,23.988,280.0,297.0,1,26.5,29.5,21.0,False,0.0,False
ZHO,Alfa Romeo,39.0,98.368,3.0,SOFT,10.0,False,31.471,42.79,24.107,279.0,296.0,1,26.5,29.5,21.0,False,0.6,False
ZHO,Alfa Romeo,40.0,113.456,3.0,SOFT,11.0,False,31.573,52.102,29.781,213.0,295.0,126,26.5,29.5,21.0,False,0.4,False
ZHO,Alfa Romeo,41.0,112.5,3.0,SOFT,12.0,False,44.129,44.401,23.97,284.0,188.0,671,26.5,29.3,21.0,False,0.0,False
ZHO,Alfa Romeo,42.0,99.904,3.0,SOFT,13.0,False,31.967,43.74,24.197,289.0,311.0,1,26.4,29.3,21.0,False,0.0,False
ZHO,Alfa Romeo,43.0,98.311,3.0,SOFT,14.0,False,31.159,43.152,24.0,279.0,318.0,1,26.4,29.3,21.0,False,0.8,False
ZHO,Alfa Romeo,44.0,97.974,3.0,SOFT,15.0,False,31.364,42.648,23.962,279.0,300.0,1,26.4,29.2,21.0,False,0.3,False
ZHO,Alfa Romeo,45.0,97.95,3.0,SOFT,16.0,False,31.334,42.678,23.938,279.0,301.0,1,26.4,29.1,21.0,False,0.6,False
ZHO,Alfa Romeo,46.0,98.336,3.0,SOFT,17.0,False,31.439,42.97,23.927,279.0,298.0,1,26.4,29.1,21.0,False,0.0,False
ZHO,Alfa Romeo,47.0,99.553,3.0,SOFT,18.0,False,32.022,43.31,24.221,280.0,298.0,1,26.4,29.0,21.0,False,0.0,False
ZHO,Alfa Romeo,48.0,98.596,3.0,SOFT,19.0,False,31.451,42.912,24.233,280.0,301.0,1,26.3,29.0,21.0,False,0.0,False
ZHO,Alfa Romeo,49.0,98.628,3.0,SOFT,20.0,False,31.475,42.942,24.211,279.0,301.0,1,26.4,29.0,21.0,False,0.6,False
ZHO,Alfa Romeo,50.0,99.893,3.0,SOFT,21.0,False,31.561,42.916,25.416,286.0,301.0,1,26.3,29.0,21.0,False,0.0,False
ZHO,Alfa Romeo,51.0,98.719,3.0,SOFT,22.0,False,31.663,42.921,24.135,281.0,288.0,1,26.3,28.9,21.0,False,0.3,False
ZHO,Alfa Romeo,52.0,98.713,3.0,SOFT,23.0,False,31.522,42.936,24.255,280.0,302.0,1,26.3,28.9,21.0,False,0.0,False
ZHO,Alfa Romeo,53.0,98.634,3.0,SOFT,24.0,False,31.452,43.01,24.172,279.0,297.0,1,26.3,28.8,21.0,False,0.4,False
ZHO,Alfa Romeo,54.0,101.967,3.0,SOFT,25.0,False,31.543,43.359,27.065,,295.0,1,26.3,28.8,21.0,False,0.0,False
ZHO,Alfa Romeo,55.0,127.673,4.0,SOFT,4.0,False,58.478,44.129,25.066,281.0,209.0,1,26.2,28.8,21.0,False,0.5,False
ZHO,Alfa Romeo,56.0,93.996,4.0,SOFT,5.0,False,30.183,40.533,23.28,282.0,292.0,1,26.3,28.7,21.0,False,0.6,True
HUL,Haas F1 Team,1.0,107.339,1.0,SOFT,4.0,False,,45.924,24.741,282.0,249.0,12,27.3,31.2,22.0,False,0.5,False
HUL,Haas F1 Team,2.0,100.72,1.0,SOFT,5.0,False,31.78,44.191,24.749,281.0,299.0,21,27.3,31.1,22.0,False,0.0,True
HUL,Haas F1 Team,3.0,100.484,1.0,SOFT,6.0,False,31.671,43.801,25.012,286.0,300.0,1,27.3,31.2,22.0,False,0.6,True
HUL,Haas F1 Team,4.0,101.004,1.0,SOFT,7.0,False,32.225,43.817,24.962,285.0,328.0,1,27.3,31.2,22.0,False,0.4,False
HUL,Haas F1 Team,5.0,101.002,1.0,SOFT,8.0,False,31.56,44.453,24.989,286.0,318.0,1,27.2,31.0,22.0,False,1.0,False
HUL,Haas F1 Team,6.0,101.002,1.0,SOFT,9.0,False,31.566,44.338,25.098,286.0,323.0,1,27.1,31.0,22.0,False,0.6,False
HUL,Haas F1 Team,7.0,101.148,1.0,SOFT,10.0,False,31.575,44.33,25.243,285.0,315.0,1,27.1,30.9,21.0,False,0.6,False
HUL,Haas F1 Team,8.0,101.249,1.0,SOFT,11.0,False,31.819,44.221,25.209,281.0,322.0,1,27.1,30.9,21.0,False,1.0,False
HUL,Haas F1 Team,9.0,101.615,1.0,SOFT,12.0,False,32.117,44.419,25.079,281.0,305.0,1,27.2,30.8,21.0,False,0.6,False
HUL,Haas F1 Team,10.0,102.252,1.0,SOFT,13.0,False,32.095,44.673,25.484,278.0,305.0,1,27.1,30.8,21.0,False,0.8,False
HUL,Haas F1 Team,11.0,106.79,1.0,SOFT,14.0,False,32.73,45.759,28.301,,293.0,1,27.2,30.6,21.0,False,0.6,False
HUL,Haas F1 Team,12.0,122.579,2.0,HARD,1.0,True,54.5,43.599,24.48,288.0,212.0,1,27.1,30.6,21.0,False,1.2,False
HUL,Haas F1 Team,13.0,99.406,2.0,HARD,2.0,True,31.504,43.055,24.847,285.0,295.0,1,27.1,30.5,21.0,False,0.8,True
HUL,Haas F1 Team,14.0,98.847,2.0,HARD,3.0,True,31.291,43.147,24.409,283.0,325.0,1,27.1,30.5,21.0,False,0.8,True
HUL,Haas F1 Team,15.0,98.972,2.0,HARD,4.0,True,31.408,43.081,24.483,283.0,304.0,1,27.1,30.5,21.0,False,0.6,False
HUL,Haas F1 Team,16.0,99.136,2.0,HARD,5.0,True,31.437,43.257,24.442,282.0,303.0,1,27.0,30.4,21.0,False,0.8,False
HUL,Haas F1 Team,17.0,99.396,2.0,HARD,6.0,True,31.458,43.372,24.566,281.0,304.0,1,27.0,30.3,21.0,False,0.6,False
HUL,Haas F1 Team,18.0,100.323,2.0,HARD,7.0,True,32.119,43.519,24.685,284.0,308.0,1,27.0,30.3,21.0,False,0.6,False
HUL,Haas F1 Team,19.0,99.633,2.0,HARD,8.0,True,31.771,43.31,24.552,282.0,322.0,1,26.9,30.3,20.0,False,0.6,False
HUL,Haas F1 Team,20.0,99.495,2.0,HARD,9.0,True,31.592,43.273,24.63,280.0,305.0,1,26.9,30.2,21.0,False,0.4,False
HUL,Haas F1 Team,21.0,99.703,2.0,HARD,10.0,True,31.669,43.393,24.641,281.0,303.0,1,26.9,30.1,21.0,False,0.6,False
HUL,Haas F1 Team,22.0,99.934,2.0,HARD,11.0,True,31.837,43.443,24.654,281.0,301.0,1,26.8,30.0,21.0,False,0.4,False
HUL,Haas F1 Team,23.0,99.866,2.0,HARD,12.0,True,31.733,43.474,24.659,280.0,302.0,1,26.7,29.9,21.0,False,0.4,False
HUL,Haas F1 Team,24.0,99.855,2.0,HARD,13.0,True,31.809,43.418,24.628,281.0,302.0,1,26.7,29.9,21.0,False,0.8,False
HUL,Haas F1 Team,25.0,100.295,2.0,HARD,14.0,True,31.869,43.869,24.557,281.0,303.0,1,26.7,29.9,21.0,False,0.6,False
HUL,Haas F1 Team,26.0,102.931,2.0,HARD,15.0,True,31.744,43.635,27.552,,303.0,1,26.7,29.9,21.0,False,0.6,False
HUL,Haas F1 Team,27.0,132.037,3.0,HARD,1.0,True,65.552,42.412,24.073,281.0,208.0,1,26.8,29.9,21.0,False,0.6,False
HUL,Haas F1 Team,28.0,96.981,3.0,HARD,2.0,True,30.875,42.048,24.058,280.0,299.0,1,26.7,29.9,21.0,False,0.6,True
HUL,Haas F1 Team,29.0,97.398,3.0,HARD,3.0,True,30.954,42.329,24.115,281.0,298.0,1,26.6,29.7,21.0,False,0.6,False
HUL,Haas F1 Team,30.0,97.617,3.0,HARD,4.0,True,31.178,42.467,23.972,281.0,298.0,1,26.7,29.7,21.0,False,0.6,False
HUL,Haas F1 Team,31.0,97.891,3.0,HARD,5.0,True,31.175,42.637,24.079,281.0,299.0,1,26.7,29.6,21.0,False,0.6,False
HUL,Haas F1 Team,32.0,97.806,3.0,HARD,6.0,True,31.11,42.524,24.172,281.0,299.0,1,26.7,29.6,21.0,False,0.6,False
HUL,Haas F1 Team,33.0,97.761,3.0,HARD,7.0,True,31.187,42.427,24.147,280.0,300.0,1,26.7,29.6,21.0,False,0.5,False
HUL,Haas F1 Team,34.0,97.895,3.0,HARD,8.0,True,31.192,42.592,24.111,281.0,304.0,1,26.6,29.6,21.0,False,0.5,False
HUL,Haas F1 Team,35.0,98.093,3.0,HARD,9.0,True,31.363,42.614,24.116,281.0,299.0,1,26.7,29.6,21.0,False,0.4,False
HUL,Haas F1 Team,36.0,98.245,3.0,HARD,10.0,True,31.451,42.707,24.087,280.0,298.0,1,26.6,29.6,21.0,False,0.4,False
HUL,Haas F1 Team,37.0,98.108,3.0,HARD,11.0,True,31.452,42.558,24.098,280.0,296.0,1,26.6,29.5,21.0,False,0.4,False
HUL,Haas F1 Team,38.0,98.191,3.0,HARD,12.0,True,31.377,42.608,24.206,280.0,296.0,1,26.5,29.5,21.0,False,0.0,False
HUL,Haas F1 Team,39.0,98.184,3.0,HARD,13.0,True,31.355,42.622,24.207,280.0,294.0,1,26.5,29.5,21.0,False,0.4,False
HUL,Haas F1 Team,40.0,118.689,3.0,HARD,14.0,True,31.463,52.06,35.166,,298.0,126,26.5,29.5,21.0,False,0.4,False
HUL,Haas F1 Team,41.0,125.275,4.0,SOFT,4.0,False,56.839,44.428,24.008,282.0,211.0,671,26.5,29.3,21.0,False,0.0,False
HUL,Haas F1 Team,42.0,96.616,4.0,SOFT,5.0,False,30.788,42.011,23.817,283.0,302.0,1,26.4,29.3,21.0,False,0.0,True
HUL,Haas F1 Team,43.0,96.793,4.0,SOFT,6.0,False,30.915,41.855,24.023,283.0,299.0,1,26.4,29.2,21.0,False,0.0,False
HUL,Haas F1 Team,44.0,97.076,4.0,SOFT,7.0,False,30.941,42.199,23.936,283.0,297.0,1,26.4,29.2,21.0,False,0.3,False
HUL,Haas F1 Team,45.0,97.314,4.0,SOFT,8.0,False,31.074,42.194,24.046,283.0,297.0,1,26.4,29.1,21.0,False,0.6,False
HUL,Haas F1 Team,46.0,99.972,4.0,SOFT,9.0,False,30.962,44.939,24.071,281.0,300.0,1,26.4,29.0,21.0,False,0.3,False
HUL,Haas F1 Team,47.0,96.806,4.0,SOFT,10.0,False,30.895,42.035,23.876,281.0,300.0,1,26.4,29.0,21.0,False,0.0,False
HUL,Haas F1 Team,48.0,97.086,4.0,SOFT,11.0,False,31.014,42.126,23.946,281.0,298.0,1,26.3,29.0,21.0,False,0.0,False
HUL,Haas F1 Team,49.0,97.077,4.0,SOFT,12.0,False,31.069,42.073,23.935,281.0,298.0,1,26.3,29.0,21.0,False,0.0,False
HUL,Haas F1 Team,50.0,97.242,4.0,SOFT,13.0,False,31.081,42.064,24.097,281.0,298.0,1,26.3,29.0,21.0,False,0.0,False
HUL,Haas F1 Team,51.0,97.306,4.0,SOFT,14.0,False,31.116,42.192,23.998,281.0,299.0,1,26.3,28.9,21.0,False,0.3,False
HUL,Haas F1 Team,52.0,97.917,4.0,SOFT,15.0,False,31.146,42.515,24.256,281.0,301.0,1,26.3,28.9,21.0,False,0.0,False
HUL,Haas F1 Team,53.0,98.067,4.0,SOFT,16.0,False,31.267,42.619,24.181,282.0,302.0,1,26.3,28.8,21.0,False,0.4,False
HUL,Haas F1 Team,54.0,98.458,4.0,SOFT,17.0,False,31.303,42.713,24.442,282.0,301.0,1,26.3,28.8,21.0,False,0.0,False
HUL,Haas F1 Team,55.0,98.564,4.0,SOFT,18.0,False,31.42,42.876,24.268,283.0,303.0,1,26.2,28.8,21.0,False,0.5,False
HUL,Haas F1 Team,56.0,99.206,4.0,SOFT,19.0,False,31.66,42.973,24.573,282.0,303.0,1,26.3,28.7,21.0,False,0.6,False
OCO,Alpine,1.0,105.967,1.0,SOFT,4.0,False,,45.213,24.698,280.0,254.0,12,27.3,31.2,22.0,False,0.5,False
OCO,Alpine,2.0,100.408,1.0,SOFT,5.0,False,31.783,43.896,24.729,280.0,293.0,21,27.3,31.1,22.0,False,0.0,True
OCO,Alpine,3.0,99.948,1.0,SOFT,6.0,False,31.547,43.662,24.739,284.0,291.0,1,27.3,31.2,22.0,False,0.6,True
OCO,Alpine,4.0,99.543,1.0,SOFT,7.0,False,31.349,43.518,24.676,279.0,327.0,1,27.3,31.2,22.0,False,0.4,True
OCO,Alpine,5.0,100.281,1.0,SOFT,8.0,False,31.709,43.727,24.845,279.0,297.0,1,27.2,31.0,22.0,False,1.0,False
OCO,Alpine,6.0,100.331,1.0,SOFT,9.0,False,31.767,43.724,24.84,279.0,297.0,1,27.1,31.0,22.0,False,0.6,False
OCO,Alpine,7.0,100.488,1.0,SOFT,10.0,False,31.819,43.773,24.896,279.0,297.0,1,27.1,30.9,22.0,False,0.6,False
OCO,Alpine,8.0,100.562,1.0,SOFT,11.0,False,31.873,43.836,24.853,279.0,292.0,1,27.1,30.9,21.0,False,1.0,False
OCO,Alpine,9.0,100.866,1.0,SOFT,12.0,False,31.957,44.034,24.875,279.0,288.0,1,27.2,30.8,21.0,False,0.6,False
OCO,Alpine,10.0,100.858,1.0,SOFT,13.0,False,31.918,43.957,24.983,279.0,284.0,1,27.1,30.8,21.0,False,0.8,False
OCO,Alpine,11.0,101.035,1.0,SOFT,14.0,False,32.006,44.056,24.973,278.0,284.0,1,27.2,30.6,21.0,False,0.6,False
OCO,Alpine,12.0,103.787,1.0,SOFT,15.0,False,32.034,44.101,27.652,,289.0,1,27.1,30.6,21.0,False,1.2,False
OCO,Alpine,13.0,120.381,2.0,HARD,1.0,True,53.451,42.674,24.256,287.0,217.0,1,27.1,30.5,21.0,False,0.8,False
OCO,Alpine,14.0,98.649,2.0,HARD,2.0,True,31.163,43.16,24.326,286.0,329.0,1,27.1,30.5,21.0,False,0.8,True
OCO,Alpine,15.0,101.863,2.0,HARD,3.0,True,31.363,43.264,27.236,,318.0,1,27.1,30.5,21.0,False,0.6,False
OCO,Alpine,16.0,135.708,3.0,HARD,4.0,False,68.689,42.863,24.156,278.0,220.0,1,27.0,30.4,21.0,False,0.8,False
OCO,Alpine,17.0,98.78,3.0,HARD,5.0,False,31.538,43.002,24.24,278.0,292.0,1,27.0,30.3,21.0,False,0.6,False
OCO,Alpine,18.0,98.886,3.0,HARD,6.0,False,31.577,43.055,24.254,278.0,290.0,1,26.9,30.3,21.0,False,0.4,False
OCO,Alpine,19.0,98.817,3.0,HARD,7.0,False,31.651,42.936,24.23,278.0,289.0,1,26.9,30.3,20.0,False,0.6,False
OCO,Alpine,20.0,98.809,3.0,HARD,8.0,False,31.605,43.024,24.18,278.0,289.0,1,26.9,30.2,21.0,False,0.4,False
OCO,Alpine,21.0,98.976,3.0,HARD,9.0,False,31.634,43.064,24.278,278.0,288.0,1,26.8,30.1,21.0,False,0.5,False
OCO,Alpine,22.0,99.028,3.0,HARD,10.0,False,31.568,43.193,24.267,279.0,295.0,1,26.8,30.0,21.0,False,0.4,False
OCO,Alpine,23.0,100.052,3.0,HARD,11.0,False,32.119,43.443,24.49,280.0,304.0,1,26.7,29.9,21.0,False,0.4,False
OCO,Alpine,24.0,99.382,3.0,HARD,12.0,False,31.661,43.286,24.435,280.0,298.0,1,26.7,29.9,21.0,False,0.6,False
OCO,Alpine,25.0,99.435,3.0,HARD,13.0,False,31.667,43.405,24.363,281.0,297.0,1,26.7,29.9,21.0,False,0.6,False
OCO,Alpine,26.0,99.521,3.0,HARD,14.0,False,31.669,43.437,24.415,280.0,295.0,1,26.7,29.9,21.0,False,0.6,False
OCO,Alpine,27.0,99.594,3.0,HARD,15.0,False,31.711,43.443,24.44,279.0,298.0,1,26.8,29.9,21.0,False,0.5,False
OCO,Alpine,28.0,100.026,3.0,HARD,16.0,False,31.826,43.747,24.453,281.0,297.0,1,26.7,29.9,21.0,False,0.8,False
OCO,Alpine,29.0,101.181,3.0,HARD,17.0,False,31.685,44.908,24.588,281.0,293.0,1,26.6,29.7,21.0,False,0.6,False
OCO,Alpine,30.0,99.757,3.0,HARD,18.0,False,31.696,43.535,24.526,280.0,296.0,1,26.7,29.7,21.0,False,0.6,False
OCO,Alpine,31.0,99.748,3.0,HARD,19.0,False,31.748,43.573,24.427,280.0,296.0,1,26.7,29.6,21.0,False,0.6,False
OCO,Alpine,32.0,104.296,3.0,HARD,20.0,False,31.727,43.947,28.622,,292.0,1,26.7,29.6,21.0,False,0.6,False
OCO,Alpine,33.0,138.694,4.0,HARD,1.0,True,72.748,42.304,23.642,281.0,215.0,1,26.7,29.6,21.0,False,0.5,False
OCO,Alpine,34.0,96.797,4.0,HARD,2.0,True,30.92,42.107,23.77,281.0,296.0,1,26.6,29.6,21.0,False,0.4,True
OCO,Alpine,35.0,96.964,4.0,HARD,3.0,True,31.041,42.199,23.724,281.0,297.0,1,26.6,29.6,21.0,False,0.5,False
OCO,Alpine,36.0,97.364,4.0,HARD,4.0,True,31.036,42.488,23.84,281.0,299.0,1,26.6,29.6,21.0,False,0.4,False
OCO,Alpine,37.0,97.338,4.0,HARD,5.0,True,31.098,42.381,23.859,281.0,291.0,1,26.5,29.5,21.0,False,0.6,False
OCO,Alpine,38.0,97.216,4.0,HARD,6.0,True,31.045,42.382,23.789,281.0,297.0,1,26.5,29.5,21.0,False,0.6,False
OCO,Alpine,39.0,97.523,4.0,HARD,7.0,True,31.243,42.389,23.891,280.0,294.0,12,26.5,29.5,21.0,False,0.4,False
OCO,Alpine,40.0,128.023,4.0,HARD,8.0,True,40.89,57.691,29.442,273.0,290.0,2671,26.5,29.4,21.0,False,0.0,False
OCO,Alpine,41.0,102.684,4.0,HARD,9.0,True,31.234,42.177,29.273,,293.0,1,26.5,29.4,21.0,False,0.0,False
NOR,McLaren,1.0,105.364,1.0,SOFT,1.0,True,,44.789,24.561,279.0,263.0,12,27.3,31.2,22.0,False,0.5,False
NOR,McLaren,2.0,100.433,1.0,SOFT,2.0,True,31.867,43.83,24.736,278.0,291.0,21,27.3,31.1,22.0,False,0.0,True
NOR,McLaren,3.0,99.777,1.0,SOFT,3.0,True,31.627,43.448,24.702,278.0,300.0,1,27.3,31.2,22.0,False,0.6,True
NOR,McLaren,4.0,102.267,1.0,SOFT,4.0,True,32.947,44.387,24.933,283.0,286.0,1,27.3,31.2,22.0,False,0.4,False
NOR,McLaren,5.0,100.664,1.0,SOFT,5.0,True,32.022,43.875,24.767,278.0,315.0,1,27.2,31.0,22.0,False,1.0,False
NOR,McLaren,6.0,100.814,1.0,SOFT,6.0,True,31.98,44.01,24.824,279.0,297.0,1,27.1,31.0,22.0,False,0.6,False
NOR,McLaren,7.0,100.726,1.0,SOFT,7.0,True,31.923,43.89,24.913,279.0,301.0,1,27.1,30.9,21.0,False,0.6,False
NOR,McLaren,8.0,100.857,1.0,SOFT,8.0,True,32.024,43.869,24.964,279.0,298.0,1,27.1,30.9,21.0,False,1.0,False
NOR,McLaren,9.0,100.783,1.0,SOFT,9.0,True,31.843,43.98,24.96,283.0,297.0,1,27.2,30.8,21.0,False,0.6,False
NOR,McLaren,10.0,103.521,1.0,SOFT,10.0,True,31.762,44.097,27.662,,309.0,1,27.1,30.8,21.0,False,0.8,False
NOR,McLaren,11.0,129.886,2.0,HARD,1.0,True,61.49,43.939,24.457,278.0,213.0,1,27.2,30.6,21.0,False,0.6,False
NOR,McLaren,12.0,99.314,2.0,HARD,2.0,True,31.825,43.134,24.355,279.0,291.0,1,27.1,30.6,21.0,False,1.2,True
NOR,McLaren,13.0,99.51,2.0,HARD,3.0,True,31.74,43.246,24.524,278.0,294.0,1,27.1,30.5,21.0,False,0.8,False
NOR,McLaren,14.0,99.243,2.0,HARD,4.0,True,31.728,43.15,24.365,278.0,289.0,1,27.1,30.5,21.0,False,0.8,True
NOR,McLaren,15.0,98.87,2.0,HARD,5.0,True,31.562,42.936,24.372,278.0,297.0,1,27.1,30.5,21.0,False,0.6,True
NOR,McLaren,16.0,98.86,2.0,HARD,6.0,True,31.537,42.928,24.395,278.0,297.0,1,27.0,30.4,21.0,False,0.8,True
NOR,McLaren,17.0,101.501,2.0,HARD,7.0,True,31.573,42.806,27.122,,298.0,1,27.0,30.3,21.0,False,0.6,False
NOR,McLaren,18.0,128.607,3.0,SOFT,4.0,False,60.993,43.457,24.157,278.0,220.0,1,27.0,30.3,21.0,False,0.6,False
NOR,McLaren,19.0,97.966,3.0,SOFT,5.0,False,31.206,42.704,24.056,279.0,294.0,1,26.9,30.2,21.0,False,0.6,True
NOR,McLaren,20.0,98.345,3.0,SOFT,6.0,False,31.318,42.762,24.265,280.0,295.0,1,26.9,30.2,21.0,False,0.4,False
NOR,McLaren,21.0,98.297,3.0,SOFT,7.0,False,31.319,42.673,24.305,287.0,296.0,1,26.8,30.1,21.0,False,0.5,False
NOR,McLaren,22.0,98.908,3.0,SOFT,8.0,False,31.306,43.305,24.297,287.0,321.0,1,26.8,30.0,21.0,False,0.4,False
NOR,McLaren,23.0,98.291,3.0,SOFT,9.0,False,31.283,42.726,24.282,278.0,325.0,1,26.7,29.9,21.0,False,0.4,False
NOR,McLaren,24.0,98.696,3.0,SOFT,10.0,False,31.468,42.973,24.255,278.0,295.0,1,26.7,29.9,21.0,False,0.6,False
NOR,McLaren,25.0,98.447,3.0,SOFT,11.0,False,31.438,42.732,24.277,278.0,296.0,1,26.7,29.9,21.0,False,0.6,False
NOR,McLaren,26.0,98.44,3.0,SOFT,12.0,False,31.441,42.713,24.286,279.0,300.0,1,26.7,29.9,21.0,False,0.6,False
NOR,McLaren,27.0,100.973,3.0,SOFT,13.0,False,31.514,42.723,26.736,,298.0,1,26.8,29.9,21.0,False,0.5,False
NOR,McLaren,28.0,127.663,4.0,MEDIUM,1.0,True,61.171,42.498,23.994,279.0,216.0,1,26.7,29.9,21.0,False,0.8,False
NOR,McLaren,29.0,97.26,4.0,MEDIUM,2.0,True,31.144,42.226,23.89,280.0,300.0,1,26.6,29.7,21.0,False,0.6,True
NOR,McLaren,30.0,97.605,4.0,MEDIUM,3.0,True,31.235,42.354,24.016,281.0,297.0,1,26.7,29.7,21.0,False,0.6,False
NOR,McLaren,31.0,97.768,4.0,MEDIUM,4.0,True,31.174,42.459,24.135,280.0,297.0,1,26.7,29.6,21.0,False,0.6,False
NOR,McLaren,32.0,98.111,4.0,MEDIUM,5.0,True,31.113,42.775,24.223,286.0,303.0,1,26.7,29.6,21.0,False,0.6,False
NOR,McLaren,33.0,97.52,4.0,MEDIUM,6.0,True,30.999,42.476,24.045,279.0,312.0,1,26.7,29.6,21.0,False,0.5,False
NOR,McLaren,34.0,97.987,4.0,MEDIUM,7.0,True,31.333,42.606,24.048,279.0,294.0,1,26.6,29.6,21.0,False,0.4,False
NOR,McLaren,35.0,97.87,4.0,MEDIUM,8.0,True,31.336,42.535,23.999,280.0,300.0,1,26.7,29.6,21.0,False,0.4,False
NOR,McLaren,36.0,99.886,4.0,MEDIUM,9.0,True,32.216,43.423,24.247,281.0,300.0,1,26.6,29.6,21.0,False,0.4,False
NOR,McLaren,37.0,100.197,4.0,MEDIUM,10.0,True,31.376,42.461,26.36,,301.0,1,26.5,29.5,21.0,False,0.6,False
NOR,McLaren,38.0,128.682,5.0,HARD,1.0,True,62.477,42.444,23.761,282.0,182.0,1,26.5,29.5,21.0,False,0.0,False
NOR,McLaren,39.0,98.347,5.0,HARD,2.0,True,30.941,43.025,24.381,280.0,299.0,12,26.5,29.5,21.0,False,0.4,False
NOR,McLaren,40.0,127.97,5.0,HARD,3.0,True,42.446,57.862,27.662,279.0,217.0,2671,26.5,29.4,21.0,False,0.0,False
NOR,McLaren,41.0,96.705,5.0,HARD,4.0,True,31.101,41.67,23.934,280.0,301.0,1,26.5,29.4,21.0,False,0.0,True
NOR,McLaren,42.0,96.668,5.0,HARD,5.0,True,30.948,41.864,23.856,281.0,302.0,1,26.4,29.3,21.0,False,0.8,True
NOR,McLaren,43.0,96.687,5.0,HARD,6.0,True,30.898,41.964,23.825,281.0,304.0,1,26.4,29.2,21.0,False,0.0,False
NOR,McLaren,44.0,97.219,5.0,HARD,7.0,True,30.936,42.401,23.882,281.0,305.0,1,26.4,29.1,21.0,False,0.5,False
NOR,McLaren,45.0,97.426,5.0,HARD,8.0,True,31.112,42.179,24.135,281.0,307.0,1,26.4,29.1,21.0,False,0.0,False
NOR,McLaren,46.0,97.656,5.0,HARD,9.0,True,31.106,42.351,24.199,289.0,306.0,1,26.4,29.0,21.0,False,0.3,False
NOR,McLaren,47.0,100.433,5.0,HARD,10.0,True,30.951,42.71,26.772,,323.0,1,26.4,29.0,21.0,False,0.3,False
NOR,McLaren,48.0,126.905,6.0,SOFT,5.0,False,59.26,43.221,24.424,281.0,195.0,1,26.3,29.0,21.0,False,0.0,False
NOR,McLaren,49.0,99.08,6.0,SOFT,6.0,False,31.867,42.987,24.226,281.0,287.0,1,26.3,29.0,21.0,False,0.0,False
NOR,McLaren,50.0,95.257,6.0,SOFT,7.0,False,30.533,41.13,23.594,281.0,301.0,1,26.3,28.9,21.0,False,0.0,False
NOR,McLaren,51.0,95.822,6.0,SOFT,8.0,False,30.749,41.366,23.707,281.0,301.0,1,26.3,28.9,21.0,False,0.0,True
NOR,McLaren,52.0,96.152,6.0,SOFT,9.0,False,30.747,41.651,23.754,282.0,299.0,1,26.3,28.8,21.0,False,0.0,False
NOR,McLaren,53.0,96.5,6.0,SOFT,10.0,False,30.909,41.607,23.984,281.0,298.0,1,26.2,28.8,21.0,False,0.3,False
NOR,McLaren,54.0,99.789,6.0,SOFT,11.0,False,30.938,42.162,26.689,,301.0,1,26.2,28.8,21.0,False,0.5,False
NOR,McLaren,55.0,124.847,7.0,SOFT,7.0,False,59.558,41.73,23.559,280.0,215.0,1,26.3,28.7,21.0,False,0.4,False
HAM,Mercedes,1.0,102.288,1.0,SOFT,4.0,False,,43.494,24.338,283.0,266.0,12,27.3,31.2,22.0,False,0.5,False
HAM,Mercedes,2.0,99.166,1.0,SOFT,5.0,False,31.408,43.352,24.406,282.0,311.0,21,27.3,31.1,22.0,False,0.0,True
HAM,Mercedes,3.0,99.22,1.0,SOFT,6.0,False,31.298,43.499,24.423,283.0,303.0,1,27.3,31.2,22.0,False,0.6,False
HAM,Mercedes,4.0,99.198,1.0,SOFT,7.0,False,31.315,43.446,24.437,282.0,311.0,1,27.3,31.2,22.0,False,0.4,False
HAM,Mercedes,5.0,99.335,1.0,SOFT,8.0,False,31.35,43.508,24.477,281.0,308.0,1,27.2,31.0,22.0,False,1.0,False
HAM,Mercedes,6.0,99.756,1.0,SOFT,9.0,False,31.434,43.751,24.571,282.0,309.0,1,27.1,31.0,22.0,False,0.6,False
HAM,Mercedes,7.0,99.757,1.0,SOFT,10.0,False,31.48,43.664,24.613,281.0,310.0,1,27.1,30.9,22.0,False,0.6,False
HAM,Mercedes,8.0,100.267,1.0,SOFT,11.0,False,31.718,43.82,24.729,280.0,306.0,1,27.1,30.9,21.0,False,1.0,False
HAM,Mercedes,9.0,100.323,1.0,SOFT,12.0,False,31.893,43.776,24.654,281.0,309.0,1,27.2,30.8,21.0,False,0.6,False
HAM,Mercedes,10.0,100.289,1.0,SOFT,13.0,False,31.649,43.985,24.655,280.0,308.0,1,27.1,30.8,21.0,False,0.8,False
HAM,Mercedes,11.0,100.752,1.0,SOFT,14.0,False,31.823,44.205,24.724,280.0,306.0,1,27.2,30.6,21.0,False,0.6,False
HAM,Mercedes,12.0,103.336,1.0,SOFT,15.0,False,31.821,44.259,27.256,,308.0,1,27.1,30.6,21.0,False,1.2,False
HAM,Mercedes,13.0,119.179,2.0,HARD,1.0,True,52.819,42.559,23.801,282.0,214.0,1,27.1,30.5,21.0,False,1.0,False
HAM,Mercedes,14.0,98.308,2.0,HARD,2.0,True,30.783,43.351,24.174,283.0,302.0,1,27.1,30.5,21.0,False,0.8,True
HAM,Mercedes,15.0,98.527,2.0,HARD,3.0,True,31.23,43.259,24.038,283.0,309.0,1,27.1,30.5,21.0,False,0.6,False
HAM,Mercedes,16.0,98.617,2.0,HARD,4.0,True,31.162,43.414,24.041,282.0,304.0,1,27.0,30.4,21.0,False,0.8,False
HAM,Mercedes,17.0,98.704,2.0,HARD,5.0,True,31.16,43.372,24.172,282.0,306.0,1,27.0,30.3,20.0,False,0.6,False
HAM,Mercedes,18.0,98.69,2.0,HARD,6.0,True,31.263,43.262,24.165,282.0,305.0,1,27.0,30.3,21.0,False,0.6,False
HAM,Mercedes,19.0,98.684,2.0,HARD,7.0,True,31.294,43.297,24.093,282.0,308.0,1,26.9,30.3,20.0,False,0.6,False
HAM,Mercedes,20.0,98.478,2.0,HARD,8.0,True,31.163,43.227,24.088,282.0,308.0,1,26.9,30.2,21.0,False,0.6,False
HAM,Mercedes,21.0,98.581,2.0,HARD,9.0,True,31.151,43.35,24.08,282.0,308.0,1,26.9,30.1,21.0,False,0.6,False
HAM,Mercedes,22.0,98.46,2.0,HARD,10.0,True,31.336,43.109,24.015,283.0,307.0,1,26.8,30.0,21.0,False,0.4,False
HAM,Mercedes,23.0,98.384,2.0,HARD,11.0,True,31.164,43.21,24.01,283.0,307.0,1,26.7,30.0,21.0,False,0.5,False
HAM,Mercedes,24.0,98.367,2.0,HARD,12.0,True,31.202,43.079,24.086,282.0,308.0,1,26.7,29.9,21.0,False,0.8,False
HAM,Mercedes,25.0,98.29,2.0,HARD,13.0,True,31.209,42.97,24.111,283.0,307.0,1,26.7,29.9,21.0,False,0.6,True
HAM,Mercedes,26.0,98.339,2.0,HARD,14.0,True,31.345,42.89,24.104,283.0,307.0,1,26.7,29.9,21.0,False,0.5,False
HAM,Mercedes,27.0,98.369,2.0,HARD,15.0,True,31.379,42.864,24.126,283.0,307.0,1,26.8,29.9,21.0,False,0.6,False
HAM,Mercedes,28.0,98.265,2.0,HARD,16.0,True,31.232,42.845,24.188,283.0,306.0,1,26.8,29.9,21.0,False,0.5,True
HAM,Mercedes,29.0,98.38,2.0,HARD,17.0,True,31.319,42.914,24.147,284.0,309.0,1,26.7,29.9,21.0,False,0.6,False
HAM,Mercedes,30.0,101.175,2.0,HARD,18.0,True,31.375,42.964,26.836,,309.0,1,26.7,29.8,21.0,False,0.6,False
HAM,Mercedes,31.0,119.503,3.0,HARD,1.0,True,52.363,43.477,23.663,283.0,219.0,1,26.7,29.7,21.0,False,0.6,False
HAM,Mercedes,32.0,97.563,3.0,HARD,2.0,True,30.795,42.982,23.786,285.0,304.0,1,26.7,29.6,21.0,False,0.6,True
HAM,Mercedes,33.0,97.549,3.0,HARD,3.0,True,30.882,42.999,23.668,284.0,306.0,1,26.7,29.6,21.0,False,0.6,True
HAM,Mercedes,34.0,98.135,3.0,HARD,4.0,True,30.81,43.571,23.754,284.0,305.0,1,26.6,29.6,21.0,False,0.5,False
HAM,Mercedes,35.0,96.831,3.0,HARD,5.0,True,30.798,42.403,23.63,283.0,308.0,1,26.6,29.6,21.0,False,0.4,True
HAM,Mercedes,36.0,96.546,3.0,HARD,6.0,True,30.869,42.013,23.664,285.0,308.0,1,26.6,29.6,21.0,False,0.5,True
HAM,Mercedes,37.0,97.388,3.0,HARD,7.0,True,31.413,42.243,23.732,284.0,310.0,1,26.6,29.6,21.0,False,0.4,False
HAM,Mercedes,38.0,98.304,3.0,HARD,8.0,True,31.05,43.267,23.987,290.0,309.0,1,26.5,29.5,21.0,False,0.6,False
HAM,Mercedes,39.0,97.478,3.0,HARD,9.0,True,30.837,42.719,23.922,290.0,330.0,1,26.5,29.5,21.0,False,0.6,False
HAM,Mercedes,40.0,97.494,3.0,HARD,10.0,True,30.768,42.806,23.92,290.0,325.0,12,26.5,29.5,21.0,False,0.4,False
HAM,Mercedes,41.0,126.491,3.0,HARD,11.0,True,40.61,57.504,28.377,285.0,324.0,2671,26.5,29.4,21.0,False,0.0,False
HAM,Mercedes,42.0,97.061,3.0,HARD,12.0,True,30.924,42.354,23.783,284.0,311.0,1,26.5,29.4,21.0,False,0.0,False
HAM,Mercedes,43.0,97.111,3.0,HARD,13.0,True,30.89,42.235,23.986,284.0,310.0,1,26.4,29.3,21.0,False,0.8,False
HAM,Mercedes,44.0,97.048,3.0,HARD,14.0,True,30.807,42.353,23.888,285.0,309.0,1,26.4,29.2,21.0,False,0.0,False
HAM,Mercedes,45.0,97.661,3.0,HARD,15.0,True,30.902,42.666,24.093,292.0,309.0,1,26.4,29.1,21.0,False,0.5,False
HAM,Mercedes,46.0,97.779,3.0,HARD,16.0,True,30.898,42.786,24.095,291.0,333.0,1,26.4,29.1,21.0,False,0.0,False
HAM,Mercedes,47.0,98.517,3.0,HARD,17.0,True,31.32,43.157,24.04,290.0,329.0,1,26.4,29.0,21.0,False,0.3,False
HAM,Mercedes,48.0,97.844,3.0,HARD,18.0,True,30.882,42.772,24.19,289.0,321.0,1,26.4,29.0,21.0,False,0.3,False
HAM,Mercedes,49.0,97.954,3.0,HARD,19.0,True,30.947,42.945,24.062,289.0,328.0,1,26.3,29.0,21.0,False,0.0,False
HAM,Mercedes,50.0,97.77,3.0,HARD,20.0,True,30.824,42.711,24.235,285.0,321.0,1,26.3,29.0,21.0,False,0.0,False
HAM,Mercedes,51.0,98.014,3.0,HARD,21.0,True,31.154,42.759,24.101,285.0,310.0,1,26.3,28.9,21.0,False,0.0,False
HAM,Mercedes,52.0,97.803,3.0,HARD,22.0,True,31.107,42.69,24.006,284.0,311.0,1,26.3,28.9,21.0,False,0.3,False
HAM,Mercedes,53.0,97.988,3.0,HARD,23.0,True,31.1,42.853,24.035,284.0,309.0,1,26.3,28.8,21.0,False,0.0,False
HAM,Mercedes,54.0,98.076,3.0,HARD,24.0,True,31.14,42.838,24.098,285.0,309.0,1,26.2,28.8,21.0,False,0.3,False
HAM,Mercedes,55.0,97.955,3.0,HARD,25.0,True,31.131,42.775,24.049,284.0,308.0,1,26.3,28.8,21.0,False,0.0,False
HAM,Mercedes,56.0,98.111,3.0,HARD,26.0,True,31.227,42.824,24.06,285.0,309.0,1,26.3,28.7,21.0,False,0.4,False
HAM,Mercedes,57.0,98.255,3.0,HARD,27.0,True,31.166,42.89,24.199,284.0,309.0,1,26.3,28.7,21.0,False,0.6,False
SAI,Ferrari,1.0,101.659,1.0,SOFT,4.0,False,,43.409,24.19,282.0,235.0,12,27.3,31.2,22.0,False,0.5,False
SAI,Ferrari,2.0,98.933,1.0,SOFT,5.0,False,31.451,43.164,24.318,282.0,299.0,21,27.3,31.1,22.0,False,0.0,True
SAI,Ferrari,3.0,99.042,1.0,SOFT,6.0,False,31.374,43.257,24.411,286.0,299.0,1,27.3,31.2,22.0,False,0.6,False
SAI,Ferrari,4.0,98.985,1.0,SOFT,7.0,False,31.192,43.306,24.487,286.0,317.0,1,27.3,31.2,22.0,False,0.4,False
SAI,Ferrari,5.0,99.128,1.0,SOFT,8.0,False,31.048,43.623,24.457,281.0,315.0,1,27.2,31.0,22.0,False,1.0,False
SAI,Ferrari,6.0,99.474,1.0,SOFT,9.0,False,31.469,43.498,24.507,280.0,306.0,1,27.1,31.0,22.0,False,0.6,False
SAI,Ferrari,7.0,99.502,1.0,SOFT,10.0,False,31.546,43.469,24.487,280.0,305.0,1,27.1,30.9,22.0,False,0.6,False
SAI,Ferrari,8.0,99.779,1.0,SOFT,11.0,False,31.674,43.598,24.507,280.0,302.0,1,27.1,30.9,21.0,False,1.0,False
SAI,Ferrari,9.0,99.744,1.0,SOFT,12.0,False,31.602,43.608,24.534,280.0,306.0,1,27.2,30.8,21.0,False,0.6,False
SAI,Ferrari,10.0,100.102,1.0,SOFT,13.0,False,31.764,43.676,24.662,279.0,303.0,1,27.1,30.8,21.0,False,0.8,False
SAI,Ferrari,11.0,100.507,1.0,SOFT,14.0,False,31.836,43.996,24.675,279.0,305.0,1,27.2,30.6,21.0,False,0.6,False
SAI,Ferrari,12.0,100.52,1.0,SOFT,15.0,False,31.776,44.006,24.738,279.0,304.0,1,27.1,30.6,21.0,False,1.2,False
SAI,Ferrari,13.0,103.31,1.0,SOFT,16.0,False,31.93,43.823,27.557,,303.0,1,27.1,30.5,21.0,False,1.0,False
SAI,Ferrari,14.0,119.006,2.0,HARD,1.0,True,52.026,42.788,24.192,280.0,221.0,1,27.1,30.5,21.0,False,0.8,False
SAI,Ferrari,15.0,97.985,2.0,HARD,2.0,True,31.107,42.86,24.018,280.0,294.0,1,27.1,30.5,21.0,False,0.6,True
SAI,Ferrari,16.0,98.433,2.0,HARD,3.0,True,31.232,43.011,24.19,280.0,298.0,1,27.0,30.4,21.0,False,0.8,False
SAI,Ferrari,17.0,98.161,2.0,HARD,4.0,True,31.234,42.911,24.016,280.0,295.0,1,27.0,30.3,20.0,False,0.6,False
SAI,Ferrari,18.0,98.287,2.0,HARD,5.0,True,31.283,42.95,24.054,280.0,301.0,1,27.0,30.3,21.0,False,0.6,False
SAI,Ferrari,19.0,98.21,2.0,HARD,6.0,True,31.208,42.939,24.063,280.0,301.0,1,26.9,30.3,20.0,False,0.6,False
SAI,Ferrari,20.0,98.096,2.0,HARD,7.0,True,31.272,42.826,23.998,280.0,303.0,1,26.9,30.2,21.0,False,0.6,False
SAI,Ferrari,21.0,98.24,2.0,HARD,8.0,True,31.305,42.957,23.978,281.0,301.0,1,26.9,30.1,21.0,False,0.6,False
SAI,Ferrari,22.0,98.453,2.0,HARD,9.0,True,31.288,43.137,24.028,281.0,304.0,1,26.8,30.1,21.0,False,0.5,False
SAI,Ferrari,23.0,98.597,2.0,HARD,10.0,True,31.483,43.147,23.967,281.0,304.0,1,26.7,30.0,21.0,False,0.5,False
SAI,Ferrari,24.0,98.314,2.0,HARD,11.0,True,31.442,42.878,23.994,280.0,304.0,1,26.7,29.9,21.0,False,0.8,False
SAI,Ferrari,25.0,98.571,2.0,HARD,12.0,True,31.282,43.172,24.117,281.0,304.0,1,26.7,29.9,21.0,False,0.6,False
SAI,Ferrari,26.0,98.331,2.0,HARD,13.0,True,31.316,42.976,24.039,281.0,304.0,1,26.7,29.9,21.0,False,0.5,False
SAI,Ferrari,27.0,98.423,2.0,HARD,14.0,True,31.448,42.994,23.981,280.0,304.0,1,26.8,29.9,21.0,False,0.6,False
SAI,Ferrari,28.0,98.474,2.0,HARD,15.0,True,31.422,42.956,24.096,281.0,303.0,1,26.8,29.9,21.0,False,0.5,False
SAI,Ferrari,29.0,98.55,2.0,HARD,16.0,True,31.436,42.983,24.131,281.0,304.0,1,26.7,29.9,21.0,False,0.6,False
SAI,Ferrari,30.0,98.601,2.0,HARD,17.0,True,31.445,43.033,24.123,281.0,304.0,1,26.7,29.8,21.0,False,0.6,False
SAI,Ferrari,31.0,101.274,2.0,HARD,18.0,True,31.438,43.032,26.804,,304.0,1,26.7,29.7,21.0,False,0.6,False
SAI,Ferrari,32.0,118.492,3.0,HARD,1.0,True,51.61,42.949,23.933,281.0,219.0,1,26.7,29.6,21.0,False,0.6,False
SAI,Ferrari,33.0,97.548,3.0,HARD,2.0,True,31.27,42.65,23.628,282.0,293.0,1,26.7,29.6,21.0,False,0.6,True
SAI,Ferrari,34.0,97.475,3.0,HARD,3.0,True,31.149,42.615,23.711,284.0,294.0,1,26.6,29.6,21.0,False,0.5,True
SAI,Ferrari,35.0,97.441,3.0,HARD,4.0,True,31.161,42.601,23.679,283.0,301.0,1,26.6,29.6,21.0,False,0.4,True
SAI,Ferrari,36.0,97.706,3.0,HARD,5.0,True,31.197,42.728,23.781,282.0,304.0,1,26.6,29.6,21.0,False,0.5,False
SAI,Ferrari,37.0,97.13,3.0,HARD,6.0,True,31.018,42.443,23.669,282.0,304.0,1,26.6,29.6,21.0,False,0.4,True
SAI,Ferrari,38.0,97.444,3.0,HARD,7.0,True,31.096,42.608,23.74,282.0,305.0,1,26.5,29.5,21.0,False,0.6,False
SAI,Ferrari,39.0,97.403,3.0,HARD,8.0,True,31.044,42.593,23.766,282.0,305.0,1,26.5,29.5,21.0,False,0.6,False
SAI,Ferrari,40.0,97.587,3.0,HARD,9.0,True,31.207,42.653,23.727,282.0,304.0,12,26.5,29.5,21.0,False,0.4,False
SAI,Ferrari,41.0,126.436,3.0,HARD,10.0,True,39.595,57.789,29.052,283.0,303.0,2671,26.5,29.4,21.0,False,0.0,False
SAI,Ferrari,42.0,97.375,3.0,HARD,11.0,True,31.107,42.449,23.819,282.0,303.0,1,26.5,29.4,21.0,False,0.0,False
SAI,Ferrari,43.0,97.294,3.0,HARD,12.0,True,31.141,42.431,23.722,282.0,303.0,1,26.4,29.3,21.0,False,0.8,False
SAI,Ferrari,44.0,97.389,3.0,HARD,13.0,True,31.2,42.482,23.707,282.0,305.0,1,26.4,29.2,21.0,False,0.0,False
SAI,Ferrari,45.0,99.561,3.0,HARD,14.0,True,31.572,43.669,24.32,289.0,304.0,1,26.4,29.1,21.0,False,0.5,False
SAI,Ferrari,46.0,97.844,3.0,HARD,15.0,True,30.975,42.701,24.168,284.0,324.0,1,26.4,29.1,21.0,False,0.0,False
SAI,Ferrari,47.0,98.222,3.0,HARD,16.0,True,31.548,42.699,23.975,283.0,308.0,1,26.4,29.0,21.0,False,0.3,False
SAI,Ferrari,48.0,97.897,3.0,HARD,17.0,True,31.407,42.577,23.913,283.0,298.0,1,26.4,29.0,21.0,False,0.3,False
SAI,Ferrari,49.0,97.765,3.0,HARD,18.0,True,31.407,42.49,23.868,283.0,299.0,1,26.3,29.0,21.0,False,0.0,False
SAI,Ferrari,50.0,97.604,3.0,HARD,19.0,True,31.261,42.436,23.907,283.0,298.0,1,26.3,29.0,21.0,False,0.0,False
SAI,Ferrari,51.0,97.672,3.0,HARD,20.0,True,31.269,42.491,23.912,282.0,298.0,1,26.3,28.9,21.0,False,0.0,False
SAI,Ferrari,52.0,97.49,3.0,HARD,21.0,True,31.184,42.381,23.925,282.0,301.0,1,26.3,28.9,21.0,False,0.3,False
SAI,Ferrari,53.0,97.66,3.0,HARD,22.0,True,31.248,42.531,23.881,283.0,302.0,1,26.3,28.8,21.0,False,0.0,False
SAI,Ferrari,54.0,97.694,3.0,HARD,23.0,True,31.234,42.543,23.917,283.0,302.0,1,26.2,28.8,21.0,False,0.3,False
SAI,Ferrari,55.0,97.821,3.0,HARD,24.0,True,31.31,42.638,23.873,282.0,301.0,1,26.3,28.8,21.0,False,0.0,False
SAI,Ferrari,56.0,98.126,3.0,HARD,25.0,True,31.403,42.736,23.987,283.0,302.0,1,26.3,28.7,21.0,False,0.4,False
SAI,Ferrari,57.0,98.021,3.0,HARD,26.0,True,31.244,42.749,24.028,283.0,304.0,1,26.3,28.7,21.0,False,0.6,False
RUS,Mercedes,1.0,102.662,1.0,SOFT,4.0,False,,43.377,24.168,286.0,259.0,12,27.3,31.2,22.0,False,0.5,False
RUS,Mercedes,2.0,99.59,1.0,SOFT,5.0,False,31.709,43.468,24.413,283.0,306.0,21,27.3,31.1,22.0,False,0.0,True
RUS,Mercedes,3.0,99.093,1.0,SOFT,6.0,False,31.218,43.416,24.459,287.0,310.0,1,27.3,31.2,22.0,False,0.6,True
RUS,Mercedes,4.0,99.261,1.0,SOFT,7.0,False,31.267,43.497,24.497,287.0,321.0,1,27.3,31.2,22.0,False,0.4,False
RUS,Mercedes,5.0,99.549,1.0,SOFT,8.0,False,31.367,43.763,24.419,286.0,314.0,1,27.2,31.0,22.0,False,1.0,False
RUS,Mercedes,6.0,99.493,1.0,SOFT,9.0,False,31.196,43.619,24.678,289.0,323.0,1,27.1,31.0,22.0,False,0.6,False
RUS,Mercedes,7.0,100.056,1.0,SOFT,10.0,False,31.589,43.827,24.64,286.0,319.0,1,27.1,30.9,22.0,False,0.6,False
RUS,Mercedes,8.0,100.31,1.0,SOFT,11.0,False,31.522,44.119,24.669,282.0,312.0,1,27.1,30.9,21.0,False,1.0,False
RUS,Mercedes,9.0,100.42,1.0,SOFT,12.0,False,31.652,44.022,24.746,282.0,306.0,1,27.2,30.8,21.0,False,0.6,False
RUS,Mercedes,10.0,100.532,1.0,SOFT,13.0,False,31.699,44.074,24.759,284.0,306.0,1,27.1,30.8,21.0,False,0.8,False
RUS,Mercedes,11.0,101.085,1.0,SOFT,14.0,False,31.772,44.52,24.793,280.0,311.0,1,27.2,30.6,21.0,False,0.6,False
RUS,Mercedes,12.0,101.112,1.0,SOFT,15.0,False,32.023,44.122,24.967,281.0,308.0,1,27.1,30.6,21.0,False,1.2,False
RUS,Mercedes,13.0,104.691,1.0,SOFT,16.0,False,32.276,44.91,27.505,,303.0,1,27.1,30.5,21.0,False,1.0,False
RUS,Mercedes,14.0,121.269,2.0,HARD,1.0,True,54.862,42.554,23.853,288.0,214.0,1,27.1,30.5,21.0,False,0.8,False
RUS,Mercedes,15.0,97.46,2.0,HARD,2.0,True,30.812,42.616,24.032,288.0,321.0,1,27.1,30.5,21.0,False,0.6,True
RUS,Mercedes,16.0,97.833,2.0,HARD,3.0,True,30.88,42.883,24.07,289.0,325.0,1,27.0,30.4,21.0,False,0.8,False
RUS,Mercedes,17.0,98.604,2.0,HARD,4.0,True,30.903,43.462,24.239,293.0,313.0,1,27.0,30.3,20.0,False,0.6,False
RUS,Mercedes,18.0,98.427,2.0,HARD,5.0,True,30.995,43.299,24.133,282.0,308.0,1,27.0,30.3,21.0,False,0.6,False
RUS,Mercedes,19.0,98.512,2.0,HARD,6.0,True,31.276,43.188,24.048,282.0,299.0,1,26.9,30.3,20.0,False,0.6,False
RUS,Mercedes,20.0,98.578,2.0,HARD,7.0,True,31.282,43.216,24.08,283.0,299.0,1,26.9,30.2,21.0,False,0.6,False
RUS,Mercedes,21.0,98.555,2.0,HARD,8.0,True,31.287,43.084,24.184,283.0,302.0,1,26.9,30.1,21.0,False,0.6,False
RUS,Mercedes,22.0,98.438,2.0,HARD,9.0,True,31.313,42.999,24.126,283.0,305.0,1,26.8,30.0,21.0,False,0.4,False
RUS,Mercedes,23.0,98.773,2.0,HARD,10.0,True,31.278,43.405,24.09,282.0,308.0,1,26.7,30.0,21.0,False,0.5,False
RUS,Mercedes,24.0,98.643,2.0,HARD,11.0,True,31.298,43.348,23.997,282.0,306.0,1,26.7,29.9,21.0,False,0.8,False
RUS,Mercedes,25.0,98.487,2.0,HARD,12.0,True,31.311,43.056,24.12,282.0,306.0,1,26.7,29.9,21.0,False,0.6,False
RUS,Mercedes,26.0,98.462,2.0,HARD,13.0,True,31.334,43.033,24.095,282.0,306.0,1,26.7,29.9,21.0,False,0.5,False
RUS,Mercedes,27.0,98.625,2.0,HARD,14.0,True,31.393,43.152,24.08,283.0,306.0,1,26.8,29.9,21.0,False,0.6,False
RUS,Mercedes,28.0,98.448,2.0,HARD,15.0,True,31.233,43.103,24.112,282.0,307.0,1,26.8,29.9,21.0,False,0.5,False
RUS,Mercedes,29.0,98.792,2.0,HARD,16.0,True,31.476,43.264,24.052,282.0,307.0,1,26.7,29.9,21.0,False,0.6,False
RUS,Mercedes,30.0,98.541,2.0,HARD,17.0,True,31.301,43.18,24.06,282.0,307.0,1,26.7,29.8,21.0,False,0.6,False
RUS,Mercedes,31.0,101.035,2.0,HARD,18.0,True,31.353,43.015,26.667,,304.0,1,26.7,29.7,21.0,False,0.6,False
RUS,Mercedes,32.0,118.694,3.0,HARD,1.0,True,52.322,42.773,23.599,286.0,216.0,1,26.7,29.6,21.0,False,0.6,False
RUS,Mercedes,33.0,97.221,3.0,HARD,2.0,True,30.915,42.756,23.55,285.0,293.0,1,26.7,29.6,21.0,False,0.6,True
RUS,Mercedes,34.0,97.311,3.0,HARD,3.0,True,30.975,42.685,23.651,285.0,300.0,1,26.6,29.6,21.0,False,0.5,False
RUS,Mercedes,35.0,97.592,3.0,HARD,4.0,True,30.949,42.96,23.683,285.0,308.0,1,26.6,29.6,21.0,False,0.4,False
RUS,Mercedes,36.0,97.607,3.0,HARD,5.0,True,30.979,42.831,23.797,285.0,310.0,1,26.6,29.6,21.0,False,0.5,False
RUS,Mercedes,37.0,97.822,3.0,HARD,6.0,True,31.049,43.002,23.771,284.0,301.0,1,26.6,29.5,21.0,False,0.4,False
RUS,Mercedes,38.0,97.66,3.0,HARD,7.0,True,30.994,42.854,23.812,284.0,306.0,1,26.5,29.5,21.0,False,0.6,False
RUS,Mercedes,39.0,97.495,3.0,HARD,8.0,True,30.971,42.712,23.812,284.0,305.0,1,26.5,29.5,21.0,False,0.6,False
RUS,Mercedes,40.0,98.085,3.0,HARD,9.0,True,31.006,42.651,24.428,188.0,310.0,126,26.5,29.5,21.0,False,0.4,False
RUS,Mercedes,41.0,126.293,3.0,HARD,10.0,True,46.011,56.1,24.182,285.0,246.0,671,26.5,29.4,21.0,False,0.0,False
RUS,Mercedes,42.0,97.035,3.0,HARD,11.0,True,30.782,42.391,23.862,285.0,310.0,1,26.5,29.4,21.0,False,0.0,False
RUS,Mercedes,43.0,97.48,3.0,HARD,12.0,True,30.954,42.679,23.847,284.0,311.0,1,26.4,29.3,21.0,False,0.8,False
RUS,Mercedes,44.0,97.597,3.0,HARD,13.0,True,31.11,42.611,23.876,284.0,302.0,1,26.4,29.2,21.0,False,0.0,False
RUS,Mercedes,45.0,97.316,3.0,HARD,14.0,True,30.892,42.59,23.834,284.0,308.0,1,26.4,29.1,21.0,False,0.5,False
RUS,Mercedes,46.0,97.571,3.0,HARD,15.0,True,30.999,42.734,23.838,284.0,310.0,1,26.4,29.1,21.0,False,0.0,False
RUS,Mercedes,47.0,97.432,3.0,HARD,16.0,True,31.049,42.436,23.947,285.0,309.0,1,26.4,29.0,21.0,False,0.3,False
RUS,Mercedes,48.0,97.52,3.0,HARD,17.0,True,31.101,42.509,23.91,284.0,308.0,1,26.4,29.0,21.0,False,0.3,False
RUS,Mercedes,49.0,97.718,3.0,HARD,18.0,True,31.097,42.623,23.998,284.0,307.0,1,26.4,29.0,21.0,False,0.6,False
RUS,Mercedes,50.0,97.383,3.0,HARD,19.0,True,31.014,42.413,23.956,284.0,308.0,1,26.3,29.0,21.0,False,0.0,False
RUS,Mercedes,51.0,97.825,3.0,HARD,20.0,True,31.187,42.705,23.933,284.0,303.0,1,26.3,28.9,21.0,False,0.0,False
RUS,Mercedes,52.0,97.589,3.0,HARD,21.0,True,31.107,42.517,23.965,284.0,305.0,1,26.3,28.9,21.0,False,0.3,False
RUS,Mercedes,53.0,97.841,3.0,HARD,22.0,True,31.065,42.707,24.069,285.0,305.0,1,26.3,28.8,21.0,False,0.0,False
RUS,Mercedes,54.0,97.923,3.0,HARD,23.0,True,31.192,42.658,24.073,285.0,305.0,1,26.2,28.8,21.0,False,0.3,False
RUS,Mercedes,55.0,97.86,3.0,HARD,24.0,True,31.118,42.621,24.121,284.0,298.0,1,26.3,28.8,21.0,False,0.0,False
RUS,Mercedes,56.0,97.636,3.0,HARD,25.0,True,30.961,42.593,24.082,286.0,307.0,1,26.3,28.7,21.0,False,0.4,False
RUS,Mercedes,57.0,97.767,3.0,HARD,26.0,True,31.077,42.54,24.15,285.0,311.0,1,26.3,28.7,21.0,False,0.6,False
BOT,Alfa Romeo,1.0,104.154,1.0,SOFT,1.0,True,,43.757,24.573,278.0,266.0,12,27.3,31.2,22.0,False,0.5,False
BOT,Alfa Romeo,2.0,99.956,1.0,SOFT,2.0,True,31.722,43.495,24.739,277.0,290.0,21,27.3,31.1,22.0,False,0.0,True
BOT,Alfa Romeo,3.0,99.397,1.0,SOFT,3.0,True,31.428,43.378,24.591,282.0,302.0,1,27.3,31.2,22.0,False,0.6,True
BOT,Alfa Romeo,4.0,99.823,1.0,SOFT,4.0,True,31.568,43.543,24.712,277.0,307.0,1,27.3,31.2,22.0,False,0.4,False
BOT,Alfa Romeo,5.0,101.033,1.0,SOFT,5.0,True,32.204,44.132,24.697,276.0,297.0,1,27.2,31.0,22.0,False,1.0,False
BOT,Alfa Romeo,6.0,100.265,1.0,SOFT,6.0,True,31.687,43.789,24.789,276.0,292.0,1,27.1,31.0,22.0,False,0.6,False
BOT,Alfa Romeo,7.0,100.564,1.0,SOFT,7.0,True,31.983,43.92,24.661,276.0,293.0,1,27.1,30.9,22.0,False,0.6,False
BOT,Alfa Romeo,8.0,100.387,1.0,SOFT,8.0,True,31.864,43.791,24.732,276.0,293.0,1,27.1,30.9,21.0,False,1.0,False
BOT,Alfa Romeo,9.0,100.275,1.0,SOFT,9.0,True,31.936,43.661,24.678,276.0,293.0,1,27.2,30.8,21.0,False,0.6,False
BOT,Alfa Romeo,10.0,100.676,1.0,SOFT,10.0,True,31.929,43.981,24.766,276.0,292.0,1,27.1,30.8,21.0,False,0.8,False
BOT,Alfa Romeo,11.0,103.269,1.0,SOFT,11.0,True,31.926,43.791,27.552,,293.0,1,27.2,30.6,21.0,False,0.6,False
BOT,Alfa Romeo,12.0,119.45,2.0,HARD,1.0,True,52.921,42.49,24.039,278.0,215.0,1,27.1,30.6,21.0,False,1.2,False
BOT,Alfa Romeo,13.0,98.03,2.0,HARD,2.0,True,31.273,42.523,24.234,286.0,285.0,1,27.1,30.5,21.0,False,0.8,True
BOT,Alfa Romeo,14.0,98.098,2.0,HARD,3.0,True,31.122,42.799,24.177,277.0,320.0,1,27.1,30.5,21.0,False,0.8,False
BOT,Alfa Romeo,15.0,98.851,2.0,HARD,4.0,True,31.469,43.076,24.306,277.0,290.0,1,27.1,30.5,21.0,False,0.6,False
BOT,Alfa Romeo,16.0,98.494,2.0,HARD,5.0,True,31.299,43.018,24.177,276.0,291.0,1,27.0,30.4,21.0,False,0.8,False
BOT,Alfa Romeo,17.0,99.973,2.0,HARD,6.0,True,32.034,43.463,24.476,283.0,296.0,1,27.0,30.3,20.0,False,0.6,False
BOT,Alfa Romeo,18.0,100.24,2.0,HARD,7.0,True,31.682,43.946,24.612,277.0,310.0,1,27.0,30.3,21.0,False,0.6,False
BOT,Alfa Romeo,19.0,99.497,2.0,HARD,8.0,True,31.65,43.373,24.474,277.0,294.0,1,26.9,30.3,20.0,False,0.6,False
BOT,Alfa Romeo,20.0,100.442,2.0,HARD,9.0,True,31.91,43.979,24.553,278.0,296.0,1,26.9,30.2,21.0,False,0.6,False
BOT,Alfa Romeo,21.0,99.355,2.0,HARD,10.0,True,31.577,43.366,24.412,277.0,295.0,1,26.9,30.1,21.0,False,0.6,False
BOT,Alfa Romeo,22.0,99.356,2.0,HARD,11.0,True,31.591,43.332,24.433,277.0,292.0,1,26.8,30.0,21.0,False,0.4,False
BOT,Alfa Romeo,23.0,99.311,2.0,HARD,12.0,True,31.711,43.197,24.403,277.0,293.0,1,26.7,30.0,21.0,False,0.5,False
BOT,Alfa Romeo,24.0,99.427,2.0,HARD,13.0,True,31.731,43.277,24.419,277.0,294.0,1,26.7,29.9,21.0,False,0.8,False
BOT,Alfa Romeo,25.0,99.49,2.0,HARD,14.0,True,31.785,43.253,24.452,277.0,291.0,1,26.7,29.9,21.0,False,0.6,False
BOT,Alfa Romeo,26.0,99.5,2.0,HARD,15.0,True,31.813,43.256,24.431,277.0,291.0,1,26.7,29.9,21.0,False,0.5,False
BOT,Alfa Romeo,27.0,99.287,2.0,HARD,16.0,True,31.712,43.177,24.398,277.0,290.0,1,26.8,29.9,21.0,False,0.6,False
BOT,Alfa Romeo,28.0,99.016,2.0,HARD,17.0,True,31.753,42.963,24.3,277.0,292.0,1,26.7,29.9,21.0,False,0.8,False
BOT,Alfa Romeo,29.0,102.22,2.0,HARD,18.0,True,32.154,43.012,27.054,,284.0,1,26.7,29.9,21.0,False,0.6,False
BOT,Alfa Romeo,30.0,118.886,3.0,HARD,1.0,True,52.999,42.137,23.75,278.0,218.0,1,26.7,29.8,21.0,False,0.6,False
BOT,Alfa Romeo,31.0,97.379,3.0,HARD,2.0,True,31.079,42.337,23.963,279.0,294.0,1,26.7,29.6,21.0,False,0.6,True
BOT,Alfa Romeo,32.0,97.675,3.0,HARD,3.0,True,31.059,42.59,24.026,278.0,292.0,1,26.7,29.6,21.0,False,0.6,False
BOT,Alfa Romeo,33.0,97.775,3.0,HARD,4.0,True,31.243,42.542,23.99,278.0,289.0,1,26.7,29.6,21.0,False,0.6,False
BOT,Alfa Romeo,34.0,97.774,3.0,HARD,5.0,True,31.317,42.525,23.932,278.0,288.0,1,26.6,29.6,21.0,False,0.5,False
BOT,Alfa Romeo,35.0,97.817,3.0,HARD,6.0,True,31.277,42.617,23.923,277.0,289.0,1,26.7,29.6,21.0,False,0.4,False
BOT,Alfa Romeo,36.0,97.827,3.0,HARD,7.0,True,31.342,42.528,23.957,277.0,290.0,1,26.6,29.6,21.0,False,0.5,False
BOT,Alfa Romeo,37.0,97.774,3.0,HARD,8.0,True,31.238,42.584,23.952,277.0,287.0,1,26.6,29.5,21.0,False,0.4,False
BOT,Alfa Romeo,38.0,97.658,3.0,HARD,9.0,True,31.311,42.406,23.941,277.0,288.0,1,26.5,29.5,21.0,False,0.6,False
BOT,Alfa Romeo,39.0,97.784,3.0,HARD,10.0,True,31.376,42.467,23.941,277.0,288.0,1,26.5,29.5,21.0,False,0.6,False
BOT,Alfa Romeo,40.0,110.376,3.0,HARD,11.0,True,31.335,42.515,36.526,231.0,290.0,126,26.5,29.5,21.0,False,0.4,False
BOT,Alfa Romeo,41.0,115.281,3.0,HARD,12.0,True,37.625,53.676,23.98,277.0,263.0,671,26.5,29.4,21.0,False,0.0,False
BOT,Alfa Romeo,42.0,97.736,3.0,HARD,13.0,True,31.22,42.609,23.907,278.0,293.0,1,26.5,29.4,21.0,False,0.0,False
BOT,Alfa Romeo,43.0,97.813,3.0,HARD,14.0,True,31.253,42.525,24.035,278.0,288.0,1,26.4,29.3,21.0,False,0.8,False
BOT,Alfa Romeo,44.0,97.868,3.0,HARD,15.0,True,31.392,42.601,23.875,277.0,289.0,1,26.4,29.2,21.0,False,0.3,False
BOT,Alfa Romeo,45.0,97.688,3.0,HARD,16.0,True,31.254,42.539,23.895,277.0,291.0,1,26.4,29.1,21.0,False,0.5,False
BOT,Alfa Romeo,46.0,97.83,3.0,HARD,17.0,True,31.384,42.473,23.973,278.0,288.0,1,26.4,29.1,21.0,False,0.0,False
BOT,Alfa Romeo,47.0,97.815,3.0,HARD,18.0,True,31.325,42.508,23.982,278.0,289.0,1,26.4,29.0,21.0,False,0.0,False
BOT,Alfa Romeo,48.0,97.5,3.0,HARD,19.0,True,31.316,42.265,23.919,278.0,292.0,1,26.4,29.0,21.0,False,0.3,False
BOT,Alfa Romeo,49.0,97.85,3.0,HARD,20.0,True,31.434,42.484,23.932,278.0,289.0,1,26.4,29.0,21.0,False,0.6,False
BOT,Alfa Romeo,50.0,97.71,3.0,HARD,21.0,True,31.491,42.241,23.978,278.0,291.0,1,26.3,29.0,21.0,False,0.0,False
BOT,Alfa Romeo,51.0,97.816,3.0,HARD,22.0,True,31.383,42.463,23.97,278.0,290.0,1,26.3,28.9,21.0,False,0.0,False
BOT,Alfa Romeo,52.0,97.947,3.0,HARD,23.0,True,31.512,42.44,23.995,278.0,283.0,1,26.3,28.9,21.0,False,0.0,False
BOT,Alfa Romeo,53.0,97.856,3.0,HARD,24.0,True,31.458,42.413,23.985,278.0,286.0,1,26.3,28.8,21.0,False,0.0,False
BOT,Alfa Romeo,54.0,97.738,3.0,HARD,25.0,True,31.461,42.3,23.977,278.0,283.0,1,26.2,28.8,21.0,False,0.3,False
BOT,Alfa Romeo,55.0,97.807,3.0,HARD,26.0,True,31.526,42.257,24.024,278.0,286.0,1,26.2,28.8,21.0,False,0.5,False
BOT,Alfa Romeo,56.0,98.16,3.0,HARD,27.0,True,31.687,42.384,24.089,278.0,288.0,1,26.3,28.7,21.0,False,0.4,False
BOT,Alfa Romeo,57.0,98.407,3.0,HARD,28.0,True,31.543,42.623,24.241,280.0,285.0,1,26.3,28.7,21.0,False,0.6,False
PIA,McLaren,1.0,108.214,1.0,SOFT,1.0,True,,45.783,24.952,280.0,250.0,12,27.3,31.2,22.0,False,0.5,False
PIA,McLaren,2.0,100.83,1.0,SOFT,2.0,True,32.185,43.977,24.668,281.0,304.0,21,27.3,31.1,22.0,False,0.0,True
PIA,McLaren,3.0,100.691,1.0,SOFT,3.0,True,31.877,43.986,24.828,285.0,302.0,1,27.3,31.2,22.0,False,0.6,True
PIA,McLaren,4.0,100.718,1.0,SOFT,4.0,True,31.831,44.079,24.808,281.0,327.0,1,27.2,31.1,22.0,False,0.8,False
PIA,McLaren,5.0,100.862,1.0,SOFT,5.0,True,31.846,44.06,24.956,284.0,309.0,1,27.2,31.0,22.0,False,1.0,False
PIA,McLaren,6.0,101.111,1.0,SOFT,6.0,True,31.694,44.425,24.992,284.0,317.0,1,27.1,31.0,22.0,False,0.6,False
PIA,McLaren,7.0,101.167,1.0,SOFT,7.0,True,31.716,44.471,24.98,284.0,320.0,1,27.1,30.9,21.0,False,0.6,False
PIA,McLaren,8.0,101.295,1.0,SOFT,8.0,True,31.665,44.59,25.04,283.0,318.0,1,27.1,30.9,21.0,False,1.0,False
PIA,McLaren,9.0,101.534,1.0,SOFT,9.0,True,31.989,44.548,24.997,283.0,315.0,1,27.2,30.8,21.0,False,0.6,False
PIA,McLaren,10.0,101.584,1.0,SOFT,10.0,True,31.779,44.617,25.188,288.0,309.0,1,27.1,30.8,21.0,False,0.8,False
PIA,McLaren,11.0,101.352,1.0,SOFT,11.0,True,31.894,44.557,24.901,277.0,315.0,1,27.2,30.6,21.0,False,0.6,False
PIA,McLaren,12.0,101.156,1.0,SOFT,12.0,True,32.1,44.235,24.821,276.0,300.0,1,27.1,30.6,21.0,False,1.2,False
PIA,McLaren,13.0,122.071,1.0,SOFT,13.0,True,34.839,53.536,33.696,,299.0,1,27.1,30.5,21.0,False,0.8,False
